tree
version=v4
num_class=1
num_tree_per_iteration=1
label_index=0
max_feature_idx=18
objective=quantile
feature_names=as_of_hour as_of_day_of_week n_hops_observed time_since_last_hop_hours elapsed_hours_since_first_tx hop_velocity terminal_readiness n_split_events n_unique_banks_seen dormant_account_ratio avg_account_age_days min_account_age_days last_hop_amount amount_trend stolen_amount urban victim_lat victim_lon is_final_snapshot
feature_infos=[0:23] [0:6] [1:7] [0:29.155999999999999] [0.050000000000000003:46.603999999999999] [0.075399999999999995:100] [0:1] [0:10] [1:6] [0:1] [1:1499] [1:1499] [0.5:763818.12] [-730803.28000000003:0] [1420.8699999999999:763818.12] [0:1] [8.0446861591973473:27.983601839147571] [72.043009303426118:87.997072099734439] [0:1]
tree_sizes=2745 2852 2828 2888 2846 2896 2929 2867 2857 2857 2919 2885 2808 2911 2870 2874 2952 2883 2921 2938 2880 2870 2890 2991 2902 2912 2892 2938 2966 2883 2901 2929 2916 2932 2917 2920 2904 2952 2938 2894 2947 2964 2873 2988 2939 2940 2919 2855 2901 2942 2984 2896 2985 2942 2898 2956 2957 2913 2902 2918 2933 2918 2925 2956 2948 2969 2940 2964 2893 2995 2942 2948 2957 2905 2976 2924 2927 2979 3013 2988 2981 3021 3042 3061 3014 2912 2999 2925 3001 3027 2950 2999 3011 3024 3034 2941 2980 2956 2917 3012 3017 3023 2976 2999 3005

Tree=0
num_leaves=31
num_cat=0
split_feature=5 5 6 8 5 11 5 11 5 8 5 4 5 11 5 16 10 14 14 6 10 14 10 3 6 5 7 17 6 5
split_gain=196.725 119.16 52.0141 21.7757 10.6413 12.153 10.1766 10.5951 7.26794 9.66568 9.89904 6.80223 21.4472 7.43002 5.53491 4.0457 3.16069 3.00128 2.6213 2.41136 2.31921 2.46203 2.30555 2.25988 2.0873 1.97491 1.9404 1.92607 2.31909 1.88638
threshold=1.8045500000000001 20.036550000000002 0.54919534721113616 2.5000000000000004 0.74765000000000004 18.500000000000004 3.6653000000000007 18.500000000000004 3.3417000000000008 1.5000000000000002 11.032450000000003 0.10350000000000001 10.187650000000001 16.000000000000004 5.3347000000000007 25.380743715281294 897.50000000000011 50692.345000000008 31500.860000000004 0.92736824687440256 799.58500000000015 122617.96500000001 173.25000000000003 0.12850000000000003 0.58382426788999287 12.704400000000001 1.0000000180025095e-35 77.207393135247102 0.41798842286087839 1.2797500000000002
decision_type=2 2 2 2 2 2 2 2 2 2 2 2 2 2 2 2 2 2 2 2 2 2 2 2 2 2 2 2 2 2
left_child=4 2 8 11 -1 15 7 20 -2 -10 16 -4 13 17 -15 -6 27 22 -17 25 21 -5 -13 -12 -9 -8 -18 -11 -29 -7
right_child=1 -3 3 6 5 29 19 24 9 10 23 12 -14 14 -16 18 26 -19 -20 -21 -22 -23 -24 -25 -26 -27 -28 28 -30 -31
leaf_value=0.87217635512351988 0.83985995054245 0.78463158681988721 0.82815899848937991 0.80408756881952281 0.83063348531723025 0.8640700608491898 0.80208198726177216 0.80311438292264936 0.83735252916812897 0.81207315623760223 0.79723521620035176 0.82833113968372341 0.7827625382691622 0.83235462307929997 0.81645862162113192 0.8284796297550201 0.82039542347192762 0.79700230211019518 0.80456237494945526 0.78948612585663791 0.82054954916238787 0.82108326107263563 0.8060019314289093 0.79901234135031696 0.82626591324806209 0.78109652549028397 0.82702085375785828 0.83145100176334386 0.81277398467063899 0.84121270179748531
leaf_weight=548 105 673 362 124 243 180 198 9.9999999999999982 942 31 46 9.9999999999999982 154 159 75 10.999999999999998 32 54 27 200 18 13.999999999999998 77 40 91 50 26 30 38 136
leaf_count=548 105 673 362 124 243 180 198 10 942 31 46 10 154 159 75 11 32 54 27 200 18 14 77 40 91 50 26 30 38 136
internal_value=0.817692 0.811892 0.81631 0.810275 0.835719 0.831101 0.803709 0.811641 0.823776 0.822659 0.813768 0.81547 0.811856 0.818308 0.823771 0.823536 0.821237 0.809241 0.808364 0.79916 0.803472 0.80127 0.814989 0.800133 0.824258 0.802454 0.830506 0.815807 0.820516 0.837828
internal_weight=4704 3559 2886 1596 1145 597 705 257 1290 1185 243 891 529 375 234 281 157 141 38 448 156 138 87 86 101 248 58 99 68 316
internal_count=4704 3559 2886 1596 1145 597 705 257 1290 1185 243 891 529 375 234 281 157 141 38 448 156 138 87 86 101 248 58 99 68 316
is_linear=0
shrinkage=1


Tree=1
num_leaves=31
num_cat=0
split_feature=5 5 8 5 6 5 6 6 5 6 0 6 5 6 17 16 0 4 17 4 14 0 1 4 4 10 10 1 10 6
split_gain=189.254 116.299 50.9914 31.0724 24.2957 10.9133 10.8937 10.6857 6.32589 4.88864 5.21357 4.41598 4.09914 4.26289 3.63063 3.59377 4.03105 3.20178 3.15 3.12016 2.80899 2.72178 3.21947 2.70033 2.62674 2.60625 2.42413 2.3076 2.2004 2.16919
threshold=1.8045500000000001 20.036550000000002 1.5000000000000002 5.088000000000001 0.73874270092541605 0.74765000000000004 0.86381464487138782 0.43386673999787223 15.260950000000003 0.90845212935914743 17.500000000000004 0.57072277832797824 10.187650000000001 0.8180170090501333 81.818883815782996 25.380743715281294 15.500000000000002 0.43550000000000005 75.509946997295643 0.11250000000000002 20590.875000000004 14.500000000000002 5.5000000000000009 0.69150000000000011 0.5395000000000002 173.25000000000003 936.62500000000011 3.5000000000000004 688.12500000000011 0.60961052103512769
decision_type=2 2 2 2 2 2 2 2 2 2 2 2 2 2 2 2 2 2 2 2 2 2 2 2 2 2 2 2 2 2
left_child=5 2 11 4 14 -1 -7 8 20 10 23 17 13 18 21 16 -8 -2 -9 29 -5 22 26 -6 28 -11 -4 -27 -20 -13
right_child=1 -3 3 7 9 6 15 12 -10 25 -12 19 -14 -15 -16 -17 -18 -19 24 -21 -22 -23 -24 -25 -26 27 -28 -29 -30 -31
leaf_value=0.05187153488397598 0.018550451844930649 -0.031295995004475122 -0.00066852197051048279 -0.012861171029508112 0.015914586931467058 0.032415199130773543 0.016844137310981749 -0.014853661507368089 -0.028406369090080263 0.012893556207418444 0.014138504192233087 -0.013656256794929506 -0.031325864829123022 -0.022818344086408617 0.01677757054567337 -0.0098603925108909588 -0.00012592196464538685 0.031169772744178773 0.0042362280935049068 -0.020319150928407911 0.0082559600472450253 0.018999911807477475 -0.013007059134542942 -0.0082474612817168228 -0.015890284627676009 -0.011317562535405157 0.026529980599880224 -0.015225016176700591 -0.0043586663901805881 0.012085397839546203
leaf_weight=548 960 673 74 20 23 318 167 45 20 10.999999999999998 36 21 335 156 134 33 79 25 54 37 63 60 13.999999999999998 124 28 122 29 126 55 314
leaf_count=548 960 673 74 20 23 318 167 45 20 11 36 21 335 156 134 33 79 25 54 37 63 60 14 124 28 122 29 126 55 314
internal_value=-0.00014881 -0.00583731 -0.00147263 -0.00773381 -0.000498008 0.0175328 0.0128559 -0.0147552 0.000242718 -0.00803167 -0.00177596 0.00558217 -0.0170505 -0.0131657 0.010209 0.00564516 0.00772358 0.00733503 -0.00796703 0.00094086 0.0063253 0.00550847 0.00106838 -0.00595238 -0.00419708 -0.0124517 0.00412621 -0.0135081 -0.000688073 0.00246269
internal_weight=4704 3559 2886 1529 753 1145 597 776 103 442 183 1357 673 338 311 279 246 985 182 372 83 177 117 147 137 259 103 248 109 335
internal_count=4704 3559 2886 1529 753 1145 597 776 103 442 183 1357 673 338 311 279 246 985 182 372 83 177 117 147 137 259 103 248 109 335
is_linear=0
shrinkage=0.05


Tree=2
num_leaves=31
num_cat=0
split_feature=5 5 2 5 11 6 5 5 11 11 5 5 6 2 6 5 5 0 7 5 6 13 13 12 10 0 5 0 11 1
split_gain=184.03 107.666 44.6356 24.6029 14.42 8.76728 10.3436 21.2311 7.61357 6.06699 9.81505 5.98312 5.69176 4.65384 4.61343 4.25657 2.95878 2.90801 3.2502 2.87038 2.86543 3.21817 2.76587 3.14224 2.56805 3.60052 2.50894 2.34722 2.23908 2.2139
threshold=20.036550000000002 1.2797500000000002 2.5000000000000004 3.6653000000000007 18.500000000000004 0.42118877814911193 5.088000000000001 19.343300000000003 266.50000000000006 20.500000000000004 0.52140000000000009 10.187650000000001 0.7052206656093386 3.5000000000000004 0.55729782199990952 7.6709500000000004 1.9869000000000001 10.500000000000002 1.0000000180025095e-35 2.8782500000000009 0.96589048128286292 -4565.204999999999 -4030.8149999999991 64900.12000000001 583.25000000000011 9.5000000000000018 1.5880000000000003 18.500000000000004 14.500000000000002 2.5000000000000004
decision_type=2 2 2 2 2 2 2 2 2 2 2 2 2 2 2 2 2 2 2 2 2 2 2 2 2 2 2 2 2 2
left_child=1 9 5 4 14 19 8 11 24 10 -1 -8 15 20 -4 22 -16 18 -6 -3 21 -12 23 29 25 26 -7 -22 -27 -5
right_child=-2 2 3 12 17 6 7 -9 -10 -11 13 -13 -14 -15 16 -17 -18 -19 -20 -21 27 -23 -24 -25 -26 28 -28 -29 -30 -31
leaf_value=0.04683077619969845 -0.029731195254251365 0.029645991891622543 0.013858909886330366 -0.0036894221976399412 0.0084652021154761319 0.039702006787061692 -0.0035557727888226535 0.011601198524236678 0.025409643419086938 0.05231380151212215 -0.007262005172669889 -0.031064318509772423 -0.024149686023592951 0.019210382908582686 -0.0036490459255874132 -0.017977091034874323 -0.01245316106081009 0.014659046350046995 -0.00057197697460651396 0.013903757371008397 0.021218624323606491 0.012242680199444295 -0.0077390138432383519 -0.0082115724310278856 -0.011925541041418915 0.012829941671341659 -0.010764237789437177 -0.00011962586641312001 0.025672927517443891 0.0082480458170175516
leaf_weight=191 673 33 9.9999999999999982 10.999999999999998 36 17 121 547 138 437 32 152 425 99 105 90 158 119 77 864 72 39 33 19 39 36 50 24 34 23
leaf_count=191 673 33 10 11 36 17 121 547 138 437 32 152 425 99 105 90 158 119 77 864 72 39 33 19 39 36 50 24 34 23
internal_value=-0.000276361 0.00376457 -0.000597705 -0.00867993 -0.000544554 0.00380355 0.000881834 -0.00207317 0.00859873 0.0190716 0.0150438 -0.0134615 -0.0155158 0.00883459 -0.00833333 -0.00795455 -0.00960076 0.00862069 0.00287611 0.00749721 0.00374251 -0.00387324 0 0.00707547 0.00170455 0.00492701 -0.00335821 0.009375 0.0128571 0.0161765
internal_weight=4704 4031 3137 1106 505 2031 1134 820 314 894 457 273 601 266 273 176 263 232 113 897 167 71 86 53 176 137 67 96 70 34
internal_count=4704 4031 3137 1106 505 2031 1134 820 314 894 457 273 601 266 273 176 263 232 113 897 167 71 86 53 176 137 67 96 70 34
is_linear=0
shrinkage=0.05


Tree=3
num_leaves=31
num_cat=0
split_feature=5 5 2 5 11 11 4 2 10 5 4 11 6 5 3 14 6 5 6 14 1 16 13 13 14 10 6 13 6 6
split_gain=178.26 101.166 42.6566 25.3986 13.3614 8.53607 9.86298 13.0795 8.82939 7.15435 6.38002 13.4908 5.69176 4.25657 3.9421 3.47788 3.19186 3.06614 3.06089 2.89213 2.84401 3.52256 2.76587 2.70903 2.69154 2.32555 2.30577 2.26117 2.17502 2.16964
threshold=20.036550000000002 1.2401500000000001 2.5000000000000004 3.6653000000000007 18.500000000000004 20.500000000000004 0.40550000000000008 1.5000000000000002 163.25000000000003 11.223400000000002 5.9635000000000007 20.500000000000004 0.7052206656093386 7.6709500000000004 0.41750000000000004 39471.225000000013 0.55729782199990952 1.9869000000000001 0.43386673999787223 18920.095000000005 1.5000000000000002 25.960474334307751 -4030.8149999999991 -16100.244999999997 70380.295000000013 513.83500000000015 0.82373251108434509 -24945.964999999993 0.57072277832797824 0.51279064669064978
decision_type=2 2 2 2 2 2 2 2 2 2 2 2 2 2 2 2 2 2 2 2 2 2 2 2 2 2 2 2 2 2
left_child=1 10 5 4 16 8 7 28 19 18 11 20 13 22 -10 23 -4 -18 -9 -3 27 -22 24 -6 -5 -11 -21 -1 -7 -26
right_child=-2 2 3 12 15 6 -8 9 14 25 -12 -13 -14 -15 -16 -17 17 -19 -20 26 21 -23 -24 -25 29 -27 -28 -29 -30 -31
leaf_value=-0.0069419050682336114 -0.028244635491538796 0.018056158682424574 0.013165964392013849 0.0064280566275119804 -0.0070964294113218754 0.018312279796227817 0.021939552254229788 0.0052102881204336877 -0.023435473618609832 -0.0099897223684005457 0.04627236428037286 0.047273663002252581 -0.022942201722413305 -0.017078236483130605 -0.0028005578324198756 0.015334631168935449 -0.0016324122460559005 -0.011830503007769586 -0.0032186119835823758 -0.017358108369307595 0.021688807387650014 -0.0028837448561564063 -0.0073520631510764324 0.0037367808052338695 0.0031403352599591013 -0.026773420719522985 0.0089778973355889302 0.0047941452544182561 -0.0038051970109343526 -0.01420975747331977
leaf_weight=9.9999999999999982 673 84 9.9999999999999982 25 24 914 280 59 108 35 338 304 425 90 61 112 116 158 107 42 139 24 33 101 12.000000000000002 78 191 52 83 15.999999999999998
leaf_count=10 673 84 10 25 24 914 280 59 108 35 338 304 425 90 61 112 116 158 107 42 139 24 33 101 12 78 191 52 83 16
internal_value=-0.000510204 0.00346688 -0.00067952 -0.00851159 -0.000431862 0.0036239 0.00543059 0.00356583 -0.00216049 -0.00600358 0.0185986 0.0151701 -0.0155158 -0.00795455 -0.0113905 0.00833333 -0.00774648 -0.00875912 0.00060241 0.00276025 0.00588889 0.00935583 0 0.0026 0.00707547 -0.015708 -0.000107296 -0.00322581 0.00624373 -0.00357143
internal_weight=4704 4031 3164 1122 521 2042 1556 1276 486 279 867 529 601 176 169 237 284 274 166 317 225 163 86 125 53 113 233 62 997 28
internal_count=4704 4031 3164 1122 521 2042 1556 1276 486 279 867 529 601 176 169 237 284 274 166 317 225 163 86 125 53 113 233 62 997 28
is_linear=0
shrinkage=0.05


Tree=4
num_leaves=31
num_cat=0
split_feature=5 5 6 5 4 11 5 11 4 11 5 8 5 10 10 8 16 14 11 15 14 5 10 13 16 13 17 5 16 11
split_gain=174.939 94.2966 37.5456 16.6844 27.1262 11.2857 10.592 11.0801 7.97773 11.4763 6.9875 5.42396 7.81453 4.46339 4.50043 4.04635 3.31586 2.96408 3.06525 3.56761 2.92455 2.9023 3.07409 3.12356 2.45673 2.66717 2.21443 2.09185 3.89036 2.66984
threshold=20.036550000000002 1.2401500000000001 0.52734025629652892 3.2562000000000002 0.10350000000000001 18.500000000000004 10.354150000000002 67.500000000000014 5.9635000000000007 103.50000000000001 3.3132500000000005 1.5000000000000002 11.032450000000003 188.37500000000003 309.25000000000006 2.5000000000000004 27.136262443735188 44290.590000000004 252.50000000000003 1.0000000180025095e-35 19971.395000000004 5.088000000000001 731.41500000000008 -2373.4399999999991 12.426423582572022 -13672.009999999998 78.142664594838735 1.8045500000000001 19.830958086599626 10.500000000000002
decision_type=2 2 2 2 2 2 2 2 2 2 2 2 2 2 2 2 2 2 2 2 2 2 2 2 2 2 2 2 2 2
left_child=1 8 10 5 -5 13 7 15 9 16 -3 -12 20 -4 -15 -6 -1 18 19 -7 -13 22 23 -9 25 -23 -22 28 -16 -30
right_child=-2 2 3 4 6 17 -8 21 -10 -11 11 12 -14 14 27 -17 -18 -19 -20 -21 26 24 -24 -25 -26 -27 -28 -29 29 -31
leaf_value=0.017165423393771053 -0.026832403716961856 0.022161052997075017 0.018060232528946358 0.0083146403243392671 -0.011131541034895926 0.0067162539158272527 -0.029046660203135108 0.015232049328833814 0.043958746066354221 0.046917154638320212 0.016463958209287376 -0.0021222546611912477 -0.014402317644278524 -0.011742179954166061 0.0092867368806712324 -0.019322832494787875 -0.005000829615197145 0.018491696712214036 0.013691562687642867 -0.0055881333417538599 0.00043189021523809545 -0.014200811412744225 -0.0048831178849563011 -0.0029404055076651284 -0.0084861901847645641 0.0060592502109264035 0.011147435017954566 -0.0079088728320598611 0.0025426368401665293 -0.014939252654779701
leaf_weight=249 673 127 23 381 85 26 303 33 338 262 922 31 79 43 59 215 18 134 89 48 49 10.999999999999998 77 17 132 26 63 155 14.999999999999998 21
leaf_count=249 673 127 23 381 85 26 303 33 338 262 922 31 79 43 59 215 18 134 89 48 49 11 77 17 132 26 63 155 15 21
internal_value=-0.000584609 0.00335525 -0.000647914 -0.00511094 -0.00835938 0.0016721 -0.0130979 -0.00922819 0.0179642 0.0141304 0.00599921 0.00476399 -0.00225225 -0.00490506 -0.00656997 -0.016 0.00683521 0.00867003 0.0041411 -0.00337838 0.00472028 -0.00236486 0.00334646 0.013 -0.0066568 0.00472973 0.00848214 -0.004 0.00184211 -0.0111111
internal_weight=4704 4031 3164 1893 1280 613 899 596 867 529 1271 1144 222 316 293 300 267 297 163 74 143 296 127 50 169 37 112 250 95 36
internal_count=4704 4031 3164 1893 1280 613 899 596 867 529 1271 1144 222 316 293 300 267 297 163 74 143 296 127 50 169 37 112 250 95 36
is_linear=0
shrinkage=0.05


Tree=5
num_leaves=31
num_cat=0
split_feature=5 5 11 4 5 5 4 5 4 11 5 11 0 16 16 11 17 14 0 17 4 17 11 16 17 11 16 14 14 18
split_gain=178.646 86.3792 26.9943 17.4743 16.0067 13.6324 19.4341 14.1376 6.07569 9.89545 4.85099 3.76725 4.25377 3.51435 3.15837 3.70513 5.65669 4.59484 2.74554 2.66831 3.15571 3.07895 2.61122 2.57931 2.5331 2.48866 2.429 2.30819 2.30836 2.24487
threshold=20.036550000000002 1.0402500000000001 16.000000000000004 0.10350000000000001 1.9436500000000003 3.6653000000000007 0.097500000000000017 12.272750000000002 6.4335000000000013 28.500000000000004 12.704400000000001 632.50000000000011 7.5000000000000009 22.053433297086823 22.763407709927225 521.50000000000011 77.014453936995181 79235.905000000013 4.5000000000000009 78.364680716677654 0.75850000000000006 76.233792740844208 7.5000000000000009 11.268115681580301 87.275517415668702 390.00000000000006 13.004166075385935 18117.870000000003 16192.265000000001 1.0000000180025095e-35
decision_type=2 2 2 2 2 2 2 2 2 2 2 2 2 2 2 2 2 2 2 2 2 2 2 2 2 2 2 2 2 2
left_child=1 8 3 -3 13 11 -7 14 9 18 29 12 26 -5 15 16 -8 23 -1 21 -21 -16 -15 -17 25 -18 -4 28 -13 -6
right_child=-2 2 5 4 10 6 7 -9 -10 -11 -12 27 -14 22 19 17 24 -19 -20 20 -22 -23 -24 -25 -26 -27 -28 -29 -30 -31
leaf_value=0.017790274775309489 -0.025554822016402384 0.010156511715028432 0.024881793322575282 0.0066094401994086782 -0.010101966954261066 0.013125974770640023 -0.014070261347916791 -0.025355317608559393 0.047395510015020154 0.044904440712807699 -0.029593825759756266 0.016987365143294447 0.013718113801565956 0.010020829578446229 0.0015457526250985732 -0.019808618722943996 0.0001714665455655795 -0.013637498022478656 0.01332437907413766 0.0074981150492849985 -0.011472134379660709 -0.011846835756426567 -0.0075955014028083467 0.006638776020547377 -0.016510170834136771 -0.0098887146836239836 -0.000450810499050186 0.02827815667513834 -0.0086914153926698438 -0.016226662532187075
leaf_weight=50 700 279 17 142 146 996 69 162 281 238 117 16.000000000000004 271 19 25 20 130 28 146 63 11.999999999999998 12.999999999999998 39 101 11.999999999999998 23 143 80 12.999999999999998 337
leaf_count=50 700 279 17 142 146 996 69 162 281 238 117 16 271 19 25 20 130 28 146 63 12 13 39 101 12 23 143 80 13 337
internal_value=-0.000917235 0.00317202 -0.000267339 -0.00674235 -0.0105 0.00291705 0.000665054 -0.00600304 0.0189161 0.0152074 -0.0145833 0.00981481 0.00771462 0.00175 -0.00181452 -0.00398172 -0.00790598 0.00218121 0.00688776 0.00553097 0.011 -0.00526316 -0.00862069 0.00640496 -0.00287879 -0.00114379 0.00125 0.0181193 0.00603448 -0.0123706
internal_weight=4688 3988 3273 1079 800 2194 1654 658 715 434 600 540 431 200 496 383 234 149 196 113 75 38 58 121 165 153 160 109 29 483
internal_count=4688 3988 3273 1079 800 2194 1654 658 715 434 600 540 431 200 496 383 234 149 196 113 75 38 58 121 165 153 160 109 29 483
is_linear=0
shrinkage=0.05


Tree=6
num_leaves=31
num_cat=0
split_feature=5 5 6 10 5 5 2 5 11 4 11 5 0 14 11 11 6 11 14 14 10 15 0 6 14 17 17 10 5 10
split_gain=172.294 84.6012 30.7978 12.4642 19.3759 11.9111 7.21465 13.1664 6.04639 5.28665 8.64048 5.08269 4.57005 4.39515 4.30745 4.26254 3.97949 3.68514 3.01022 2.9547 2.75669 2.64208 2.63534 2.53942 2.28384 3.14424 2.89397 2.0625 2.00091 2.31607
threshold=20.036550000000002 0.98640000000000005 0.7052206656093386 109.75000000000001 3.6653000000000007 2.8433000000000006 1.5000000000000002 12.272750000000002 18.500000000000004 6.4335000000000013 28.500000000000004 1.9436500000000003 10.500000000000002 17218.380000000005 774.50000000000011 504.50000000000006 0.41798842286087839 567.50000000000011 9240.1500000000033 10627.450000000003 447.25000000000006 1.0000000180025095e-35 4.5000000000000009 0.99999523405763624 16570.725000000002 75.565652296278344 73.078719956340478 816.50000000000011 5.5329500000000005 1051.3750000000002
decision_type=2 2 2 2 2 2 2 2 2 2 2 2 2 2 2 2 2 2 2 2 2 2 2 2 2 2 2 2 2 2
left_child=1 9 5 -4 8 17 21 16 11 10 22 23 14 -14 -10 20 -8 -3 -18 -17 -6 -7 -1 -5 -20 26 -26 -13 -27 -30
right_child=-2 2 3 4 15 6 7 -9 12 -11 -12 27 13 -15 -16 19 18 -19 24 -21 -22 -23 -24 -25 25 28 -28 -29 29 -31
leaf_value=0.020187124674205578 -0.024277080915582269 0.010222277926486834 0.0092973347742002447 -0.0043865336865832995 -0.019368717821825622 0.022368081513796701 0.0071605970444401706 -0.024764412015916955 -0.0014869746768445048 0.045025734514269146 0.044551801713644069 -0.011201317860463659 -0.0044476326327991204 0.014852158705385091 0.036169502676168711 0.03335752748411009 0.0057477143731018091 0.027898473069611431 -0.0092594146256694387 -0.0092339032416059626 -0.021347174078856862 0.0073548286104619031 0.012966204891722094 0.0106574399414476 0.00091539405218924461 0.0095486945939386725 -0.014407469429029849 0.0064167501244218744 -0.0077067474316203704 0.012324334581120406
leaf_weight=47 700 212 283 114 187 328 117 116 81 281 227 176 15.999999999999998 102 11.999999999999998 10.999999999999998 13.999999999999998 80 42 71 326 670 137 71 23 100 36 15.999999999999998 82 9.9999999999999982
leaf_count=47 700 212 283 114 187 328 117 116 81 281 227 176 16 102 12 11 14 80 42 71 326 670 137 71 23 100 36 16 82 10
internal_value=-0.00090657 0.00310933 -0.000227549 -0.00562756 -0.0078825 0.00409836 0.0023407 -0.00231481 -0.00144558 0.0190029 0.0153893 -0.00523873 0.00533175 0.0118644 -0.00295699 -0.0142437 0.00176887 0.0133562 -0.0012215 -0.00365854 -0.0159357 0.00485972 0.00733696 0.000675676 -0.00230375 -0.000498008 -0.0105932 -0.0109375 0.00260417 -0.00271739
internal_weight=4688 3988 3296 1466 1183 1830 1538 540 588 692 411 377 211 118 93 595 424 292 307 82 513 998 184 185 293 251 59 192 192 92
internal_count=4688 3988 3296 1466 1183 1830 1538 540 588 692 411 377 211 118 93 595 424 292 307 82 513 998 184 185 293 251 59 192 192 92
is_linear=0
shrinkage=0.05


Tree=7
num_leaves=31
num_cat=0
split_feature=5 5 11 2 5 5 4 5 4 11 11 0 16 2 5 1 5 9 14 14 11 17 17 9 1 4 13 0 14 0
split_gain=170.74 81.3214 26.8026 15.896 14.2501 12.8545 15.3505 13.5401 4.60878 8.96557 4.17921 4.03027 3.89051 3.48387 3.47189 3.46853 3.28966 3.46712 3.22345 3.55098 3.71852 2.92742 2.58853 3.22573 2.55523 2.55065 6.15727 2.54376 2.52252 2.25702
threshold=20.036550000000002 0.98640000000000005 16.000000000000004 1.5000000000000002 3.3417000000000008 3.6653000000000007 0.10650000000000001 12.272750000000002 6.4335000000000013 28.500000000000004 632.50000000000011 7.5000000000000009 23.401403790513367 3.5000000000000004 1.8045500000000001 1.5000000000000002 12.704400000000001 0.77500000000000013 9240.1500000000033 19971.395000000004 533.50000000000011 75.853928415429195 76.083796719149788 0.58550000000000002 1.5000000000000002 0.61900000000000011 -4786.3449999999993 9.5000000000000018 103123.38500000001 13.500000000000002
decision_type=2 2 2 2 2 2 2 2 2 2 2 2 2 2 2 2 2 2 2 2 2 2 2 2 2 2 2 2 2 2
left_child=1 8 3 -3 12 10 -7 13 9 15 11 -4 14 18 29 -1 17 -6 -8 20 -20 -15 -23 -24 -25 26 -19 -22 -16 -5
right_child=-2 2 5 4 16 6 7 -9 -10 -11 -12 -13 -14 21 28 -17 -18 25 19 -21 27 22 23 24 -26 -27 -28 -29 -30 -31
leaf_value=-0.0048030564939643867 -0.023063226869803156 0.0091838193905669999 0.00083978974254178551 0.01392730131643068 -0.019115982753101422 0.011051056156046235 0.0080607646149629241 -0.023929866448950204 0.042774447788555693 0.042324211627961864 0.021744251387699493 0.012311856831877839 -0.0077477138304275356 -0.010674013126525451 -0.007517898699251774 0.017257680003583086 -0.027145698580677176 0.021845163606586601 -0.0097014073990029873 0.0017065892897479536 0.0039844344304573237 0.0027509613046877881 -0.013683884774616663 -0.01054730059619944 0.002149685056642453 -0.01376547037860284 -0.012513919475244767 -0.013121259424903997 0.0035931135912575297 -0.0046943179407443998
leaf_weight=45 700 279 161 85 224 1004 21 154 281 227 111 279 94 31 139 139 117 21 43 274 14.999999999999998 9.9999999999999982 42 13.999999999999998 27 26 29 19 23 54
leaf_count=45 700 279 161 85 224 1004 21 154 281 227 111 279 94 31 139 139 117 21 43 274 15 10 42 14 27 26 29 19 23 54
internal_value=-0.000938567 0.00305918 -0.000212379 -0.00662236 -0.0101601 0.00295918 0.000755744 -0.00523077 0.0186416 0.0152676 0.0095735 0.00738636 -0.00335443 -0.00120968 -0.000581395 0.00706522 -0.0166067 -0.0138333 0.00120968 7.12251e-05 -0.00941558 -0.00846774 -0.00403226 -0.00692771 0.00304878 -0.00460526 0.002 0.00294118 -0.00555556 0.00521583
internal_weight=4688 3988 3296 1091 812 2205 1654 650 692 411 551 440 395 496 301 184 417 300 372 351 77 124 93 83 41 76 50 34 162 139
internal_count=4688 3988 3296 1091 812 2205 1654 650 692 411 551 440 395 496 301 184 417 300 372 351 77 124 93 83 41 76 50 34 162 139
is_linear=0
shrinkage=0.05


Tree=8
num_leaves=31
num_cat=0
split_feature=5 5 6 10 5 5 5 11 2 5 14 11 11 5 16 17 6 11 11 17 14 15 5 9 10 13 5 4 6 5
split_gain=167.653 75.3331 28.4408 13.5111 14.5247 8.51129 6.78352 8.18495 6.09831 11.4361 5.88429 5.25633 4.90798 3.24142 3.2289 3.1789 3.04895 3 2.78318 2.72069 2.65913 2.63593 2.61625 2.71665 3.55882 4.03333 2.59568 2.59568 2.29354 2.23572
threshold=20.036550000000002 1.2401500000000001 0.7052206656093386 109.75000000000001 3.6653000000000007 2.8433000000000006 0.46835000000000004 103.50000000000001 1.5000000000000002 12.272750000000002 41195.900000000009 67.500000000000014 18.500000000000004 1.3570000000000002 26.823791791033752 75.509946997295643 0.79448678105247417 113.50000000000001 567.50000000000011 72.785229391660792 65500.945000000007 1.0000000180025095e-35 12.704400000000001 0.77500000000000013 468.58500000000009 -4786.3449999999993 6.6258500000000007 0.14050000000000004 0.27615796044395718 1.8045500000000001
decision_type=2 2 2 2 2 2 2 2 2 2 2 2 2 2 2 2 2 2 2 2 2 2 2 2 2 2 2 2 2 2
left_child=1 6 5 -4 10 18 -1 14 21 15 13 22 16 -5 -8 19 -12 -15 -3 -10 26 -7 23 -6 25 -25 -13 -28 -17 -19
right_child=-2 2 3 4 11 8 7 -9 9 -11 12 20 -14 17 -16 28 -18 29 -20 -21 -22 -23 -24 24 -26 -27 27 -29 -30 -31
leaf_value=0.045403047939411113 -0.021910065526313 0.0083489094663479653 0.00872462842103865 0.0088113422634148817 -0.017865242478326895 0.020697124630304556 0.013339905335562154 0.037738523128012326 0.0055656969898609026 -0.022329698092673596 -0.017251738047431093 0.0015377685611612458 0.010554713259084358 -0.0080017519460456824 -0.010169474265549705 0.013031631013898896 0.00011159388561358397 -0.0091216755607813737 0.024218120373295002 -0.011265741053157556 -0.011674607346713091 0.0064345343721364974 -0.025788413651643319 0.013709036075637344 -0.011733428467021837 -0.013855671478847757 0.01814530624280981 -0.017230593224503762 0.0023315614081722614 0.0081277015999603082
leaf_weight=275 700 174 283 30 210 328 284 252 19 116 12.999999999999998 54 85 176 14.999999999999998 24 132 19 70 60 44 670 111 20 36 11.999999999999998 27 81 321 47
leaf_count=275 700 174 283 30 210 328 284 252 19 116 13 54 85 176 15 24 132 19 70 60 44 670 111 20 36 12 27 81 321 47
internal_value=-0.00100256 0.00295888 -0.000553447 -0.00594203 -0.00845488 0.00361953 0.0164044 0.0132033 0.00224317 -0.00203704 -0.00219124 -0.0137395 0.00369565 -0.00716912 0.0076087 0.00176887 -0.00189655 -0.00909091 0.0122951 -0.00727848 -0.00728155 0.00455912 -0.0171594 -0.0145683 -0.00588235 0.00625 -0.00432099 -0.0087963 0.00384058 0
internal_weight=4688 3988 3162 1380 1097 1782 826 551 1538 540 502 595 230 272 299 424 145 242 244 79 206 998 389 278 68 32 162 108 345 66
internal_count=4688 3988 3162 1380 1097 1782 826 551 1538 540 502 595 230 272 299 424 145 242 244 79 206 998 389 278 68 32 162 108 345 66
is_linear=0
shrinkage=0.05


Tree=9
num_leaves=31
num_cat=0
split_feature=5 5 6 2 5 5 5 6 2 5 5 0 6 5 6 4 4 9 15 18 0 6 0 12 14 14 9 0 5 12
split_gain=163.748 70.9322 25.5294 11.4785 19.3331 7.60579 6.6986 7.65491 6.17714 9.27127 3.97135 5.34737 6.3495 3.6078 3.60048 2.87698 3.09333 2.7158 2.70834 2.61383 2.26378 2.58128 2.39771 2.25333 2.20932 2.21218 2.4359 2.16217 3.06676 2.10219
threshold=20.036550000000002 1.2401500000000001 0.7052206656093386 1.5000000000000002 4.9562500000000016 2.8433000000000006 0.32985000000000003 0.82373251108434509 1.5000000000000002 12.272750000000002 1.8045500000000001 10.500000000000002 0.84998262709401085 12.704400000000001 0.41798842286087839 0.46750000000000008 0.19950000000000004 0.63350000000000006 1.0000000180025095e-35 1.0000000180025095e-35 13.500000000000002 0.84632993157776437 10.500000000000002 13225.535000000002 9240.1500000000033 16570.725000000002 0.18350000000000002 18.500000000000004 0.76265000000000016 31194.870000000003
decision_type=2 2 2 2 2 2 2 2 2 2 2 2 2 2 2 2 2 2 2 2 2 2 2 2 2 2 2 2 2 2
left_child=1 6 5 -4 10 -3 -1 19 18 14 20 17 -13 15 -10 16 -6 -12 -7 -8 22 -22 -5 -18 -16 -26 -27 29 -29 -9
right_child=-2 2 3 4 13 8 7 27 9 -11 11 12 -14 -15 24 -17 23 -19 -20 -21 21 -23 -24 -25 25 26 -28 28 -30 -31
leaf_value=0.048459095073995734 -0.020814562249997351 0.013187304505534063 0.0088004487268038729 0.0018609907295813217 -0.026031921241143143 0.019662268398789325 0.033284859903915213 0.018802178153958529 0.0066006596573221499 -0.021213213188039915 -0.002646703605154288 0.0096955321477557432 -0.0052472289227510739 -0.024383093571259812 0.0049407123532899562 -0.014240705905114094 0.0051252473285709954 -0.013232348420007213 0.0061128076535296727 0.0024000191423178777 0.0051748972760414791 -0.0086655917827423053 0.023393434266320484 -0.011598897096183201 -0.0089550114519216691 0.011389795696819572 -0.0032181548208640581 0.017106144563726246 -0.0072720149537509274 0.0062613057427788558
leaf_weight=182 700 244 277 74 24 328 307 135 117 116 100 80 176 158 13.999999999999998 126 50 114 670 22 27 50 24 100 42 29 222 30 26 124
leaf_count=182 700 244 277 74 24 328 307 135 117 116 100 80 176 158 14 126 50 114 670 22 27 50 24 100 42 29 222 30 26 124
internal_value=-0.000981229 0.0029338 -0.000474383 -0.00557971 -0.00786491 0.00347924 0.0159806 0.013587 0.00217815 -0.00212963 -0.00228682 -0.00468085 0.000195313 -0.0157205 0.00129717 -0.0125 -0.00833333 -0.010514 0.00450902 0.018921 0.00414286 -0.00227273 0.00918367 -0.00566667 -0.00154723 -0.0024744 -0.000697211 0.00801587 -0.000892857 0.00994208
internal_weight=4688 3988 3162 1380 1103 1782 826 644 1538 540 645 470 256 458 424 300 174 214 998 329 175 77 98 150 307 293 251 315 56 259
internal_count=4688 3988 3162 1380 1103 1782 826 644 1538 540 645 470 256 458 424 300 174 214 998 329 175 77 98 150 307 293 251 315 56 259
is_linear=0
shrinkage=0.05


Tree=10
num_leaves=31
num_cat=0
split_feature=5 5 6 10 5 11 11 5 3 11 6 13 10 18 10 14 0 10 0 3 13 4 4 2 10 4 4 14 12 3
split_gain=154.087 66.1511 30.0042 10.4966 18.1792 11.3593 8.54003 9.63638 6.69896 4.66391 3.45054 2.95504 2.6106 2.57707 2.78469 2.14356 2.47375 2.36111 3.04222 2.15956 2.13556 2.12632 2.12228 3.48386 2.37889 3.21334 3.2004 2.11498 2.76739 2.06963
threshold=20.036550000000002 1.2401500000000001 0.61861742912186335 130.66500000000005 4.9562500000000016 38.500000000000007 55.500000000000007 0.30240000000000006 0.57050000000000012 716.00000000000011 0.43386673999787223 -1324.0449999999998 1158.4150000000002 1.0000000180025095e-35 509.12500000000006 10627.450000000003 7.5000000000000009 495.66500000000002 4.5000000000000009 0.67900000000000016 -5221.3599999999997 0.85050000000000014 1.9460000000000004 3.5000000000000004 495.66500000000002 0.83200000000000007 0.63250000000000017 10358.335000000001 13816.210000000001 0.012500000000000002
decision_type=2 2 2 2 2 2 2 2 2 2 2 2 2 2 2 2 2 2 2 2 2 2 2 2 2 2 2 2 2 2
left_child=1 6 8 -4 5 22 7 -1 10 13 21 -11 -13 14 -6 -7 17 -17 20 -20 -19 -3 23 24 -5 26 -26 -24 -29 -12
right_child=-2 2 3 4 9 15 -8 -9 -10 11 29 12 -14 -15 -16 16 -18 18 19 -21 -22 -23 27 -25 25 -27 -28 28 -30 -31
leaf_value=0.046036140320295939 -0.019731135605154573 0.0082747689767545211 0.0083939837054722247 -0.010933078481402587 -0.012385482888438848 -0.0014333904636368744 0.037263648313436336 0.010508022665934253 0.019157126190472978 -0.010979980066224942 0.0030610001038360482 0.024352595647925319 -0.013724791210101906 -0.020894537732866165 -0.016695396403070228 -0.0050058073679007282 0.0079974345413322632 0.0098786527129417906 -0.013490806268811462 0.01025278809374593 -0.0023245964409307485 0.022210384910695644 -0.0059465649133775503 -0.01305389462330242 0.013063800097646622 0.0061202356693029931 -0.015317099366024529 0.0063026631337842146 -0.0015593912554432627 -0.0034560353591623627
leaf_weight=108 684 909 285 121 121 15.999999999999998 384 346 132 21 315 23 14.999999999999998 216 191 11.999999999999998 192 32 29 10.999999999999998 18 18 15.999999999999998 111 10.999999999999998 56 25 33 82 199
leaf_count=108 684 909 285 121 121 16 384 346 132 21 315 23 15 216 191 12 192 32 29 11 18 18 16 111 11 56 25 33 82 199
internal_value=-0.0010038 0.00270504 -0.000560748 -0.00529933 -0.00713757 -0.00205882 0.0152148 0.0105727 0.00437063 -0.0137564 0.00338307 -0.000423729 0.00789474 -0.0152462 -0.0123397 0.00532258 0.00629252 0 0.00277778 -0.0075 0.011 0.00520496 -0.00708791 -0.00925926 -0.00551643 0.000543478 -0.0111111 -0.00171756 0.000652174 9.72763e-05
internal_weight=4732 4048 3210 1637 1352 765 838 454 1573 587 1441 59 38 528 312 310 294 102 90 40 50 927 455 324 213 92 36 131 115 514
internal_count=4732 4048 3210 1637 1352 765 838 454 1573 587 1441 59 38 528 312 310 294 102 90 40 50 927 455 324 213 92 36 131 115 514
is_linear=0
shrinkage=0.05


Tree=11
num_leaves=31
num_cat=0
split_feature=5 5 6 10 5 11 11 5 3 11 13 6 4 12 4 13 17 3 5 10 16 1 5 16 3 16 4 1 17 17
split_gain=152.189 64.4004 27.365 9.51032 17.6716 9.57301 8.28853 9.12189 5.5753 4.11836 3.8125 3.23538 2.53161 2.9724 3.07934 2.66906 2.44403 2.46916 2.62727 2.39531 2.3135 3.87227 2.30853 2.45376 3.65272 2.17983 2.16694 2.12533 2.07124 2.88903
threshold=20.036550000000002 1.2401500000000001 0.61861742912186335 130.66500000000005 4.9562500000000016 16.000000000000004 55.500000000000007 0.30240000000000006 0.57050000000000012 64.500000000000014 -89.854999999999976 0.43386673999787223 1.9460000000000004 28363.980000000003 0.63250000000000017 -18896.969999999998 85.074741542268768 0.058500000000000003 5.659650000000001 118.25000000000001 26.255854122217503 3.5000000000000004 12.975200000000001 22.709933633127608 0.13450000000000004 25.809720231045578 0.85050000000000014 1.5000000000000002 87.498187369628923 86.4960109692164
decision_type=2 2 2 2 2 2 2 2 2 2 2 2 2 2 2 2 2 2 2 2 2 2 2 2 2 2 2 2 2 2
left_child=1 6 8 -4 5 12 7 -1 11 22 -11 26 13 14 -5 -14 19 -18 -19 -13 27 -22 23 -6 -25 -21 -3 -9 29 -7
right_child=-2 2 3 4 9 28 -8 20 -10 10 -12 16 15 -15 -16 -17 17 18 -20 25 21 -23 -24 24 -26 -27 -28 -29 -30 -31
leaf_value=0.043734333304281142 -0.01874457882489684 0.0078610305279167968 0.0079742845201986167 0.010130292473600906 -0.01756404044842505 0.0043809367953509979 0.035400465897764521 0.0028438565791145845 0.018199269880949328 -0.011203951473959764 -0.0027115601033869258 0.030869596668361754 0.0026661814018381861 -0.0034260874572402625 -0.012155150096165444 -0.0043851276265892752 0.0095646417041692425 0.0045247655703224256 -0.0096805058454076734 -0.0019195815673038242 0.021662488272475983 -0.0048530333713008664 -0.022167009306014594 0.0056276847917661136 -0.014102334709712373 -0.0093258668720513829 0.021099865665160866 0.013177645760409543 0.010204225758718681 -0.0086321839206718043
leaf_weight=108 684 909 285 17 148 290 384 86 132 180 92 23 40 120 174 83 63 14.999999999999998 18 339 13.999999999999998 20 108 25 34 56 18 226 11.999999999999998 29
leaf_count=108 684 909 285 17 148 290 384 86 132 180 92 23 40 120 174 83 63 15 18 339 14 20 108 25 34 56 18 226 12 29
internal_value=-0.000993238 0.00269269 -0.000529595 -0.00505498 -0.00680473 -0.00179739 0.0150358 0.0104626 0.00417991 -0.0133305 -0.00882353 0.00327897 -0.00668203 -0.0090836 -0.0129581 -0.000609756 9.72763e-05 0.00729167 -0.00378788 -0.00155502 0.00650289 -0.00588235 -0.0172222 -0.0141304 -0.00550847 -0.00246835 0.00504315 0.00785256 0.00460725 0.00384013
internal_weight=4732 4048 3210 1637 1352 765 838 454 1573 587 272 1441 434 311 191 123 514 96 33 418 346 34 315 207 59 395 927 312 331 319
internal_count=4732 4048 3210 1637 1352 765 838 454 1573 587 272 1441 434 311 191 123 514 96 33 418 346 34 315 207 59 395 927 312 331 319
is_linear=0
shrinkage=0.05


Tree=12
num_leaves=31
num_cat=0
split_feature=4 13 4 6 11 4 3 4 18 4 11 4 6 6 6 4 4 14 3 12 11 14 11 6 9 1 13 12 10 12
split_gain=87.8313 61.7543 56.2745 19.1328 10.2999 8.77352 8.44415 29.141 4.15616 4.10311 3.84513 3.33377 3.2841 3.47143 3.38904 2.71709 2.52025 2.43027 2.41586 2.76392 2.3932 2.36866 2.49713 2.60694 2.27279 2.83737 2.411 2.25095 2.04592 2.00042
threshold=1.9460000000000004 -1.0000000180025095e-35 0.20650000000000002 0.70154595133437869 14.500000000000002 6.4335000000000013 0.013500000000000002 0.19950000000000004 1.0000000180025095e-35 4.2745000000000006 16.000000000000004 0.06950000000000002 0.42865379193755532 0.66926125433659944 0.61861742912186335 0.32250000000000006 11.649500000000002 10358.335000000001 0.90750000000000008 23881.090000000004 117.50000000000001 66186.695000000022 671.00000000000011 0.58382426788999287 0.77500000000000013 3.5000000000000004 -39274.484999999993 5527.6050000000005 188.37500000000003 33816.665000000008
decision_type=2 2 2 2 2 2 2 2 2 2 2 2 2 2 2 2 2 2 2 2 2 2 2 2 2 2 2 2 2 2
left_child=1 2 -1 12 5 17 -3 11 18 21 28 -8 -4 14 24 -12 -7 -2 19 -9 -13 22 23 -6 26 -26 -14 -19 -5 -15
right_child=4 6 3 10 9 16 7 8 -10 -11 15 20 13 29 -16 -17 -18 27 -20 -21 -22 -23 -24 -25 25 -27 -28 -29 -30 -31
leaf_value=-0.019170181029176975 -0.0054299802863792103 0.0093835083718288807 0.010636455116699015 0.0026594225894942761 0.033023626184407351 0.012315346116303506 -0.015820052050686147 -0.0012057708925886203 -0.0030028270287770276 0.039128649233967784 -0.01643642322173846 -0.0184630816664406 0.018131142645566273 0.012347338686357723 -0.0048313823540036167 -0.00066131257455507577 0.039128996946741483 0.016443189145442905 0.024144450556407706 0.010220196370459178 -0.013156036875265689 0.033660806649066823 0.022710156424287434 0.0015779502885342413 0.001817249263891943 -0.015379856561565881 0.0018207350514755139 0.002584679375150212 -0.012676186776194438 0.0030547822646044389
leaf_weight=708 22 1280 88 21 53 113 91 51 75 215 30 54 34 28 66 234 63 33 101 125 102 73 41 104 22 18 130 284 456 17
leaf_count=708 22 1280 88 21 53 113 91 51 75 215 30 54 34 28 66 234 63 33 101 125 102 73 41 104 22 18 130 284 456 17
internal_value=-0.00108833 -0.00461672 -0.0110961 -0.00423951 0.0120629 0.00713592 0.00176956 -0.00313022 0.00610795 0.017284 -0.0090081 -0.0162955 0.00452854 0.00214286 0 -0.00416667 0.0161932 0.00243363 0.00893502 0.00539773 -0.011859 0.0131919 0.0103535 0.00748408 0.00318627 -0.0075 0.00579268 0.0035489 -0.0116876 0.015
internal_weight=4732 3731 1852 1144 1001 515 1879 599 352 486 741 247 403 315 270 264 176 339 277 176 156 271 198 157 204 40 164 317 477 45
internal_count=4732 3731 1852 1144 1001 515 1879 599 352 486 741 247 403 315 270 264 176 339 277 176 156 271 198 157 204 40 164 317 477 45
is_linear=0
shrinkage=0.05


Tree=13
num_leaves=31
num_cat=0
split_feature=5 5 11 10 5 5 11 2 5 5 5 5 16 16 11 5 10 13 14 15 11 11 1 16 14 11 14 11 16 16
split_gain=141.425 54.5882 22.6895 14.3918 10.1754 7.41674 8.33941 6.19474 11.3352 4.20764 4.47901 4.28357 3.51066 3.19944 3.3893 2.96535 2.83034 2.7846 2.45891 2.32081 2.2885 3.78015 2.88172 4.16017 3.45546 2.5246 2.42161 2.27081 2.25726 2.32143
threshold=20.036550000000002 1.2401500000000001 16.000000000000004 109.75000000000001 3.8167000000000004 0.35540000000000005 55.500000000000007 2.5000000000000004 9.3911000000000016 4.9562500000000016 19.039200000000005 10.187650000000001 26.255854122217503 27.384269123400671 1019.5000000000001 12.975200000000001 309.25000000000006 -32230.204999999998 92385.425000000003 1.0000000180025095e-35 657.50000000000011 201.50000000000003 1.0000000180025095e-35 22.053433297086823 47890.955000000009 142.50000000000003 19754.325000000001 30.500000000000004 22.709933633127608 24.970970335076718
decision_type=2 2 2 2 2 2 2 2 2 2 2 2 2 2 2 2 2 2 2 2 2 2 2 2 2 2 2 2 2 2
left_child=1 5 3 -3 16 -1 12 9 13 -4 11 17 -7 14 20 28 -5 -11 -18 -8 21 22 23 -9 25 27 -22 -24 -6 -30
right_child=-2 2 7 4 15 6 19 8 -10 10 -12 -13 -14 -15 -16 -17 18 -19 -20 -21 26 -23 24 -25 -26 -27 -28 -29 29 -31
leaf_value=0.043256257327999065 -0.016912897943933258 0.0071063948755972391 0.013957148312370894 -0.0097664400360620695 -0.014686140768470808 0.010112729784988311 0.021046042492678385 -0.0057091745050438462 -0.016270760164921266 -0.0032958449802668213 0.010485265896136298 -0.01127780617076541 -0.0030850235474271905 0.0079286837135096131 -0.0121287479902993 -0.020170360642145082 -0.0043242447767627484 0.0036814347001686621 0.0048218133274920806 0.031587595327182548 -0.0063324404718308582 -0.0010378888382720831 0.0039968873635530533 0.0021904748453030367 0.017255464486502423 0.014002025744536024 0.01938831313469204 -0.0041493682620938836 0.0020426903542639734 -0.010848733882928225
leaf_weight=197 684 291 281 52 189 300 103 21 125 24 1016 127 33 18 15.999999999999998 107 279 117 55 205 14.999999999999998 229 12.999999999999998 11.999999999999998 46 14.999999999999998 34 48 28 52
leaf_count=197 684 291 281 52 189 300 103 21 125 24 1016 127 33 18 16 107 279 117 55 205 15 229 13 12 46 15 34 48 28 52
internal_value=-0.001194 0.00235919 -0.000607477 -0.00662393 -0.0102362 0.0137232 0.0111154 0.00232962 -0.00202703 0.00397764 0.0027648 -0.00298507 0.00563063 0.00155246 0.000723831 -0.0160904 -0.00453368 0.00301418 -0.00284431 0.0170455 0.00155889 0.000260417 0.00629032 -0.00681818 0.00983607 0.00328947 0.0117347 -0.00122951 -0.01329 -0.00625
internal_weight=4732 4048 3210 1053 762 838 641 2157 592 1565 1284 268 333 467 449 376 386 141 334 308 433 384 155 33 122 76 49 61 269 80
internal_count=4732 4048 3210 1053 762 838 641 2157 592 1565 1284 268 333 467 449 376 386 141 334 308 433 384 155 33 122 76 49 61 269 80
is_linear=0
shrinkage=0.05


Tree=14
num_leaves=31
num_cat=0
split_feature=5 5 6 10 5 5 11 11 18 5 2 5 12 14 16 10 4 5 16 4 4 6 15 0 16 16 0 3 5 10
split_gain=137.368 49.1571 22.8885 10.0576 14.6122 6.90283 7.44588 6.32779 5.92758 5.45401 4.88382 6.71845 3.72313 3.51343 3.39706 3.05211 2.97308 3.97325 3.03157 2.61124 3.25336 2.60907 2.46682 2.37686 3.81797 2.73493 2.57816 2.72601 2.26623 2.69809
threshold=20.036550000000002 1.2401500000000001 0.69619281195212601 109.75000000000001 5.8975500000000007 0.35540000000000005 67.500000000000014 38.500000000000007 1.0000000180025095e-35 3.4987500000000007 1.5000000000000002 12.272750000000002 32422.360000000004 31500.860000000004 27.071652893680575 1254.5000000000002 0.13450000000000004 13.990300000000001 22.6737425601994 0.32250000000000006 0.49400000000000005 0.42118877814911193 1.0000000180025095e-35 10.500000000000002 10.984025864705421 15.655483291144952 4.5000000000000009 0.74600000000000011 3.2562000000000002 449.76500000000004
decision_type=2 2 2 2 2 2 2 2 2 2 2 2 2 2 2 2 2 2 2 2 2 2 2 2 2 2 2 2 2 2
left_child=1 5 8 -4 7 -1 14 13 9 12 -11 15 21 -5 -7 -12 -6 18 -18 -20 -21 -3 -8 24 -9 -25 -26 -28 -15 -30
right_child=-2 2 3 4 16 6 22 23 -10 10 11 -13 -14 28 -16 -17 17 -19 19 20 -22 -23 -24 25 26 -27 27 -29 29 -31
leaf_value=0.041093444461599106 -0.016067253046736597 0.013012596494006757 0.0076244394627696336 -0.0089919377999686419 -0.0067071037038003989 0.0094904456271525228 0.022206427037877063 0.026055905874243886 -0.024149076752080972 0.010184572730469806 0.0002485251697825264 -0.016104869138342377 0.021344107923746275 0.00013131614045584216 -0.0028270565104806357 0.0037566894749899993 -0.015533193295070975 -0.020340006325236477 -0.012119582321531097 0.0063171198197421235 -0.0046169551624115736 0.0013529780311923813 0.030008215560823427 -8.5942025884622189e-05 0.000665690432349983 0.01054345757085263 -0.0066469582332479328 0.014191429699268406 0.00030647566529583005 -0.012134218701900932
leaf_weight=197 684 38 274 208 48 314 102 13.999999999999998 25 996 347 110 108 184 22 17 198 106 27 21 18 146 203 66 28 80 42 9.9999999999999982 43 56
leaf_count=197 684 38 274 208 48 314 102 14 25 996 347 110 108 184 22 17 198 106 27 21 18 146 203 66 28 80 42 10 43 56
internal_value=-0.00127853 0.00222332 -0.0005919 -0.00532326 -0.00737598 0.0130072 0.0104914 -0.00311218 0.00317571 0.00351873 0.00227891 -0.00189873 0.00976027 -0.00636456 0.00535714 0.00137363 -0.0148325 -0.0163514 -0.0130682 -0.00378788 0.00448718 0.00543478 0.0161475 0.00354167 -0.00265957 0.00753425 -0.006875 -0.0134615 -0.00273852 -0.00883838
internal_weight=4732 4048 3210 1423 1149 838 641 731 1787 1762 1470 474 292 491 336 364 418 370 264 66 39 184 305 240 94 146 80 52 283 99
internal_count=4732 4048 3210 1423 1149 838 641 731 1787 1762 1470 474 292 491 336 364 418 370 264 66 39 184 305 240 94 146 80 52 283 99
is_linear=0
shrinkage=0.05


Tree=15
num_leaves=31
num_cat=0
split_feature=5 5 11 10 5 11 5 14 5 8 5 14 17 9 10 5 16 5 14 12 0 11 0 12 10 10 16 5 5 5
split_gain=138.893 48.371 17.8384 11.1602 8.56698 7.86117 5.62071 5.50357 4.89714 4.68624 5.05048 3.87835 3.86163 3.43555 3.31249 3.25872 3.15948 2.91174 2.75317 2.66967 2.4861 2.46898 2.85 2.37898 2.19481 2.1721 2.67363 2.08333 2.07171 5.2345
threshold=20.036550000000002 1.2401500000000001 16.000000000000004 139.58500000000001 3.9121000000000001 67.500000000000014 0.2899500000000001 18920.095000000005 1.9185500000000002 2.5000000000000004 9.3911000000000016 8938.3000000000011 84.950519005563436 0.84500000000000008 591.33500000000015 12.975200000000001 27.638176510235287 12.490550000000001 155188.72500000003 13649.285000000002 20.500000000000004 204.50000000000003 9.5000000000000018 3485.4850000000006 604.58500000000015 438.83500000000009 12.033465862489932 5.088000000000001 5.4261500000000007 17.895100000000003
decision_type=2 2 2 2 2 2 2 2 2 2 2 2 2 2 2 2 2 2 2 2 2 2 2 2 2 2 2 2 2 2
left_child=1 5 3 19 23 6 20 11 -9 28 14 25 -13 -14 -11 17 18 -6 -8 -3 -1 -16 27 24 -5 -4 -27 -23 -10 -30
right_child=-2 2 7 4 15 -7 16 8 9 10 -12 12 13 -15 21 -17 -18 -19 -20 -21 -22 22 -24 -25 -26 26 -28 -29 29 -31
leaf_value=0.035373699087888781 -0.015196170813782354 0.014905719961264398 0.027008245261964006 -0.0098371517653887391 -0.011523967620277726 0.028840044883768391 0.010055840360950037 0.016876618787435297 0.012361966669306425 -0.0099727170076454943 -0.014651978699758088 -0.007449151749241551 0.012676326242476299 -0.0081201738572700913 0.0068601145046490678 -0.018305168274748495 -0.012284498726519918 0.011618700438213506 -0.0082488165395641026 0.00021484558355331086 -0.0038350054433040071 -0.0071947991345862328 0.0055396578860214879 -0.0023530622880085731 -0.0027050251512067552 0.0070465079357357411 -0.00054893625217984361 0.0019187067177228901 -0.0038562382192985803 0.01207577215066323
leaf_weight=93 700 49 24 28 225 400 324 128 223 49 69 297 52 37 51 119 13.999999999999998 11.999999999999998 17 252 9.9999999999999982 36 60 309 15.999999999999998 21 79 18 211 774
leaf_count=93 700 49 24 28 225 400 324 128 223 49 69 297 52 37 51 119 14 12 17 252 10 36 60 309 16 21 79 18 211 774
internal_value=-0.00124015 0.00235802 -0.000517681 -0.0059901 -0.00941467 0.0128788 0.00840611 0.00207844 0.00350525 0.00269953 -0.00309187 -0.00245098 -0.00492228 0.00421348 0.000700935 -0.0148876 0.00542254 -0.0114979 0.0063783 0.00207641 0.0186893 0.00409091 0 -0.00389518 -0.0147727 0.00524194 0.002 -0.00833333 0.00405629 0.00307107
internal_weight=4697 3997 3139 1010 709 858 458 2129 1619 1491 283 510 386 89 214 356 355 237 341 301 103 165 114 353 44 124 100 54 1208 985
internal_count=4697 3997 3139 1010 709 858 458 2129 1619 1491 283 510 386 89 214 356 355 237 341 301 103 165 114 353 44 124 100 54 1208 985
is_linear=0
shrinkage=0.05


Tree=16
num_leaves=31
num_cat=0
split_feature=3 3 3 3 8 11 6 11 3 6 16 3 11 0 14 12 14 6 0 14 14 1 11 16 10 2 10 13 14 1
split_gain=52.2277 73.2306 11.2194 10.9012 7.10521 4.87156 3.99201 3.30806 3.25661 3.16564 4.14086 3.03128 2.82151 2.73946 2.55683 2.54285 2.30608 2.10757 2.00704 4.08236 2.61548 2.41228 1.74396 1.93393 1.73953 1.73641 1.90323 1.93741 2.22066 1.77941
threshold=0.25450000000000006 1.0000000180025095e-35 0.062500000000000014 1.0890000000000002 1.5000000000000002 16.000000000000004 0.59930313760241172 142.50000000000003 0.29950000000000004 0.94340546420872251 17.817508853946588 3.5175000000000005 16.000000000000004 1.5000000000000002 18117.870000000003 25079.720000000005 16873.015000000003 0.65822595613387536 16.500000000000004 21171.580000000005 42746.445000000007 1.0000000180025095e-35 9.5000000000000018 18.548627363393539 139.58500000000001 3.5000000000000004 861.16500000000008 -24062.679999999997 112753.32000000002 4.5000000000000009
decision_type=2 2 2 2 2 2 2 2 2 2 2 2 2 2 2 2 2 2 2 2 2 2 2 2 2 2 2 2 2 2
left_child=1 4 -3 6 -1 11 14 13 -8 10 18 -5 -12 -4 -2 24 -14 -7 20 -20 -6 -22 23 -17 -11 -10 27 28 -27 -28
right_child=3 2 7 5 9 17 8 -9 25 15 12 -13 16 -15 -16 22 -18 -19 19 -21 21 -23 -24 -25 -26 26 29 -29 -30 -31
leaf_value=0.0071326888503911116 -0.0028923171720808549 -0.013866144777320861 -0.00020931672661171353 0.0049876423203745746 0.01102923097343686 0.030251812334566943 0.0070221096301310102 -0.0077748612595930078 0.00075602528031440972 0.014149256431358696 -0.013480468861304546 0.020938311564963299 -0.0099714690839776531 -0.014972507170434966 0.012041561061062812 -0.0058300634368403468 -0.001655787361103911 0.016470987522800986 -0.012699437984310625 0.0098435788368353878 -0.012309878044806955 0.0028244055232925173 -0.0081191005226051282 0.010258662194782511 -0.011629039789930793 0.0073987656465485559 0.013983675890657167 -0.0052162860805168966 -0.0053870422703404782 -0.0048179248750805205
leaf_weight=1327 34 564 37 194 102 207 48 302 277 9.9999999999999982 47 107 14.999999999999998 298 183 14.000000000000002 179 167 29 51 11.999999999999998 76 26 15.999999999999998 184 17.000000000000004 18 126 13.999999999999998 15.999999999999998
leaf_count=1327 34 564 37 194 102 207 48 302 277 10 47 107 15 298 183 14 179 167 29 51 12 76 26 16 184 17 18 126 14 16
internal_value=-0.0013466 -0.00479629 -0.0146336 0.00671165 0.000862069 0.0112963 0.00248977 -0.0100863 9.68992e-05 -0.00298949 -0.000733855 0.00656146 -0.00549793 -0.0135075 0.00817972 -0.0076 -0.00283505 0.015107 0.00351852 -0.003125 0.00631579 0 0.00178571 0.01 -0.0103093 -0.00117521 -0.00484293 -0.00716561 0.00403226 0.00588235
internal_weight=4697 3289 1201 1408 2088 675 733 637 516 761 511 301 241 335 217 250 194 374 270 80 190 88 56 30 194 468 191 157 31 34
internal_count=4697 3289 1201 1408 2088 675 733 637 516 761 511 301 241 335 217 250 194 374 270 80 190 88 56 30 194 468 191 157 31 34
is_linear=0
shrinkage=0.05


Tree=17
num_leaves=31
num_cat=0
split_feature=5 5 6 11 13 5 11 14 5 0 17 5 16 5 16 0 6 11 11 16 6 0 14 3 10 1 14 3 3 14
split_gain=132.614 44.5876 16.992 7.13453 6.66855 16.468 5.80262 4.45776 4.41279 5.61604 4.36724 4.21576 4.58296 3.93676 3.69485 4.65511 4.26667 3.52992 3.1737 3.07542 2.76 2.75537 2.70741 2.54487 2.39706 2.59843 3.2533 2.37933 3.53127 2.37231
threshold=20.036550000000002 1.2401500000000001 0.53626198271711323 67.500000000000014 -1.0000000180025095e-35 12.704400000000001 18.500000000000004 18920.095000000005 5.4261500000000007 2.5000000000000004 86.193061185826821 0.46835000000000004 27.071652893680575 5.8975500000000007 22.763407709927225 1.5000000000000002 0.67436197871083436 416.50000000000006 644.50000000000011 10.659025143280719 0.66362495610394812 20.500000000000004 17012.255000000005 0.82750000000000001 692.58500000000015 5.5000000000000009 31500.860000000004 0.10450000000000001 0.22450000000000003 130455.29000000002
decision_type=2 2 2 2 2 2 2 2 2 2 2 2 2 2 2 2 2 2 2 2 2 2 2 2 2 2 2 2 2 2
left_child=1 3 7 11 5 6 -4 17 9 -8 14 21 29 18 15 -10 -16 -3 19 -9 -5 -1 -19 27 -11 26 -26 -6 -29 -13
right_child=-2 2 4 20 23 -7 8 13 10 24 -12 12 -14 -15 16 -17 -18 22 -20 -21 -22 -23 -24 -25 25 -27 -28 28 -30 -31
leaf_value=0.025600014678760413 -0.013839858604560943 0.0062720200932663483 -0.0059649029467390702 0.030406231847328092 0.0044508983378414085 -0.017117828653979771 -0.005329908671813044 -0.013551490387176146 0.0056086088707154348 0.0092177089729926116 0.0021995567975764351 0.0094562105453263497 -0.011526171147041634 0.0067701324916894573 -0.010801533397870672 -0.010037594955832336 0.0055222710770652141 -0.0024563558412864258 0.019358504839625201 0.011826657703896293 0.017351851272855517 -0.0010772162942890185 -0.020145296303714269 0.012585974543857181 -0.0021899800984883145 -0.0068678038886612058 0.0089428502851158897 -0.015285458551967042 8.4251060992657231e-05 -0.011218054762705288
leaf_weight=154 700 86 521 216 368 164 41 11.999999999999998 9.9999999999999982 125 23 244 15.999999999999998 810 10.000000000000002 121 20 184 58 113 184 19 38 75 51 32 95 81 101 25
leaf_count=154 700 86 521 216 368 164 41 12 10 125 23 244 16 810 10 121 20 184 58 113 184 19 38 75 51 32 95 81 101 25
internal_value=-0.00149564 0.00202027 -0.000740682 0.0121212 -0.00383569 -0.00599753 -0.00369399 0.00363182 0 0.00334302 -0.00625 0.00786026 0.00412281 0.00526183 -0.00916149 -0.0127863 0.00666667 -0.00162338 0.0118852 0.0074 0.017 0.0140173 -0.00495495 0.00036 0.00569307 0.00196629 0.00479452 -0.000818182 -0.00549451 0.00566914
internal_weight=4697 3997 3139 858 1838 1213 1049 1301 528 344 184 458 285 993 161 131 30 308 183 125 400 173 222 625 303 178 146 550 182 269
internal_count=4697 3997 3139 858 1838 1213 1049 1301 528 344 184 458 285 993 161 131 30 308 183 125 400 173 222 625 303 178 146 550 182 269
is_linear=0
shrinkage=0.05


Tree=18
num_leaves=31
num_cat=0
split_feature=5 5 8 5 18 5 14 16 12 16 17 5 18 10 14 14 3 5 5 16 16 10 5 16 16 10 17 5 3 10
split_gain=129.341 39.871 13.51 11.0665 4.9641 3.70131 5.20582 3.36694 3.27927 3.02544 3.50647 4.03333 3.00716 4.72897 3.8061 3.90989 3.62626 2.97602 2.93485 3.85333 2.91729 2.89056 3.31524 2.87472 3.04189 2.50392 2.27733 3.8356 2.31299 2.24799
threshold=20.036550000000002 1.2401500000000001 2.5000000000000004 12.704400000000001 1.0000000180025095e-35 3.0517000000000007 30906.455000000005 26.473335629461616 139427.16000000003 22.763407709927225 78.981127301190554 4.4715000000000007 1.0000000180025095e-35 163.25000000000003 18920.095000000005 8938.3000000000011 0.25850000000000006 0.23745000000000002 0.58145000000000013 26.255854122217503 21.474793701948645 583.25000000000011 9.3911000000000016 21.559942160464814 10.211985346426284 1175.5000000000002 84.646340941080581 2.2370000000000005 1.0130000000000001 861.16500000000008
decision_type=2 2 2 2 2 2 2 2 2 2 2 2 2 2 2 2 2 2 2 2 2 2 2 2 2 2 2 2 2 2
left_child=1 4 12 5 18 6 7 -4 17 20 -11 -12 14 -14 15 25 -15 -6 -1 -20 21 -7 -23 24 -8 -3 28 -28 -26 -25
right_child=-2 2 3 -5 8 9 23 -9 -10 10 11 -13 13 16 -16 -17 -18 -19 19 -21 -22 22 -24 29 26 -27 27 -29 -30 -31
leaf_value=0.029393443211852912 -0.013147865674332897 0.013155845900879405 -0.0043317949498230257 -0.01604942123203552 0.031697293227937087 -0.011468932021145357 -0.010936131175368147 0.0092271509125031459 -0.0091825636061393743 -0.01109273500614319 -0.0071563233703192735 0.0075930058811750191 0.0031910811158279932 -0.014373085871344055 0.0062014817217587725 -0.0054569576368973033 -7.8238587424184225e-05 0.0065934271624421281 0.018585746903764022 -0.0038812474006721777 -0.012104668989027057 -0.00053812673688062584 -0.01740773289831295 -0.0036876316578879909 0.015572000675263721 -0.011678651838812044 0.0049873251962353708 -0.0032952123094692753 -0.0004494025561680798 0.016530936977451643
leaf_weight=223 700 84 124 113 41 110 10.999999999999998 14.999999999999998 15.999999999999998 34 20 40 283 100 1365 331 73 258 300 20 32 168 32 51 73 12.999999999999998 20 21 11.999999999999998 13.999999999999998
leaf_count=223 700 84 124 113 41 110 11 15 16 34 20 40 283 100 1365 331 73 258 300 20 32 168 32 51 73 13 20 21 12 14
internal_value=-0.00160209 0.00187015 -0.000740682 -0.00595506 0.0114219 -0.00382883 7.33138e-05 -0.0073741 0.00642857 -0.00688073 0.00106383 0.00833333 0.00132281 -0.00230263 0.00224484 -0.00186916 -0.00881503 0.0076087 0.0143186 0.01125 -0.00906433 -0.00758065 -0.004 0.00519802 0.00930657 0.00695876 0.0115079 0.00182927 0.0161765 -0.00346154
internal_weight=4697 3997 3139 890 858 777 341 139 315 436 94 60 2249 456 1793 428 173 299 543 320 342 310 200 202 137 97 126 41 85 65
internal_count=4697 3997 3139 890 858 777 341 139 315 436 94 60 2249 456 1793 428 173 299 543 320 342 310 200 202 137 97 126 41 85 65
is_linear=0
shrinkage=0.05


Tree=19
num_leaves=31
num_cat=0
split_feature=4 2 4 2 4 2 6 4 4 11 11 10 13 8 10 16 10 11 9 17 6 1 16 1 16 10 6 0 4 0
split_gain=59.9743 50.29 38.6739 9.98071 38.9321 8.67414 8.28724 8.14452 5.68936 4.38249 3.87631 3.70606 3.58901 3.45576 3.37632 3.60049 3.21424 3.10108 3.04249 2.93956 2.6375 3.39509 2.84629 2.36471 2.20106 2.04667 2.04339 2.32589 1.95826 1.92977
threshold=1.9460000000000004 2.5000000000000004 0.21750000000000003 1.5000000000000002 0.19550000000000003 3.5000000000000004 0.54003488206278183 11.649500000000002 0.063500000000000015 18.500000000000004 67.500000000000014 892.33500000000015 -49391.069999999992 3.5000000000000004 528.80000000000007 26.00327529733875 564.20000000000016 2.5000000000000004 0.84500000000000008 86.043075348383766 0.70154595133437869 1.0000000180025095e-35 14.103523838608035 1.0000000180025095e-35 26.777094943361945 447.25000000000006 0.41145270529597272 7.5000000000000009 2.0675000000000003 18.500000000000004
decision_type=2 2 2 2 2 2 2 2 2 2 2 2 2 2 2 2 2 2 2 2 2 2 2 2 2 2 2 2 2 2
left_child=1 3 -3 -1 8 20 13 10 -5 17 14 12 -6 -2 15 28 -16 25 23 -12 -4 -22 -23 -11 -17 -7 27 -10 -8 -24
right_child=6 2 5 4 11 9 7 -9 26 18 19 -13 -14 -15 16 24 -18 -19 -20 -21 21 22 29 -25 -26 -27 -28 -29 -30 -31
leaf_value=0.006280014000647597 0.033760212087810861 -0.014864677524217752 0.0033461363287303758 -0.010536539360093623 -0.0082818363923277578 0.0063458215314259776 -0.012667089668973053 0.030149479039075777 0.0037444087830004026 -0.0050013044924522247 0.019152397009167921 0.0102259169168339 0.003623361125498803 -0.001408323680681134 -0.0048943184921474764 -0.006642907155223832 0.00083315751575053782 -0.011100755060301766 -0.013169882957654276 -0.0024739751822073831 0.0087747616140325009 -0.00680972914239804 -0.0061776643153183576 -0.00024167003264627396 0.0026199332102128689 -0.011502913215127204 -0.012878378976560523 -0.012433493437862986 0.011191298845363077 0.0071782992091687266
leaf_weight=1270 110 542 156 169 47 10.999999999999998 10.999999999999998 103 19 14.999999999999998 277 164 419 11.999999999999998 30 13.000000000000002 207 170 26 28 42 64 116 149 13.999999999999998 21 213 44 204 31
leaf_count=1270 110 542 156 169 47 11 11 103 19 15 277 164 419 12 30 13 207 170 26 28 42 64 116 149 14 21 213 44 204 31
internal_value=-0.00170854 -0.00466377 -0.012379 -0.000245203 -0.0037907 -0.0053995 0.00909316 0.00741263 -0.0151124 -0.0107143 0.00567602 0.00420635 0.00193133 0.0213115 0.00287056 0.00702479 -0.00137131 -0.0158416 -0.00526316 0.010082 -0.000305623 -0.0034585 -0.00604265 -0.0027439 -0.0101852 -0.0015625 -0.0106884 -0.00277778 0.00918605 -0.00221088
internal_weight=4697 3688 1343 2345 1075 801 1009 887 445 392 784 630 466 122 479 242 237 202 190 305 409 253 211 164 27 32 276 63 215 147
internal_count=4697 3688 1343 2345 1075 801 1009 887 445 392 784 630 466 122 479 242 237 202 190 305 409 253 211 164 27 32 276 63 215 147
is_linear=0
shrinkage=0.05


Tree=20
num_leaves=31
num_cat=0
split_feature=5 5 2 5 11 5 6 16 16 14 4 5 2 11 10 4 6 16 6 6 6 14 14 11 11 14 10 14 10 10
split_gain=120.491 33.743 19.0087 14.0636 6.93655 6.4653 5.50897 4.28118 4.25455 3.33593 4.40823 3.29017 3.12925 2.89147 4.13547 3.49184 3.20511 2.3839 2.31256 2.20959 2.11471 2.09802 2.89967 2.54123 2.87792 2.09241 2.83663 2.00154 2.43243 2.06211
threshold=20.036550000000002 1.2797500000000002 2.5000000000000004 12.704400000000001 67.500000000000014 0.19660000000000002 0.7052206656093386 27.749821074153598 27.071652893680575 21746.445000000003 1.9460000000000004 2.8433000000000006 5.5000000000000009 18.500000000000004 109.75000000000001 0.89750000000000008 0.85712979235977849 15.505513202385602 0.66926125433659944 0.54003488206278183 0.55165182538763469 18920.095000000005 18292.970000000005 1004.5000000000001 1211.5000000000002 16873.015000000003 555.16500000000008 11260.695000000002 509.12500000000006 407.62500000000006
decision_type=2 2 2 2 2 2 2 2 2 2 2 2 2 2 2 2 2 2 2 2 2 2 2 2 2 2 2 2 2 2
left_child=1 4 13 6 5 -1 11 9 27 -8 12 -4 -11 14 16 21 -3 -16 -13 -6 -21 22 23 -15 -25 26 -22 -7 29 -29
right_child=-2 2 3 -5 19 8 7 -9 -10 10 -12 18 -14 15 17 -17 -18 -19 -20 20 25 -23 -24 24 -26 -27 -28 28 -30 -31
leaf_value=0.0462768533728318 -0.011975224142198869 -0.0063080564628407972 0.0070878864357391885 -0.014992196580416783 0.032384442808621218 -0.0016801243385701214 -0.00712260104004378 0.0067505268887272322 -0.0030411362946276806 -0.0035440008683694543 0.0011735240910194123 -0.0023033212911675485 -0.010632635541776939 0.0015355807347147367 -0.0030230867791423868 0.015832932155344117 0.0069044307903936182 -0.010760717079011091 0.005963508448101504 -0.0088419893631396015 -0.0092206178212156931 0.0058946645783844237 -0.019689603168759465 -0.016717290800031287 -0.00042884208792954019 0.022468888340489837 0.029507039604539178 0.010109147808987458 0.0041606193691302029 0.019542870109219991
leaf_weight=49 669 50 83 141 96 35 195 15.999999999999998 24 346 108 145 39 236 63 103 253 109 26 9.9999999999999982 9.9999999999999982 1093 20 37 52 232 34 120 185 65
leaf_count=49 669 50 83 141 96 35 195 16 24 346 108 145 39 236 63 103 253 109 26 10 10 1093 20 37 52 232 34 120 185 65
internal_value=-0.00230405 0.001 -0.00142055 -0.00671065 0.00976744 0.00575314 -0.00454071 -0.00681818 0.00378788 -0.00741279 -0.00522312 0.00177165 -0.00772727 0.00146329 -0.00194737 0.0025146 0.00156766 -0.00813953 -0.00219298 0.0147906 0.0125874 0.00187761 -0.00152174 -0.000384615 -0.00758427 0.0134058 0.00340909 0.005 0.00608108 0.0101351
internal_weight=4644 3975 3115 1099 860 478 958 704 429 688 493 254 385 2016 475 1541 303 172 171 382 286 1438 345 325 89 276 44 405 370 185
internal_count=4644 3975 3115 1099 860 478 958 704 429 688 493 254 385 2016 475 1541 303 172 171 382 286 1438 345 325 89 276 44 405 370 185
is_linear=0
shrinkage=0.05


Tree=21
num_leaves=31
num_cat=0
split_feature=5 5 2 5 6 4 6 14 17 4 2 17 3 3 5 5 6 10 10 3 13 6 6 17 17 6 10 17 17 7
split_gain=116.842 31.9446 20.0339 13.1694 6.38107 6.07348 4.66222 2.64311 3.76667 3.15248 2.95625 2.5833 2.38672 2.54154 5.37785 2.14216 2.2333 2.03017 2.40209 2.07755 2.02357 1.9634 1.92638 1.89054 1.8836 2.18105 1.79733 1.79601 3.85162 3.11218
threshold=20.036550000000002 1.2401500000000001 2.5000000000000004 12.975200000000001 0.66926125433659944 12.403 0.7052206656093386 21746.445000000003 86.388286360625827 1.9460000000000004 5.5000000000000009 72.785229391660792 0.90750000000000008 0.097500000000000017 10.187650000000001 4.7490000000000014 0.66926125433659944 853.58500000000015 796.19500000000005 2.5180000000000002 -1.0000000180025095e-35 0.7831725886973363 0.44581334693324443 72.785229391660792 86.388286360625827 0.93723755778897766 873.20000000000016 81.818883815782996 79.253137876736361 1.5000000000000002
decision_type=2 2 2 2 2 2 2 2 2 2 2 2 2 2 2 2 2 2 2 2 2 2 2 2 2 2 2 2 2 2
left_child=1 4 11 6 23 17 15 -8 9 10 -9 -3 13 -13 24 22 -17 18 -6 -19 -2 -11 -4 -1 25 -15 -14 28 29 -23
right_child=20 2 3 -5 5 -7 7 8 -10 21 -12 12 26 14 -16 16 -18 19 -20 -21 -22 27 -24 -25 -26 -27 -28 -29 -30 -31
leaf_value=-0.0007281942051581725 -0.012278761019524416 -0.011963513098715631 0.014749327597290597 -0.014288279523918916 0.0067470324631931037 0.034446076392966339 -0.0066251588039553336 -0.0024511161094506965 -0.010562931217738264 0.016753996649431824 -0.0099673984581086939 0.0053547132014425351 0.0068183444683628915 0.0025023130152002863 -0.012258173886247387 -0.0051171999239160776 0.005463197710965254 0.021345443923465348 -0.0078744438283970264 0.00073117778918465053 -0.0095340534028916721 -0.00066607831489020057 0.0033972053871447749 0.025041491745477151 0.017364509949892044 -0.0094764426416313503 0.022874286559279144 0.0086078935170749559 -0.0097021537058824946 0.009810057412230816
leaf_weight=9.9999999999999982 540 97 19 137 413 81 203 325 50 13.999999999999998 32 1387 98 215 135 95 13.999999999999998 47 28 22 129 23 130 237 28 33 32 32 19 19
leaf_count=10 540 97 19 137 413 81 203 325 50 14 32 1387 98 215 135 95 14 47 28 22 129 23 130 237 28 33 32 32 19 19
internal_value=-0.00237941 0.000874214 -0.00144246 -0.00683453 0.00954654 0.00672589 -0.00479487 -0.0068689 -0.00496109 -0.00355603 -0.00581232 0.00151852 0.00191909 0.00144605 -0.0020073 0.000968992 -0.0043578 0.00470588 0.00345805 0.0126812 -0.0217115 0.00397196 0.00486577 0.0162955 0.00199275 0.000604839 0.00846154 0.00134409 -0.00368852 0.0047619
internal_weight=4644 3975 3137 1112 838 591 975 717 514 464 357 2025 1928 1798 411 258 109 510 441 69 669 107 149 247 276 248 130 93 61 42
internal_count=4644 3975 3137 1112 838 591 975 717 514 464 357 2025 1928 1798 411 258 109 510 441 69 669 107 149 247 276 248 130 93 61 42
is_linear=0
shrinkage=0.05


Tree=22
num_leaves=31
num_cat=0
split_feature=5 5 8 5 6 4 6 4 4 5 11 16 17 17 5 17 5 16 14 1 5 14 6 4 3 5 4 13 10 1
split_gain=115.042 29.5396 13.658 10.6357 6.29276 6.02964 3.75474 4.41689 3.56415 6.78063 3.52383 2.86204 2.77108 2.51909 3.13147 2.53968 2.49818 2.40985 2.39364 2.37808 2.37428 3.92564 2.56553 2.42856 3.36005 2.33145 2.24297 3.06977 2.0494 2.09059
threshold=20.036550000000002 1.2401500000000001 2.5000000000000004 12.704400000000001 0.66926125433659944 16.073500000000003 0.65192968804278817 0.89750000000000008 0.10350000000000001 10.187650000000001 18.500000000000004 27.071652893680575 77.732331062107065 77.777948957505501 8.4051500000000008 80.79928350610227 2.5685500000000006 13.868502371753136 49268.415000000001 4.5000000000000009 3.9636500000000003 89765.030000000013 0.98962179400952655 0.47850000000000004 0.055500000000000008 1.3987000000000003 0.40550000000000008 -10183.879999999997 1030.1650000000002 1.0000000180025095e-35
decision_type=2 2 2 2 2 2 2 2 2 2 2 2 2 2 2 2 2 2 2 2 2 2 2 2 2 2 2 2 2 2
left_child=1 4 6 10 -1 11 7 12 19 -10 20 -6 -3 14 28 17 -14 -15 -19 -8 21 22 25 24 -22 -4 -18 -28 29 -12
right_child=-2 2 3 -5 5 -7 8 -9 9 -11 13 -13 16 15 -16 -17 26 18 -20 -21 23 -23 -24 -25 -26 -27 27 -29 -30 -31
leaf_value=0.023726466645303635 -0.010781293162081741 -0.0018939588267876839 0.0015226103971683837 -0.013487167591416944 0.0082251708205948737 0.040679030216771821 0.01261344588595556 0.018543192992248731 -0.00070482685672686174 -0.012775967746912437 -0.0036283085589779358 -0.0035160057223474015 -0.0070100593265057971 0.010982522128410456 -0.011890289689691242 -0.00032714580893452861 0.0040542709338360966 -0.0019322952304133669 0.012161273630742646 -0.0087185229568361704 0.0094951490112501983 0.0049502031402033578 -0.00026178858083589218 -0.0099242341970328385 -0.011957890283822777 -0.0072832022229394888 0.037130573745947408 0.0052215234463749765 -0.011476041997527987 0.0015069522093774741
leaf_weight=247 669 461 19 108 513 50 203 102 380 114 13.999999999999998 28 13.999999999999998 19 32 180 785 25 28 88 22 33 84 129 15.999999999999998 97 36 53 12.999999999999998 82
leaf_count=247 669 461 19 108 513 50 203 102 380 114 14 28 14 19 32 180 785 25 28 88 22 33 84 129 16 97 36 53 13 82
internal_value=-0.00237941 0.000849057 -0.00137871 -0.00657603 0.00918854 0.00638748 0.000715564 0.00222261 -0.00207006 -0.00465587 -0.00457125 0.00485213 0.00146405 -0.00120865 -0.00656028 0.00178571 0.00309685 0.00972222 0.00424528 0.00231959 -0.007875 -0.00461373 -0.00725 -0.0124251 -0.00131579 -0.012069 0.00343249 0.0109551 -0.00252294 0
internal_weight=4644 3975 3137 901 838 591 2236 1451 785 494 793 541 1349 393 141 252 888 72 53 291 400 233 200 167 38 116 874 89 109 96
internal_count=4644 3975 3137 901 838 591 2236 1451 785 494 793 541 1349 393 141 252 888 72 53 291 400 233 200 167 38 116 874 89 109 96
is_linear=0
shrinkage=0.05


Tree=23
num_leaves=31
num_cat=0
split_feature=5 5 2 5 6 4 6 5 0 2 13 16 6 10 13 7 0 10 10 12 14 1 1 0 16 14 16 14 5 9
split_gain=109.964 28.4397 16.4886 13.2415 5.83333 5.50013 4.32828 4.10368 3.34027 2.9198 2.89387 2.79447 2.62691 2.62111 2.48326 2.38187 2.36085 2.50025 2.65897 2.34338 2.30858 2.17598 2.06083 2.01786 2.77895 2.08237 3.71092 2.9574 2.75105 2.20479
threshold=20.036550000000002 1.2401500000000001 2.5000000000000004 12.975200000000001 0.66926125433659944 16.073500000000003 0.84179692743307044 3.3132500000000005 6.5000000000000009 3.5000000000000004 -1.0000000180025095e-35 27.071652893680575 0.77309914036148131 849.83000000000015 -34859.32499999999 1.0000000180025095e-35 18.500000000000004 853.58500000000015 816.50000000000011 30737.640000000003 81014.645000000004 1.0000000180025095e-35 3.5000000000000004 1.0000000180025095e-35 17.482681625980689 30819.885000000006 26.473335629461616 49268.415000000001 3.8167000000000004 0.84500000000000008
decision_type=2 2 2 2 2 2 2 2 2 2 2 2 2 2 2 2 2 2 2 2 2 2 2 2 2 2 2 2 2 2
left_child=1 4 19 6 -1 11 7 8 9 13 -2 16 -11 15 -9 -4 17 18 -6 20 -3 -10 -18 24 -8 26 -25 29 -29 -27
right_child=10 2 3 -5 5 -7 23 14 21 12 -12 -13 -14 -15 -16 -17 22 -19 -20 -21 -22 -23 -24 25 -26 27 -28 28 -30 -31
leaf_value=0.022540143313038455 -0.011125758310444107 -0.00010387022684301695 0.0076307013950347724 -0.012994779956731806 0.0080758358649389694 0.038645078705933228 0.0016944881496710196 -0.011559578746038194 -0.00020255440260409375 -0.0097068380181590287 -0.008518286074643 -0.0033402054362300319 0.0033247068356509371 0.017790003065544881 -0.00078066097619736152 -0.0024518483093486755 -0.0084118601347674127 0.025512466440244366 -0.0086094146995892903 0.0056444588242857002 -0.0094440453058010805 0.0090536462727762498 0.0087505369224204158 -0.007418036837689876 -0.0065784456177488074 -0.00058044096840356718 0.0070053259590329266 -0.00093312658993827688 -0.010802138927063987 0.025239812650179688
leaf_weight=247 540 930 12.000000000000002 137 346 50 11.000000000000002 34 12.999999999999998 28 129 28 12.999999999999998 15.999999999999998 229 13.999999999999998 47 56 14.999999999999998 1072 23 108 49 186 19 103 10.999999999999998 95 68 14.999999999999998
leaf_count=247 540 930 12 137 346 50 11 34 13 28 129 28 13 16 229 14 47 56 15 1072 23 108 49 186 19 103 11 95 68 15
internal_value=-0.00250861 0.000647799 -0.00153809 -0.00642986 0.00883055 0.00613367 -0.00438462 -0.000910064 0.00441176 -0.00331325 -0.0212631 0.00466728 -0.0128049 0.00595238 -0.00503802 -0.00384615 0.00550682 0.00713429 0.00560942 0.00114815 -0.000655824 0.00971074 -0.0015625 -0.00757874 0.005 -0.0083682 -0.0123096 -0.00560498 -0.00996933 0.000423729
internal_weight=4644 3975 3137 1112 838 591 975 467 204 83 669 541 41 42 263 26 513 417 361 2025 953 121 96 508 30 478 197 281 163 118
internal_count=4644 3975 3137 1112 838 591 975 467 204 83 669 541 41 42 263 26 513 417 361 2025 953 121 96 508 30 478 197 281 163 118
is_linear=0
shrinkage=0.05


Tree=24
num_leaves=31
num_cat=0
split_feature=5 5 2 5 11 5 16 6 16 2 5 10 5 6 17 5 5 4 10 6 17 16 11 3 6 17 14 5 5 10
split_gain=105.131 27.1675 16.0616 13.2415 5.53593 6.36614 4.76845 3.92966 3.13428 2.62231 2.45811 2.34715 2.34617 3.24487 2.28783 2.31128 6.12945 5.2442 4.1752 2.21111 2.59265 2.13847 2.10562 2.10242 1.9515 2.32042 2.10989 2.08575 1.89795 2.13539
threshold=20.036550000000002 1.2401500000000001 2.5000000000000004 12.975200000000001 67.500000000000014 0.19660000000000002 27.071652893680575 0.70154595133437869 27.749821074153598 3.5000000000000004 1.9869000000000001 509.12500000000006 3.8167000000000004 0.66926125433659944 72.785229391660792 3.6653000000000007 19.039200000000005 0.16750000000000004 873.20000000000016 0.62559509089814569 75.509946997295643 25.677365405941256 1211.5000000000002 0.040500000000000008 0.66362495610394812 78.56048169039785 42991.865000000005 0.32985000000000003 0.30240000000000006 407.62500000000006
decision_type=2 2 2 2 2 2 2 2 2 2 2 2 2 2 2 2 2 2 2 2 2 2 2 2 2 2 2 2 2 2
left_child=1 4 14 7 5 -1 11 12 10 23 -9 28 -4 19 -3 18 17 -17 -16 20 -14 -13 -19 -2 -6 27 -27 -26 -7 -30
right_child=9 2 3 -5 24 6 -8 8 -10 -11 -12 21 13 -15 15 16 -18 22 -20 -21 -22 -23 -24 -25 25 26 -28 -29 29 -31
leaf_value=0.040134934538162852 -0.00809237177091085 -0.011252536626164857 0.0052597610476504027 -0.012345040958895215 0.022258454051025191 0.024097401711591172 -0.0045238398536991357 -0.00013620203465042335 0.0064992417881043988 -0.012358602908983801 -0.0053625093467694314 -0.001858969562198265 -0.0087277269204660557 0.0057306893460503383 0.0048039341512810703 -0.012453798687174493 0.0058336743492683699 -0.00090387706658264519 0.020597417714250655 -0.0086890004488295036 0.0024551391539923808 0.022299851637148056 0.020934124911889326 -0.0091543473578840247 0.060407478547469209 0.029159900046979961 0.0075363150679208964 -0.00099681548176246419 0.0038091285585796445 0.013531312284881658
leaf_weight=49 245 97 119 137 203 29 24 153 15.999999999999998 275 554 174 27 14.999999999999998 229 118 1227 268 75 26 65 18 10.999999999999998 149 12.999999999999998 52 39 66 113 58
leaf_count=49 245 97 119 137 203 29 24 153 16 275 554 174 27 15 229 118 1227 268 75 26 65 18 11 149 13 52 39 66 113 58
internal_value=-0.00255168 0.000534591 -0.00160185 -0.00642986 0.00853222 0.00489247 0.00288462 -0.00438462 -0.00625864 -0.0208894 -0.00675389 0.00420918 0.000992063 -0.00357143 0.00104938 0.00142635 0.00067734 -0.00472292 0.00542763 -0.00635593 -0.00271739 0.000260417 -0.000985663 -0.0182741 0.0130697 0.00911765 0.0145604 0.0028481 0.008 0.00599415
internal_weight=4644 3975 3137 1112 838 465 416 975 723 669 707 392 252 133 2025 1928 1624 397 304 118 92 192 279 394 373 170 91 79 200 171
internal_count=4644 3975 3137 1112 838 465 416 975 723 669 707 392 252 133 2025 1928 1624 397 304 118 92 192 279 394 373 170 91 79 200 171
is_linear=0
shrinkage=0.05


Tree=25
num_leaves=31
num_cat=0
split_feature=5 5 2 5 5 6 6 2 5 14 6 6 15 4 5 14 11 0 1 5 4 9 6 3 16 11 12 14 11 10
split_gain=105.293 27.898 11.0603 14.1764 4.29784 4.0494 3.05311 2.88736 3.11577 2.88555 2.74179 3.25515 3.15746 3.09105 9.59381 3.36487 2.99128 2.64182 4.22614 2.70936 2.45494 2.41228 2.39069 2.60023 2.09059 2.0838 2.01144 1.9486 1.94775 2.5479
threshold=20.036550000000002 1.2166500000000002 2.5000000000000004 12.975200000000001 0.25580000000000008 0.66926125433659944 0.44581334693324443 3.5000000000000004 35.282150000000009 150897.06500000003 0.42118877814911193 0.25273703178287149 1.0000000180025095e-35 0.10950000000000001 8.7344000000000026 13697.710000000001 40.500000000000007 18.500000000000004 2.5000000000000004 7.3836000000000004 0.39250000000000007 0.84500000000000008 0.96955980160831967 1.1290000000000002 22.160939741486516 72.500000000000014 44285.345000000008 68636.580000000016 1080.5000000000002 1072.7500000000002
decision_type=2 2 2 2 2 2 2 2 2 2 2 2 2 2 2 2 2 2 2 2 2 2 2 2 2 2 2 2 2 2
left_child=1 4 10 6 -1 9 -4 8 -2 -6 11 20 -13 24 16 -16 22 28 26 21 -3 -20 -15 -24 -12 -18 -19 -7 29 -8
right_child=7 2 3 -5 5 27 17 -9 -10 -11 13 12 -14 14 15 -17 25 18 19 -21 -22 -23 23 -25 -26 -27 -28 -29 -30 -31
leaf_value=0.030074855472292744 -0.0094686908281258406 -0.0014151619788252635 0.0087357123584819018 -0.011934470218459432 0.019112465801596659 0.009521698448372513 -0.0020039190430768336 -0.011753003554604289 -0.0076877531823653089 -0.0029676377676526424 0.0081706081125808051 0.019265935759899423 0.0055232647047557485 -0.0069327246525464244 0.0010387398558863504 -0.013099367146053793 0.020127827201378092 0.0080673278364139737 0.0021612038922588063 -0.010495436307043318 0.025081961570080927 -0.0053934899516582925 -0.0015017590297860652 0.019528961766729837 -0.0066738146751293527 0.0036920548662453981 -0.00087966015870883936 -0.00037411392781955266 -0.014357862043167741 0.011213037613402477
leaf_weight=126 187 383 36 142 199 372 736 282 217 12.999999999999998 412 167 331 66 27 141 19 49 76 28 15.999999999999998 11.999999999999998 71 12.999999999999998 159 261 23 119 11.999999999999998 25
leaf_count=126 187 383 36 142 199 372 736 282 217 13 412 167 331 66 27 141 19 49 76 28 16 12 71 13 159 261 23 119 12 25
internal_value=-0.00229873 0.000780863 -0.00133385 -0.00528973 0.00895657 0.00743243 -0.00318455 -0.0204082 -0.017698 0.0132075 0.000847047 0.00292642 0.00562249 -0.000748503 -0.00326087 -0.0133929 0.000697674 -0.00372008 0.00159574 -0.00431034 -0.000438596 0 -0.005 0.000595238 0.00188266 0.00375 0.0111111 0.0049389 -0.00501294 -0.00469777
internal_weight=4720 4034 3205 1139 829 703 997 686 404 212 2066 897 498 1169 598 168 430 961 188 116 399 88 150 84 571 280 72 491 773 761
internal_count=4720 4034 3205 1139 829 703 997 686 404 212 2066 897 498 1169 598 168 430 961 188 116 399 88 150 84 571 280 72 491 773 761
is_linear=0
shrinkage=0.05


Tree=26
num_leaves=31
num_cat=0
split_feature=5 5 2 5 5 6 5 14 11 2 5 14 6 4 5 14 6 11 1 14 2 14 16 14 0 16 3 11 16 5
split_gain=105.663 25.241 10.1468 14.772 4.67142 3.35728 3.32421 4.27476 2.90184 2.88736 3.11577 2.65193 2.61563 2.89332 9.34846 3.24215 2.8667 2.44128 2.40878 3.24799 3.11111 2.40716 2.74502 3.18093 2.7972 2.77552 2.9694 2.43804 2.85717 2.42501
threshold=20.036550000000002 1.2166500000000002 2.5000000000000004 12.975200000000001 0.25580000000000008 0.66926125433659944 2.9247000000000001 44290.590000000004 10.500000000000002 3.5000000000000004 35.282150000000009 150897.06500000003 0.42118877814911193 0.10950000000000001 8.7344000000000026 13697.710000000001 0.080837461899968557 40.500000000000007 3.5000000000000004 20590.875000000004 5.5000000000000009 8557.1650000000027 22.763407709927225 62994.575000000004 13.500000000000002 26.255854122217503 0.20150000000000004 14.500000000000002 21.59285286976024 5.659650000000001
decision_type=2 2 2 2 2 2 2 2 2 2 2 2 2 2 2 2 2 2 2 2 2 2 2 2 2 2 2 2 2 2
left_child=1 4 12 6 -1 11 7 18 -9 10 -2 -6 16 -14 17 -16 -3 -15 20 -20 -4 -8 23 27 25 26 -24 -23 29 -29
right_child=9 2 3 -5 5 -7 21 8 -10 -11 -12 -13 13 14 15 -17 -18 -19 19 -21 -22 22 24 -25 -26 -27 -28 28 -30 -31
leaf_value=0.028571112698678111 -0.0089952562867195475 -0.00550217778707374 0.0025084943021053824 -0.011337746707536459 0.018156842511516825 0.0063902596450278182 0.0015836930417681529 -0.0010629056023850393 0.0088822330681708091 -0.011165353376874075 -0.0073033655232470438 -0.0028192558792700106 0.0044126677808000725 -0.0032122427015163521 0.00098680286309203442 -0.012444398788751102 0.0077860180681944783 0.0047131868907407367 -0.0062078044450422538 -0.0011697116835345939 -0.0036355198027035159 -0.007522019258452345 0.0053971508510361425 -0.0095703386136810429 0.0043410335900640725 -0.0087853917992418429 -0.0066406189446368436 0.0042599495168633983 -0.0072825736740308959 -0.0044039347308111321
leaf_weight=126 187 92 112 142 199 491 26 55 125 282 217 12.999999999999998 571 150 27 141 805 280 42 64 13.999999999999998 122 29 119 66 33 15.999999999999998 82 19 73
leaf_count=126 187 92 112 142 199 491 26 55 125 282 217 13 571 150 27 141 805 280 42 64 14 122 29 119 66 33 16 82 19 73
internal_value=-0.00226695 0.000818047 -0.00119345 -0.00498244 0.00859469 0.00700569 -0.0028335 0.000606796 0.00638889 -0.0204082 -0.017698 0.0122642 0.00089545 -0.00066296 -0.00309365 -0.0130952 0.00292642 0.000813953 -0.00387931 -0.00943396 0.000793651 -0.00525641 -0.00594812 -0.00801205 0 -0.00641026 0.00166667 -0.00523649 -0.00143678 0.000806452
internal_weight=4720 4034 3205 1139 829 703 997 412 180 686 404 212 2066 1169 598 168 897 430 232 106 126 585 559 415 144 78 45 296 174 155
internal_count=4720 4034 3205 1139 829 703 997 412 180 686 404 212 2066 1169 598 168 897 430 232 106 126 585 559 415 144 78 45 296 174 155
is_linear=0
shrinkage=0.05


Tree=27
num_leaves=31
num_cat=0
split_feature=4 13 4 3 4 4 11 3 6 3 17 6 11 11 0 16 4 1 4 4 14 4 6 18 0 8 17 16 6 14
split_gain=45.3492 38.0389 48.6778 5.8436 11.5123 5.36175 5.27531 4.42261 4.40375 3.57992 3.5334 3.49546 2.99522 3.46708 2.76263 2.71951 3.50282 2.60511 2.74355 2.85882 2.47454 2.27038 2.50315 2.21613 2.21619 2.20592 2.09569 2.53509 2.33975 2.04751
threshold=1.9460000000000004 -1.0000000180025095e-35 0.30250000000000005 0.012500000000000002 0.19950000000000004 11.649500000000002 16.000000000000004 0.17550000000000002 0.686041344726108 0.054500000000000007 72.526432800312961 0.31269541249832372 1080.5000000000002 804.50000000000011 16.500000000000004 11.40350362100485 8.5980000000000008 1.0000000180025095e-35 0.8005000000000001 0.45950000000000008 10358.335000000001 0.20650000000000002 0.71961491013502954 1.0000000180025095e-35 12.500000000000002 4.5000000000000009 72.785229391660792 21.724326767167415 0.080837461899968557 8938.3000000000011
decision_type=2 2 2 2 2 2 2 2 2 2 2 2 2 2 2 2 2 2 2 2 2 2 2 2 2 2 2 2 2 2
left_child=1 2 7 26 9 8 10 21 20 -5 -4 -11 13 14 29 16 -10 -16 19 -19 -2 -1 -23 24 -22 -7 27 -3 -28 -8
right_child=5 3 6 4 -6 25 12 -9 15 11 -12 -13 -14 -15 17 -17 -18 18 -20 -21 23 22 -24 -25 -26 -27 28 -29 -30 -31
leaf_value=-0.0093379749803032073 -0.0050367990666126856 0.0008100396706719915 0.010644369866498341 -0.0068150950291720165 0.0022209006902439905 0.024674514058575334 0.0082196951405341442 -0.00070581428397759613 0.0099760457768047206 0.01268190824940342 -0.0054080792527610617 -0.008600376165248563 -0.0058903854331621959 0.016598028221882711 -0.0019773987165131791 0.0015586482313258655 -0.0072244409971028104 0.004720762858055106 0.0091627008628022821 -0.0052398338765645841 0.024095055364437869 -0.0013635942797602233 -0.010480392665953259 -0.0073722859574272721 0.016440596832064482 -0.0029877882929803426 -0.012067856844087722 -0.019935784109567856 0.0082833867846751185 -0.00059671887445892919
leaf_weight=695 14.999999999999998 38 13.999999999999998 73 370 102 12.999999999999998 37 93 19 396 159 24 47 13.999999999999998 521 12.999999999999998 20 70 34 133 38 70 11.999999999999998 93 9.9999999999999982 81 19 1153 344
leaf_count=695 15 38 14 73 370 102 13 37 93 19 396 159 24 47 14 521 13 20 70 34 133 38 70 12 93 10 81 19 1153 344
internal_value=-0.00239407 -0.00492221 -0.0101046 0 -0.00398551 0.00710685 -0.00251025 -0.0189286 0.00579545 -0.012251 -0.00682927 -0.00842697 0.000618375 0.00138376 0.000151515 0.00354864 0.0108491 0.00615942 0.00846774 0 0.0113636 -0.0197073 -0.012963 0.012605 0.0137168 0.0174107 0.00191712 -0.00745614 0.00235008 -0.00217087
internal_weight=4720 3728 1816 1912 621 992 976 840 880 251 410 178 566 542 495 627 106 138 124 54 253 803 108 238 226 112 1291 57 1234 357
internal_count=4720 3728 1816 1912 621 992 976 840 880 251 410 178 566 542 495 627 106 138 124 54 253 803 108 238 226 112 1291 57 1234 357
is_linear=0
shrinkage=0.05


Tree=28
num_leaves=31
num_cat=0
split_feature=5 5 2 5 5 17 6 14 2 5 13 14 17 0 1 14 3 6 5 5 14 17 6 5 0 5 10 16 17 0
split_gain=100.183 23.8206 10.6625 14.6903 4.13292 4.19053 3.17445 3.6736 2.9373 3.38496 2.61869 2.42478 2.69036 3.26401 2.36071 3.45824 3.348 2.35948 2.40806 7.89687 2.88766 3.66667 2.37137 2.40667 2.35657 3.11294 4.30385 3.20259 2.23214 2.20007
threshold=20.395050000000001 1.2166500000000002 2.5000000000000004 12.975200000000001 0.2899500000000001 86.228558818530857 0.63689433404838613 150897.06500000003 3.5000000000000004 35.282150000000009 -86263.874999999985 68636.580000000016 81.892787503235255 16.500000000000004 1.5000000000000002 17218.380000000005 2.4765000000000006 0.42118877814911193 18.270450000000004 8.7344000000000026 13697.710000000001 80.79928350610227 0.25273703178287149 5.3347000000000007 13.500000000000002 7.3836000000000004 427.75000000000006 20.48183243048598 87.245172117249197 1.0000000180025095e-35
decision_type=2 2 2 2 2 2 2 2 2 2 2 2 2 2 2 2 2 2 2 2 2 2 2 2 2 2 2 2 2 2
left_child=1 4 17 10 5 -1 7 -6 9 28 -4 14 -13 -14 15 -8 -17 22 19 -19 21 -21 23 -3 -12 -26 -27 -28 29 -2
right_child=8 2 3 -5 6 -7 11 -9 -10 -11 24 12 13 -15 -16 16 -18 18 -20 20 -22 -23 -24 -25 25 26 27 -29 -30 -31
leaf_value=0.028344275691319004 0.00023845154676843395 0.023327517553654944 0.0071147870606781492 -0.010394952656572655 0.016751811842498243 -0.0064471468910442644 -0.0084799899154760772 -0.0076908275592606941 -0.010127856167945532 -0.006506374584043787 -0.0019089901162356177 -0.0023328553136977462 0.011492075755360293 -0.010227311949131568 0.01016258894250085 0.015956331186986972 -0.0053763733129980618 0.00057693606446859453 0.003777865052526308 -0.014414884007385043 -0.011355280100298388 0.021773305877578447 0.0091718996850538026 -0.0015161827404054141 0.00095821600552429837 0.0041600058705645983 -0.014549754690472795 0.00048984975011067973 0.010364666956127618 -0.0082941143038191261
leaf_weight=142 12.999999999999998 15.999999999999998 32 149 167 13.999999999999998 34 10.999999999999998 277 217 578 81 26 13.999999999999998 273 41 26 430 575 16.000000000000004 141 10.999999999999998 498 384 319 9.9999999999999982 39 19 11.999999999999998 155
leaf_count=142 13 16 32 149 167 14 34 11 277 217 578 81 26 14 273 41 26 430 575 16 141 11 498 384 319 10 39 19 12 155
internal_value=-0.00247881 0.000494315 -0.00145322 -0.00532286 0.00805187 0.0153846 0.00635215 0.0120787 -0.0203264 -0.0175693 -0.0031344 0.00429293 -0.0018595 0.00875 0.00628342 -0.000247525 0.00634328 0.000688073 -0.000788576 -0.00301003 -0.0122024 0.00277778 0.00261693 -0.00025 -0.00360104 -0.000581395 -0.0102941 -0.0155172 -0.0125 -0.0139881
internal_weight=4720 4046 3217 1146 829 156 673 178 674 397 997 495 121 40 374 101 67 2071 1173 598 168 27 898 400 965 387 68 58 180 168
internal_count=4720 4046 3217 1146 829 156 673 178 674 397 997 495 121 40 374 101 67 2071 1173 598 168 27 898 400 965 387 68 58 180 168
is_linear=0
shrinkage=0.05


Tree=29
num_leaves=31
num_cat=0
split_feature=4 2 4 4 2 4 6 6 4 6 11 2 0 17 4 0 2 7 17 16 16 16 12 10 4 12 12 4 4 16
split_gain=41.1764 55.9435 28.3556 10.6095 8.13152 7.71466 4.58325 4.13776 3.75171 3.00786 2.91053 3.65009 4.02142 2.75494 2.72727 2.68762 2.6023 2.5007 2.25424 3.76732 2.24431 2.30126 2.14898 2.11154 3.13043 1.99069 4.10662 2.6282 3.6418 2.51351
threshold=0.70850000000000002 1.5000000000000002 0.22450000000000003 3.4365000000000001 2.5000000000000004 0.057500000000000009 0.686041344726108 0.92736824687440256 16.073500000000003 0.45473655781229422 4.5000000000000009 4.5000000000000009 20.500000000000004 72.936291247497806 0.14750000000000002 1.0000000180025095e-35 5.5000000000000009 3.5000000000000004 83.164403746052599 15.612276924953298 27.849086288233824 8.6488521534576126 47729.350000000013 656.33500000000015 6.2645000000000008 17323.020000000004 14381.955000000004 0.96000000000000008 2.0675000000000003 12.426423582572022
decision_type=2 2 2 2 2 2 2 2 2 2 2 2 2 2 2 2 2 2 2 2 2 2 2 2 2 2 2 2 2 2
left_child=1 -1 4 6 5 -3 22 17 10 14 -5 12 -12 -9 -7 -6 20 -4 -11 -20 21 -8 -2 -13 -25 26 27 -23 -29 -30
right_child=3 2 7 8 15 9 16 13 -10 18 11 23 -14 -15 -16 -17 -18 -19 19 -21 -22 25 -24 24 -26 -27 -28 28 29 -31
leaf_value=0.0051238015891476698 0.0032727819188956178 -0.0060262218241707889 -0.00027670400869388433 -0.00078700930945735945 -0.0094842565062432192 -0.0070910803561777787 0.012322851443917477 0.00715858741371547 0.032072979425883184 -0.0088792477311371455 0.01615689735068452 0.011056786036689588 -0.0042028444039014737 -0.00741847083372669 0.0043339634480829229 -0.0089908242386118609 -0.0027328911798367955 -0.011992793255437027 0.0090661445476244874 -0.007830057505983451 0.0050478157839589539 0.0049550997122225276 0.014280012241508978 -0.004075253766935078 0.003535543391900875 0.00018358767782755692 -0.010870453192405989 -0.0050695433985978727 0.018738130295846072 -2.8984445205576526e-05
leaf_weight=1291 279 156 461 78 26 55 18 15.999999999999998 55 150 360 34 42 166 33 525 62 14.999999999999998 22 42 11.999999999999998 41 103 23 23 397 35 126 11.999999999999998 62
leaf_count=1291 279 156 461 78 26 55 18 16 55 150 360 34 42 166 33 525 62 15 22 42 12 41 103 23 23 397 35 126 12 62
internal_value=-0.00244703 -0.00605139 -0.0121026 0.00360386 -0.0173687 -0.0124454 0.00076286 -0.00402736 0.00890244 -0.00778146 0.00767857 0.00912863 0.0110697 -0.0104396 0 -0.021461 -0.00147059 -0.00157563 -0.0109813 -0.003125 -0.000604552 -0.000976845 0.0052356 -0.000625 -0.0076087 -0.00144874 -0.00471014 -0.00238589 -0.00475 0.00405405
internal_weight=4720 2958 1667 1762 1009 458 1147 658 615 302 560 482 402 182 88 551 765 476 214 64 703 691 382 80 46 673 276 241 200 74
internal_count=4720 2958 1667 1762 1009 458 1147 658 615 302 560 482 402 182 88 551 765 476 214 64 703 691 382 80 46 673 276 241 200 74
is_linear=0
shrinkage=0.05


Tree=30
num_leaves=31
num_cat=0
split_feature=5 5 11 4 5 4 11 5 16 17 12 5 13 11 14 17 12 11 7 14 4 2 14 0 12 14 16 16 16 13
split_gain=103.034 18.395 12.4245 4.14169 10.2993 3.86497 3.65807 3.55559 3.81231 3.61863 3.53593 3.75867 4.95708 3.32939 3.13789 3.14329 3.21529 3.11677 2.82414 2.80039 2.72264 2.66009 2.48922 2.44301 2.37534 2.09766 2.10098 2.23612 2.07826 2.02866
threshold=20.036550000000002 0.92570000000000008 16.000000000000004 0.11850000000000001 12.975200000000001 16.073500000000003 13.500000000000002 1.8045500000000001 21.419720258460668 72.47915239301102 19143.490000000002 3.6653000000000007 -2224.6549999999997 4.5000000000000009 19411.135000000006 87.769666616856199 32002.205000000005 783.00000000000011 3.5000000000000004 116941.46000000001 2.9450000000000007 3.5000000000000004 207388.72 1.0000000180025095e-35 17152.785000000003 62994.575000000004 22.965071222083161 25.598909615647891 11.960643247606994 -6126.4799999999987
decision_type=2 2 2 2 2 2 2 2 2 2 2 2 2 2 2 2 2 2 2 2 2 2 2 2 2 2 2 2 2 2
left_child=1 5 3 -3 7 6 18 8 13 -9 20 17 25 28 29 16 -16 -12 -1 -14 24 23 -21 -2 -4 -13 -27 -28 -5 -8
right_child=21 2 10 4 -6 -7 14 9 -10 -11 11 12 19 -15 15 -17 -18 -19 -20 22 -22 -23 -24 -25 -26 26 27 -29 -30 -31
leaf_value=0.0062329402008314055 -0.0049379425376285847 0.00016491268096394674 -3.299145128311254e-05 0.011793974057139623 -0.009243160127861234 0.030469330454589029 -0.0073605144971542304 0.011320990910225197 -0.0083232924512475527 -0.0052001171961648445 0.0063637985010128184 -0.00011627017317819011 0.0075610632797378785 0.0075918641161626613 0.019806385871563137 -0.0047903921760981683 0.014075379785403991 0.017441021861593155 -0.0074265342908833524 -0.010912388811477226 -0.0036077783590026894 -0.0090813424590686209 0.018290995287223999 -0.0062219235224675873 -0.0091056212360901955 -0.0082954795545132857 0.013088087452073446 -0.0022256843371577183 -0.011700481553287876 0.019096680653026134
leaf_weight=232 21 280 658 10.999999999999998 105 57 18 13.999999999999998 76 489 308 89 804 101 135 9.9999999999999982 144 45 28 89 23 285 38 374 84 79 10.000000000000002 19 28 47
leaf_count=232 21 280 658 11 105 57 18 14 76 489 308 89 804 101 135 10 144 45 28 89 23 285 38 374 84 79 10 19 28 47
internal_value=-0.00244097 0.000603084 -0.000910448 -0.00525362 -0.00703883 0.00815946 0.00700326 -0.00490264 0.000462963 -0.00720676 0.0012244 0.00265024 0.00124113 0.00535714 0.0103107 0.0125433 0.0135305 0.00715297 0.0025 0.00276584 -0.00153595 -0.0204412 -0.00413386 -0.0177848 -0.00101078 -0.00596447 -0.0106481 0.000862069 -0.00705128 0.000384615
internal_weight=4701 4021 3350 1104 824 671 614 719 216 503 2246 1481 1128 140 354 289 279 353 260 931 765 680 127 395 742 197 108 29 39 65
internal_count=4701 4021 3350 1104 824 671 614 719 216 503 2246 1481 1128 140 354 289 279 353 260 931 765 680 127 395 742 197 108 29 39 65
is_linear=0
shrinkage=0.05


Tree=31
num_leaves=31
num_cat=0
split_feature=5 5 11 10 5 4 4 17 11 14 14 10 10 12 10 10 5 6 13 6 2 10 4 5 7 0 13 17 6 4
split_gain=101.599 16.2826 10.9129 4.71395 8.78247 4.14744 3.48843 3.47544 3.19254 3.68614 3.22644 3.03379 2.91429 2.79551 3.65114 3.32472 2.96189 4.47482 3.63422 3.16973 2.61924 2.56153 2.53326 3.16316 2.43693 2.40588 2.26949 2.25191 2.56436 2.89463
threshold=20.036550000000002 0.92570000000000008 16.000000000000004 109.75000000000001 12.975200000000001 16.073500000000003 3.1290000000000004 72.47915239301102 13.500000000000002 19411.135000000006 31972.280000000002 524.25000000000011 865.16500000000008 19143.490000000002 449.76500000000004 551.50000000000011 3.6653000000000007 0.50163582138092322 -31246.234999999997 0.62262927117072853 3.5000000000000004 727.1450000000001 2.9450000000000007 5.088000000000001 1.0000000180025095e-35 1.0000000180025095e-35 -1508.7599999999998 87.084159862473186 0.58720197628336834 2.3705000000000003
decision_type=2 2 2 2 2 2 2 2 2 2 2 2 2 2 2 2 2 2 2 2 2 2 2 2 2 2 2 2 2 2
left_child=1 5 3 -3 6 8 7 -5 11 -10 -11 -1 26 14 24 -16 19 -18 -19 -15 25 -8 23 -17 -4 -2 -13 28 29 -12
right_child=20 2 13 4 -6 -7 21 -9 9 10 27 12 -14 16 15 22 17 18 -20 -21 -22 -23 -24 -25 -26 -27 -28 -29 -30 -31
leaf_value=0.0084020897113436417 -0.0046910454107471555 0.0016947408269419207 0.0022382628058486426 0.013593106348259469 -0.0087801594408168267 0.028945863931859574 0.010029930525231679 -0.0048010215842371976 -0.00076739068688607141 0.02013685900576391 -0.0016448617837387881 -0.0060650886021410728 0.010955544392310751 0.015364337885251484 -0.0081815144255256832 0.0031606863562299637 0.006196889159021602 -0.0078170268678920771 -0.0022879378463287027 0.0020501767045359109 -0.0086272753361151897 -0.0083410122971040723 -0.0054165360433889977 -0.0022828842915161851 0.011721560828445127 -0.0059108273463442081 0.0069433822381883784 -0.0045508725672932628 0.0094156932818554705 0.021669646005642602
leaf_weight=141 21 296 88 11.999999999999998 110 57 38 632 65 89 11.999999999999998 86 13.999999999999998 144 71 203 759 30 339 209 285 15.999999999999998 22 340 41 374 19 11.999999999999998 124 52
leaf_count=141 21 296 88 12 110 57 38 632 65 89 12 86 14 144 71 203 759 30 339 209 285 16 22 340 41 374 19 12 124 52
internal_value=-0.0024197 0.000603084 -0.000820896 -0.0048913 -0.00686881 0.00771237 -0.00479943 -0.00582298 0.00651466 0.00960452 0.0120242 0.00230769 -0.00357143 0.00117988 -0.00127451 -0.00283019 0.00244767 0.00119681 -0.00331978 0.00644476 -0.0202941 0.00740741 -0.00154867 -0.00087477 0.00639535 -0.0176582 -0.00642857 0.0085 0.00984043 0.0179688
internal_weight=4701 4021 3350 1104 808 671 698 644 614 354 289 260 119 2246 765 636 1481 1128 369 353 680 54 565 543 129 395 105 200 188 64
internal_count=4701 4021 3350 1104 808 671 698 644 614 354 289 260 119 2246 765 636 1481 1128 369 353 680 54 565 543 129 395 105 200 188 64
is_linear=0
shrinkage=0.05


Tree=32
num_leaves=31
num_cat=0
split_feature=5 5 11 10 5 5 17 1 17 9 5 5 10 14 10 11 5 16 16 16 6 11 1 16 16 0 14 11 6 10
split_gain=101.368 14.4056 10.1885 4.25129 8.35853 3.96758 4.39185 3.08901 2.85624 2.80148 3.17209 4.03529 3.80762 3.14999 2.84203 2.77956 2.75705 4.24395 2.67144 3.01974 2.64314 2.64081 2.57092 4.6435 3.08963 2.56471 2.35698 3.27307 2.40199 2.20344
threshold=20.036550000000002 0.92570000000000008 16.000000000000004 109.75000000000001 13.425050000000002 0.30240000000000006 86.228558818530857 1.5000000000000002 72.47915239301102 0.15500000000000003 3.3417000000000008 19.988200000000003 853.58500000000015 8557.1650000000027 799.58500000000015 142.50000000000003 1.9869000000000001 20.582092428543163 22.724911233596831 26.082687979582577 0.92736824687440256 30.500000000000004 2.5000000000000004 26.164344738624663 23.401403790513367 1.0000000180025095e-35 19754.325000000001 716.00000000000011 0.86075763319871801 724.12500000000011
decision_type=2 2 2 2 2 2 2 2 2 2 2 2 2 2 2 2 2 2 2 2 2 2 2 2 2 2 2 2 2 2
left_child=1 5 3 -3 8 6 -1 15 -5 -4 12 13 14 -12 29 -7 17 20 -18 -20 -10 -15 -9 24 -24 -2 -14 28 -28 -11
right_child=25 2 9 4 -6 7 -8 22 16 10 11 -13 26 21 -16 -17 18 -19 19 -21 -22 -23 23 -25 -26 -27 27 -29 -30 -31
leaf_value=0.02457645193339646 -0.0049190174031761473 0.0016100037855948269 0.0068319294365673799 0.010164365442876655 -0.0083411514687759848 -0.0068406690598060704 -0.0057613923576303461 0.018770352695753292 -0.00072090952202520382 2.1633446476371222e-05 0.0036150738692724868 0.0066735638155722924 -0.00064518108327686066 0.0024118137300652709 -0.0062909045227089178 0.0070489472730184966 -0.0073463471667831962 -0.0076670767494733151 0.0028982586044317194 -0.0040586798313222705 0.0067293281462558535 -0.0044638765047129714 0.0064244552521056323 -0.0070675694160983521 0.011780567871244442 -0.0065762277016188199 0.011868801176258504 0.015869507741396071 -0.002538137706374094 0.0065299148353669401
leaf_weight=142 24 296 576 13.999999999999998 108 85 12.999999999999998 73 46 237 30 599 44 12.999999999999998 39 64 333 84 61 59 103 546 232 25 37 656 49 56 12.999999999999998 44
leaf_count=142 24 296 576 14 108 85 13 73 46 237 30 599 44 13 39 64 333 84 61 59 103 546 232 25 37 656 49 56 13 44
internal_value=-0.00236652 0.000652823 -0.000686567 -0.00461957 -0.00649752 0.00733979 0.0143548 0.00523256 -0.0045 0.00124666 0.000209581 -0.00117845 0.00363071 -0.00411715 0.00046875 -0.000838926 -0.00495627 -0.000536481 -0.00722958 -0.000833333 0.0045302 -0.00496422 0.00769755 0.00561224 0.00752788 -0.0202206 0.00987654 0.0135593 0.00564516 0.0022242
internal_weight=4701 4021 3350 1104 808 671 155 516 700 2246 1670 1188 482 589 320 149 686 233 453 120 149 559 367 294 269 680 162 118 62 281
internal_count=4701 4021 3350 1104 808 671 155 516 700 2246 1670 1188 482 589 320 149 686 233 453 120 149 559 367 294 269 680 162 118 62 281
is_linear=0
shrinkage=0.05


Tree=33
num_leaves=31
num_cat=0
split_feature=4 2 4 2 4 11 4 16 2 16 16 10 4 11 10 10 2 10 17 10 16 4 8 11 14 14 17 11 14 8
split_gain=31.1148 52.6544 30.2505 8.61105 7.61167 6.35274 5.92858 4.94582 4.26141 3.8844 3.67994 4.52999 3.65497 3.25074 3.05501 3.41959 2.84201 2.55808 3.03644 2.521 2.49146 2.44681 2.35738 2.17366 2.15174 3.69881 2.13762 4.47071 2.27541 2.09107
threshold=0.59250000000000014 1.5000000000000002 0.20650000000000002 2.5000000000000004 3.4365000000000001 28.500000000000004 0.057500000000000009 14.103523838608035 3.5000000000000004 15.505513202385602 18.048783530916189 961.37500000000011 20.199500000000004 13.500000000000002 528.80000000000007 865.16500000000008 5.5000000000000009 505.83500000000009 79.31430202845344 653.75000000000011 26.082687979582577 0.19250000000000003 4.5000000000000009 2.5000000000000004 10627.450000000003 17581.900000000005 86.043075348383766 372.50000000000006 13911.720000000003 3.5000000000000004
decision_type=2 2 2 2 2 2 2 2 2 2 2 2 2 2 2 2 2 2 2 2 2 2 2 2 2 2 2 2 2 2
left_child=1 -1 3 6 5 20 -3 8 24 -9 11 -11 13 14 -6 -16 26 18 -12 -19 22 -8 -2 -24 -4 -26 28 -28 -15 -22
right_child=4 2 7 -5 12 -7 21 9 -10 10 17 -13 -14 16 15 -17 -18 19 -20 -21 29 -23 23 -25 25 -27 27 -29 -30 -31
leaf_value=0.0043230915515413805 -0.00042663984376279941 -0.0048508277664692234 0.0022979057506299556 -0.0075064134797120791 0.0075322726159139826 0.0026761562966501175 -0.0063295787164309005 0.010934637567768579 -0.0090040838153412541 -0.012210989939855652 -0.00044576969901141407 0.0086468414965793269 0.041995269987064536 -0.0022587580755068447 -0.0035635433564667144 0.010695635117050756 -0.0022695200194231993 -0.0058294618683480855 0.0092694711088406861 0.001085613236518669 -0.0073303490100128212 0.01845418804500909 0.00099440932859206645 -0.0071635654419423371 -0.010871166207677359 -0.0012921357995033245 0.0083652577713002052 -0.01003883513089019 0.016117029861361522 0.00048431481437101746
leaf_weight=1291 454 144 13.999999999999998 526 127 717 261 29 62 69 40 17 37 26 125 15.999999999999998 14.999999999999998 47 38 122 53 14.999999999999998 10.999999999999998 38 26 90 14.999999999999998 17 238 21
leaf_count=1291 454 144 14 526 127 717 261 29 62 69 40 17 37 26 125 16 15 47 38 122 53 15 11 38 26 90 15 17 238 21
internal_value=-0.00243033 -0.00579541 -0.0121667 -0.0176004 0.00248691 0.000309119 -0.0122619 -0.00288809 -0.009375 0.000552486 -0.000975976 -0.00988372 0.00706169 0.00608808 0.00205224 -0.00301418 0.00956592 0.00212551 0.00961538 -0.00133136 -0.00359619 -0.00797101 -0.00233598 -0.0127551 -0.00423077 -0.00646552 0.0106419 -0.0015625 0.0121212 -0.0121622
internal_weight=4701 2791 1500 946 1910 1294 420 554 192 362 333 86 616 579 268 141 311 247 78 169 577 276 503 49 130 116 296 32 264 74
internal_count=4701 2791 1500 946 1910 1294 420 554 192 362 333 86 616 579 268 141 311 247 78 169 577 276 503 49 130 116 296 32 264 74
is_linear=0
shrinkage=0.05


Tree=34
num_leaves=31
num_cat=0
split_feature=5 4 11 10 5 5 17 5 13 17 11 2 10 5 10 10 4 14 11 14 13 14 0 14 11 11 2 4 18 12
split_gain=98.1537 11.4417 11.0298 4.78666 7.49289 3.66375 4.09158 3.10127 4.74956 2.96437 2.76039 2.68438 2.65765 2.59111 2.58303 3.45376 3.09429 2.66011 2.58673 2.56858 2.4566 2.66179 2.3608 2.56352 2.40196 2.41327 2.36068 3.44047 2.27343 2.25743
threshold=20.036550000000002 3.4365000000000001 16.000000000000004 130.66500000000005 12.975200000000001 0.30240000000000006 86.228558818530857 3.6653000000000007 -34859.32499999999 72.47915239301102 28.500000000000004 3.5000000000000004 861.16500000000008 35.282150000000009 576.16500000000008 846.46000000000015 7.9275000000000011 12385.195000000002 956.50000000000011 19754.325000000001 -5572.0249999999987 96678.215000000011 4.5000000000000009 95643.815000000017 619.50000000000011 1080.5000000000002 2.5000000000000004 0.20250000000000004 1.0000000180025095e-35 7811.9150000000018
decision_type=2 2 2 2 2 2 2 2 2 2 2 2 2 2 2 2 2 2 2 2 2 2 2 2 2 2 2 2 2 2
left_child=1 2 3 29 9 6 -3 12 -9 -5 -10 13 -4 -2 16 20 17 -7 -17 -14 21 -16 -21 24 -24 -26 -12 -28 -19 -1
right_child=11 5 7 4 -6 14 -8 8 10 -11 26 -13 19 -15 15 18 -18 28 -20 22 -22 -23 23 -25 25 -27 27 -29 -30 -31
leaf_value=0.018281299019470686 -0.0061491697596432167 0.022529417993677438 0.0013340618132885785 0.0098459023028754505 -0.0075496159020029263 -0.01168925875151995 -0.0058499363705445291 -0.0063450603579343345 0.0046350973098312209 -0.0034088459269417367 0.0023298047159762583 -0.0074917795102428858 -0.0015129336896905156 -0.0045894341855570869 -0.0033449199525975915 0.011574781697885001 -0.00622069604671206 0.01562802667768556 -0.0019701904177037155 0.025496477158606059 0.005091839528395781 0.0092044849271174407 -0.0012329436722134852 0.015794795916168513 0.011563932349480966 -0.0071234957118340887 -0.010178391757891784 -0.00031704721943342785 0.0082541564705439392 -0.0012910804730718818
leaf_weight=19 191 142 436 13.999999999999998 109 12.999999999999998 12.999999999999998 87 19 663 1281 285 53 204 85 84 25 63 13.999999999999998 41 72 31 34 24 39 11.999999999999998 36 238 74 300
leaf_count=19 191 142 436 14 109 13 13 87 19 663 1281 285 53 204 85 84 25 63 14 41 72 31 34 24 39 12 36 238 74 300
internal_value=-0.00250479 0.000466302 -0.000668135 -0.00477376 -0.00687023 0.00673701 0.0133871 0.00130435 0.000165563 -0.00491137 0.000794155 -0.0200735 0.00426448 -0.0174051 0.00450108 0.00157343 0.00928571 0.012 0.00918367 0.00899015 -0.00239362 -0.00689655 0.0123333 0.00848624 0.00441176 0.0112745 0.000562701 -0.00364964 0.0140511 0.00039185
internal_weight=4701 4021 3405 1105 786 616 155 2300 1661 677 1574 680 639 395 461 286 175 150 98 203 188 116 150 109 85 51 1555 274 137 319
internal_count=4701 4021 3405 1105 786 616 155 2300 1661 677 1574 680 639 395 461 286 175 150 98 203 188 116 150 109 85 51 1555 274 137 319
is_linear=0
shrinkage=0.05


Tree=35
num_leaves=31
num_cat=0
split_feature=5 5 2 5 5 0 10 17 0 5 4 17 1 17 17 3 11 17 3 0 10 4 17 7 10 4 17 9 0 10
split_gain=90.4432 11.991 6.40132 16.0543 4.06536 3.53167 3.41568 3.24296 3.05182 3.15552 4.67246 3.44048 3.33556 2.90786 2.84667 2.79898 2.5723 2.53067 2.15488 2.02346 2.01122 2.00762 2.4847 2.7024 2.16658 2.10499 2.00429 1.99924 2.65681 3.40137
threshold=20.716550000000002 0.69925000000000004 2.5000000000000004 13.425050000000002 3.0517000000000007 1.0000000180025095e-35 703.83500000000015 77.777948957505501 21.500000000000004 0.30240000000000006 7.9275000000000011 81.140685236505462 1.5000000000000002 86.228558818530857 86.043075348383766 2.2830000000000004 716.00000000000011 76.435171240304456 3.1090000000000004 9.5000000000000018 1030.1650000000002 0.47850000000000004 86.088953189247604 1.0000000180025095e-35 474.12500000000006 1.4035000000000002 87.427857198241739 0.26800000000000007 6.5000000000000009 696.25000000000011
decision_type=2 2 2 2 2 2 2 2 2 2 2 2 2 2 2 2 2 2 2 2 2 2 2 2 2 2 2 2 2 2
left_child=1 6 26 4 15 -2 8 17 9 13 12 -12 -11 19 -8 16 -4 20 -14 -1 -6 24 23 -23 -9 27 -3 -25 -29 -30
right_child=5 2 3 -5 7 -7 14 21 -10 10 11 -13 18 -15 -16 -17 -18 -19 -20 -21 -22 22 -24 25 -26 -27 -28 28 29 -31
leaf_value=0.010527287565696798 -0.001105536948007814 0.0007729380158491006 0.00046293261774908446 -0.0080431639629612618 -0.0043117106717197795 -0.0053398405007136288 0.019100943115627968 0.0043034204381959514 -0.012588502409560144 -0.0043821727745731341 -0.0084821286502173576 0.01290494649978698 0.011858432873544839 -0.0022200803249675105 -0.0083919974771781928 -0.010994885562966107 0.010952566469683579 -0.0076973484386860386 0.011728415943536586 0.023483057875161875 -0.0088078290815646228 0.0036432366873936587 -0.0091604153188096209 -0.0091420464636659034 -0.00019954339467612714 -0.0092373259427797842 0.0054640667717136687 -0.0049096491439717064 0.0073698752888726356 -0.014972510947533175
leaf_weight=37 22 2112 597 153 162 648 159 28 17 40 28 13.999999999999998 54 14.999999999999998 10.999999999999998 36 29 43 45 61 13.999999999999998 83 70 9.9999999999999982 71 12.999999999999998 72 47 33 18
leaf_count=37 22 2112 597 153 162 648 159 28 17 40 28 14 54 15 11 36 29 43 45 61 14 83 70 10 71 13 72 47 33 18
internal_value=-0.00267819 0.00012279 -0.000870231 -0.00350036 -0.00163477 -0.0197015 0.00753638 -0.00464527 0.00442122 0.00561224 0.00151934 -0.0130952 0.00593525 0.0121681 0.0132353 0.0010574 0.00183706 -0.00947489 0.0108586 0.0153061 -0.00681818 -0.00180965 -0.0040146 -0.00122549 0.00429293 -0.00599174 0.000824176 -0.0037037 -0.00153061 0.00637255
internal_weight=4742 4072 3591 1407 1254 670 481 592 311 294 181 42 139 113 170 662 626 219 99 98 176 373 274 204 99 121 2184 108 98 51
internal_count=4742 4072 3591 1407 1254 670 481 592 311 294 181 42 139 113 170 662 626 219 99 98 176 373 274 204 99 121 2184 108 98 51
is_linear=0
shrinkage=0.05


Tree=36
num_leaves=31
num_cat=0
split_feature=5 5 11 5 4 10 5 4 14 2 2 5 11 11 11 16 5 6 4 10 14 7 14 5 4 4 16 10 4 14
split_gain=90.6674 10.9101 6.5329 5.31507 7.11006 4.4626 12.0252 3.67326 3.49397 3.40567 2.84801 2.79896 2.48817 2.58434 3.81863 4.16969 2.70189 2.45254 2.43925 2.89534 2.44084 2.42018 2.39299 2.34635 3.57143 2.14243 2.82028 2.11554 2.11464 2.07838
threshold=20.716550000000002 0.30240000000000006 13.500000000000002 5.088000000000001 0.097500000000000017 12.500000000000002 6.9239000000000006 0.19550000000000003 19411.135000000006 4.5000000000000009 3.5000000000000004 34.835950000000004 783.00000000000011 204.50000000000003 123.00000000000001 26.164344738624663 0.65510000000000013 0.8879412649294407 0.44900000000000007 474.12500000000006 8557.1650000000027 1.0000000180025095e-35 48572.810000000005 3.4987500000000007 0.5395000000000002 0.23350000000000004 22.763407709927225 720.50000000000011 0.065500000000000017 28931.245000000006
decision_type=2 2 2 2 2 2 2 2 2 2 2 2 2 2 2 2 2 2 2 2 2 2 2 2 2 2 2 2 2 2
left_child=1 27 5 8 -5 -3 -7 -6 -4 12 11 28 13 14 15 -10 -15 -11 19 21 -21 22 -9 -14 -25 -8 -27 -1 -2 -18
right_child=10 2 3 4 7 6 25 18 9 17 -12 -13 23 16 -16 -17 29 -19 -20 20 -22 -23 -24 24 -26 26 -28 -29 -30 -31
leaf_value=0.012235386300082219 0.0040399046200169072 0.0053760192933882903 -0.0013513348614961785 0.0054116774633344196 -0.0078748374427316664 -0.00071541379325930495 -0.0080554700488244327 -0.0050362511412356649 0.0038270286329070095 -0.0020119446517096076 -0.0068049701327104646 -0.004060124602962587 0.015061021252584012 0.01585186068694432 0.011186485242218814 -0.010427969367191798 -0.0035757431995917023 0.0049678839962515849 -0.0051311272793856839 0.0063020487285062963 -0.0025599990086132007 0.0047168129333246163 0.017376341506167372 0.031972553079622081 -0.012761266263525717 -0.0059055143665389309 0.0024542613369358175 0.037892350790368623 -0.0058009209208696351 0.0023470974459884556
leaf_weight=127 17 214 219 1041 205 740 124 21 161 51 268 224 94 61 89 22 68 28 115 13.999999999999998 209 23 10.999999999999998 14.000000000000002 13.999999999999998 83 25 50 161 249
leaf_count=127 17 214 219 1041 205 740 124 21 161 51 268 224 94 61 89 22 68 28 115 14 209 23 11 14 14 83 25 50 161 249
internal_value=-0.00265711 0.000147348 -0.000404365 0.000950535 -0.000838926 -0.00349916 -0.00493827 -0.00518395 0.00369159 0.00514101 -0.0197015 -0.0170398 0.00615285 0.00492308 0.00863971 0.0045082 0.00224868 -0.00474684 -0.00235369 0.000179856 -0.00235426 0.0104545 0.0015625 0.0127049 0 -0.0148707 -0.00972222 0.0122881 -0.0123596 0.000394322
internal_weight=4742 4072 3895 2709 1639 1186 972 598 1070 851 670 402 772 650 272 183 378 79 393 278 223 55 32 122 28 232 108 177 178 317
internal_count=4742 4072 3895 2709 1639 1186 972 598 1070 851 670 402 772 650 272 183 378 79 393 278 223 55 32 122 28 232 108 177 178 317
is_linear=0
shrinkage=0.05


Tree=37
num_leaves=31
num_cat=0
split_feature=5 5 11 5 4 10 5 5 17 17 14 17 14 17 17 5 14 3 14 16 16 13 4 16 4 4 14 5 10 16
split_gain=89.9956 8.63663 5.62288 4.34374 6.50238 4.17942 11.1009 3.73596 2.88541 2.8195 4.54575 3.97668 3.62066 3.25787 4.36251 3.96825 2.88485 2.68688 2.651 2.40833 2.40524 2.22491 3.61277 2.4381 2.3182 3.36623 3.70286 2.1761 2.1108 4.22794
threshold=20.716550000000002 0.30240000000000006 13.500000000000002 5.088000000000001 0.097500000000000017 12.500000000000002 6.9239000000000006 13.990300000000001 86.228558818530857 81.591271199904114 22025.810000000001 81.388984370696846 23257.920000000002 86.141154601253078 86.819042647544151 3.7424000000000004 80454.910000000018 0.42900000000000005 9446.635000000002 15.655483291144952 12.858745727159642 -15267.214999999998 0.87850000000000017 21.419720258460668 2.1460000000000004 2.9760000000000004 35822.665000000008 1.6874000000000002 484.63500000000005 14.196007114146367
decision_type=2 2 2 2 2 2 2 2 2 2 2 2 2 2 2 2 2 2 2 2 2 2 2 2 2 2 2 2 2 2
left_child=1 8 5 9 -5 -3 -7 28 -1 10 -4 12 -12 17 15 -15 19 -11 -19 -16 -14 22 23 -22 -24 -26 -27 -21 29 -6
right_child=-2 2 3 4 7 6 -8 -9 -10 13 11 -13 20 14 16 -17 -18 18 -20 27 21 -23 24 -25 25 26 -28 -29 -30 -31
leaf_value=0.019679470803548951 -0.0048626078831574939 0.0051072183287188769 -0.0024119449757044388 0.0051410935901677005 -0.0064040499420433472 -0.00067964310359633915 -0.0073306654557551898 -0.0077311474749179494 -0.0032429246691839 0.0087558555779073729 0.011395493381337647 -0.01645266831219825 0.010961176668512304 -0.010663064577619502 -0.0039417754340511039 0.013840079437603181 0.0077796023962224074 -0.0084974521839058358 0.0050440702373721787 -0.0015855474999518339 -0.00010943154506337095 0.00651495412613532 -0.0072500163219153761 0.023272670203893488 0.024024776447565583 0.027486371581603303 -0.0025926975857687774 0.0029697392395699133 -0.002771731341168782 0.0029526543478031464
leaf_weight=161 670 214 163 1041 36 740 232 148 15.999999999999998 134 25 14.999999999999998 72 35 20 9.9999999999999982 17 14.999999999999998 153 13.999999999999998 14.000000000000002 243 43 15.999999999999998 20 9.9999999999999982 25 26 353 61
leaf_count=161 670 214 163 1041 36 740 232 148 16 134 25 15 72 35 20 10 17 15 153 14 14 243 43 16 20 10 25 26 353 61
internal_value=-0.00272037 7.36739e-05 -0.000417202 0.000839793 -0.000777913 -0.00328836 -0.00468107 -0.00493311 0.0108757 0.00331776 0.00123839 0.00367495 0.00448718 0.00648585 -0.000409836 -0.0127778 0.00681818 0.00927152 0.00505952 0.00166667 0.00344244 0.00181941 -0.00351563 0.0116667 -0.00816327 -0.00136364 -0.0107143 0.00875 -0.00266667 0.00386598
internal_weight=4742 4072 3895 2709 1639 1186 972 598 177 1070 646 483 468 424 122 45 77 302 168 60 443 371 128 30 98 55 35 40 450 97
internal_count=4742 4072 3895 2709 1639 1186 972 598 177 1070 646 483 468 424 122 45 77 302 168 60 443 371 128 30 98 55 35 40 450 97
is_linear=0
shrinkage=0.05


Tree=38
num_leaves=31
num_cat=0
split_feature=5 5 6 5 0 5 10 4 4 16 13 0 0 17 4 4 12 5 10 14 10 6 6 5 10 11 6 16 14 17
split_gain=90.4432 8.55827 5.2968 4.7191 4.38929 4.13176 7.34803 4.78057 4.07199 3.73401 5.23534 3.53167 3.36819 3.08642 2.84415 4.44729 3.29368 2.6667 2.52077 2.90072 3.25079 2.23874 2.14433 2.60989 2.48811 4.03654 2.14269 2.86135 2.14146 2.13107
threshold=20.716550000000002 0.30240000000000006 0.7052206656093386 3.4987500000000007 21.500000000000004 3.0517000000000007 90.335000000000022 0.23350000000000004 0.13750000000000004 22.724911233596831 -18379.704999999998 1.0000000180025095e-35 1.0000000180025095e-35 86.228558818530857 0.097500000000000017 0.17950000000000002 9312.3000000000011 10.354150000000002 846.46000000000015 18117.870000000003 1030.1650000000002 0.82733038545984983 0.52734025629652892 2.6391500000000003 948.25000000000011 804.50000000000011 0.25273703178287149 26.87100183739987 68239.87000000001 75.565652296278344
decision_type=2 2 2 2 2 2 2 2 2 2 2 2 2 2 2 2 2 2 2 2 2 2 2 2 2 2 2 2 2 2
left_child=1 4 3 18 13 -4 -7 8 -8 10 28 -2 -12 -1 26 -16 -17 -10 -3 20 -20 -14 -21 24 -24 -26 -5 -28 -9 -18
right_child=11 2 5 14 -6 6 7 9 17 -11 12 -13 21 -15 15 16 29 -19 19 22 -22 -23 23 -25 25 -27 27 -29 -30 -31
leaf_value=0.02086924012974788 -0.0005606035683537431 0.0028238650900388462 1.5561310877459933e-05 -0.0031160740064690496 -0.0097048689093785171 0.004964506558730178 -0.00068976094992530832 -0.0051023131458239508 0.00038052874773888967 0.001819559581728772 0.0047898192881088864 -0.0046230294223617843 0.00086161616832004242 -0.0025586993902640522 -0.0085669069663620711 0.0012288656634478715 -0.0050271989370717978 -0.0073275210692396427 0.0091927243259968035 0.022023067728685699 -0.0086312854071376455 -0.0047674405800672325 0.013684949073516939 0.013061346678406327 -0.015864590597234895 0.0062111774738778554 0.010035707616536183 -0.014845268669397138 -0.0076156455258251897 -8.1475261617644515e-05
leaf_weight=147 22 357 853 355 14.999999999999998 252 49 54 14.999999999999998 128 15.999999999999998 648 70 14.999999999999998 132 82 74 126 14.999999999999998 71 21 203 23 17 14.999999999999998 28 601 44 56 238
leaf_count=147 22 357 853 355 15 252 49 54 15 128 16 648 70 15 132 82 74 126 15 71 21 203 23 17 15 28 601 44 56 238
internal_value=-0.00267819 0.00012279 -0.000365854 0.00136276 0.0108757 -0.0023326 -0.00456656 -0.00714784 -0.0139474 -0.00469639 -0.0070802 -0.0197015 -0.00354671 0.0132716 -6.55308e-05 -0.00304183 -0.000380711 -0.0182624 0.00534735 0.01 -0.00277778 -0.00485348 0.012987 0.00753012 0.0030303 -0.00406977 0.0015 0.00321705 -0.0163636 -0.00272436
internal_weight=4742 4072 3895 2073 177 1822 969 717 190 527 399 670 289 162 1526 526 394 141 547 190 36 273 154 83 66 43 1000 645 110 312
internal_count=4742 4072 3895 2073 177 1822 969 717 190 527 399 670 289 162 1526 526 394 141 547 190 36 273 154 83 66 43 1000 645 110 312
is_linear=0
shrinkage=0.05


Tree=39
num_leaves=31
num_cat=0
split_feature=4 2 2 4 4 2 6 4 16 0 0 11 0 6 16 9 3 12 12 4 12 12 1 17 16 12 11 4 0 16
split_gain=26.3211 70.345 10.5413 7.43677 6.49513 5.98461 3.50155 3.16653 4.39941 4.63405 3.3372 3.0052 2.90132 2.37751 2.25736 2.45951 2.18806 3.43841 3.47936 2.14839 2.6529 2.08758 2.39281 2.504 2.32815 2.04946 2.04602 2.02287 2.25334 2.88355
threshold=0.23350000000000004 1.5000000000000002 2.5000000000000004 0.057500000000000009 20.199500000000004 3.5000000000000004 0.686041344726108 1.9460000000000004 22.763407709927225 1.0000000180025095e-35 3.5000000000000004 332.00000000000006 3.5000000000000004 0.99999523405763624 26.777094943361945 0.84500000000000008 0.23050000000000004 16543.385000000006 52283.235000000008 0.89750000000000008 7811.9150000000018 118714.14000000001 2.5000000000000004 84.777884219555617 12.475767864052324 10736.720000000003 574.50000000000011 2.2100000000000004 12.500000000000002 18.421641272103351
decision_type=2 2 2 2 2 2 2 2 2 2 2 2 2 2 2 2 2 2 2 2 2 2 2 2 2 2 2 2 2 2
left_child=1 -1 3 -3 5 6 19 8 9 -7 -10 16 -9 21 -8 26 -11 -18 -19 20 -2 22 -5 -24 -25 -12 -16 -14 -29 -30
right_child=4 2 -4 13 -6 7 14 12 10 11 25 -13 27 -15 15 -17 17 18 -20 -21 -22 -23 23 24 -26 -27 -28 28 29 -31
leaf_value=0.003924736998394596 0.0027544080190715333 -0.0033758480814558567 -0.0056679456442324805 0.00043677682879956771 0.032985596601867506 0.0037851770698381529 0.00050333778395346841 -0.0024987120982220448 -0.0076862822140845504 -0.0057843402435058533 0.0042595319726204733 4.4124350444518795e-05 0.0025340201467249027 -0.0062385222945786981 -0.0079154773954409376 0.0027365810796929624 -0.0067521512684882191 0.0030846314332134694 -0.0098765500528189762 0.010369837973961071 -7.7401498536763819e-05 -0.0096551578673577179 -0.0051871112285738225 0.011200260333329576 -0.0022767066800097715 0.0016084586448525424 0.00561628727911514 0.006398003154488319 0.0022033792414557943 -0.0055958082936465071
leaf_weight=1261 62 155 555 90 39 14.999999999999998 824 75 14.999999999999998 171 18 55 27 34 50 20 25 37 18 385 268 25 143 12.999999999999998 29 64 10.999999999999998 127 65 66
leaf_count=1261 62 155 555 90 39 15 824 75 15 171 18 55 27 34 50 20 25 37 18 385 268 25 143 13 29 64 11 127 65 66
internal_value=-0.00270983 -0.00654013 -0.0161398 -0.0107873 0.000913008 0.00058382 0.00231481 -0.00302057 -0.00598086 -0.00880062 0.00335052 -0.0101307 0.000416667 -0.00658683 0.000248619 -0.00771605 -0.0124502 -0.005625 0.00136364 0.00493007 0.0019697 -0.00516667 -0.00390909 -0.00716216 0.00357143 0.00731707 -0.0127049 0.0027193 0.00135659 -0.00324427
internal_weight=4742 2305 1044 489 2437 2398 1620 778 418 321 97 306 360 334 905 81 251 80 55 715 330 300 275 185 42 82 61 285 258 131
internal_count=4742 2305 1044 489 2437 2398 1620 778 418 321 97 306 360 334 905 81 251 80 55 715 330 300 275 185 42 82 61 285 258 131
is_linear=0
shrinkage=0.05


Tree=40
num_leaves=31
num_cat=0
split_feature=5 5 6 14 5 6 9 5 4 5 14 16 16 2 5 6 14 16 17 17 13 3 5 4 17 7 4 15 9 17
split_gain=88.8976 9.5485 3.85426 3.38467 3.05194 3.48589 3.46215 2.88311 5.72935 5.9992 4.02501 4.01503 3.78034 2.76804 2.96472 3.38788 2.43904 3.80354 3.92141 2.7 2.64226 2.59185 2.2833 2.23196 2.44494 3.12454 2.78124 2.59308 2.06782 2.41935
threshold=20.395050000000001 0.98640000000000005 0.62559509089814569 239139.29000000001 0.13360000000000002 0.68105334812308727 0.63350000000000006 5.8975500000000007 0.11850000000000001 15.260950000000003 68239.87000000001 17.508387833885873 18.988015598719958 3.5000000000000004 37.527500000000011 0.32443027275362329 31500.860000000004 16.042629409629665 86.141154601253078 87.546192201192099 -61351.744999999988 1.6055000000000004 13.425050000000002 0.9085000000000002 82.313754596022818 1.0000000180025095e-35 2.3295000000000008 1.0000000180025095e-35 0.26800000000000007 86.388286360625827
decision_type=2 2 2 2 2 2 2 2 2 2 2 2 2 2 2 2 2 2 2 2 2 2 2 2 2 2 2 2 2 2
left_child=1 3 23 4 -1 -6 -7 16 -9 10 11 28 -13 14 15 -2 -4 18 20 -20 -18 -22 -14 -3 25 -25 27 -27 -10 -30
right_child=13 2 7 -5 5 6 -8 8 9 -11 -12 12 22 -15 -16 -17 17 -19 19 -21 21 -23 -24 24 -26 26 -28 -29 29 -31
leaf_value=0.039730579630485478 0.0034925538715294227 -0.00016313311426692791 -0.0019160361856641606 -0.014597419866528761 0.010404379261804198 -0.00077684329365494968 0.00809776274144694 -0.00045349889125873011 -0.0074217928832431834 -0.006445357316988822 -0.0067674065425164607 0.014116797294187487 0.00041493798735958709 -0.0058428505441209914 -0.0031704754194548132 -0.0045802359835009658 -0.0018592745979201242 -0.00083318568730297859 -0.0087887057346062985 0.046178604457570153 0.0066052972866920689 -0.003044909647057148 -0.0057569223929662171 0.012953935912295446 0.010058757602732111 0.010048700641829512 -0.012462542427727975 -0.0064873881900817665 -0.0066496506953746398 0.00095709179587434026
leaf_weight=29 15.999999999999998 1426 388 14.999999999999998 211 225 236 333 26 92 90 18 87 274 202 183 15.999999999999998 342 30 9.9999999999999982 139 10.999999999999998 20 62 79 18 15.999999999999998 25 108 15.999999999999998
leaf_count=29 16 1426 388 15 211 225 236 333 26 92 90 18 87 274 202 183 16 342 30 10 139 11 20 62 79 18 16 25 108 16
internal_value=-0.00286211 -7.37463e-05 -0.00119332 0.0051676 0.00567047 0.00498512 0.00254881 -0.00283893 -0.00506329 -0.00869803 -0.00582192 -0.00281818 0.0038 -0.0196667 -0.01702 -0.0126884 -0.000961538 0.00118613 0.0065534 -0.0075 0.00993976 0.012 0.000233645 0.000553506 0.0055 0.00103306 -0.00720339 -0.000581395 -0.00833333 -0.00564516
internal_weight=4743 4068 3352 716 701 672 461 1726 790 457 365 275 125 675 401 199 936 548 206 40 166 150 107 1626 200 121 59 43 150 124
internal_count=4743 4068 3352 716 701 672 461 1726 790 457 365 275 125 675 401 199 936 548 206 40 166 150 107 1626 200 121 59 43 150 124
is_linear=0
shrinkage=0.05


Tree=41
num_leaves=31
num_cat=0
split_feature=5 5 11 5 9 0 6 16 0 0 4 16 16 11 6 16 16 10 4 2 15 6 4 0 0 4 3 11 11 9
split_gain=87.669 8.74112 5.44388 3.87208 3.5816 3.56125 3.10722 2.94 2.7665 2.39675 3.5848 2.53734 2.40568 2.22265 2.97784 2.15784 2.12145 2.06609 6.71698 2.32258 2.66035 2.61818 2.3572 2.31678 2.27605 2.16736 2.06118 2.03961 2.49253 2.02459
threshold=20.395050000000001 1.8854500000000003 13.500000000000002 0.30240000000000006 0.84500000000000008 1.0000000180025095e-35 0.49855605343556103 19.605638814577052 21.500000000000004 14.500000000000002 1.7050000000000003 27.071652893680575 24.911032000072755 8.5000000000000018 0.79624324358824849 11.451405240975946 26.473335629461616 12.500000000000002 0.23350000000000004 3.5000000000000004 1.0000000180025095e-35 0.92239016771611393 2.3015000000000003 6.5000000000000009 1.0000000180025095e-35 0.15650000000000003 1.3090000000000004 433.50000000000006 930.50000000000011 0.26800000000000007
decision_type=2 2 2 2 2 2 2 2 2 2 2 2 2 2 2 2 2 2 2 2 2 2 2 2 2 2 2 2 2 2
left_child=1 3 16 8 6 7 -5 -2 -1 10 -8 12 13 -11 -15 -16 17 23 25 20 21 -20 24 -3 -21 -19 -6 -12 -29 -4
right_child=5 2 29 4 26 -7 9 -9 -10 11 27 -13 -14 14 15 -17 -18 18 19 22 -22 -23 -24 -25 -26 -27 -28 28 -30 -31
leaf_value=0.017712682926466283 0.013894808628936979 0.016590867686795931 0.0015539606720522932 0.0098740261057986278 0.0143429804046913 -0.0039914729568883076 0.010989688102743689 -0.0054378771001197066 -0.0084106517660001382 -0.0098788267274413262 -0.00079830163941031491 -0.0082679747971972032 0.0072927265147506529 -0.0035295535942298285 0.0068731926159181283 0.0017345686852572872 -0.0067368758021895854 -0.0053893014766255923 -0.010269829162780566 0.0037796097112533598 -0.0020600762615687303 0.016998599595862498 0.00056740809106545773 -0.0067141256024258467 -0.0042666985766399478 -0.0065315817912929347 0.0069649426603804023 0.013666594116706199 -0.0081860458612956766 -0.0009153575799473395
leaf_weight=155 10.000000000000002 53 608 93 96 650 65 14.999999999999998 11.999999999999998 52 321 13.999999999999998 15.999999999999998 83 11.999999999999998 65 63 51 11.999999999999998 9.9999999999999982 143 33 24 147 190 60 125 53 11.999999999999998 1500
leaf_count=155 10 53 608 93 96 650 65 15 12 52 321 14 16 83 12 65 63 51 12 10 143 33 24 147 190 60 125 53 12 1500
internal_value=-0.00283049 -6.14553e-05 -0.00153766 0.00357751 0.00240814 -0.0195185 0.000826972 -0.001 0.0106287 -0.000324675 0.00182927 -0.00433884 -0.00307018 -0.00448113 -0.0015625 0.00551948 -0.00508906 -0.00432227 -0.00597514 -0.00303398 0.00106383 0.0116667 -0.00647321 0 -0.00825 -0.0168919 0.00803167 0 0.00807692 -0.000213472
internal_weight=4743 4068 2894 1174 1007 675 786 25 167 693 451 242 228 212 160 77 786 723 523 412 188 45 224 200 200 111 221 386 65 2108
internal_count=4743 4068 2894 1174 1007 675 786 25 167 693 451 242 228 212 160 77 786 723 523 412 188 45 224 200 200 111 221 386 65 2108
is_linear=0
shrinkage=0.05


Tree=42
num_leaves=31
num_cat=0
split_feature=5 5 0 6 17 17 16 5 4 5 13 0 16 17 16 3 7 5 8 6 6 10 12 9 10 16 8 17 17 0
split_gain=85.7933 8.02684 3.53282 3.45409 3.42712 3.05602 2.94 2.70791 5.11129 6.34929 2.80797 2.8358 2.64519 2.47144 3.22286 2.94855 2.83208 2.28602 2.43813 2.28187 2.27345 2.18221 2.1364 2.12867 2.68128 2.68809 3.00146 2.646 2.51937 2.00963
threshold=20.395050000000001 0.98640000000000005 1.0000000180025095e-35 0.62559509089814569 77.557528608347113 75.797459280394165 19.605638814577052 5.8975500000000007 0.11850000000000001 15.260950000000003 -53730.25499999999 1.0000000180025095e-35 16.676318483207044 86.193061185826821 19.830958086599626 0.13450000000000004 1.0000000180025095e-35 0.15575000000000003 3.5000000000000004 0.92736824687440256 0.83689328067367275 1066.7100000000003 23881.090000000004 0.84500000000000008 743.50000000000011 17.791172764369957 3.5000000000000004 83.818524819354408 86.043075348383766 7.5000000000000009
decision_type=2 2 2 2 2 2 2 2 2 2 2 2 2 2 2 2 2 2 2 2 2 2 2 2 2 2 2 2 2 2
left_child=1 4 6 -3 5 17 -2 29 -9 10 -10 -12 -7 14 16 -15 22 -1 21 20 -16 -19 -13 24 25 -6 -27 -25 -26 -5
right_child=2 3 -4 7 23 12 -8 8 9 -11 11 13 -14 15 19 -17 -18 18 -20 -21 -22 -23 -24 27 28 26 -28 -29 -30 -31
leaf_value=0.04037304014460566 0.013200068197490129 0.00040726545815587546 -0.0037918993090438925 -0.0012486941527967089 0.0048881142724098939 -0.011710640262039674 -0.0051659832451137217 -0.00047548135259194439 -0.0090597242084615743 -0.0058994973066721201 0.0036690860595270883 0.0020946623726689844 -0.0022223963520048187 0.025881227142772713 -1.6327438132957006e-05 -0.0040824790647230689 -0.0065451513875946906 0.0069587085049961084 -0.0031872451040401597 -0.0051710541916199435 0.0068143486945229405 -0.0027044209975194858 -0.0055782409712308995 0.019460644717112591 0.017445243429477203 0.0025546210636439252 -0.0053662252156571723 0.003187847595612281 -0.0070328536238303541 0.00017688467561412236
leaf_weight=10.999999999999998 10.000000000000002 1626 650 328 121 24 14.999999999999998 333 22 92 19 24 31 17 40 21 98 150 25 46 23 17 55 72 98 93 27 29 18 608
leaf_count=11 10 1626 650 328 121 24 15 333 22 92 19 24 31 17 40 21 98 150 25 46 23 17 55 72 98 93 27 29 18 608
internal_value=-0.00293591 -0.000196657 -0.0194444 -0.00122315 0.00460894 0 -0.001 -0.002781 -0.00493671 -0.0083698 -0.00541096 -0.00430029 -0.0104545 -0.00540123 -0.00699301 0.00657895 -0.0111582 0.00283251 0.0015625 -0.000229358 0.00595238 0.00374251 -0.00411392 0.00720524 0.00539216 0.00238589 -0.00291667 0.0136139 0.0116379 -0.000961538
internal_weight=4743 4068 675 3352 716 258 25 1726 790 457 365 343 55 324 286 38 177 203 192 109 63 167 79 458 357 241 120 101 116 936
internal_count=4743 4068 675 3352 716 258 25 1726 790 457 365 343 55 324 286 38 177 203 192 109 63 167 79 458 357 241 120 101 116 936
is_linear=0
shrinkage=0.05


Tree=43
num_leaves=31
num_cat=0
split_feature=5 5 11 0 14 5 11 5 4 4 17 14 17 10 13 14 11 14 10 17 17 0 4 7 11 10 2 5 6 10
split_gain=84.5864 7.75484 3.85492 3.4763 3.20606 3.30366 3.32728 2.85065 5.5415 3.87096 2.54656 2.42132 3.79224 2.56853 2.40667 2.35807 2.15513 2.11776 3.00568 2.58036 2.00873 2.62043 2.00285 1.91322 2.14578 1.86743 1.85053 2.24966 3.18489 1.80515
threshold=20.395050000000001 0.98640000000000005 13.500000000000002 1.0000000180025095e-35 239139.29000000001 0.13360000000000002 9.5000000000000018 6.9239000000000006 0.13750000000000004 0.22450000000000003 77.99631710285712 31110.415000000005 85.175661779010923 145.75000000000003 -3915.6499999999992 33639.695000000007 111.50000000000001 8938.3000000000011 1175.5000000000002 81.999985285330695 73.319708989284791 2.5000000000000004 0.29650000000000004 3.5000000000000004 134.50000000000003 1034.9600000000003 3.5000000000000004 37.527500000000011 0.32443027275362329 246.41500000000005
decision_type=2 2 2 2 2 2 2 2 2 2 2 2 2 2 2 2 2 2 2 2 2 2 2 2 2 2 2 2 2 2
left_child=1 4 7 14 5 -1 29 -3 -9 -10 25 12 13 -4 -2 -13 -15 18 19 -18 -11 -22 -23 24 -19 -8 27 28 -5 -7
right_child=3 2 11 26 -6 6 10 8 9 20 -12 15 -14 16 -16 -17 17 23 -20 -21 21 22 -24 -25 -26 -27 -28 -29 -30 -31
leaf_value=0.034839764495407599 -0.0055653235375315406 -0.00052232252915989936 0.0060570540420252679 0.0026281018470582663 -0.014086111535164059 0.0049553649787182413 0.0068116541630008857 -0.0050866877937474578 -0.0055696513523504874 0.0027474725109318979 0.010126174193124615 0.0058780363486682589 0.0020379904163970622 -0.0057488542708570255 0.0043293322587139001 0.00055086139893723853 0.0092757236136513516 0.0080166202361824646 -0.013966940266748435 -0.0096043634556142211 0.0035207988595633444 -0.0020264695713537763 -0.0081000688745127229 -0.010795184553482266 -0.0041600329632211774 -0.0027837370500709835 -0.005161539403618332 -0.002615817363463363 -0.0040052110207699247 -0.0015005660370430052
leaf_weight=29 10.000000000000002 520 51 14.999999999999998 14.999999999999998 26 170 251 87 11.999999999999998 265 63 214 92 14.999999999999998 1298 56 22 15.999999999999998 15.999999999999998 9.9999999999999982 30 55 10.999999999999998 548 22 271 197 167 189
leaf_count=29 10 520 51 15 15 26 170 251 87 12 265 63 214 92 15 1298 56 22 16 16 10 30 55 11 548 22 271 197 167 189
internal_value=-0.00290428 -0.000184366 -0.00119332 -0.0192963 0.00453911 0.00502853 0.00431548 -0.0038601 -0.00679775 -0.0131443 0.00672867 -0.000115207 -0.00194932 -0.00350985 -0.001 0.00126745 -0.00423784 -0.00325112 0.00397727 0.00833333 -0.0067757 -0.00921053 -0.0120588 -0.00434596 -0.00394737 0.00234375 -0.02 -0.0177441 -0.0137363 -0.000813953
internal_weight=4743 4068 3352 675 716 701 672 965 445 194 457 2387 1026 812 25 1361 761 669 88 72 107 95 85 581 570 192 650 379 182 215
internal_count=4743 4068 3352 675 716 701 672 965 445 194 457 2387 1026 812 25 1361 761 669 88 72 107 95 85 581 570 192 650 379 182 215
is_linear=0
shrinkage=0.05


Tree=44
num_leaves=31
num_cat=0
split_feature=5 5 0 11 9 5 14 16 7 4 3 16 14 17 11 14 9 16 14 9 17 17 17 14 14 0 17 1 16 16
split_gain=82.3085 6.84629 3.39236 3.26424 3.11079 3.05342 4.3503 2.94 2.87104 2.71536 2.68462 2.63149 6.66838 2.53825 2.49446 2.68352 2.38678 2.33654 3.395 2.15414 3.39725 3.29979 2.93597 2.9735 2.72324 3.79756 3.99066 3.40677 2.55821 2.69963
threshold=20.395050000000001 0.92570000000000008 1.0000000180025095e-35 13.500000000000002 0.84500000000000008 2.6391500000000003 13345.710000000001 19.605638814577052 1.0000000180025095e-35 0.23350000000000004 13.428000000000003 16.042629409629665 14437.015000000001 73.266472652803301 12.500000000000002 14437.015000000001 0.7320000000000001 13.770475124015402 18920.095000000005 0.26800000000000007 81.912703579764226 81.388984370696846 79.653098564820937 31110.415000000005 62608.545000000006 13.500000000000002 77.777948957505501 5.5000000000000009 8.566852507932559 8.9353235044786974
decision_type=2 2 2 2 2 2 2 2 2 2 2 2 2 2 2 2 2 2 2 2 2 2 2 2 2 2 2 2 2 2
left_child=1 4 7 5 10 11 13 -2 -8 -10 14 12 -3 -7 -1 -16 -13 -6 -19 -5 21 22 23 -21 25 26 -25 -28 -22 -30
right_child=2 3 -4 19 17 6 8 -9 9 -11 -12 16 -14 -15 15 -17 -18 18 -20 20 28 -23 -24 24 -26 -27 27 -29 29 -31
leaf_value=-0.00097249224790538777 0.012426267175305539 -0.0062674993505847602 -0.0034220584682665926 0.0019562549418888353 0.0053184516320445409 0.010818072571107796 -0.0044065438838726398 -0.0047407092913226041 -0.0054540602795394924 -0.005671141281806469 0.038184748117377265 0.00011614918357281679 0.006149752518397983 0.0006271614963648753 -0.0064865895570848549 0.0069226915698964555 -0.0066068627243539325 -0.0080523505748496763 0.017961879417458106 -0.0049868050235059415 -0.00701366493117865 -0.0046737936270363489 0.0031555905688750233 -0.0056156595086864249 -0.0025560815240386866 0.011104497500165024 0.011716435435251693 -0.007512561533633319 0.018983916343172726 0.00097648142921026311
leaf_weight=215 10.000000000000002 18 650 642 52 12.999999999999998 378 14.999999999999998 33 169 17 116 111 82 29 255 62 10.999999999999998 93 383 18 77 186 109 257 81 37 13.999999999999998 12.999999999999998 597
leaf_count=215 10 18 650 642 52 13 378 15 33 169 17 116 111 82 29 255 62 11 93 383 18 77 186 109 257 81 37 14 13 597
internal_value=-0.00290428 -0.000221239 -0.0190741 -0.00113369 0.00438988 -0.00356415 -0.00544444 -0.001 -0.00706897 -0.0118812 0.00251938 0.000570033 0.00600775 0.00447368 0.00185371 0.00492958 -0.00337079 0.0105769 0.0149038 -0.000144988 -0.00104402 -0.00266608 -0.0019447 -0.00314983 -0.00060241 0.00321577 -0.00125 0.0102941 0.00191083 0.00245902
internal_weight=4743 4068 675 3396 672 982 675 25 580 202 516 307 129 95 499 284 178 156 104 2414 1772 1144 1067 881 498 241 160 51 628 610
internal_count=4743 4068 675 3396 672 982 675 25 580 202 516 307 129 95 499 284 178 156 104 2414 1772 1144 1067 881 498 241 160 51 628 610
is_linear=0
shrinkage=0.05


Tree=45
num_leaves=31
num_cat=0
split_feature=5 5 2 5 0 17 2 6 4 4 17 10 0 5 14 10 17 10 14 4 6 6 14 14 17 0 10 6 5 13
split_gain=79.4108 8.08128 7.08438 8.11691 3.54232 3.78452 3.42759 3.40142 3.70091 3.24206 3.1658 4.0526 3.10948 3.06926 3.05537 2.97777 2.57794 2.5766 2.2948 2.21451 2.27363 2.16385 2.15208 3.06296 2.2932 2.1299 2.04152 2.01667 1.94433 1.93304
threshold=20.395050000000001 1.9185500000000002 2.5000000000000004 15.260950000000003 13.500000000000002 72.785229391660792 3.5000000000000004 0.49855605343556103 20.199500000000004 0.8005000000000001 81.818883815782996 338.33500000000009 18.500000000000004 35.880000000000003 11260.695000000002 163.25000000000003 84.287429995797226 861.16500000000008 19411.135000000006 0.73350000000000015 0.56056066910368985 0.99999523405763624 8116.0650000000014 30247.540000000005 87.546192201192099 15.500000000000002 583.25000000000011 0.70956380138822828 0.35540000000000005 -46651.354999999989
decision_type=2 2 2 2 2 2 2 2 2 2 2 2 2 2 2 2 2 2 2 2 2 2 2 2 2 2 2 2 2 2
left_child=1 7 21 4 -4 -6 13 14 12 19 11 -11 15 -2 -1 -9 29 18 -17 20 -7 22 27 -24 -25 -13 -23 -3 -19 -14
right_child=6 2 3 -5 5 9 -8 8 -10 10 -12 25 16 -15 -16 17 -18 28 -20 -21 -22 26 23 24 -26 -27 -28 -29 -30 -31
leaf_value=-0.0073594360070098402 -0.0035624989646250633 0.004721263695920081 -0.0019298850540860086 -0.0051221186821263105 0.01054927262515677 0.0073290459341385358 -0.0048004075252609402 0.01166752582281725 0.024357378833431056 0.0089212253389187712 0.0059843188226582191 0.0050976969915322856 -0.013148233587835579 -0.0023547900064509911 0.019234847829708621 -0.0018168442781989703 -0.0067376224635570421 0.041370894681845211 0.0027024649003385861 -0.0094052907198669128 -0.0039180659891443958 -0.0064292132555890729 -0.0024328871940671516 0.0021362441817317627 0.024495796269020778 -0.0042583304551743776 -0.012343599085123724 0.028556391599691196 0.0094315259321268441 0.0026520785784781564
leaf_weight=9.9999999999999982 188 60 503 111 14.999999999999998 11.999999999999998 268 44 33 14.999999999999998 85 22 10.999999999999998 216 108 112 49 21 497 13.999999999999998 127 169 622 990 25 62 20 20 122 123
leaf_count=10 188 60 503 111 15 12 268 44 33 15 85 22 11 216 108 112 49 21 497 14 127 169 622 990 25 62 20 20 122 123
internal_value=-0.00284553 -0.000174913 -0.00158426 -0.00507246 -0.00342105 0.000426136 -0.01875 0.00340708 0.00247036 -0.000667656 0.00380435 -0.00227273 0.00191522 -0.0158416 0.0114407 0.00326633 -0.00396175 0.0025266 0.00110837 -0.00604575 -0.00413669 0.000183631 0.000742574 0.000351252 0.00204433 -0.00654762 -0.00489418 0.00875 0.00856643 -0.000373134
internal_weight=4674 4002 2872 966 855 352 672 1130 1012 337 184 99 979 404 118 796 183 752 609 153 139 1906 1717 1637 1015 84 189 80 143 134
internal_count=4674 4002 2872 966 855 352 672 1130 1012 337 184 99 979 404 118 796 183 752 609 153 139 1906 1717 1637 1015 84 189 80 143 134
is_linear=0
shrinkage=0.05


Tree=46
num_leaves=31
num_cat=0
split_feature=5 5 6 5 4 5 13 2 5 0 16 9 4 0 10 8 0 10 17 1 13 4 3 16 6 18 5 6 10 4
split_gain=77.0921 6.96815 5.65413 3.93241 6.17441 5.9805 3.55636 3.19719 3.25896 3.15852 3.09442 2.84327 2.82032 2.6607 2.88229 3.36978 2.61378 3.47323 2.5037 2.89498 3.81203 2.38821 2.27273 2.17804 2.06033 1.9492 1.94167 1.93439 3.88972 1.91838
threshold=20.395050000000001 0.92570000000000008 0.53626198271711323 5.8975500000000007 0.11850000000000001 15.260950000000003 -51905.154999999992 3.5000000000000004 35.880000000000003 1.0000000180025095e-35 22.6737425601994 0.26800000000000007 22.131500000000003 18.500000000000004 849.83000000000015 3.5000000000000004 10.500000000000002 762.12500000000011 85.904684297845009 4.5000000000000009 -11434.314999999997 0.66750000000000009 0.076500000000000012 27.849086288233824 0.080837461899968557 1.0000000180025095e-35 5.8137500000000006 0.82373251108434509 684.75000000000011 5.9635000000000007
decision_type=2 2 2 2 2 2 2 2 2 2 2 2 2 2 2 2 2 2 2 2 2 2 2 2 2 2 2 2 2 2
left_child=1 12 24 11 -5 6 -6 8 -2 -8 27 18 13 14 15 16 -1 29 19 20 -4 -22 -12 26 -3 -26 -13 28 -11 -18
right_child=7 2 3 4 5 -7 9 -9 -10 10 22 23 -14 -15 -16 -17 17 -19 -20 -21 21 -23 -24 -25 25 -27 -28 -29 -30 -31
leaf_value=0.0021114835930734822 -0.0033843740163938098 -0.0056724139296736422 0.016770420364374299 -0.00069128204671251589 -0.0087563927356033942 -0.0048730439896935325 0.0050518737069226473 -0.0045603871489978921 -0.0022370505061284408 0.00079495648979234783 0.0054664329470834388 -0.00078600262556600693 0.024045848635954738 -0.0028852427187491814 0.016652613240616222 -0.0030935583803323287 0.01692866220156827 -0.0056282237494574621 0.012911984949378164 -0.0029892445807974651 0.02216634555090943 -0.0049474877717561316 -0.0019415530795272211 0.0031206951140864583 0.002569922264492569 -0.017719051516833256 0.0066445688500599287 -0.0050597129058591612 -0.005400226180231016 0.006882834801882321
leaf_weight=211 188 89 28 411 28 110 22 268 216 70 33 967 25 110 103 64 65 14.999999999999998 20 32 10.999999999999998 37 48 10.999999999999998 1200 9.9999999999999982 9.9999999999999982 149 71 52
leaf_count=211 188 89 28 411 28 110 22 268 216 70 33 967 25 110 103 64 65 15 20 32 11 37 48 11 1200 10 10 149 71 52
internal_value=-0.00285623 -0.000224888 -0.00113941 -0.00276968 -0.00514862 -0.00870998 -0.00599762 -0.0185268 -0.0157178 -0.00477099 -0.00586253 -0.000761649 0.00453488 0.00387097 0.00539216 0.00350123 0.00546647 0.0109848 0.00625 0.00324074 0.00855263 0 0.00277778 -0.00167004 0.00144342 0.00198347 -0.00191914 -0.00827586 -0.00407801 0.0138889
internal_weight=4674 4002 3357 2058 942 531 421 672 404 393 371 1116 645 620 510 407 343 132 128 108 76 48 81 988 1299 1210 977 290 141 117
internal_count=4674 4002 3357 2058 942 531 421 672 404 393 371 1116 645 620 510 407 343 132 128 108 76 48 81 988 1299 1210 977 290 141 117
is_linear=0
shrinkage=0.05


Tree=47
num_leaves=31
num_cat=0
split_feature=5 5 2 5 6 5 2 5 16 16 11 11 12 5 13 17 17 11 16 11 12 10 10 15 2 10 1 10 16 13
split_gain=76.5714 6.73281 5.96306 8.73222 3.2118 3.27905 3.03005 3.25896 2.84214 2.62506 2.54263 2.14912 2.08049 1.98853 1.94064 2.5167 3.10059 3.30141 2.6251 2.39324 2.38861 2.3591 2.7421 2.56702 2.20119 2.10065 2.06061 1.9789 2.51311 1.95266
threshold=20.395050000000001 1.7079500000000001 2.5000000000000004 15.260950000000003 0.49855605343556103 0.15575000000000003 3.5000000000000004 35.880000000000003 27.032381893388578 26.473335629461616 4.5000000000000009 3.5000000000000004 39425.375000000007 1.6603500000000004 -4565.204999999999 85.973010088618636 81.892787503235255 538.50000000000011 22.430150994205942 7.5000000000000009 10736.720000000003 360.50000000000006 532.71000000000015 1.0000000180025095e-35 2.5000000000000004 246.41500000000005 3.5000000000000004 419.12500000000006 12.426423582572022 -379.18999999999994
decision_type=2 2 2 2 2 2 2 2 2 2 2 2 2 2 2 2 2 2 2 2 2 2 2 2 2 2 2 2 2 2
left_child=1 4 -3 8 12 -6 7 -2 9 -4 11 -7 -1 14 15 16 17 18 19 -12 24 -18 -23 -24 -16 -21 -17 -27 -29 -22
right_child=6 2 3 -5 5 10 -8 -9 -10 -11 13 -13 -14 -15 20 26 21 -19 -20 25 29 22 23 -25 -26 27 -28 28 -30 -31
leaf_value=0.0079311196041862205 -0.0032151553155741197 0.00019342260270979739 -0.00097015315361457383 -0.0046223605485353177 0.023087561701823314 -0.0010522388699328866 -0.0043323677915479974 -0.0021251979808220192 0.0029646603583821322 -0.0094671595360853872 0.0053871569737855788 -0.0079192520578368342 0.022780312303881878 0.017304837356656312 0.010207693645705796 -0.0050926445183256067 -0.013108070545581364 0.017769307371952127 -0.006355058921991264 0.016745116524870741 0.0092701428091382324 0.015357294184753668 -0.0039869782971899692 0.01072989179363857 -0.0042211676626314702 -0.012497299421797293 -0.00960113111740446 -0.0072938905812573451 0.0032503986792156159 0.006613075126441415
leaf_weight=74 188 1930 824 111 40 95 268 216 47 26 23 30 41 21 21 27 9.9999999999999982 38 59 11.999999999999998 126 34 26 43 35 23 17 29 72 168
leaf_count=74 188 1930 824 111 40 95 268 216 47 26 23 30 41 21 21 27 10 38 59 12 126 34 26 43 35 23 17 29 72 168
internal_value=-0.00283483 -0.000212394 -0.00144656 -0.00456349 0.00319549 0.0022392 -0.0184524 -0.0157178 -0.00292642 -0.00358824 0.00162266 -0.005 0.011087 0.00267857 0.00226081 -6.05327e-05 0.00128726 -0.00175781 -0.00412844 -0.000786164 0.005 0.00818584 0.0104369 0.00471014 -0.00446429 -0.00330882 -0.0113636 -0.00524194 -0.00222772 0.00680272
internal_weight=4674 4002 2938 1008 1064 949 672 404 897 850 909 125 115 784 763 413 369 256 218 159 350 113 103 69 56 136 44 124 101 294
internal_count=4674 4002 2938 1008 1064 949 672 404 897 850 909 125 115 784 763 413 369 256 218 159 350 113 103 69 56 136 44 124 101 294
is_linear=0
shrinkage=0.05


Tree=48
num_leaves=31
num_cat=0
split_feature=5 5 8 5 14 13 18 17 11 9 16 14 12 11 11 12 12 16 16 16 17 14 11 1 10 17 10 5 11 11
split_gain=73.9898 6.41466 5.10021 6.91899 3.57378 3.0157 2.6263 2.57193 3.40278 3.11988 2.73589 2.79828 3.06305 2.39521 2.58813 2.39447 2.47309 2.31497 2.23531 2.87522 2.28488 2.18821 2.32707 2.19213 2.16248 2.13633 2.08144 2.07202 2.01936 2.50096
threshold=20.395050000000001 1.7079500000000001 2.5000000000000004 15.260950000000003 11260.695000000002 -4565.204999999999 1.0000000180025095e-35 85.973010088618636 356.50000000000006 0.84500000000000008 17.170131749632141 23137.610000000004 55237.830000000009 18.500000000000004 28.500000000000004 30737.640000000003 1965.95 22.50263362453218 27.032381893388578 26.473335629461616 72.785229391660792 75336.160000000018 201.50000000000003 3.5000000000000004 427.75000000000006 78.748529731917486 536.16500000000008 4.371900000000001 716.00000000000011 1019.5000000000001
decision_type=2 2 2 2 2 2 2 2 2 2 2 2 2 2 2 2 2 2 2 2 2 2 2 2 2 2 2 2 2 2
left_child=1 4 13 18 25 7 17 9 -9 10 11 -6 -13 -3 -15 16 -16 -7 19 20 27 -17 -23 -24 -12 -1 -20 -4 -22 -30
right_child=-2 2 3 -5 5 6 -8 8 -10 -11 24 12 -14 14 15 21 -18 -19 26 -21 28 22 23 -25 -26 -27 -28 -29 29 -31
leaf_value=-0.005790694634324911 -0.0027519585495789549 -0.0034133861767273802 0.0029888906739672983 -0.0042200662094421136 -0.0070183551416107383 0.013111298277180418 0.0017170885574453233 0.00085189391078939751 -0.012196901803951228 0.014283094691232068 -0.010338321441216471 0.010193397203956645 -0.0038343003360774455 0.022419655870826671 0.01052213204864978 0.0081288659765802237 -0.0019676237169331924 0.013519410756178962 -0.00053893315537402182 -0.0092914301481695234 -0.0016174735009265252 0.01445578801632158 0.0017328156899749205 -0.0062426044995202157 -4.3675253347186252e-05 0.0031158911981870544 0.0079620908600352199 -0.0050309736440571663 0.0079614970674627885 -0.0050766946248231304
leaf_weight=43 672 520 28 87 26 187 189 36 24 87 45 105 38 10.999999999999998 21 515 711 71 11.999999999999998 24 601 46 171 120 169 44 25 20 16.000000000000004 9.9999999999999982
leaf_count=43 672 520 28 87 26 187 189 36 24 87 45 105 38 11 21 515 711 71 12 24 601 46 171 120 169 44 25 20 16 10
internal_value=-0.00280274 -0.000224888 -0.00142954 -0.00476914 0.0031015 0.00396622 0.00699105 0.00141509 -0.00833333 0.00265957 0.000718016 0.00547337 0.00821678 -0.000130024 0.000830721 0.000662879 -0.00143443 0.0102713 -0.00319293 -0.0038269 -0.00322222 0.00246479 -0.000667656 -0.00231959 -0.00303738 -0.0066092 0.00878378 0.00729167 -0.00402711 0.00961538
internal_weight=4674 4002 2938 823 1064 977 447 530 60 470 383 169 143 2115 1595 1584 732 258 736 699 675 852 337 291 214 87 37 48 627 26
internal_count=4674 4002 2938 823 1064 977 447 530 60 470 383 169 143 2115 1595 1584 732 258 736 699 675 852 337 291 214 87 37 48 627 26
is_linear=0
shrinkage=0.05


Tree=49
num_leaves=31
num_cat=0
split_feature=5 5 2 5 14 6 4 5 5 4 11 11 17 4 10 12 6 12 17 5 5 16 11 4 17 11 6 14 14 17
split_gain=72.4603 6.7446 5.76931 8.73222 3.60845 3.48169 2.70354 4.0641 2.18112 2.2183 2.16951 2.3662 2.13633 2.04676 3.25917 2.64072 2.51901 2.71015 2.38723 2.34419 1.93 2.26282 1.82243 1.79815 1.77225 2.70903 1.75066 1.89736 2.38844 2.17874
threshold=20.395050000000001 1.7079500000000001 2.5000000000000004 15.260950000000003 11260.695000000002 0.49855605343556103 0.11850000000000001 32.142300000000013 1.6603500000000004 23.702000000000002 4.5000000000000009 3.5000000000000004 78.748529731917486 3.4365000000000001 509.12500000000006 97443.22500000002 0.72511288273371732 24834.525000000005 78.893797099442182 0.22080000000000002 1.2944000000000002 24.666106800795284 657.50000000000011 0.065500000000000017 76.083796719149788 67.500000000000014 0.99999523405763624 8116.0650000000014 30247.540000000005 87.546192201192099
decision_type=2 2 2 2 2 2 2 2 2 2 2 2 2 2 2 2 2 2 2 2 2 2 2 2 2 2 2 2 2 2
left_child=1 4 26 -4 12 -6 7 23 9 10 11 -7 -1 18 15 19 17 -16 20 -15 21 -12 -8 -2 25 -5 27 -3 -29 -30
right_child=6 2 3 24 5 8 22 -9 -10 -11 13 -13 -14 14 16 -17 -18 -19 -20 -21 -22 -23 -24 -25 -26 -27 -28 28 29 -31
leaf_value=-0.005501159902608666 0.0073753893757236072 0.0079867370782742367 -0.00093186839234631893 -0.0037804178248741424 0.016568831745908709 -0.00029957140783412053 -0.0045487981479325826 -0.0018813401543019692 0.018833650274287329 0.02313858354668652 0.0065273452275179562 -0.0052577673563084853 0.0029600966382777039 -0.001224768912213814 0.016348996204144994 -0.0090005998005676293 -0.00097321340603967466 0.0013234210238284084 -0.001995184607089473 0.01248520773877273 0.016285458829458633 -0.01443498095984987 -0.002878214065329128 -0.0029167996223164656 -0.0042573019976166922 0.01250565031938043 -0.0059667706338142447 -0.0021521822576956564 0.0016784022203455041 0.021372127223498318
leaf_weight=43 10.999999999999998 80 897 10.000000000000002 105 92 236 302 19 14.999999999999998 73 29 44 10.999999999999998 41 18 184 54 181 100 39 15.999999999999998 10.999999999999998 112 88 12.999999999999998 192 629 1002 27
leaf_count=43 11 80 897 10 105 92 236 302 19 15 73 29 44 11 41 18 184 54 181 100 39 16 11 112 88 13 192 629 1002 27
internal_value=-0.00281344 -0.000262369 -0.00149762 -0.00456349 0.0031485 0.0040174 -0.018006 -0.0155882 0.00298165 0.00260844 0.0022673 -0.00392562 -0.0066092 0.00331241 0.00563725 0.0122093 0.00259857 0.00921053 0.000242718 0.0150901 0.00546875 0.00140449 -0.022166 -0.00792683 -0.0177928 -0.00543478 0.000103627 0.000604143 0.000241255 0.00172498
internal_weight=4674 4002 2938 1008 1064 977 672 425 872 853 838 121 87 717 408 129 279 95 309 111 128 89 247 123 111 23 1930 1738 1658 1029
internal_count=4674 4002 2938 1008 1064 977 672 425 872 853 838 121 87 717 408 129 279 95 309 111 128 89 247 123 111 23 1930 1738 1658 1029
is_linear=0
shrinkage=0.05


Tree=50
num_leaves=31
num_cat=0
split_feature=5 2 5 5 11 4 16 0 0 15 11 16 16 8 0 13 13 9 10 9 6 6 11 5 0 10 5 9 10 10
split_gain=66.5111 4.70868 12.8443 3.6731 3.40553 3.1163 3.41098 2.98432 2.22815 2.18489 2.66105 2.1716 2.94482 2.05751 2.12418 2.91919 1.9791 1.96371 1.95571 1.83004 1.97431 1.86592 1.82863 1.84379 3.40763 3.2847 2.46538 1.78131 2.14638 1.93666
threshold=20.395050000000001 2.5000000000000004 15.260950000000003 0.13360000000000002 193.50000000000003 3.4365000000000001 21.329661617805851 6.5000000000000009 19.500000000000004 1.0000000180025095e-35 9.5000000000000018 25.677365405941256 11.884155619540737 2.5000000000000004 18.500000000000004 -10490.359999999999 -47707.579999999994 0.7320000000000001 967.33500000000015 0.46450000000000008 0.061708261968605703 0.24811280222805637 1032.0000000000002 7.8209000000000009 1.0000000180025095e-35 442.58500000000009 11.489500000000001 1.0000000180025095e-35 696.25000000000011 849.83000000000015
decision_type=2 2 2 2 2 2 2 2 2 2 2 2 2 2 2 2 2 2 2 2 2 2 2 2 2 2 2 2 2 2
left_child=1 5 3 -3 13 9 8 11 -7 10 -1 12 -6 14 -2 -16 18 -14 -11 21 -21 -12 23 27 -25 -26 -27 28 -5 -29
right_child=4 2 -4 22 7 6 -8 -9 -10 16 19 -13 17 -15 15 -17 -18 -19 -20 20 -22 -23 -24 24 25 26 -28 29 -30 -31
leaf_value=-0.0059283588413449164 -0.0021565812904410122 0.026754058929307933 -0.004202579548314103 0.012191484560882244 -0.0022928563647100081 0.0036776947427938468 0.019789179133712878 -0.0022931711313494982 -0.01379867100655624 -0.0084505532108528399 0.0022061262905169686 -0.0016884139205470745 0.0014705376001063976 -0.0039098336169035228 0.015057306164565543 -0.0024990696889398371 -0.0005512074743298012 -0.0024299160604478371 0.00094557757958921578 -0.034386031877496906 0.0032963156779478699 0.020303520862323399 -0.0048102286249483983 0.0055522313473296619 0.0016186558619668834 -0.0077397103021928483 -0.00095518617849669411 -0.00063848175090250878 -0.0010573378705970749 0.0027567255265623981
leaf_weight=98 117 12.999999999999998 114 36 19 87 58 230 12.999999999999998 50 58 10.999999999999998 30 227 10.999999999999998 25 1422 10.999999999999998 13.999999999999998 12.999999999999998 413 149 19 13.999999999999998 40 88 60 1015 22 229
leaf_count=98 117 13 114 36 19 87 58 230 13 50 58 11 30 227 11 25 1422 11 14 13 413 149 19 14 40 88 60 1015 22 229
internal_value=-0.00305992 -0.000614907 -0.00266667 -0.00146484 -0.017511 0.000810526 0.00759494 -0.0135382 0.002 0.000327018 0.00256498 -0.00457746 -0.000833333 -0.0206579 -0.0161765 -0.00555556 -0.00077389 0.00670732 -0.009375 0.00375197 0.00187793 0.0076087 -0.00169074 -0.00149601 -0.00594059 -0.00771277 -0.0111486 -0.000806452 0.00775862 -0.00120579
internal_weight=4706 4025 1650 1536 681 2375 158 301 100 2217 731 71 60 380 153 36 1486 41 64 633 426 207 1523 1504 202 188 148 1302 58 1244
internal_count=4706 4025 1650 1536 681 2375 158 301 100 2217 731 71 60 380 153 36 1486 41 64 633 426 207 1523 1504 202 188 148 1302 58 1244
is_linear=0
shrinkage=0.05


Tree=51
num_leaves=31
num_cat=0
split_feature=5 5 5 2 5 17 2 15 0 17 0 1 17 5 14 0 9 17 15 4 5 16 3 11 16 16 1 11 17 11
split_gain=64.9815 4.45447 4.32941 4.58084 12.015 3.11302 2.93476 2.67636 2.66698 2.497 2.32243 2.27069 2.23189 3.66232 2.25423 2.33328 2.54792 2.71366 2.58824 2.29471 2.5409 2.23572 2.19876 2.05699 2.53197 2.56828 2.21937 2.03462 1.91524 2.21757
threshold=20.395050000000001 60.786650000000009 0.13360000000000002 2.5000000000000004 15.260950000000003 72.785229391660792 3.5000000000000004 1.0000000180025095e-35 1.0000000180025095e-35 73.915189919278546 10.500000000000002 5.5000000000000009 77.732331062107065 4.2718500000000006 6966.2700000000013 7.5000000000000009 1.0000000180025095e-35 86.088953189247604 1.0000000180025095e-35 0.34650000000000003 1.8854500000000003 12.082154763860425 0.51450000000000007 6.5000000000000009 23.316144429416017 15.738373284613521 1.0000000180025095e-35 730.50000000000011 85.360255829708493 8.5000000000000018
decision_type=2 2 2 2 2 2 2 2 2 2 2 2 2 2 2 2 2 2 2 2 2 2 2 2 2 2 2 2 2 2
left_child=2 6 -1 5 12 10 8 9 -2 -7 -4 -12 13 -5 -14 19 -17 23 -19 -16 28 -20 -22 24 25 -18 -25 -8 29 -21
right_child=1 -3 3 4 -6 7 27 -9 -10 -11 11 -13 14 -15 15 16 17 18 21 20 22 -23 -24 26 -26 -27 -28 -29 -30 -31
leaf_value=0.027026265334942925 0.004420126827671479 4.6690706797312967e-05 -0.0094454591620799343 -0.0003448819559560307 -0.0039924505708983987 0.022954598003856866 -0.0036743506022984085 -0.00017003060223554913 -0.0020214719264914859 0.0042569601012915573 0.0029727892663398456 -0.014619945021393677 -0.0061724033460710372 -0.0044021809824813319 0.0059481295522097397 0.009028815748434749 0.00025796003476551979 -0.0087514576152598316 0.002718056559305293 0.0064854790689954263 -0.0022201980216696284 -0.00089414232579783099 -0.0067346549803414596 -0.0015072203500149373 0.0079056198692829625 -0.0066730991668655128 0.0028589680500147987 0.0014196944551632543 0.0055601007811356129 -0.0019346578522270786
leaf_weight=30 20 19 54 358 114 48 250 1487 382 698 56 14.999999999999998 25 180 15.999999999999998 23 37 36 19 47 161 47 34 46 20 40 321 9.9999999999999982 31 82
leaf_count=30 20 19 54 358 114 48 250 1487 382 698 56 15 25 180 16 23 37 36 19 47 161 47 34 46 20 40 321 10 31 82
internal_value=-0.0030068 -0.0172907 -0.000590062 -0.000732165 -0.0027642 0.000678541 -0.0179758 0.00110837 -0.0152985 0.00355228 -0.007 -0.00105634 -0.00159225 -0.00418216 -0.000177665 0.000208333 0.00216469 0.00150177 -0.00588235 -0.00289757 -0.00373239 0 -0.0075641 0.003125 -0.00335052 -0.00746753 0.00483651 -0.0221154 0.0009375 -0.00174419
internal_weight=4706 681 4025 3995 1637 2358 662 2233 402 746 125 71 1523 538 985 960 589 566 102 371 355 66 195 464 97 77 367 260 160 129
internal_count=4706 681 4025 3995 1637 2358 662 2233 402 746 125 71 1523 538 985 960 589 566 102 371 355 66 195 464 97 77 367 260 160 129
is_linear=0
shrinkage=0.05


Tree=52
num_leaves=31
num_cat=0
split_feature=5 5 2 5 13 5 10 3 5 6 2 0 6 17 0 16 5 5 0 16 11 11 10 17 11 0 7 0 17 6
split_gain=64.4114 4.42711 3.96132 3.80537 3.64746 3.486 3.15597 3.08012 3.91836 2.87399 2.77151 2.66698 2.45297 2.16084 4.39203 2.22218 2.67143 2.71617 2.41787 2.17705 2.35172 2.14491 1.99938 1.96018 1.94141 1.89705 3.85714 2.181 1.94445 1.88521
threshold=20.395050000000001 60.786650000000009 3.5000000000000004 3.6653000000000007 -37077.979999999996 15.260950000000003 254.37500000000003 0.0055000000000000005 15.260950000000003 0.45473655781229422 3.5000000000000004 1.0000000180025095e-35 0.12830601987841778 72.984132124666615 11.500000000000002 10.937054897647139 1.8045500000000001 2.5685500000000006 16.500000000000004 13.045171902716445 8.5000000000000018 64.500000000000014 1096.1250000000002 72.631736757242365 12.500000000000002 22.500000000000004 1.0000000180025095e-35 1.5000000000000002 83.120394419996543 0.98747028767589962
decision_type=2 2 2 2 2 2 2 2 2 2 2 2 2 2 2 2 2 2 2 2 2 2 2 2 2 2 2 2 2 2
left_child=2 10 3 9 -5 6 -4 12 21 -1 11 -2 -6 14 -11 16 18 -18 -15 -17 29 -9 -12 -16 -7 27 -27 28 -22 -21
right_child=1 -3 5 4 7 24 -8 8 -10 13 22 -13 -14 15 23 19 17 -19 -20 20 25 -23 -24 -25 -26 26 -28 -29 -30 -31
leaf_value=0.0083514760161355513 0.0041991204862879055 4.4356171457447802e-05 0.011609551068925717 -0.0028400325110703815 -0.0065986591077959013 -0.003627597135787751 -0.00095149527258240609 -0.0040072703468830365 -0.0049130462511529863 -0.011232732896181563 -0.0034906330721834883 -0.0019203983301669114 0.001547125263845392 0.025071907087771506 0.0088447498972411553 -0.0023957759800083745 -0.0053777223876318898 0.0097880212856995222 -0.012476172029733924 -0.008856702008041251 -0.0061566956910907526 0.00018205147405866431 0.0012786048268038975 -0.0057762407972485113 0.0006088092498320604 0.015883155296724578 -0.0071330800967709246 0.0050331670894916414 0.0050535555140480918 0.000487501938905377
leaf_weight=152 20 19 9.9999999999999982 84 131 33 764 149 93 26 250 382 1256 76 17.000000000000004 129 15.999999999999998 19 17 77 37 317 9.9999999999999982 12.999999999999998 11.999999999999998 12.000000000000002 15.999999999999998 472 15.999999999999998 81
leaf_count=152 20 19 10 84 131 33 764 149 93 26 250 382 1256 76 17 129 16 19 17 77 37 317 10 13 12 12 16 472 16 81
internal_value=-0.00299618 -0.0172173 -0.000590062 0.000202745 -0.00110837 -0.00369353 -0.00290698 -0.000668037 -0.00380143 0.00246599 -0.0179003 -0.0152985 0.000594809 0.00151367 -0.00803571 0.00206612 0.00820313 -0.00357143 0.0126344 0.00113095 0.00221519 -0.00193133 -0.0219231 0.005 -0.0172222 0.00375226 -0.00892857 0.00442857 -0.00518868 -0.00316456
internal_weight=4706 681 4025 3206 2030 819 774 1946 559 1176 662 402 1387 1024 56 968 128 35 93 840 711 466 260 30 45 553 28 525 53 158
internal_count=4706 681 4025 3206 2030 819 774 1946 559 1176 662 402 1387 1024 56 968 128 35 93 840 711 466 260 30 45 553 28 525 53 158
is_linear=0
shrinkage=0.05


Tree=53
num_leaves=31
num_cat=0
split_feature=2 3 3 3 3 13 3 10 7 17 1 14 17 10 17 11 1 17 17 10 17 9 13 11 11 0 17 12 10 17
split_gain=12.5058 6.34392 13.4843 6.22669 4.75023 3.40798 3.10863 2.16463 2.12542 1.94924 2.03865 1.93473 2.92837 2.20427 3.00544 2.20663 1.96298 1.92458 1.87344 1.77646 1.70744 1.69298 1.74396 1.97018 2.86052 1.86197 2.14142 1.66053 1.64189 1.58242
threshold=3.5000000000000004 0.23050000000000004 0.0055000000000000005 0.10650000000000001 0.058500000000000003 -38266.854999999989 1.0000000180025095e-35 638.25000000000011 1.5000000000000002 73.219039583239194 5.5000000000000009 18920.095000000005 74.442824082973615 188.37500000000003 84.46086255746097 40.500000000000007 4.5000000000000009 78.56048169039785 84.911997735243361 865.16500000000008 79.927397436919406 0.81650000000000011 -7040.3949999999995 12.500000000000002 83.500000000000014 4.5000000000000009 78.073145762213471 3671.2400000000002 636.12500000000011 76.942380603044015
decision_type=2 2 2 2 2 2 2 2 2 2 2 2 2 2 2 2 2 2 2 2 2 2 2 2 2 2 2 2 2 2
left_child=1 2 5 6 -4 -1 -2 20 17 10 -7 12 16 -14 -15 -16 -11 19 -19 29 -8 22 23 28 -25 -24 -27 -17 -10 -5
right_child=3 -3 4 8 -6 9 7 -9 21 11 -12 -13 13 14 15 27 -18 18 -20 -21 -22 -23 25 24 -26 26 -28 -29 -30 -31
leaf_value=-0.0015293842505435121 -0.0021201573432297867 0.0012693948206127987 -0.0016507583732523687 -0.0015195755381843257 -0.0024607319503539581 -0.0020439271632940468 -0.0029830248790841483 -0.0023773103134126436 -0.0054301899962438342 0.037444540834375595 -0.027244685991987795 0.0024643612930394855 0.0021027467869934703 -0.005213969030178834 -0.0050418517067229336 0.018790227706065241 -0.0009119481648125372 0.0036575362609334531 -0.00090974824460712811 0.0084378254952627556 -0.0032141980629236261 -0.0093135147746542645 -0.005130409481102347 0.0044022513430139552 -0.0042491959684645949 -0.0040591984961626387 0.0043573188066068514 0.0085842855766655405 -0.0062758987955692132 -0.0081721126664400633
leaf_weight=182 249 1050 262 63 430 106 79 192 37 19.000000000000004 31 1138 86 210 14.999999999999998 9.9999999999999982 9.9999999999999982 97 57 11.999999999999998 84 17 26 26 41 25 38 59 27 28
leaf_count=182 249 1050 262 63 430 106 79 192 37 19 31 1138 86 210 15 10 10 97 57 12 84 17 26 26 41 25 38 59 27 28
internal_value=-0.00293243 -0.00151053 -0.00285379 -0.00760474 -0.00881503 -0.000643087 -0.0110099 -0.0140141 -0.0034413 5.93824e-05 -0.00565693 0.000565611 -0.00238386 -0.00355263 -0.00561224 0.00238095 0.012931 -0.000291829 0.00324675 -0.00558252 -0.0182515 -0.00685654 -0.00568182 -0.00935115 -0.00335821 -0.000280899 0.00436508 0.00615942 -0.015625 -0.00796703
internal_weight=4706 3608 2558 1098 692 1866 604 355 494 1684 137 1547 409 380 294 84 29 257 154 103 163 237 220 131 67 89 63 69 64 91
internal_count=4706 3608 2558 1098 692 1866 604 355 494 1684 137 1547 409 380 294 84 29 257 154 103 163 237 220 131 67 89 63 69 64 91
is_linear=0
shrinkage=0.05


Tree=54
num_leaves=31
num_cat=0
split_feature=5 5 5 6 18 5 4 4 14 16 4 5 4 5 6 10 16 5 4 10 13 3 10 17 5 13 17 6 5 4
split_gain=62.2592 5.30978 3.56418 3.20939 2.87209 2.74868 5.92211 5.24674 6.16954 3.46556 2.6763 3.065 2.91803 2.57329 2.54445 2.35579 2.3039 2.31934 4.30556 2.26489 2.23232 2.3356 2.71719 2.20342 2.15371 2.10859 1.99215 2.10825 2.03808 2.68988
threshold=20.395050000000001 60.786650000000009 0.13360000000000002 0.68901159587551308 1.0000000180025095e-35 5.8975500000000007 0.13450000000000004 0.22450000000000003 59942.245000000003 17.508387833885873 0.11850000000000001 31.479700000000005 0.065500000000000017 23.097550000000002 0.12830601987841778 865.16500000000008 11.145363282657547 0.2899500000000001 7.7125000000000012 623.62500000000011 -4565.204999999999 1.3540000000000003 802.75000000000011 75.321920247250347 11.489500000000001 -5339.3749999999991 72.984132124666615 0.53626198271711323 0.69925000000000004 4.6330000000000009
decision_type=2 2 2 2 2 2 2 2 2 2 2 2 2 2 2 2 2 2 2 2 2 2 2 2 2 2 2 2 2 2
left_child=2 10 -1 4 14 16 -7 24 9 23 11 12 -2 15 -4 -12 17 -5 -19 -6 21 25 -23 -9 -8 -18 27 -16 29 -28
right_child=1 -3 3 5 19 6 7 8 -10 -11 13 -13 -14 -15 26 -17 20 18 -20 -21 -22 22 -24 -25 -26 -27 28 -29 -30 -31
leaf_value=0.025587107230219865 0.0055375041069417796 0.00015168221734438575 -0.0038513755392500016 0.027037138816794728 -0.016570879430457305 0.0012125838617648517 -0.003480358052274474 0.002036635293235774 -0.0041389408694276651 0.003476254837045212 -0.0044017451662593356 -0.0013848209968363044 -0.0023583345115854022 -0.0035299426116139846 0.00072828751375173537 0.004687002413802383 -0.00044263189911130101 0.0038795440745794441 -0.0083523249797488718 0.00018839838202003301 0.0003697373156490158 -0.0085701065271253703 0.0054710621395994367 -0.0039616012803049419 -0.0038404583370148918 -0.009759818036696925 0.013503089738838115 -0.004483410648569025 0.0011383027115638156 0.0018135717549470855
leaf_weight=30 10.999999999999998 19 145 17 29 305 22 23 75 79 56 280 118 184 83 12.999999999999998 515 149 19 10.999999999999998 458 76 24 68 115 24 47 46 1580 85
leaf_count=30 11 19 145 17 29 305 22 23 75 79 56 280 118 184 83 13 515 149 19 11 458 76 24 68 115 24 47 46 1580 85
internal_value=-0.00286868 -0.0168502 -0.000503106 -0.00063204 0.000765054 -0.00206958 -0.00462154 -0.00876963 -0.00438776 0.000882353 -0.0175982 -0.0150978 -0.00872093 -0.0216403 0.00103223 -0.0134058 -0.000702028 0.00445946 0.00267857 -0.0125 -0.00157247 -0.003482 -0.0105 -0.00576923 -0.0166058 -0.00217996 0.00153449 -0.00445736 0.00198598 0.00795455
internal_weight=4706 681 4025 3995 2026 1969 687 382 245 170 662 409 129 253 1986 69 1282 185 168 40 1097 639 100 91 137 539 1841 129 1712 132
internal_count=4706 681 4025 3995 2026 1969 687 382 245 170 662 409 129 253 1986 69 1282 185 168 40 1097 639 100 91 137 539 1841 129 1712 132
is_linear=0
shrinkage=0.05


Tree=55
num_leaves=31
num_cat=0
split_feature=5 5 6 5 4 4 2 16 6 6 4 12 1 5 4 14 10 12 5 17 10 5 17 6 12 16 13 16 16 14
split_gain=62.048 4.43831 3.84709 4.90687 7.38315 4.52504 3.22798 2.78234 4.14867 3.80204 2.87722 2.56806 2.5641 2.39241 2.38988 2.3381 2.6261 3.5876 2.3627 2.27093 2.22871 2.04064 2.02968 2.00071 1.91935 1.85919 1.802 2.00629 3.57215 2.77828
threshold=20.395050000000001 60.786650000000009 0.52373240519485875 7.8209000000000009 0.11850000000000001 0.22450000000000003 3.5000000000000004 13.648264200788242 0.76191390341332188 0.91876657388012706 0.49400000000000005 14786.35 5.5000000000000009 51.524450000000009 20.199500000000004 15155.035000000002 887.16500000000008 17323.020000000004 4.5796500000000009 87.245172117249197 1096.1250000000002 36.613600000000012 86.193061185826821 0.10626998442258957 28083.145000000004 27.849086288233824 -36432.464999999989 11.145363282657547 8.8275008826318047 92385.425000000003
decision_type=2 2 2 2 2 2 2 2 2 2 2 2 2 2 2 2 2 2 2 2 2 2 2 2 2 2 2 2 2 2
left_child=2 6 15 14 -5 22 21 12 -9 -10 11 -11 -7 20 25 -1 19 -18 -19 23 -8 -2 -6 -17 -16 26 27 28 -4 -29
right_child=1 -3 3 4 5 7 13 8 9 10 -12 -13 -14 -15 24 16 17 18 -20 -21 -22 -23 -24 -25 -26 -27 -28 29 -30 -31
leaf_value=-0.003215761009195062 -0.0022853627299079756 0.00014409810647716682 -0.003942111563811565 2.0858499293840982e-05 -0.003838126319218216 -0.0044720306987997829 -0.0030152133916292235 -0.0040835562505707043 0.0065304839463524722 0.007899168882278481 -0.0067988729623479323 -0.0012336071111552938 0.0030248732304712536 -0.00029272477470582565 0.018397412711156448 -0.0055043813358169108 0.018893610152438251 0.018835065376039004 0.0070676172226706276 -0.0066171167990096702 0.0012270960908882496 -0.001282875674107914 -0.00081614266181885282 0.0019811663185963445 0.0056698191431940222 0.0026681992361630661 7.7914938866213709e-05 -0.0053254637101779858 0.0058860209454047576 -0.00070205201098450247
leaf_weight=220 196 21 9.9999999999999982 418 192 52 227 46 32 15.999999999999998 19 20 11.999999999999998 15.999999999999998 17.000000000000004 57 44 60 318 39 9.9999999999999982 215 25 622 13.999999999999998 13.999999999999998 1551 83 29 108
leaf_count=220 196 21 10 418 192 52 227 46 32 16 19 20 12 16 17 57 44 60 318 39 10 215 25 622 14 14 1551 83 29 108
internal_value=-0.00276951 -0.0166788 -0.000398208 -0.00150489 -0.0046875 -0.00942029 -0.0173946 -0.00393401 0.00018797 0.0066092 -0.00136364 0.00694444 -0.0125 -0.0218379 -5.47645e-05 0.00176471 0.00267544 0.00580569 0.0042328 0.000835655 -0.0231013 -0.0146594 -0.0144009 0.00150957 0.0137097 -0.000292479 -0.000435149 -0.00456522 0.00576923 -0.00667539
internal_weight=4703 685 4018 2658 832 414 664 197 133 87 55 36 64 253 1826 1360 1140 422 378 718 237 411 217 679 31 1795 1781 230 39 191
internal_count=4703 685 4018 2658 832 414 664 197 133 87 55 36 64 253 1826 1360 1140 422 378 718 237 411 217 679 31 1795 1781 230 39 191
is_linear=0
shrinkage=0.05


Tree=56
num_leaves=31
num_cat=0
split_feature=5 5 6 5 4 4 4 11 5 16 6 4 1 10 14 9 4 9 3 5 6 14 8 15 5 5 13 14 4 16
split_gain=61.7637 4.43831 3.34362 4.65556 7.00938 4.13536 2.5679 2.95508 2.59048 2.29796 3.72936 3.01182 2.3754 2.10617 2.14284 2.09751 2.05238 1.92063 2.7978 2.50232 1.68668 1.66323 2.13818 2.21065 1.97427 1.79265 1.73815 1.64953 2.95605 1.56728
threshold=20.395050000000001 60.786650000000009 0.52373240519485875 7.8209000000000009 0.11850000000000001 0.22450000000000003 0.11850000000000001 654.50000000000011 32.142300000000013 13.648264200788242 0.60360909726058642 0.51650000000000007 5.5000000000000009 449.76500000000004 13697.710000000001 0.26800000000000007 0.065500000000000017 1.0000000180025095e-35 0.45100000000000007 0.15575000000000003 0.080837461899968557 15155.035000000002 3.5000000000000004 1.0000000180025095e-35 2.3491500000000003 3.3132500000000005 -64471.789999999994 29460.475000000002 0.32250000000000006 11.960643247606994
decision_type=2 2 2 2 2 2 2 2 2 2 2 2 2 2 2 2 2 2 2 2 2 2 2 2 2 2 2 2 2 2
left_child=2 6 20 17 -5 15 8 -8 16 12 -11 13 -7 -12 -15 -6 -2 18 -4 -19 -1 -22 23 24 -23 -26 -25 -16 -29 -10
right_child=1 -3 3 4 5 9 7 -9 29 10 11 -13 -14 14 27 -17 -18 19 -20 -21 21 22 -24 26 25 -27 -28 28 -30 -31
leaf_value=-0.0058909592851275894 0.0053748970380900901 0.00013689320115330833 0.010137107797895626 1.9815574329150321e-05 -0.00067750597476296459 -0.0042484291638597944 -0.003398034911492401 0.0031328860030942068 -0.0010030271536434377 -0.0076862406221206688 0.0089259682512099949 -0.007113233874655539 0.0028736295689476888 0.0072789680505004678 -0.0057400571715114845 -0.0036271788518036697 -0.0021746692772848255 0.018601554546396337 -0.00042024083837894358 -0.00029504918946208494 -0.0026807412036235325 0.017437782949964366 -0.0024587449014539745 -0.0021149065948452075 -0.0043529864500707503 0.0082157369589894724 0.0020344819182312374 -0.0026739741749906929 0.0046384471193647225 -0.0012493033970971278
leaf_weight=88 10.999999999999998 21 64 418 24 52 225 9.9999999999999982 58 17 22 22 11.999999999999998 12.999999999999998 18 193 123 28 84 1650 209 55 12.999999999999998 18 12.999999999999998 290 674 23 18 237
leaf_count=88 11 21 64 418 24 52 225 10 58 17 22 22 12 13 18 193 123 28 84 1650 209 55 13 18 13 290 674 23 18 237
internal_value=-0.0028014 -0.0166788 -0.00043554 -0.00146727 -0.00456731 -0.00917874 -0.0173946 -0.0215957 -0.0150932 -0.00393401 -0.00018797 0.00301724 -0.0117188 0.00691489 0.00277778 -0.0139401 -0.00932836 -5.47645e-05 0.00540541 -0.000536353 0.00158088 0.00204403 0.00284572 0.00309524 0.00628492 0.00470297 0.00144509 -0.00127119 0.00426829 -0.0177119
internal_weight=4703 685 4018 2658 832 414 664 235 429 197 133 116 64 94 72 217 134 1826 148 1678 1360 1272 1063 1050 358 303 692 59 41 295
internal_count=4703 685 4018 2658 832 414 664 235 429 197 133 116 64 94 72 217 134 1826 148 1678 1360 1272 1063 1050 358 303 692 59 41 295
is_linear=0
shrinkage=0.05


Tree=57
num_leaves=31
num_cat=0
split_feature=2 3 13 3 3 12 3 3 3 13 17 9 17 1 0 14 6 12 16 0 12 17 7 17 0 14 14 0 1 17
split_gain=9.9805 10.9991 3.42363 3.35561 3.55269 2.96435 2.71544 12.4319 4.09569 2.50181 2.45004 3.35646 4.4582 4.30808 2.43624 2.11502 1.98096 1.93416 1.87118 1.85391 1.79737 1.97663 1.69919 1.9343 2.76566 1.8101 2.44719 2.30325 1.68132 2.36639
threshold=2.5000000000000004 0.16750000000000004 -22040.059999999994 1.0000000180025095e-35 0.062500000000000014 8955.8150000000023 0.23050000000000004 0.012500000000000002 0.040500000000000008 -3681.7349999999997 81.892787503235255 0.53550000000000009 87.084159862473186 5.5000000000000009 9.5000000000000018 124341.93000000001 0.93723755778897766 118714.14000000001 18.265762733935556 18.500000000000004 17833.975000000002 72.369810297579619 3.5000000000000004 76.435171240304456 13.500000000000002 31110.415000000005 45355.885000000002 7.5000000000000009 3.5000000000000004 76.02062962905832
decision_type=2 2 2 2 2 2 2 2 2 2 2 2 2 2 2 2 2 2 2 2 2 2 2 2 2 2 2 2 2 2
left_child=2 3 5 9 14 18 7 -4 -9 10 19 13 16 -12 15 -5 -13 -10 -1 22 -3 -22 25 24 -24 27 -27 -2 29 -7
right_child=1 20 6 4 -6 28 -8 8 17 -11 11 12 -14 -15 -16 -17 -18 -19 -20 -21 21 -23 23 -25 -26 26 -28 -29 -30 -31
leaf_value=-0.0016357432831169806 0.00015572156952852538 -0.0018843255025455365 0.00097994429279930364 -0.0012109324788371673 -0.0020549558559379366 -0.0015131264549083534 0.0021231246350169263 -0.001078048435202117 -0.0018803096142155223 -0.0035059831054528551 -0.002550416856529983 0.0043312418536270436 -0.004946086206102266 0.0078465174515146823 -0.0019283031653304118 -0.0030102121624040025 0.00076312200105939365 -0.0038795804226926058 0.0066650581547869521 -0.0030929870296118739 0.012424028852401632 -3.3727549385242917e-06 -0.0022151216734293128 -0.0035354338155988681 0.019712952722697026 0.0091475476629516994 -0.0012646941717558537 -0.0057280282360747566 -0.0029762726003830079 0.00077374531198235179
leaf_weight=37 24 275 1430 142 272 33 602 60 239 20 61 49 9.9999999999999982 15.999999999999998 290 17 36 28 39 50 14.999999999999998 603 33 41 11.999999999999998 28 71 31 81 58
leaf_count=37 24 275 1430 142 272 33 602 60 239 20 61 49 10 16 290 17 36 28 39 50 15 603 33 41 12 28 71 31 81 58
internal_value=-0.00272698 -0.0052958 -0.00066168 -0.00841646 -0.0105756 -0.00625 -7.4184e-05 -0.00106716 -0.00986239 -0.00518672 -0.00443723 0.000290698 0.00657895 -0.00746753 -0.0133073 -0.00833333 0.0102941 -0.00720974 0.00197368 -0.00724138 -0.00109183 0.000404531 -0.00541667 -0.0110465 -0.00388889 -0.00227273 0.00176768 -0.00954545 -0.00988372 -0.00521978
internal_weight=4703 2096 2607 1203 721 248 2359 1757 327 482 462 172 95 77 449 159 85 267 76 290 893 618 240 86 45 154 99 55 172 91
internal_count=4703 2096 2607 1203 721 248 2359 1757 327 482 462 172 95 77 449 159 85 267 76 290 893 618 240 86 45 154 99 55 172 91
is_linear=0
shrinkage=0.05


Tree=58
num_leaves=31
num_cat=0
split_feature=4 2 2 4 4 2 11 12 0 13 10 4 14 4 10 11 10 13 14 17 14 11 10 1 0 0 17 12 17 17
split_gain=16.7494 48.7775 5.46428 4.49754 4.20352 9.0465 2.92458 2.88436 2.46764 2.22963 2.76678 3.14093 2.62534 3.66589 2.5931 3.0817 2.19898 1.93545 4.21138 2.03079 1.90173 1.86716 1.83662 2.84928 2.22255 3.65648 2.15657 1.83273 1.80635 1.77778
threshold=0.23350000000000004 1.5000000000000002 2.5000000000000004 0.057500000000000009 0.087500000000000008 3.5000000000000004 166.50000000000003 118714.14000000001 7.5000000000000009 -35900.274999999994 882.75000000000011 5.190500000000001 19754.325000000001 1.7285000000000001 664.83500000000015 16.000000000000004 163.25000000000003 -43538.589999999989 62608.545000000006 77.732331062107065 106075.15000000001 6.5000000000000009 360.50000000000006 2.5000000000000004 12.500000000000002 16.500000000000004 80.189860868630731 37461.295000000006 81.724815560203936 84.448320426317807
decision_type=2 2 2 2 2 2 2 2 2 2 2 2 2 2 2 2 2 2 2 2 2 2 2 2 2 2 2 2 2 2
left_child=1 -1 3 -3 5 -4 -6 -5 28 14 16 12 13 -12 15 20 21 18 -16 -20 -2 -11 23 -18 26 27 -25 -26 -8 -13
right_child=9 2 4 7 6 -7 8 -9 -10 10 11 29 -14 -15 17 -17 22 -19 19 -21 -22 -23 -24 24 25 -27 -28 -29 -30 -31
leaf_value=0.0017381577700316176 -0.00282173667584867 -0.0011040807341373951 -0.0011589277250007733 -0.0017992697638311837 -0.0029383376781312812 0.00018288477169338055 0.0015352707234581057 -0.0058891745375197176 -0.0023898584811865562 -0.00057766474891551292 0.00059289149814835689 0.02263892875430237 0.0049374514769727111 -0.0053936980588285 0.0054298095133628269 0.0057339932004341178 0.0011847014293676628 -0.0048141651566248507 -0.0057029226222081453 -0.00017087969887238377 0.0010537112913502678 0.012416562836901159 9.3792680369786388e-05 -0.0084788443927326356 0.0091281813295382794 -0.0049724780130218976 -0.0015872370704496945 -0.0015405527490314321 -0.0027262454648462305 0.0018803210084061273
leaf_weight=1266 70 158 71 298 309 32 27 29 96 21 64 36 236 41 15.999999999999998 57 93 41 40 51 45 47 1385 45 14.000000000000002 43 32 10.999999999999998 17 11.999999999999998
leaf_count=1266 70 158 71 298 309 32 27 29 96 21 64 36 236 41 16 57 93 41 40 51 45 47 1385 45 14 43 32 11 17 12
internal_value=-0.0026313 -0.00567738 -0.0137175 -0.00984536 -0.0171196 -0.00800971 -0.0192094 -0.00649847 -0.0132143 0.000291667 0.000889423 0.00469152 0.00300587 -0.00357143 -0.00359375 0.000581395 1.47842e-05 -0.00844595 -0.00490654 -0.00906593 -0.00413043 0.00882353 -0.000354282 -0.00441176 -0.0087931 -0.00220588 -0.0146104 0.013 -0.00340909 0.0166667
internal_weight=4703 2303 1037 485 552 103 449 327 140 2400 2080 389 341 105 320 172 1691 148 107 91 115 68 1623 238 145 68 77 25 44 48
internal_count=4703 2303 1037 485 552 103 449 327 140 2400 2080 389 341 105 320 172 1691 148 107 91 115 68 1623 238 145 68 77 25 44 48
is_linear=0
shrinkage=0.05


Tree=59
num_leaves=31
num_cat=0
split_feature=5 5 4 6 4 4 3 5 0 17 1 0 4 12 13 10 17 10 17 10 1 13 4 12 5 6 10 5 5 9
split_gain=55.0259 5.01777 3.79134 2.87196 4.30597 9.60023 2.52162 2.48788 2.33165 2.11974 2.11001 2.03154 1.90534 1.81199 1.81099 2.65021 1.71946 1.74614 2.05324 1.96108 3.25929 2.04519 1.65856 1.63467 2.4363 1.63156 1.54956 1.53386 3.07157 1.81658
threshold=20.395050000000001 60.786650000000009 0.11850000000000001 0.52373240519485875 0.26050000000000006 0.10950000000000001 0.23050000000000004 23.097550000000002 4.5000000000000009 86.193061185826821 1.5000000000000002 1.0000000180025095e-35 22.131500000000003 36095.495000000003 -35900.274999999994 740.08500000000015 73.319708989284791 778.10000000000014 77.843305031939579 360.50000000000006 2.5000000000000004 -6905.9749999999995 0.065500000000000017 84316.510000000009 14.382550000000002 0.080837461899968557 239.75000000000003 3.5640500000000004 0.86680000000000013 0.63350000000000006
decision_type=2 2 2 2 2 2 2 2 2 2 2 2 2 2 2 2 2 2 2 2 2 2 2 2 2 2 2 2 2 2
left_child=3 2 11 25 5 -5 9 8 -4 10 23 -2 14 -12 15 26 -13 19 22 20 -18 -22 -19 24 -7 -1 -6 28 -17 -30
right_child=1 -3 7 4 12 6 -8 -9 -10 -11 13 16 -14 -15 -16 27 17 18 -20 -21 21 -23 -24 -25 -26 -27 -28 -29 29 -31
leaf_value=-0.0057323164240127679 0.010042858025139692 0.0001966477272156833 0.0042211243608280269 0.00026630888884726645 -0.010838027069293699 0.0016740720797567389 0.0033066079344027059 -0.0027188633799686912 -0.0038049188353806588 -6.4477825580927514e-05 -0.0041765919205008122 -0.0012405151454959276 0.014269094901207424 -0.0028162198222960589 6.9614446946497663e-05 -0.0056215995477006736 -0.00092111032220599804 0.0024623612222943155 -0.0012054130712662509 -0.0013183880217681966 0.010944044128936251 -0.00086145332289421232 -0.0017913777496928519 -0.005517475463348593 -0.0025758609714491851 0.0021927773800032163 8.4232863047842288e-05 -0.0041650634591925027 -0.0016830842913496125 0.018623925506152321
leaf_weight=88 12.999999999999998 21 12.999999999999998 407 19 22 10.999999999999998 172 50 31 100 50 23 61 1697 17 40 21 92 161 18 17 17 10.999999999999998 35 1272 164 23 25 11.999999999999998
leaf_count=88 13 21 13 407 19 22 11 172 50 31 100 50 23 61 1697 17 40 21 92 161 18 17 17 11 35 1272 164 23 25 12
internal_value=-0.0026313 -0.0157299 -0.016491 -0.000398208 -0.0013544 -0.00479351 -0.0120849 -0.0215957 -0.0130952 -0.0130769 -0.014738 -0.0136946 -0.000176768 -0.0178571 -0.000344916 -0.00423077 -0.0143029 -0.0131148 -0.00846154 -0.015678 -0.009 0.00214286 0.00131579 -0.00735294 -0.00394737 0.00147059 -0.000956284 -0.012013 -0.00740741 0.000675676
internal_weight=4703 685 664 4018 2658 678 271 235 63 260 229 429 1980 161 1957 260 416 366 130 236 75 35 38 68 57 1360 183 77 54 37
internal_count=4703 685 664 4018 2658 678 271 235 63 260 229 429 1980 161 1957 260 416 366 130 236 75 35 38 68 57 1360 183 77 54 37
is_linear=0
shrinkage=0.05


Tree=60
num_leaves=31
num_cat=0
split_feature=5 5 10 4 5 11 5 0 5 10 4 16 14 10 4 0 4 10 4 15 11 13 4 5 4 11 11 10 4 14
split_gain=57.5446 5.34489 2.96253 2.75545 2.78715 2.71683 2.82811 2.66908 2.2374 2.98801 5.13659 2.39012 2.21456 2.1777 1.8779 1.87079 1.81851 1.79026 1.71477 1.91785 2.75177 2.22839 2.67593 1.70723 4.29531 3.94323 2.68299 3.46849 2.64846 2.50269
threshold=20.395050000000001 51.524450000000009 735.83500000000015 0.091500000000000012 23.097550000000002 13.500000000000002 0.2899500000000001 4.5000000000000009 2.6391500000000003 12.500000000000002 0.21750000000000003 23.154238048529937 3895.4000000000005 8.5000000000000018 0.16450000000000004 4.5000000000000009 0.05050000000000001 598.62500000000011 9.6690000000000023 1.0000000180025095e-35 14.500000000000002 -70110.349999999991 1.7285000000000001 0.58145000000000013 2.8820000000000001 40.500000000000007 201.50000000000003 573.60500000000013 0.16450000000000004 44788.655000000006
decision_type=2 2 2 2 2 2 2 2 2 2 2 2 2 2 2 2 2 2 2 2 2 2 2 2 2 2 2 2 2 2
left_child=5 3 -3 16 7 8 15 -5 -1 11 14 -10 -8 -13 17 -7 -2 -11 19 20 -14 22 -21 29 25 -25 -27 28 -28 -22
right_child=1 2 -4 4 -6 6 12 -9 9 10 -12 13 18 -15 -16 -17 -18 -19 -20 21 23 -23 -24 24 -26 26 27 -29 -30 -31
leaf_value=0.00014643880498881325 -0.0010126154629149773 -0.0004440665029208771 0.00014305096561594011 0.002435416293041079 -0.0022811788138343801 -0.0015753790785989485 -0.013022510412769398 -0.003335450545154882 0.010060765431670261 -0.0022653149401201974 -0.0017706792889043061 -0.025099762344796696 0.017116839897715137 0.0084104974812149076 -0.0030395384885922179 0.018922732561080902 -0.0014631693982125702 0.0003141107692998791 -0.0063522011386641488 -0.0042052686755778531 0.035363667327644364 2.0756217305484272e-05 0.0080434199769064529 -0.0024859852645771623 -0.0054286428394230537 0.013078116970842379 -0.0022647645181873232 0.0039240881305318944 -0.011545427872836835 -0.01047329600840098
leaf_weight=591 138 40 27 15.999999999999998 254 17 11.999999999999998 51 150 47 346 33 25 20 54 61 129 9.9999999999999982 15.999999999999998 36 19.000000000000004 1675 18 40 68 131 88 500 36 11.999999999999998
leaf_count=591 138 40 27 16 254 17 12 51 150 47 346 33 25 20 54 61 129 10 16 36 19 1675 18 40 68 131 88 500 36 12
internal_value=-0.00225322 -0.0159924 -0.00261194 -0.017517 -0.0206386 -6.2422e-06 0.00087146 -0.0115672 -0.00193845 -0.00393939 -0.00618162 0.00110837 0.000597907 -0.00801887 -0.0155405 0.0102564 -0.013764 -0.00921053 0.000694444 0.000793051 0.00263874 -0.00018797 -0.0101852 0.00218121 0.00176709 0.00279874 0.00360927 0.00224359 -0.00524194 0.0137097
internal_weight=4660 655 67 588 321 4005 2754 67 1251 660 457 203 2676 53 111 78 267 57 2664 2648 919 1729 54 894 863 795 755 624 124 31
internal_count=4660 655 67 588 321 4005 2754 67 1251 660 457 203 2676 53 111 78 267 57 2664 2648 919 1729 54 894 863 795 755 624 124 31
is_linear=0
shrinkage=0.05


Tree=61
num_leaves=31
num_cat=0
split_feature=5 4 2 6 5 6 5 2 0 10 11 5 13 5 12 10 12 14 14 13 4 9 3 4 14 1 5 6 1 6
split_gain=55.9077 5.75764 6.95745 3.1961 3.05023 2.71607 2.52635 2.34314 2.27076 4.41956 2.65522 2.22201 2.74229 2.11839 2.09242 2.34916 1.95333 1.87454 1.83767 2.17727 2.54018 3.26233 2.34111 1.88064 1.75275 1.97025 3.04239 2.7808 1.69661 3.25
threshold=20.395050000000001 0.097500000000000017 3.5000000000000004 0.42118877814911193 2.4009000000000005 0.37954001472757881 23.097550000000002 4.5000000000000009 6.5000000000000009 90.335000000000022 16.000000000000004 5.8975500000000007 -997.51499999999999 0.11975000000000001 43607.335000000006 972.37500000000011 1813.1500000000003 59942.245000000003 5667.3650000000007 -4565.204999999999 1.1505000000000003 0.84500000000000008 1.7940000000000003 16.073500000000003 15155.035000000002 3.5000000000000004 3.6653000000000007 0.59682312006573357 2.5000000000000004 0.86075763319871801
decision_type=2 2 2 2 2 2 2 2 2 2 2 2 2 2 2 2 2 2 2 2 2 2 2 2 2 2 2 2 2 2
left_child=3 2 -2 5 13 -1 17 -4 9 -6 -10 12 24 -5 15 -14 -13 -3 -15 20 -20 22 -22 -21 -12 26 27 -26 -23 -30
right_child=1 6 7 4 8 -7 -8 -9 10 -11 11 16 14 18 -16 -17 -18 -19 19 23 21 28 -24 -25 25 -27 -28 -29 29 -31
leaf_value=0.00285983331441555 -0.0010758719433702686 -0.0034554613828376561 0.00018208001807365622 0.041459994555302762 0.012273854895327709 0.007320564394367058 -0.0022407576859127159 -0.00020344886653469454 -0.0018925453096616252 -0.0027962092011372731 0.0038079041683527076 -0.010519837921146039 -0.0082036224944386626 -0.0043445599036903591 0.008559316608277568 0.0092984269420858506 -0.00020338333459509752 1.4622474315455215e-05 -0.011943581469133869 0.0015483235448959356 7.5177158011696665e-05 0.0076269442900496649 -0.0041223980400532326 0.028557480399547665 -0.024937605151763891 0.014452936792194702 -0.0058377742888403861 0.0066978367551234763 0.014145232375004502 -0.0040368039777146482
leaf_weight=834 313 41 28 12.999999999999998 67 145 241 12.999999999999998 555 458 20 11.999999999999998 29 27 30 9.9999999999999982 447 19 21 530 442 37 124 9.9999999999999982 9.9999999999999982 80 21 31 26 26
leaf_count=834 313 41 28 13 67 145 241 13 555 458 20 12 29 27 30 10 447 19 21 530 442 37 124 10 10 80 21 31 26 26
internal_value=-0.00222103 -0.0157634 -0.0114407 -6.2422e-06 -0.00080965 0.00247702 -0.0208472 0.00792683 -0.00214689 -0.00490476 -0.000983936 0.00108696 0.00508658 0.00107484 -0.00326087 -0.0108974 -0.000925926 -0.0116667 0.000864843 0.00115132 -0.000739645 -0.00019084 -0.00159011 0.00351852 0.00864198 0.00669014 0 0.00792683 0.00870787 0.00288462
internal_weight=4660 655 354 4005 3026 979 301 41 1770 525 1245 690 231 1256 69 39 459 60 1243 1216 676 655 566 540 162 142 62 41 89 52
internal_count=4660 655 354 4005 3026 979 301 41 1770 525 1245 690 231 1256 69 39 459 60 1243 1216 676 655 566 540 162 142 62 41 89 52
is_linear=0
shrinkage=0.05


Tree=62
num_leaves=31
num_cat=0
split_feature=5 4 2 5 5 2 14 11 2 14 4 17 11 16 13 16 16 4 15 17 14 17 16 14 11 14 17 17 4 11
split_gain=54.2944 6.28804 6.65635 2.58195 2.52635 2.34314 2.2131 2.27193 2.17703 1.87454 1.79082 2.32456 2.07823 2.82287 3.12554 2.53972 2.29106 2.05301 2.15202 2.33126 3.14501 2.56842 2.2036 2.61342 2.2439 2.6543 2.19784 3.27969 2.11672 2.02289
threshold=20.395050000000001 0.097500000000000017 3.5000000000000004 0.11975000000000001 23.097550000000002 4.5000000000000009 3895.4000000000005 13.500000000000002 5.5000000000000009 59942.245000000003 3.4365000000000001 86.043075348383766 1032.0000000000002 13.117775747451061 -2437.5999999999995 11.040296224375497 8.8275008826318047 2.8820000000000001 1.0000000180025095e-35 73.74374821329242 12923.740000000002 72.47915239301102 25.45304184590162 119385.36000000002 123.00000000000001 16873.015000000003 74.283333360067971 72.984132124666615 3.0210000000000004 521.50000000000011
decision_type=2 2 2 2 2 2 2 2 2 2 2 2 2 2 2 2 2 2 2 2 2 2 2 2 2 2 2 2 2 2
left_child=3 2 -2 -1 9 -4 -5 -8 10 -3 17 12 13 14 15 16 -12 18 22 20 -20 -22 26 24 -24 -26 27 -9 -19 -23
right_child=1 4 5 6 -6 -7 7 8 -10 -11 11 -13 -14 -15 -16 -17 -18 28 19 -21 21 29 23 -25 25 -27 -28 -29 -30 -31
leaf_value=0.038314041216652453 -0.0010220783462017546 -0.003282688313695774 0.00017297601716997348 -0.005641743030055258 -0.0021287198016170794 -0.00019327642320795952 -0.00057337149146725332 0.0010434547609794343 -0.0024779720656932904 1.3891350599681829e-05 -0.0055607519960555246 -0.0064208625259288112 -0.0052397439606078899 0.0097125469153242286 0.015771282172143099 -0.006412918106164023 0.017308392644977574 -0.009230229351681463 0.0035865932963386193 0.0001283230765170229 0.0067705233021309571 -0.0068734211013766313 -0.006695273047748077 -0.012680480536517347 -0.010877111844027077 0.0079813735903875201 0.0019269415835188931 0.0291035461190731 -0.0046487108621020125 -0.0018348400338663807
leaf_weight=13.999999999999998 313 41 28 19 241 12.999999999999998 1238 45 44 19 11.000000000000002 26 12.999999999999998 179 21 25 20 14.999999999999998 25 1341 32 69 26 15.999999999999998 25 73 577 46 41 64
leaf_count=14 313 41 28 19 241 13 1238 45 44 19 11 26 13 179 21 25 20 15 25 1341 32 69 26 16 25 73 577 46 41 64
internal_value=-0.00218884 -0.0155344 -0.0110169 -6.2422e-06 -0.0208472 0.00792683 -8.14332e-05 0 0.000804682 -0.0116667 0.00098513 0.00466102 0.00604089 0.00703125 -0.000974026 -0.00714286 0.00241935 0.000532359 0.000758871 -0.000342913 -0.00552632 -0.0080303 0.00284653 -0.00285714 -0.000403226 0.00306122 0.00404192 0.0112637 -0.00892857 -0.0110902
internal_weight=4660 655 354 4005 301 41 3991 3972 2734 60 2690 295 269 256 77 56 31 2395 2339 1531 190 165 808 140 124 98 668 91 56 133
internal_count=4660 655 354 4005 301 41 3991 3972 2734 60 2690 295 269 256 77 56 31 2395 2339 1531 190 165 808 140 124 98 668 91 56 133
is_linear=0
shrinkage=0.05


Tree=63
num_leaves=31
num_cat=0
split_feature=5 4 2 6 5 5 6 2 16 16 16 5 4 5 0 9 16 13 16 6 17 0 5 13 16 16 17 0 17 6
split_gain=53.2419 6.47004 6.55746 2.74846 2.52635 2.52307 2.45912 2.34314 2.18957 2.11222 2.24766 2.01389 2.30249 5.92865 2.67629 3.03501 3.31473 2.20083 3.07328 2.11549 2.05524 2.78853 2.22765 2.0119 1.97237 2.89807 1.88026 3.33112 2.52503 2.80884
threshold=20.395050000000001 0.097500000000000017 3.5000000000000004 0.42118877814911193 23.097550000000002 0.11975000000000001 0.30338704697996505 4.5000000000000009 25.598909615647891 17.076830125905968 15.994931823910486 2.6391500000000003 0.11450000000000002 13.681000000000003 7.5000000000000009 0.3665000000000001 11.595337893646503 -3048.9349999999995 21.329661617805851 0.84998262709401085 76.083796719149788 17.500000000000004 18.270450000000004 -13038.964999999998 20.48183243048598 26.437817893341421 86.016578291762201 5.5000000000000009 82.531614570409445 0.98747028767589962
decision_type=2 2 2 2 2 2 2 2 2 2 2 2 2 2 2 2 2 2 2 2 2 2 2 2 2 2 2 2 2 2
left_child=3 2 -2 6 -3 -5 -1 -4 9 10 -8 26 -13 14 15 17 23 18 -14 -16 21 22 -15 -17 -21 -26 28 -28 29 -7
right_child=1 4 7 5 -6 11 8 -9 -10 -11 -12 12 13 20 19 16 -18 -19 -20 24 -22 -23 -24 -25 25 -27 27 -29 -30 -31
leaf_value=0.00049978004605141237 -0.00097097442889166751 -0.0028863730324190473 0.00016432721631147451 0.037471292766705001 -0.0020222838115362255 -0.00057055053121270736 0.0069832047492220722 -0.00018361260204756148 -0.0032747041648743093 0.014769491463063842 -0.012200174797956542 0.0006049039929347578 0.010383970953688171 -0.0050620757866600315 0.00090824331436828443 -0.0032316758279802241 -0.0049422765108337353 -0.0075798884855131149 -0.00085106387898961915 -0.0035659930013440394 -0.0024475254268630634 0.0037500472749935638 0.00037939091396429136 0.0021981134621719052 0.0025666731291314319 -0.0061885707459962387 0.0036882330089078098 -0.0050091203543283008 0.0035859890887883217 0.0026024257928963738
leaf_weight=577 313 60 28 12.999999999999998 241 654 168 12.999999999999998 53 154 27 557 29 17.000000000000004 362 13.999999999999998 212 23 26 179 139 12.999999999999998 10.999999999999998 28 68 26 40 106 289 220
leaf_count=577 313 60 28 13 241 654 168 13 53 154 27 557 29 17 362 14 212 23 26 179 139 13 11 28 68 26 40 106 289 220
internal_value=-0.00224249 -0.015458 -0.0108757 -8.11486e-05 -0.0208472 -0.000826173 0.00222165 0.00792683 0.00522388 0.00666189 0.00320513 -0.000921009 -0.00205399 -0.00333479 -0.00178387 -0.00542169 -0.00807087 0.00320513 0.00863636 0.00011811 -0.0116667 -0.00182927 -0.0107143 0.0047619 -0.00320513 0.00265957 0.000553858 -0.00479452 0.00122528 -0.000114416
internal_weight=4660 655 354 4005 301 3026 979 41 402 349 195 3013 1704 1147 967 332 254 78 55 635 180 41 28 42 273 94 1309 146 1163 874
internal_count=4660 655 354 4005 301 3026 979 41 402 349 195 3013 1704 1147 967 332 254 78 55 635 180 41 28 42 273 94 1309 146 1163 874
is_linear=0
shrinkage=0.05


Tree=64
num_leaves=31
num_cat=0
split_feature=4 13 3 8 10 3 6 1 4 6 16 16 13 7 1 3 4 17 17 13 9 10 17 17 6 9 4 17 6 8
split_gain=12.6744 33.4361 7.75276 4.07777 3.7235 3.5989 3.37242 2.24009 1.95165 1.92709 1.83771 2.25352 1.82531 1.76765 3.776 2.14423 2.24 1.84929 3.98135 2.73733 2.73153 2.45593 2.15596 2.32952 2.83233 2.03701 3.09336 2.01571 1.98597 2.01972
threshold=0.23350000000000004 -1.0000000180025095e-35 0.012500000000000002 3.5000000000000004 1030.1650000000002 0.05050000000000001 0.47617402030728689 2.5000000000000004 23.702000000000002 0.12830601987841778 8.2832255730924356 8.566852507932559 -6568.579999999999 2.5000000000000004 1.5000000000000002 0.12250000000000001 3.5460000000000007 84.703454069630411 78.239147405418692 -11553.939999999997 0.18350000000000002 1216.5000000000002 87.567211109478265 86.4960109692164 0.78731502833974354 0.81650000000000011 1.3085000000000002 72.47915239301102 0.27023199753840915 1.5000000000000002
decision_type=2 2 2 2 2 2 2 2 2 2 2 2 2 2 2 2 2 2 2 2 2 2 2 2 2 2 2 2 2 2
left_child=1 3 9 7 -5 -4 -7 -1 10 -3 -2 12 -12 17 15 16 -15 18 20 22 -13 27 23 24 -19 -21 -27 -22 -20 -30
right_child=8 2 5 4 -6 6 -8 -9 -10 -11 11 13 -14 14 -16 -17 -18 19 28 25 21 -23 -24 -25 -26 26 -28 -29 29 -31
leaf_value=-0.0006400617073906642 0.0049781688804672007 -0.0082112079878381757 -0.00082426940628272944 -0.0025585314649664878 7.0424957163736646e-05 0.0025443150922933536 -0.0017095270686781463 -0.0014357432144562442 0.012358523610890093 0.0035404854164354464 -0.0036058152794979179 0.012418791092989335 -0.00044680037982501868 0.00034560982817499199 -1.1405570909261975e-05 -0.0038821521876069246 -0.0017426615989065697 0.0028792301649009479 0.035723953333870018 0.00056283718019835012 0.00681659732136187 0.014458154781256683 0.0032435416293291833 -0.0082665665442233412 -0.0030626684266475026 0.0010394119277588043 -0.011534833230396613 -0.0011434136503995745 -0.0024851625223078545 0.002822174460164445
leaf_weight=227 26 135 60 135 13.999999999999998 72 133 364 14.999999999999998 1122 15.999999999999998 56 17 45 384 43 25 23 15.999999999999998 201 40 14.999999999999998 14.999999999999998 35 28 41 37 618 26 676
leaf_count=227 26 135 60 135 14 72 133 364 15 1122 16 56 17 45 384 43 25 23 16 201 40 15 15 35 28 41 37 618 26 676
internal_value=-0.00217811 -0.00486295 -0.000624179 -0.0135811 -0.0209732 -0.00839623 -0.0052439 -0.0117174 0.000354462 0.00101432 0.000241292 9.54603e-05 -0.0128788 0.00027969 -0.00236419 -0.0103982 -0.005 0.000998905 0.0018141 -0.00210526 -0.000788752 -0.00167162 -0.00915842 -0.0122093 -0.00539216 0.000448029 -0.00641026 -0.00212766 0.00445682 0.00405983
internal_weight=4660 2262 1522 740 149 265 205 591 2398 1257 2383 2357 33 2324 497 113 70 1827 1447 380 729 673 101 86 51 279 78 658 718 702
internal_count=4660 2262 1522 740 149 265 205 591 2398 1257 2383 2357 33 2324 497 113 70 1827 1447 380 729 673 101 86 51 279 78 658 718 702
is_linear=0
shrinkage=0.05


Tree=65
num_leaves=31
num_cat=0
split_feature=5 4 2 5 2 2 4 11 17 11 4 11 5 11 13 0 4 4 17 17 3 4 4 10 0 5 5 10 0 17
split_gain=47.8905 7.47395 5.54327 2.82562 2.54167 1.94905 5.82023 2.21777 2.1724 2.03961 2.03739 2.06104 1.93103 2.51193 2.45168 1.92476 1.92038 3.21429 1.74598 3.56976 2.14652 2.15787 2.64663 2.93603 2.5782 2.24102 1.86684 2.07424 1.82475 2.10404
threshold=20.395050000000001 0.097500000000000017 3.5000000000000004 0.13360000000000002 4.5000000000000009 2.5000000000000004 0.21750000000000003 166.50000000000003 72.785229391660792 1032.0000000000002 0.16750000000000004 10.500000000000002 27.084700000000002 18.500000000000004 -4565.204999999999 1.0000000180025095e-35 0.66750000000000009 0.30250000000000005 82.313754596022818 82.870544436570654 0.13450000000000004 2.3510000000000004 0.48350000000000004 513.83500000000015 15.500000000000002 7.8209000000000009 2.5995000000000004 731.41500000000008 2.5000000000000004 80.539369493869245
decision_type=2 2 2 2 2 2 2 2 2 2 2 2 2 2 2 2 2 2 2 2 2 2 2 2 2 2 2 2 2 2
left_child=3 2 15 -1 -4 8 7 10 16 18 11 -7 13 -3 -15 -2 17 -5 28 -20 21 22 -21 -24 -23 26 27 -25 -8 -30
right_child=1 12 4 5 -6 6 9 -9 -10 -11 -12 -13 -14 14 -16 -17 -18 -19 19 20 -22 24 23 25 -26 -27 -28 -29 29 -31
leaf_value=0.017498602247270845 0.0072675279362395782 -0.0031248706067859913 0.00023276432432857292 -0.0054624836112612072 -7.5657579213399273e-05 0.00026486080587288243 -0.0022835130532852356 -0.0009387741579828066 0.00070234008972524522 -0.0056721369750797005 -0.0023972736019322615 -0.0013604609892492404 -0.0016222123951912457 0.0001179506487524372 -0.0024565990077216773 -0.00088811036207018948 -0.0068239557946096459 0.020492942253673721 0.0077805245266066641 0.0016453352188850524 -0.00078610925181939466 0.010632354127856809 -0.0038439737788265762 0.011974919089620643 -0.0017406374274657856 -0.0066352465536554444 0.0028801700342494466 -0.0030792547928297112 4.7759536207880873e-05 -0.0018293995742180353
leaf_weight=33 9.9999999999999982 75 26 90 10.999999999999998 11.000000000000002 128 29 2266 19 60 9.9999999999999982 183 32 30 326 20 14.999999999999998 54 45 272 28 29 10.000000000000002 17 9.9999999999999982 49 11.999999999999998 712 162
leaf_count=33 10 75 26 90 11 11 128 29 2266 19 60 10 183 32 30 326 20 15 54 45 272 28 29 10 17 10 49 12 712 162
internal_value=-0.00224131 -0.0143939 -0.00958445 -0.000177653 0.00878378 -0.000296443 -0.00161436 -0.0127273 0.000616897 -0.000824176 -0.0169753 -0.00357143 -0.02 -0.0155109 -0.00806452 -0.0116071 -0.0058 -0.00309524 -0.000621728 0.00171103 0.000317797 0.00425 0.00145161 -0.00272727 0.0138889 0.00216049 0.00528169 -0.00681818 -0.00184631 -0.00102975
internal_weight=4774 693 373 4081 37 4048 1657 110 2391 1547 81 21 320 137 62 336 125 105 1528 526 472 200 155 110 45 81 71 22 1002 874
internal_count=4774 693 373 4081 37 4048 1657 110 2391 1547 81 21 320 137 62 336 125 105 1528 526 472 200 155 110 45 81 71 22 1002 874
is_linear=0
shrinkage=0.05


Tree=66
num_leaves=31
num_cat=0
split_feature=5 4 2 2 5 10 10 13 16 5 17 17 17 0 10 14 0 18 14 13 14 14 14 17 14 5 0 5 5 14
split_gain=45.5624 7.81188 6.1969 2.6973 2.55846 2.00313 2.05121 2.84964 1.92436 1.92091 1.91519 3.54843 2.74054 3.0211 2.01735 1.90707 1.89293 1.88431 2.80409 1.86667 1.74975 2.09392 2.05531 2.1449 1.80485 1.80335 3.6045 2.76852 2.06749 2.78005
threshold=20.395050000000001 0.10050000000000002 3.5000000000000004 4.5000000000000009 0.11975000000000001 887.16500000000008 820.65000000000009 -19532.299999999999 9.9613026206330044 27.084700000000002 75.388087133090224 73.266472652803301 85.252946259673806 15.500000000000002 528.80000000000007 5367.2850000000008 1.0000000180025095e-35 1.0000000180025095e-35 32337.785000000003 -7576.1099999999997 7311.6250000000009 18538.640000000003 22535.545000000002 72.604730492320087 16873.015000000003 3.4987500000000007 20.500000000000004 15.658700000000001 2.5306000000000006 39471.225000000013
decision_type=2 2 2 2 2 2 2 2 2 2 2 2 2 2 2 2 2 2 2 2 2 2 2 2 2 2 2 2 2 2
left_child=4 2 16 -4 -1 6 8 -8 10 17 11 14 19 -14 -6 -7 -2 18 -3 -12 -17 24 -23 -24 -22 26 28 -27 29 -25
right_child=1 9 3 -5 5 15 7 -9 -10 -11 12 -13 13 -15 -16 20 -18 -19 -20 -21 21 22 23 25 -26 27 -28 -29 -30 -31
leaf_value=0.018894915636220658 0.0069041515394275988 -0.0025532826886666667 0.00021156319890979145 -7.1874700252728968e-05 -0.010754125491649237 -0.016627015083614995 -0.0069129343269312199 -0.0017325403615296824 -6.6580158897275318e-05 -0.0015534500815778812 -0.0030815918238977094 0.020976973415352491 0.028679295807021124 -0.012122999852356929 0.002623417938803046 0.0073111604033250345 -0.00085300196429476116 -0.0030216374867343011 -0.00057322888843326788 -0.004124008852391373 -0.00013554129856936938 0.0066408387110120761 -0.0066510282445625627 0.02221434905463987 -0.0086227470838101342 -0.0019791330416348398 -0.005461699218186478 0.0053146798981859814 0.016257626310487973 0.00082248833220440192
leaf_weight=17 9.9999999999999982 45 28 10.999999999999998 17.000000000000004 12.999999999999998 37 182 2666 179 35 39 20 12.999999999999998 13.999999999999998 22 329 51 40 105 158 52 24 43 45 131 23 292 37 96
leaf_count=17 10 45 28 11 17 13 37 182 2666 179 35 39 20 13 14 22 329 51 40 105 158 52 24 43 45 131 23 292 37 96
internal_value=-0.00225178 -0.0141053 -0.00925926 0.00961538 -0.000238912 -0.000319882 -0.00092711 -0.00559361 -0.000575799 -0.0199206 -0.00483539 0.00214286 -0.00765896 0.00530303 -0.0104839 0.0017094 -0.0114307 -0.0154412 -0.0108824 -0.0107143 0.00197725 0.00163707 0.00293696 0.00216718 -0.00283251 0.00273312 0.00665829 0.000886525 0.00909091 0.00629496
internal_weight=4774 693 378 39 4081 4064 3128 219 2909 315 243 70 173 33 31 936 339 136 85 140 923 901 698 646 203 622 199 423 176 139
internal_count=4774 693 378 39 4081 4064 3128 219 2909 315 243 70 173 33 31 936 339 136 85 140 923 901 698 646 203 622 199 423 176 139
is_linear=0
shrinkage=0.05


Tree=67
num_leaves=31
num_cat=0
split_feature=5 4 6 5 5 14 0 5 5 0 14 10 14 4 14 14 16 4 4 1 6 6 12 16 0 11 16 10 10 10
split_gain=43.0658 8.41146 3.64675 3.24246 2.81662 2.76805 2.73046 2.71161 2.53635 2.35755 2.20657 2.71462 2.57006 3.18347 3.01097 3.08679 2.62346 2.57992 2.8035 2.3008 3.5172 3.45058 3.06436 2.51495 2.26852 2.08066 2.20557 2.26126 2.04261 2.09862
threshold=20.395050000000001 0.11850000000000001 0.41798842286087839 46.418650000000007 3.5640500000000004 10358.335000000001 12.500000000000002 23.097550000000002 0.11975000000000001 4.5000000000000009 5667.3650000000007 399.62500000000006 14816.650000000001 3.1290000000000004 31500.860000000004 33639.695000000007 8.710414180480738 0.10350000000000001 0.21750000000000003 4.5000000000000009 0.4956057510044688 0.58720197628336834 12385.195000000002 17.508387833885873 13.500000000000002 8.5000000000000018 22.763407709927225 1301.5000000000002 967.33500000000015 620.87500000000011
decision_type=2 2 2 2 2 2 2 2 2 2 2 2 2 2 2 2 2 2 2 2 2 2 2 2 2 2 2 2 2 2
left_child=2 3 4 6 5 -1 -2 9 -4 -3 11 -10 19 14 16 -16 -14 -17 -19 20 24 -21 23 -23 -12 -18 27 -27 29 -28
right_child=1 7 8 -5 -6 -7 -8 -9 10 -11 12 -13 13 -15 15 17 25 18 -20 21 -22 22 -24 -25 -26 26 28 -29 -30 -31
leaf_value=-0.0091291883172955231 -0.00069088480445276548 0.00093665358637224781 0.017261808484639551 -4.0354736068282109e-06 0.0025366394026656081 0.010432697329520979 -0.0010235484180399019 -0.0019532564527199553 0.0096339503082591652 -0.0026115564896522885 -0.019913975690949565 -0.0054575485556866976 0.0053569479095297388 0.00085849366937130469 0.0035335461330140471 0.0054436062327925033 -0.0050931947196265872 -0.0024206490978814304 -0.00055230129875436797 0.013997696792897849 0.0011353408888351375 -0.0058578209354085324 0.016184562421423871 0.00032262118389426997 0.00067936156421394278 -0.0034253474055549434 -0.00023078328330989885 0.020984040737710676 -0.0084574243713910254 0.0074277305861742311
leaf_weight=9.9999999999999982 166 14.999999999999998 15.999999999999998 82 877 97 193 184 17 53 15.000000000000002 32 20 556 62 296 159 126 885 34 260 72 14.999999999999998 38 11.999999999999998 333 58 10.999999999999998 26 54
leaf_count=10 166 15 16 82 877 97 193 184 17 53 15 32 20 556 62 296 159 126 885 34 260 72 15 38 12 333 58 11 26 54
internal_value=-0.00222036 -0.0137446 -0.000263416 -0.0095805 0.00238821 0.0100467 -0.0116295 -0.0210317 -0.00110591 -0.0125 -0.00120902 -0.0117347 -0.00103892 -0.00164346 -0.00256158 -0.00122352 -0.00533283 -0.00174063 -0.00294263 0.00246637 0.00513937 -0.00235849 -0.0062 -0.00909091 -0.012037 -0.00588924 -0.00425311 -0.00639535 0.00108696 0.00401786
internal_weight=4774 693 4081 441 984 107 359 252 3097 68 3081 49 3032 2586 2030 1369 661 1307 1011 446 287 159 125 110 27 641 482 344 138 112
internal_count=4774 693 4081 441 984 107 359 252 3097 68 3081 49 3032 2586 2030 1369 661 1307 1011 446 287 159 125 110 27 641 482 344 138 112
is_linear=0
shrinkage=0.05


Tree=68
num_leaves=31
num_cat=0
split_feature=5 4 5 0 5 5 0 3 11 14 3 10 14 14 2 9 0 17 5 4 15 5 5 10 17 11 16 14 10 17
split_gain=42.7533 8.41146 3.24246 2.73046 2.71161 2.57793 2.35755 2.13152 1.9418 3.76404 2.5501 3.10503 1.83424 1.78017 1.82072 2.6035 1.93603 2.13639 2.20417 3.57897 1.92628 2.46616 4.21277 2.36348 2.2878 2.18679 1.98818 2.85439 2.93953 2.56202
threshold=20.395050000000001 0.11850000000000001 46.418650000000007 12.500000000000002 23.097550000000002 0.11975000000000001 4.5000000000000009 0.012500000000000002 4.5000000000000009 13345.710000000001 0.23050000000000004 3.2500000000000004 9976.0850000000009 3895.4000000000005 4.5000000000000009 0.84500000000000008 7.5000000000000009 78.748529731917486 1.1940000000000002 1.6760000000000004 1.0000000180025095e-35 0.58145000000000013 0.85725000000000018 613.29000000000008 85.857016736466306 9.5000000000000018 15.836786397739321 39626.545000000006 806.16500000000008 76.774911719938231
decision_type=2 2 2 2 2 2 2 2 2 2 2 2 2 2 2 2 2 2 2 2 2 2 2 2 2 2 2 2 2 2
left_child=5 2 3 -2 6 -1 -3 -4 9 12 11 -11 -7 -10 20 16 -16 18 -18 -20 21 24 -23 -24 25 -15 27 -25 -29 -30
right_child=1 4 7 -5 -6 8 -8 -9 13 10 -12 -13 -14 14 15 -17 17 -19 19 -21 -22 22 23 26 -26 -27 -28 28 29 -31
leaf_value=0.017087079430177645 -0.00065634056423012762 0.00088982090705363591 0.00017067829205694371 -0.00097237099713790714 -0.0018555936300839572 -0.00061862662332108631 -0.0024809786651696741 -0.00022362973563419474 -0.0092388831967905923 0.0086031364187172891 -0.0003279476745059018 -0.0026092410318301687 0.0046704869144790218 -0.00070200511713347513 -0.0036387890470581902 -0.0054565743273985463 -0.0048444500960180444 0.0024100285579782724 -0.0026813806405527885 0.010451130843338591 -0.00019543865226121505 -0.01026353660750985 -7.2797574673528004e-05 -0.0030757881251293169 -0.0092494349599677728 0.019609621174563455 0.0072351178153014064 0.022973545367626483 0.0073476013881951414 -0.010293725597948817
leaf_weight=17 166 14.999999999999998 46 193 184 32 53 36 17 42 138 150 35 12.999999999999998 86 18 20 97 41 19 2255 57 438 123 10.999999999999998 66 327 27 20 32
leaf_count=17 166 15 46 193 184 32 53 36 17 42 138 150 35 13 86 18 20 97 41 19 2255 57 438 123 11 66 327 27 20 32
internal_value=-0.00226225 -0.0137446 -0.0095805 -0.0116295 -0.0210317 -0.000312423 -0.0125 -0.000609756 -0.000393701 -0.00371537 -0.00590909 -0.00963542 0.00708955 -3.40878e-05 4.10959e-05 -0.00382562 -0.00256654 0.000423729 -0.005625 -0.000833333 0.000363609 0.00206463 0.00136719 0.00214581 0.01 0.0129747 0.00439509 0.00049505 0.00791139 0.000961538
internal_weight=4774 693 441 359 252 4081 68 82 4064 397 330 192 67 3667 3650 281 263 177 80 60 3369 1114 1024 967 90 79 529 202 79 52
internal_count=4774 693 441 359 252 4081 68 82 4064 397 330 192 67 3667 3650 281 263 177 80 60 3369 1114 1024 967 90 79 529 202 79 52
is_linear=0
shrinkage=0.05


Tree=69
num_leaves=31
num_cat=0
split_feature=5 5 11 0 11 6 13 17 13 5 17 15 5 5 5 5 13 12 0 17 10 10 6 6 17 17 10 12 10 17
split_gain=41.4547 5.72564 3.93243 4.18054 3.28632 3.00293 2.92303 2.25071 1.89542 1.80777 1.69246 1.6388 1.54808 2.08604 1.5768 1.46925 2.92837 2.46802 2.81352 2.7018 2.14074 2.02916 3.10791 2.52952 2.01667 3.09641 2.91347 2.77551 2.72994 2.35217
threshold=20.395050000000001 57.881700000000002 55.500000000000007 13.500000000000002 83.500000000000014 0.41798842286087839 -17884.919999999995 81.892787503235255 -16950.894999999997 0.11975000000000001 76.083796719149788 1.0000000180025095e-35 3.5640500000000004 3.0099500000000003 2.5028000000000001 3.9636500000000003 -21687.074999999997 13225.535000000002 14.500000000000002 84.030405154066656 547.62500000000011 873.20000000000016 0.45473655781229422 0.46767516915543955 75.565652296278344 82.313754596022818 215.75000000000003 3485.4850000000006 276.16500000000002 73.219039583239194
decision_type=2 2 2 2 2 2 2 2 2 2 2 2 2 2 2 2 2 2 2 2 2 2 2 2 2 2 2 2 2 2
left_child=5 2 -2 6 -5 12 7 10 -3 -7 -4 -9 13 14 -1 21 17 19 -19 -17 -20 23 -23 -11 29 26 -26 -28 -27 -25
right_child=1 8 3 4 -6 9 -8 11 -10 15 -12 -13 -14 -15 -16 16 -18 18 20 -21 -22 22 -24 24 25 28 27 -29 -30 -31
leaf_value=0.0083313370380881276 -0.0015145829794200221 -0.00050849253067789262 -0.00018480015248417139 0.0014653041135975478 -0.0010343903816712422 0.015544364088898689 -0.00098021462906978246 -0.0024437471567657475 0.0002497885112357365 -0.0039557815268718545 0.0015728787253221146 0.00028082083657732931 0.0023175269393731711 0.023475929793688857 -0.00084279485637850371 -0.0023730407253149044 -0.00071462944004537096 -0.0033686648098736061 0.0042086734578271386 0.0011073512232643524 -0.00088096926971329434 0.013949296830808018 0.0011064116095500843 -0.003040509020048088 0.0044102798031131485 -0.0056060309929161561 -0.0051947878301414844 -0.0015846930075317678 0.0014020479770782135 0.0046406629058837025
leaf_weight=76 247 9.9999999999999982 13.999999999999998 11.999999999999998 182 15.999999999999998 149 10 33 42 23 13 877 14.999999999999998 15.999999999999998 62 1270 82 12.000000000000002 24 14.999999999999998 15.999999999999998 278 104 42 49 45 447 377 216
leaf_count=76 247 10 14 12 182 16 149 10 33 42 23 13 877 15 16 62 1270 82 12 24 15 16 278 104 42 49 45 447 377 216
internal_value=-0.00229367 -0.0136003 -0.0147692 -0.0117246 -0.0170103 -0.000373683 -0.00681818 0.0025 0.00406977 -0.0011382 0.0101351 -0.00978261 0.00203252 0.00771028 0.0048913 -0.00122525 -0.00237201 -0.00807692 -0.0130734 -0.00174419 0.000925926 -0.000185644 0.00357143 -0.00102118 -0.000625 -0.00177083 -0.00430712 -0.00538618 0.00140845 0.0028125
internal_weight=4774 693 650 403 194 4081 209 60 43 3097 37 23 984 107 92 3081 1465 195 109 86 27 1616 294 1322 1280 960 534 492 426 320
internal_count=4774 693 650 403 194 4081 209 60 43 3097 37 23 984 107 92 3081 1465 195 109 86 27 1616 294 1322 1280 960 534 492 426 320
is_linear=0
shrinkage=0.05


Tree=70
num_leaves=31
num_cat=0
split_feature=5 5 8 3 5 11 14 9 7 0 5 14 10 5 16 5 10 5 14 14 14 11 14 6 6 14 8 11 11 10
split_gain=34.2043 6.83962 3.15697 2.44122 2.34801 2.28046 2.58067 2.8241 2.09216 2.05203 2.52578 1.95675 1.86333 2.34817 1.8404 1.93572 2.67931 2.63043 2.46637 2.55549 2.6156 2.20033 2.10975 2.3658 2.58231 2.94806 2.10176 2.0982 2.60488 1.92974
threshold=20.395050000000001 53.761900000000004 2.5000000000000004 15.4885 71.614300000000014 8.5000000000000018 13697.710000000001 0.84500000000000008 1.5000000000000002 1.5000000000000002 28.711350000000003 16192.265000000001 3.2500000000000004 0.6473500000000002 27.873833326371962 3.6653000000000007 188.37500000000003 1.2166500000000002 5667.3650000000007 7311.6250000000009 10867.475 111.50000000000001 75336.160000000018 0.63231749545743365 0.58081013876273813 221070.95000000004 3.5000000000000004 123.00000000000001 142.50000000000003 385.75000000000006
decision_type=2 2 2 2 2 2 2 2 2 2 2 2 2 2 2 2 2 2 2 2 2 2 2 2 2 2 2 2 2 2
left_child=3 2 9 5 8 6 -1 11 -3 10 -2 -8 -9 -14 15 16 17 -7 -18 -20 -21 29 27 24 25 -24 -22 -23 -29 -17
right_child=1 4 -4 -5 -6 14 7 12 -10 -11 -12 -13 13 -15 -16 21 18 -19 19 20 26 22 23 -25 -26 -27 -28 28 -30 -31
leaf_value=0.00081609764225989425 0.0056049457551670401 0.00026815784515435008 -0.0013353369646690789 0.030314793953941502 0.00062114074014516733 0.0056985163512247583 -0.0055445716569977772 0.026783095834445516 -0.00033222961676705742 -0.00082080815697381656 -0.0011783075673735669 -0.0019555518191056056 0.0054293809843522396 -0.0024469770601047189 0.0023201320285005768 -0.001135742116138075 -0.0051509232665685745 0.014429783518096219 0.02623338292120856 -0.0035805001133822679 0.001392520209313697 0.0062493297388780678 -0.0042934965605811786 -0.0050994090399796438 0.020645545197880883 0.024381769650115449 -0.0016815846364868743 -0.0063002106371835183 0.00021555611850264668 -0.0032344341746296996
leaf_weight=115 11.000000000000002 27 286 15.999999999999998 9.9999999999999982 23 23 23 26 297 17 464 20 145 17 274 15.999999999999998 23 10.999999999999998 63 961 19 245 64 14.999999999999998 23 178 23 1115 168
leaf_count=115 11 27 286 16 10 23 23 23 26 297 17 464 20 145 17 274 16 23 11 63 961 19 245 64 15 23 178 23 1115 168
internal_value=-0.00247986 -0.012908 -0.0145254 -0.00074184 0.00277778 -0.000819265 -0.00322785 -0.00440741 -0.00141509 -0.0111538 0.00178571 -0.00641684 0.000797872 -0.00106061 -0.000231624 -0.000318224 0.00119608 0.0130435 0.000752644 0.00100989 0.000790349 -0.00131038 -0.000398936 -0.00381844 -0.00185512 -0.00298507 0.00133889 0.000626621 0.000351494 -0.00441176
internal_weight=4718 674 611 4044 63 4028 790 675 53 325 28 487 188 165 3238 3221 1275 46 1229 1213 1202 1946 1504 347 283 268 1139 1157 1138 442
internal_count=4718 674 611 4044 63 4028 790 675 53 325 28 487 188 165 3238 3221 1275 46 1229 1213 1202 1946 1504 347 283 268 1139 1157 1138 442
is_linear=0
shrinkage=0.05


Tree=71
num_leaves=31
num_cat=0
split_feature=5 4 5 5 3 14 2 2 4 11 5 9 17 0 0 0 14 6 16 16 11 16 11 6 9 14 17 2 17 6
split_gain=30.8166 9.92609 4.45493 3.27789 2.42885 2.25828 1.94376 3.33261 2.33195 1.85375 2.32947 2.79017 3.70138 2.65405 3.03808 2.49146 2.42439 2.84704 2.36544 4.13793 3.62291 2.28378 2.27295 2.19964 2.17618 3.19088 2.5519 2.46921 1.96371 1.90461
threshold=20.395050000000001 0.12350000000000001 71.614300000000014 23.097550000000002 15.4885 71250.075000000012 3.5000000000000004 4.5000000000000009 0.10050000000000002 4.5000000000000009 1.7079500000000001 0.84500000000000008 84.703454069630411 1.5000000000000002 14.500000000000002 16.500000000000004 18920.095000000005 0.92736824687440256 21.772941875618461 20.184618689586042 113.50000000000001 24.343465853010731 11.500000000000002 0.54003488206278183 0.77500000000000013 13697.710000000001 86.819042647544151 5.5000000000000009 81.999985285330695 0.78087877267862127
decision_type=2 2 2 2 2 2 2 2 2 2 2 2 2 2 2 2 2 2 2 2 2 2 2 2 2 2 2 2 2 2
left_child=4 2 6 5 9 -3 -2 8 -8 24 11 13 16 23 -15 -14 17 -13 19 20 22 -20 -16 -11 25 28 27 -27 -1 -26
right_child=1 3 -4 -5 -6 -7 7 -9 -10 10 -12 12 15 14 18 -17 -18 -19 21 -21 -22 -23 -24 -25 29 26 -28 -29 -30 -31
leaf_value=0.00093627223356836098 -0.00068319102593102782 -0.0023296639711697909 0.00059008370313790937 -0.0018353784395317542 0.028799054256244429 2.4890025644541683e-06 0.00029310482976024275 -0.00016987344789561113 -5.6293328273423694e-05 -0.004650898743687226 -0.00053739410398546126 -0.010191256156220685 0.00035417497504220964 0.0033986798785627828 -0.0024290879673651428 -0.010961397508405968 0.012431698207019781 0.023220141489222881 -0.0051092519311743082 0.014388386162416956 -0.0046677478144276034 -0.0001524433413643278 0.0043696632623181856 -0.00042946222321171845 -0.0050320229517927147 -0.0050944386969028425 0.003230453601772976 0.00029390784502819069 -0.0066275633320800669 0.0038738943564590681
leaf_weight=30 369 44 9.9999999999999982 160 15.999999999999998 17 22 24 28 17 2689 23 31 420 34 15.999999999999998 143 9.9999999999999982 37 14.999999999999998 79 37 32 45 11.999999999999998 225 14.999999999999998 11.999999999999998 10.999999999999998 95
leaf_count=30 369 44 10 160 16 17 22 24 28 17 2689 23 31 420 34 16 143 10 37 15 79 37 32 45 12 225 15 12 11 95
internal_value=-0.00234209 -0.0122404 -0.00800221 -0.0209276 -0.000692384 -0.0110656 -0.00874718 -0.00135135 0.006 -0.000769613 -0.000413451 0.00173056 0.00661435 0.000209497 0.00114679 -0.00585106 0.00994318 -0.00227273 -0.0034188 0 -0.00258621 -0.0108108 0.00606061 -0.00967742 -0.004 -0.00622867 -0.00833333 -0.00959916 0.00670732 0.0021028
internal_weight=4718 674 453 221 4044 61 443 74 50 4028 3628 939 223 716 654 47 176 33 234 160 145 74 66 62 400 293 252 237 41 107
internal_count=4718 674 453 221 4044 61 443 74 50 4028 3628 939 223 716 654 47 176 33 234 160 145 74 66 62 400 293 252 237 41 107
is_linear=0
shrinkage=0.05


Tree=72
num_leaves=31
num_cat=0
split_feature=4 2 2 1 17 16 17 6 1 3 1 11 14 12 16 17 10 16 13 6 10 10 16 16 14 10 6 14 14 13
split_gain=11.1487 22.8677 7.61007 2.44332 2.52223 3.87054 3.22276 3.70217 2.26875 2.23525 2.12686 2.12588 2.06429 1.89524 1.82886 3.05079 2.40565 1.75 1.73273 2.38883 1.61084 1.62067 1.98107 2.24764 2.0534 1.98453 1.86378 1.95639 2.6168 1.62795
threshold=0.23350000000000004 1.5000000000000002 4.5000000000000009 2.5000000000000004 84.190453844111616 11.782028718339921 76.495414693338333 0.4612823475049555 5.5000000000000009 15.4885 4.5000000000000009 98.500000000000014 18292.970000000005 74077.170000000027 16.996599055658468 81.999985285330695 743.50000000000011 24.042734184093607 -42825.554999999993 0.4956057510044688 887.16500000000008 1066.7100000000003 26.203756285920978 23.511793370981461 77523.835000000006 1080.6250000000002 0.47886364168706086 13176.940000000002 105805.69500000002 -1508.7599999999998
decision_type=2 2 2 2 2 2 2 2 2 2 2 2 2 2 2 2 2 2 2 2 2 2 2 2 2 2 2 2 2 2
left_child=1 10 3 11 6 -6 7 -5 12 20 -1 -3 -7 -12 18 -16 17 -17 -13 -20 -2 26 23 24 25 -23 -22 -28 29 -29
right_child=9 2 -4 4 5 8 -8 -9 -10 -11 13 14 -14 -15 15 16 -18 -19 19 -21 21 22 -24 -25 -26 -27 27 28 -30 -31
leaf_value=0.0020638075497470322 -0.00017180229133358928 -0.0010495364335747785 -0.0015546493171879521 0.00088350870765267493 0.014516865029881035 0.000736375060035319 -0.0014124634564931108 -0.00086653492951935739 0.00070916631661634144 0.027359101543432199 -0.0020849467688169978 0.00042550752013122698 -0.0013090028874634938 -0.022917766292421173 0.00098807698460447397 0.0050194651623947971 -0.00094630861397611017 -0.00069241172164691495 -0.00064399149975245264 -0.00066800298616088581 0.0068393399691509208 -0.0062685336048901924 0.0065824804848479525 -0.0049722702909009101 -0.0025973624264926443 0.0032580648793042624 0.0078717327632991645 0.00076324609302599324 0.0069741556592291315 -0.006024271093914119
leaf_weight=883 1988 148 136 49 15.999999999999998 9.9999999999999982 267 114 15.999999999999998 15.999999999999998 304 10.999999999999998 70 73 60 14.000000000000002 17 13.999999999999998 24 52 50 11.999999999999998 19 21 28 104 30 97 32 43
leaf_count=883 1988 148 136 49 16 10 267 114 16 16 304 11 70 73 60 14 17 14 24 52 50 12 19 21 28 104 30 97 32 43
internal_value=-0.00222552 -0.004741 -0.0103143 -0.00861678 -0.0107011 -0.00401786 -0.0124419 -0.00690184 -0.0078125 0.000122951 -0.000238095 -0.00529412 -0.01125 -0.00338196 -0.00182292 0.00261905 -0.00722222 0.00178571 -0.00718391 -0.00986842 0 0.00275229 -0.000815217 -0.00257576 -0.000347222 0.00258621 0.00535714 0.00321782 0.00116279 -0.00178571
internal_weight=4718 2278 1018 882 542 112 430 163 96 2440 1260 340 80 377 192 105 45 28 87 76 2424 436 184 165 144 116 252 202 172 140
internal_count=4718 2278 1018 882 542 112 430 163 96 2440 1260 340 80 377 192 105 45 28 87 76 2424 436 184 165 144 116 252 202 172 140
is_linear=0
shrinkage=0.05


Tree=73
num_leaves=31
num_cat=0
split_feature=5 4 2 4 5 13 3 14 5 10 13 5 5 13 0 13 3 3 4 12 5 6 10 4 14 16 14 16 16 5
split_gain=24.1019 11.7423 7.88316 4.09448 3.06919 2.50306 2.41035 2.25828 1.8922 1.75398 1.81285 1.70838 2.72708 2.34043 2.19431 1.97128 3.16964 1.86845 2.39592 2.069 1.98572 2.30805 2.22928 1.96375 1.82898 1.80494 4.65315 3.33253 2.87575 2.28938
threshold=20.395050000000001 0.12650000000000003 3.5000000000000004 0.10350000000000001 23.097550000000002 -31768.934999999994 15.4885 71250.075000000012 53.761900000000004 887.16500000000008 -58624.149999999987 2.3491500000000003 2.5685500000000006 -47707.579999999994 14.500000000000002 -3498.1649999999995 1.3540000000000003 0.10050000000000002 0.31150000000000005 17152.785000000003 10.354150000000002 0.92455488397609131 778.10000000000014 0.11850000000000001 28931.245000000006 13.380518545247343 45355.885000000002 16.749629993349679 11.40350362100485 1.0131500000000002
decision_type=2 2 2 2 2 2 2 2 2 2 2 2 2 2 2 2 2 2 2 2 2 2 2 2 2 2 2 2 2 2
left_child=6 2 5 -4 7 -2 9 -3 -7 11 -11 15 -13 14 -14 16 25 18 23 -20 21 22 -19 -15 -24 26 -1 -27 -28 -30
right_child=1 4 3 -5 -6 8 -8 -9 -10 10 -12 12 13 17 -16 -17 -18 20 19 -21 -22 -23 24 -25 -26 27 28 -29 29 -31
leaf_value=-0.0037439361087886927 -7.9306597077501159e-05 -0.002173574128915634 0.00028357190163922074 -3.0412159996603266e-05 -0.0017450479987553228 -0.00079402330673220564 0.025991146466260596 6.7814696809406777e-05 7.0774865930434142e-06 0.0029802995016606996 0.00036629820624157762 -0.0040820057295875012 -0.0028227406443823324 -0.00079092978785217933 0.0010810775964708904 0.0031128992085937726 -0.0032230448297302372 0.00096512013818608744 0.0014832852944123649 -0.00024148728060714443 -0.0025073318687684476 -0.0044731225091270534 -0.012935593806311091 -0.0017346052670856944 -0.0010036176791867885 0.0037268202371524839 0.0039389867621433816 2.0182914933453145e-05 -0.0070946733800842715 0.0090063211311814245
leaf_weight=76 58 44 46 43 152 285 15.999999999999998 17 29 30 871 66 66 866 25 462 179 253 123 111 155 153 21 138 34 71 43 259 14.000000000000002 11.999999999999998
leaf_count=76 58 44 46 43 152 285 16 17 29 30 871 66 66 866 25 462 179 253 123 111 155 153 21 138 34 71 43 259 14 12
internal_value=-0.00207715 -0.0108309 -0.0063449 0.00702247 -0.0205399 -0.00954301 -0.0006182 -0.0110656 -0.0113057 -0.000695134 0.00124861 -0.0012552 -0.00212581 -0.00178663 -0.00961538 0.00031362 -0.0014526 -0.00140237 -0.000282714 0.0042735 -0.0036526 -0.00200651 0.000487013 -0.00134462 -0.00863636 0.000684211 -0.00396552 0.00272727 0.00543478 -0.00769231
internal_weight=4718 674 461 89 213 372 4044 61 314 4028 901 3127 2011 1945 91 1116 654 1854 1238 234 616 461 308 1004 55 475 145 330 69 26
internal_count=4718 674 461 89 213 372 4044 61 314 4028 901 3127 2011 1945 91 1116 654 1854 1238 234 616 461 308 1004 55 475 145 330 69 26
is_linear=0
shrinkage=0.05


Tree=74
num_leaves=31
num_cat=0
split_feature=8 3 3 6 11 11 3 0 9 10 3 14 1 12 13 17 14 17 7 3 16 17 6 3 14 14 10 13 16 17
split_gain=2.93075 3.68656 4.40177 2.96851 2.21073 4.53147 2.19995 2.15743 2.14192 4.00456 1.96858 1.80934 1.76886 2.2812 2.17812 1.77083 1.55128 1.53125 1.4752 1.85498 3.17441 1.72857 2.24 1.60952 1.43166 2.98207 2.75238 1.42857 1.69615 1.59386
threshold=3.5000000000000004 0.56150000000000022 0.0035000000000000005 0.97404735508224183 6.5000000000000009 10.500000000000002 0.07350000000000001 7.5000000000000009 0.7320000000000001 587.62500000000011 15.4885 107725.14000000001 2.5000000000000004 24274.040000000005 -9066.7649999999976 73.987735221409935 34426.325000000004 79.843901630092844 1.5000000000000002 0.030500000000000003 21.772941875618461 78.635246285496464 0.94204774094886667 0.042500000000000003 31500.860000000004 47241.360000000008 431.12500000000006 -1.0000000180025095e-35 14.692800721215486 83.07715031070309
decision_type=2 2 2 2 2 2 2 2 2 2 2 2 2 2 2 2 2 2 2 2 2 2 2 2 2 2 2 2 2 2
left_child=1 2 -1 4 -2 7 12 -6 24 -10 -3 -7 14 18 -4 -16 -11 -13 19 20 -14 23 -23 -21 -5 -26 -27 29 -29 -17
right_child=3 10 6 8 5 11 -8 -9 9 16 -12 17 13 -15 15 27 -18 -19 -20 21 -22 22 -24 -25 25 26 -28 28 -30 -31
leaf_value=-0.0004048685363907123 -0.0020165622451199829 0.00037817265544441985 0.0002254644148287674 -0.0028869656395998171 -3.8969452224213445e-05 -0.00055968456647410012 -0.0011244180880305246 0.0074207801814062391 -0.0034916790597209566 0.0024574525600525076 0.024691589142947556 -0.00064503516441399985 0.00040376745947753867 -0.00090580075685270942 -0.0014779135473637233 0.00015752679002501436 -0.0015082031760917623 0.016204168593203113 -0.0011433977356661768 -0.0006301548655386985 -0.00035574369084006994 -0.0011850877063287039 0.00014813985168018394 0.003816435963732621 0.00092901462164346753 0.0034942255992815117 -0.0025318781169824905 0.00035907841841748629 -0.00063876927031043113 -0.0003687418145178617
leaf_weight=1959 67 858 37 60 17 243 800 33 38 26 15.999999999999998 15.999999999999998 25 150 15.999999999999998 52 12.999999999999998 15.999999999999998 33 14.999999999999998 12.999999999999998 25 9.9999999999999982 20 22 9.9999999999999982 60 9.9999999999999982 26 32
leaf_count=1959 67 858 37 60 17 243 800 33 38 26 16 16 25 150 16 52 13 16 33 15 13 25 10 20 22 10 60 10 26 32
internal_value=-0.00199237 -0.0015072 -0.00228824 -0.00519324 -0.00255102 -0.000846154 -0.00458861 0.013 -0.00971616 -0.00292208 0.001373 -0.00336364 -0.00732759 -0.0097079 -0.0033237 -0.00625 0.00833333 0.0078125 -0.00514184 -0.00231481 0.00657895 -0.00714286 -0.015 0.000714286 -0.0131579 -0.00923913 -0.0142857 -0.00416667 -0.0125 -0.000595238
internal_weight=4718 4097 3223 621 392 325 1264 50 229 77 874 275 464 291 173 136 39 32 141 108 38 70 35 35 152 92 70 120 36 84
internal_count=4718 4097 3223 621 392 325 1264 50 229 77 874 275 464 291 173 136 39 32 141 108 38 70 35 35 152 92 70 120 36 84
is_linear=0
shrinkage=0.05


Tree=75
num_leaves=31
num_cat=0
split_feature=5 5 2 14 14 14 10 10 16 16 13 0 14 16 11 16 10 5 13 10 3 11 5 17 0 16 13 13 16 14
split_gain=25.1332 10.476 3.90336 3.46918 3.94546 4.57239 3.54553 2.20855 2.49233 2.11593 3.63789 3.00951 3.67182 2.46016 3.52072 2.76659 4.65982 2.98529 3.99063 2.95864 2.44502 2.35749 2.28326 2.18888 2.28943 2.10139 3.4616 3.34498 2.57973 2.07778
threshold=20.395050000000001 53.761900000000004 5.5000000000000009 38619.960000000006 115242.77500000001 105805.69500000002 309.25000000000006 873.20000000000016 8.710414180480738 26.00327529733875 -5409.0999999999995 10.500000000000002 35822.665000000008 13.770475124015402 783.00000000000011 15.178899352222233 583.25000000000011 2.9247000000000001 -86263.874999999985 731.41500000000008 1.5090000000000001 8.5000000000000018 0.62320000000000009 78.748529731917486 7.5000000000000009 22.724911233596831 -41861.134999999995 -4148.9399999999987 22.160939741486516 22869.565000000006
decision_type=2 2 2 2 2 2 2 2 2 2 2 2 2 2 2 2 2 2 2 2 2 2 2 2 2 2 2 2 2 2
left_child=7 2 3 -2 5 6 -5 9 -9 13 11 22 -13 -1 15 16 -15 18 -17 25 -12 23 -11 24 -20 26 -19 -27 -28 -18
right_child=1 -3 -4 4 -6 -7 -8 8 -10 10 20 12 -14 14 -16 17 29 19 21 -21 -22 -23 -24 -25 -26 27 28 -29 -30 -31
leaf_value=-0.0011332267781459849 -0.00096874375247054875 0.00011150413999157089 -0.0017708183081343737 0.00014958197419334825 -0.0010443148705727955 0.0041798502064162293 -0.00052347505255104167 0.021440403794613361 0.00062316333645487951 0.0077773704431086561 -0.0012873635666908593 0.0021575446426196133 -0.0029835038112708046 0.014100060821129634 0.027254807962280865 0.014561340922040989 -0.011488075221254036 -0.0030901375039137954 0.00051878673817588037 -0.003853983742177239 0.016778098207416086 0.0016929325008763541 -0.0079457435025544788 0.00047760313507857479 -0.0071765731038837327 0.0054458863262100447 -0.00048384366048467853 0.00012443833928937054 -0.002533443197719254 -0.00038875239542813248
leaf_weight=933 298 59 62 38 64 15.999999999999998 166 35 939 9.9999999999999982 192 12.999999999999998 44 95 38 23 10.999999999999998 38 27 111 24 443 68 119 55 46 522 168 40 34
leaf_count=933 298 59 62 38 64 16 166 35 939 10 192 13 44 95 38 23 11 38 27 111 24 443 68 119 55 46 522 168 40 34
internal_value=-0.00169626 -0.0104196 -0.0122671 -0.0109966 -0.00704225 -0.00386364 -0.00588235 -0.000173784 0.00189938 -0.000834971 -0.00448718 -0.0109259 -0.00219298 -0.00036071 0.000734463 0.000404157 0.00714286 -0.000188442 0.00236132 -0.00202703 -0.000462963 0.00163043 -0.0173077 -0.0028607 -0.00914634 -0.000982801 -0.0025 0.00327103 -0.00151246 -0.00611111
internal_weight=4731 703 644 582 284 220 204 4028 974 3054 351 135 57 2703 1770 1732 140 1592 667 925 216 644 78 201 82 814 600 214 562 45
internal_count=4731 703 644 582 284 220 204 4028 974 3054 351 135 57 2703 1770 1732 140 1592 667 925 216 644 78 201 82 814 600 214 562 45
is_linear=0
shrinkage=0.05


Tree=76
num_leaves=31
num_cat=0
split_feature=5 5 2 7 5 2 10 0 5 17 6 17 13 2 5 12 2 1 0 9 2 10 6 13 5 7 16 7 5 15
split_gain=22.1326 9.1153 4.39085 3.29848 2.51004 3.45132 2.60833 2.50819 2.15707 2.20818 2.31849 2.01937 2.00163 1.99517 3.01786 1.9944 1.83642 1.83464 1.85626 1.82089 1.75225 1.71805 2.43101 2.24675 1.75868 1.76389 1.82861 1.70682 1.66698 1.60379
threshold=20.395050000000001 44.038950000000007 4.5000000000000009 3.5000000000000004 30.470800000000001 3.5000000000000004 309.25000000000006 15.500000000000002 0.30240000000000006 84.448320426317807 0.82733038545984983 80.023135304271861 -6816.6599999999989 3.5000000000000004 53.761900000000004 911.25500000000011 3.5000000000000004 2.5000000000000004 15.500000000000002 0.84500000000000008 4.5000000000000009 873.20000000000016 0.53626198271711323 -68102.454999999987 2.7833000000000001 1.5000000000000002 8.8275008826318047 1.0000000180025095e-35 32.142300000000013 1.0000000180025095e-35
decision_type=2 2 2 2 2 2 2 2 2 2 2 2 2 2 2 2 2 2 2 2 2 2 2 2 2 2 2 2 2 2
left_child=8 2 4 13 16 6 -6 -7 9 10 -1 19 -11 14 -3 -10 -2 18 27 -12 -15 -17 23 -23 -25 26 -26 -8 -19 -28
right_child=1 3 -4 -5 5 7 17 -9 15 12 11 -13 -14 20 -16 21 -18 28 -20 -21 -22 22 -24 24 25 -27 29 -29 -30 -31
leaf_value=0.022599962602124091 -0.0011698118793827858 -0.00049904303033380113 -0.0017816073983785324 -0.00044890030678852656 0.00011657682251623031 0.00010024326750145002 -0.00055783329113995241 -0.00013202174004575546 -0.0012074403279434126 -0.0099796150290538677 -0.0035254730475709818 0.0086130691548530255 0.011214932254154581 0.00040314889358977757 0.00021482842355372499 -0.00045442354229126015 -0.0012841508948367138 0.0010185970705066181 -0.0006294407218777429 0.0063475115719955899 3.0869786479349737e-05 0.0026372164405346205 -0.00060265297035879686 0.009961989541857964 0.044052871351200555 -0.00098020682121554019 0.0098665726809305365 0.00027994804469164277 -0.00079130106210389267 -0.00070851107661803472
leaf_weight=56 151 18 120 14.999999999999998 33 22 26 14.999999999999998 51 15.999999999999998 33 21 18 25 24 2873 75 13.999999999999998 25 17 27 11.999999999999998 380 72 12.999999999999998 20 166 27 86 280
leaf_count=56 151 18 120 15 33 22 26 15 51 16 33 21 18 25 24 2873 75 14 25 17 27 12 380 72 13 20 166 27 86 280
internal_value=-0.00166455 -0.00985064 -0.0122896 0.00344037 -0.0101266 -0.00665323 -0.00912322 0.00743243 -0.000235849 0.00543478 0.00846457 0.00246479 -0.00588235 0.00691489 -0.00119048 -0.000471942 -0.0139381 -0.0115169 -0.00576923 -0.003 0.0134615 -0.000340671 0.00151113 0.0035968 0.00313067 0.00203549 0.00266885 -0.000471698 -0.016 0.00213004
internal_weight=4731 703 594 109 474 248 211 37 4028 161 127 71 34 94 42 3867 226 178 78 50 52 3816 943 563 551 479 459 53 100 446
internal_count=4731 703 594 109 474 248 211 37 4028 161 127 71 34 94 42 3867 226 178 78 50 52 3816 943 563 551 479 459 53 100 446
is_linear=0
shrinkage=0.05


Tree=77
num_leaves=31
num_cat=0
split_feature=5 4 2 5 12 13 14 1 5 5 14 11 5 11 17 10 4 11 14 3 5 0 17 11 14 14 1 14 10 5
split_gain=21.5389 13.7187 10.2779 2.4428 2.33474 2.15198 3.18751 2.23362 2.09264 2.07068 2.14293 2.22727 1.86207 2.06506 4.71284 1.90891 1.85224 1.90445 2.79114 3.02885 1.88431 1.8181 1.93773 1.57578 2.26516 2.97462 2.67618 2.68115 1.98686 1.70334
threshold=20.395050000000001 0.13250000000000003 3.5000000000000004 53.761900000000004 911.25500000000011 -31768.934999999994 119385.36000000002 1.5000000000000002 40.10840000000001 23.097550000000002 59942.245000000003 64.500000000000014 0.30240000000000006 11.500000000000002 85.175661779010923 407.62500000000006 0.076500000000000012 6.5000000000000009 59590.81500000001 0.012500000000000002 35.880000000000003 12.500000000000002 79.20761830183703 783.00000000000011 18920.095000000005 24404.775000000005 2.5000000000000004 10627.450000000003 1175.5000000000002 3.5640500000000004
decision_type=2 2 2 2 2 2 2 2 2 2 2 2 2 2 2 2 2 2 2 2 2 2 2 2 2 2 2 2 2 2
left_child=4 2 3 5 -1 6 7 -2 -7 10 -3 -12 13 15 -15 -6 -4 -18 19 -19 -20 -17 -23 -14 26 -26 -25 28 -28 -27
right_child=1 9 16 -5 12 8 -8 -9 -10 -11 11 -13 23 14 -16 21 17 18 20 -21 -22 22 -24 24 25 29 27 -29 -30 -31
leaf_value=-0.0011470683115462428 0.00029779062850762152 -0.0018333589414098531 0.00045918058079496145 6.3006994283787424e-05 0.0088965699956948755 -0.00069963892918711444 -0.0013014121032175468 -0.00044592250342870705 -0.00057500464175665037 -0.0014664962059250126 -0.0021118666566042553 0.0031229722967649476 -0.00038522036003806851 0.018104402273331321 -0.004365187240339608 -0.0081625951888807842 8.2626320342485412e-05 -0.00021972884371408154 -3.9661077328079566e-05 3.5918962289398919e-05 0.00015724244605862283 -0.0026501063035618225 0.0081555609034074886 0.003709788212708526 0.021070619278900679 0.0083200906228976853 0.016862872516902733 -0.0092406346358676287 -0.012849099677087916 0.00030125245720730859
leaf_weight=55 11.999999999999998 43 20 28 24 267 20 27 27 152 11.000000000000002 10.999999999999998 3096 71 14.999999999999998 21 10.999999999999998 13.999999999999998 9.9999999999999982 26 24 14.000000000000002 11.999999999999998 76 62 70 14.000000000000002 71 14.999999999999998 412
leaf_count=55 12 43 20 28 24 267 20 27 27 152 11 11 3096 71 15 21 11 14 10 26 24 14 12 76 62 70 14 71 15 412
internal_value=-0.00163285 -0.00970839 -0.00504115 -0.00885827 -0.000223436 -0.00998584 -0.00127119 0.00705128 -0.0117347 -0.0201613 -0.0126923 0 -8.18022e-05 0.00525478 0.0104651 -0.00105634 0.00880952 0.00558824 0.0027027 -0.00625 0.0132353 -0.00691489 0.00192308 -0.000301363 0.00180556 0.00340074 -0.003125 -0.0085 0.00431034 0.00207469
internal_weight=4731 703 486 381 4028 353 59 39 294 217 65 22 3973 157 86 71 105 85 74 40 34 47 26 3816 720 544 176 100 29 482
internal_count=4731 703 486 381 4028 353 59 39 294 217 65 22 3973 157 86 71 105 85 74 40 34 47 26 3816 720 544 176 100 29 482
is_linear=0
shrinkage=0.05


Tree=78
num_leaves=31
num_cat=0
split_feature=5 4 2 5 5 2 16 10 1 7 11 12 10 5 16 16 10 17 4 11 12 8 17 17 11 3 16 11 1 16
split_gain=20.0774 14.2388 10.2212 2.38021 2.26572 2.48731 2.73516 2.21734 2.05383 2.12279 2.02199 2.06429 1.86699 1.81478 2.88621 3.41804 2.15909 1.76753 1.72563 1.79078 2.42576 1.62339 1.61317 1.79282 1.58607 1.83992 1.43399 2.14227 2.03679 2.72175
threshold=20.395050000000001 0.13250000000000003 3.5000000000000004 23.097550000000002 53.761900000000004 2.5000000000000004 10.767331256319656 309.25000000000006 2.5000000000000004 1.0000000180025095e-35 55.500000000000007 16847.190000000006 846.46000000000015 0.2788000000000001 11.40350362100485 17.976358589321379 731.41500000000008 84.030405154066656 0.076500000000000012 6.5000000000000009 42354.480000000003 1.5000000000000002 76.02062962905832 82.976508866592297 243.50000000000003 0.021500000000000002 9.9613026206330044 1204.5000000000002 2.5000000000000004 25.809720231045578
decision_type=2 2 2 2 2 2 2 2 2 2 2 2 2 2 2 2 2 2 2 2 2 2 2 2 2 2 2 2 2 2
left_child=13 2 4 10 5 7 -7 22 9 12 -3 -12 -9 14 -1 -16 -17 -10 -4 -20 24 -19 -2 -24 25 -21 27 -15 29 -28
right_child=1 3 18 -5 -6 6 -8 8 17 -11 11 -13 -14 26 15 16 -18 21 19 20 -22 -23 23 -25 -26 -27 28 -29 -30 -31
leaf_value=0.028810995972277032 -0.00051186516060796466 -0.0018814896122702929 0.0004362215517552129 -0.0013931713956287621 5.9856644569597496e-05 0.015089468620636082 -0.0009647564594342517 -0.00074551167463379688 -0.00074485162944765777 0.00028290109708224015 -0.0019675409364637414 0.0018247824844970515 0.00078210984209651233 -0.0018920177064654432 -0.0020703044485206323 0.0030496746692519117 0.022930327137437746 -0.0008495787278198192 7.8495004325360856e-05 -5.4269327334857677e-05 0.00011328844771019975 0.0002119162143573411 0.008040408857748739 -0.00089522093091638083 -0.00019216173826133097 5.6669182386719784e-05 0.000814061671474986 0.033175132836287646 -0.00050564683510763431 -0.0016247279189781326
leaf_weight=21 11.999999999999998 37 20 152 28 12.999999999999998 95 34 86 35 10.000000000000002 18 14.999999999999998 317 58 36 19 12.000000000000002 10.999999999999998 16.000000000000004 29 17 21 12.999999999999998 13.999999999999998 14.999999999999998 1240 14.999999999999998 2120 202
leaf_count=21 12 37 20 152 28 13 95 34 86 35 10 18 15 317 58 36 19 12 11 16 29 17 21 13 14 15 1240 15 2120 202
internal_value=-0.00148489 -0.00928165 -0.00452675 -0.0199309 -0.00833333 -0.00941926 -0.0157407 -0.00663265 -0.0089196 -0.00297619 -0.0119231 -0.00178571 -0.00969388 -0.000124131 0.00559701 0.00243363 0.0113636 -0.0132609 0.00928571 0.00617647 0.00337838 -0.00258621 0.00326087 0.00882353 -0.00388889 0.00241935 -0.000321007 -0.00346386 -2.80741e-05 0.00142164
internal_weight=4731 703 486 217 381 353 108 245 199 84 65 28 49 4028 134 113 55 115 105 85 74 29 46 34 45 31 3894 332 3562 1442
internal_count=4731 703 486 217 381 353 108 245 199 84 65 28 49 4028 134 113 55 115 105 85 74 29 46 34 45 31 3894 332 3562 1442
is_linear=0
shrinkage=0.05


Tree=79
num_leaves=31
num_cat=0
split_feature=2 6 0 7 11 16 6 10 12 16 2 17 6 12 10 1 11 6 0 10 6 10 2 17 1 16 16 12 2 10
split_gain=4.58296 1.95321 2.66297 2.06321 2.02689 2.78394 2.79596 1.9029 1.89918 1.87013 1.81947 1.9566 2.39583 1.82504 1.6364 2.1387 2.33836 3.68812 2.78616 2.24924 2.17528 2.13216 2.10075 2.03178 1.97661 1.82434 1.94053 1.76471 1.74897 2.89226
threshold=4.5000000000000009 0.99217473619663388 1.0000000180025095e-35 1.0000000180025095e-35 170.50000000000003 14.810079678401861 0.88157700852377452 692.58500000000015 911.25500000000011 11.884155619540737 5.5000000000000009 84.190453844111616 0.81115194921972866 34504.125000000007 753.87500000000011 2.5000000000000004 306.50000000000006 0.9358377798968549 16.500000000000004 816.50000000000011 0.17740856179807207 731.41500000000008 3.5000000000000004 80.391252939456763 2.5000000000000004 27.873833326371962 27.712592371445911 13816.210000000001 3.5000000000000004 254.37500000000003
decision_type=2 2 2 2 2 2 2 2 2 2 2 2 2 2 2 2 2 2 2 2 2 2 2 2 2 2 2 2 2 2
left_child=8 4 -3 7 5 6 -2 -4 -1 -8 11 12 13 -6 21 -16 18 20 19 -17 -18 25 24 -21 -23 26 28 -20 -10 -30
right_child=1 2 3 -5 10 -7 9 -9 14 -11 -12 -13 -14 -15 15 16 17 -19 27 23 -22 22 -24 -25 -26 -27 -28 -29 29 -31
leaf_value=-0.00095745625814509523 -0.0027181846166925414 0.0031049128183996051 -0.0012509930078445947 -0.0018011929866747216 -0.0024904525466570432 5.645996709324544e-05 0.0033301720079642661 9.0283136642654171e-05 -0.00023424599703582294 -0.0015858685423373259 -0.0017596485861104635 -0.0071318270419890419 0.0016311969763777856 0.00050131481641288445 0.001016796970298975 0.0043085896564526022 0.020485962870643512 -0.0081468708103412148 -0.0065362333926735662 0.0007801286145072972 -0.00063418241717082551 -9.8788544795853223e-05 0.00034855979471000166 -0.00078728435431346666 -0.0055226112286279605 0.0019148879033155431 -0.0045378910171162854 -0.00037936325355003228 0.0005050068566692812 -0.0010059475141376457
leaf_weight=57 32 9.9999999999999982 41 122 17.000000000000004 156 22 14.999999999999998 2136 13.999999999999998 26 18 15.999999999999998 12.999999999999998 529 46 65 17 9.9999999999999982 23 766 24 12.999999999999998 35 57 12.999999999999998 37 24 13.999999999999998 363
leaf_count=57 32 10 41 122 17 156 22 15 2136 14 26 18 16 13 529 46 65 17 10 23 766 24 13 35 57 13 37 24 14 363
internal_value=-0.00155887 -0.0060757 -0.0101064 -0.0115169 -0.00366242 -0.00111607 -0.00955882 -0.00357143 -0.0010227 0 -0.01 -0.00546875 0 -0.00833333 -0.000898849 0.000412541 -0.000963489 -0.00194575 0.00507246 0.00913462 -0.00147413 -0.00164659 -0.00904255 0.00258621 -0.012037 -0.00137534 -0.00147059 -0.00735294 -0.00130322 -0.00444297
internal_weight=4731 502 188 178 314 224 68 56 4229 36 90 64 46 30 4172 1515 986 848 138 104 831 2657 94 58 81 2563 2550 34 2513 377
internal_count=4731 502 188 178 314 224 68 56 4229 36 90 64 46 30 4172 1515 986 848 138 104 831 2657 94 58 81 2563 2550 34 2513 377
is_linear=0
shrinkage=0.05


Tree=80
num_leaves=31
num_cat=0
split_feature=5 4 8 5 5 3 10 10 16 0 3 4 4 4 4 14 10 0 10 11 7 0 14 14 14 14 5 4 6 6
split_gain=23.2258 9.01709 5.0345 3.25591 3.12207 2.02644 2.00207 1.94322 1.91529 1.84621 1.65859 1.49869 2.25647 2.32799 2.2556 2.24393 2.21997 3.05874 2.95537 2.27311 2.31016 2.04046 2.03104 2.45 1.88075 2.29714 2.44615 2.83893 1.66813 2.26376
threshold=20.036550000000002 0.14050000000000004 3.5000000000000004 0.13360000000000002 53.761900000000004 1.0000000180025095e-35 640.16500000000008 1002.8350000000002 27.873833326371962 1.0000000180025095e-35 0.018500000000000003 0.40550000000000008 0.10350000000000001 0.20650000000000002 0.35600000000000004 21746.445000000003 447.25000000000006 9.5000000000000018 645.58500000000015 756.50000000000011 1.0000000180025095e-35 5.5000000000000009 16570.725000000002 13345.710000000001 119385.36000000002 105805.69500000002 10.354150000000002 0.18750000000000003 0.62559509089814569 0.57744465616611473
decision_type=2 2 2 2 2 2 2 2 2 2 2 2 2 2 2 2 2 2 2 2 2 2 2 2 2 2 2 2 2 2
left_child=3 2 4 -1 9 -4 -6 -3 11 -2 -7 12 -5 24 15 22 17 -17 -18 -20 -21 -16 23 -15 25 26 -14 -28 29 -13
right_child=1 7 5 8 6 10 -8 -9 -10 -11 -12 28 13 14 21 16 18 -19 19 20 -22 -23 -24 -25 -26 -27 27 -29 -30 -31
leaf_value=0.0064082081865056931 0.0059085794729743877 -0.0015286676263527657 -0.00018322302466762947 -0.00043526109556941696 -0.00029409193687979511 0.00023266863552400888 0.00030779842206517943 -0.00083759635995926467 0.0026486361647311283 -0.0004816182131748344 2.9442716815712006e-05 0.00038486453141120536 0.020131794701482034 0.0024714821367115129 0.00074265838803971309 -0.0031327391732305283 -0.011032318925194457 0.0062233226826272636 0.0034363481678827638 0.00033402119902982142 -0.005076071350356837 -0.0054884321707587835 0.0018761507990075928 -0.0045733523484281528 -0.0066224313429261066 0.0040549078101138336 -0.0014546450884364737 -0.0032501379376600418 -0.00019188434344948326 0.006367694170299254
leaf_weight=29 18 153 10.999999999999998 1284 20 21 23 12.999999999999998 20 388 20 423 10.999999999999998 45 15.999999999999998 15.999999999999998 33 39 49 17 15.999999999999998 51 26 14.999999999999998 36 15.999999999999998 173 45 1569 128
leaf_count=29 18 153 11 1284 20 21 23 13 20 388 20 423 11 45 16 16 33 39 49 17 16 51 26 15 36 16 173 45 1569 128
internal_value=-0.00173582 -0.0103823 -0.00703593 -0.000314272 -0.00874165 0.00769231 0.00406977 -0.0204819 -0.000434459 -0.0100985 0.0128049 -0.000511477 -0.00153602 -0.00405629 -0.00116099 0.000976562 -0.00235294 0.00590909 -0.00630435 -0.00121951 -0.0113636 -0.00932836 0.00755814 0.0025 -0.00738434 -0.00581633 -0.00709607 -0.00825688 0.000400943 0.0027677
internal_weight=4724 667 501 4057 449 52 43 166 4028 406 41 4008 1888 604 323 256 170 55 115 82 33 67 86 60 281 245 229 218 2120 551
internal_count=4724 667 501 4057 449 52 43 166 4028 406 41 4008 1888 604 323 256 170 55 115 82 33 67 86 60 281 245 229 218 2120 551
is_linear=0
shrinkage=0.05


Tree=81
num_leaves=31
num_cat=0
split_feature=5 5 14 14 8 0 5 14 6 0 2 2 10 11 17 14 6 11 14 0 0 3 12 12 0 5 17 12 5 6
split_gain=20.0013 5.00776 3.58948 4.01111 3.52223 2.65239 2.60948 2.51429 2.76571 2.42811 2.37083 3.10218 1.78135 2.04167 1.64232 1.5502 1.66688 1.37619 1.36151 1.28571 2.01891 1.35758 1.25233 1.90367 1.46746 1.94728 1.28178 2.41249 1.85938 1.48237
threshold=20.036550000000002 46.418650000000007 71250.075000000012 115242.77500000001 2.5000000000000004 8.5000000000000018 0.13360000000000002 105805.69500000002 0.94204774094886667 20.500000000000004 3.5000000000000004 4.5000000000000009 650.12500000000011 397.50000000000006 83.283465335784669 27221.920000000002 0.52373240519485875 123.00000000000001 3895.4000000000005 6.5000000000000009 1.0000000180025095e-35 0.040500000000000008 911.25500000000011 1965.95 17.500000000000004 5.088000000000001 72.207311419098531 19143.490000000002 8.4051500000000008 0.12830601987841778
decision_type=2 2 2 2 2 2 2 2 2 2 2 2 2 2 2 2 2 2 2 2 2 2 2 2 2 2 2 2 2 2
left_child=6 2 4 7 5 19 -1 8 -4 14 12 -12 -3 -14 -7 -16 -17 -13 -8 20 -2 -21 24 -24 25 -20 27 -25 -29 -28
right_child=1 10 3 -5 -6 9 18 -9 -10 -11 11 17 13 -15 15 16 -18 -19 22 21 -22 -23 23 26 -26 -27 29 28 -30 -31
leaf_value=0.0060877977771804041 0.005655985799494753 -0.00032305036390916367 -0.00036049851071572953 -0.00085800100424823366 -0.0011120099761347273 -0.00071273694021386504 -0.0033998040004549843 0.0048298756558846608 0.00026263632741826276 4.9954103430539798e-05 0.00038610346970044396 -0.00012914084928778298 0.0004224654531707749 -0.00045586289646078751 -0.001064208586557254 -0.00056182177178419753 0.00015224698668665494 8.1885031881712839e-05 0.00037958959795316718 0.00048801707315007382 -0.00056709861977648766 -0.00053531760278079446 0.0024902076099452344 -0.0085845412538869577 -0.0052521951576301384 -0.0039647143345932709 -0.0039733557183917276 0.0085543069574185449 -0.013658987599461976 -8.072945456304437e-05
leaf_weight=29 11.999999999999998 21 50 54 195 90 21 10.999999999999998 20 28 25 14.000000000000002 12.000000000000002 11.999999999999998 13.999999999999998 11.000000000000002 15.999999999999998 9.9999999999999982 31 11.000000000000002 51 9.9999999999999982 82 19 18 10.999999999999998 142 20 19 3665
leaf_count=29 12 21 50 54 195 90 21 11 20 28 25 14 12 12 14 11 16 10 31 11 51 10 82 19 18 11 142 20 19 3665
internal_value=-0.00160881 -0.00963268 -0.0113874 -0.00425926 -0.0135845 -0.0095679 -0.000289623 0.00277778 -0.000714286 -0.0133648 0.00106383 0.00867347 -0.00722222 0.00208333 -0.0162214 -0.00792683 -0.000925926 -0.00416667 -0.000397219 -0.00238095 -0.00595238 0.00833333 -0.000330671 -0.000221687 -0.0075 -0.00238095 -0.00038163 -0.00775862 -0.000641026 -0.000269241
internal_weight=4724 667 573 135 438 243 4057 81 70 159 94 49 45 24 131 41 27 24 4028 84 63 21 4007 3947 60 42 3865 58 39 3807
internal_count=4724 667 573 135 438 243 4057 81 70 159 94 49 45 24 131 41 27 24 4028 84 63 21 4007 3947 60 42 3865 58 39 3807
is_linear=0
shrinkage=0.05


Tree=82
num_leaves=31
num_cat=0
split_feature=5 4 2 7 4 14 16 0 5 14 17 0 17 0 4 3 1 10 3 3 7 14 13 1 10 3 16 1 13 16
split_gain=18.5302 9.97332 12.7766 4.02421 2.53726 1.95266 1.8951 1.88389 1.8006 1.8 1.74082 1.57827 2.06983 1.53125 1.46302 1.85823 1.94444 1.72299 1.65548 1.55183 2.94346 1.35463 1.34914 1.09181 1.07156 1.03341 0.999882 2.97008 4.61889 2.7633
threshold=20.036550000000002 0.14050000000000004 3.5000000000000004 1.5000000000000002 23.702000000000002 71250.075000000012 27.873833326371962 1.0000000180025095e-35 23.097550000000002 28117.240000000002 79.026973577481911 20.500000000000004 76.02062962905832 21.500000000000004 0.065500000000000017 0.032500000000000008 5.5000000000000009 364.75000000000006 0.054500000000000007 0.0015000000000000002 1.0000000180025095e-35 3895.4000000000005 -6670.5899999999992 1.5000000000000002 727.1450000000001 0.07350000000000001 9.9613026206330044 2.5000000000000004 -1508.7599999999998 9.0125515990533405
decision_type=2 2 2 2 2 2 2 2 2 2 2 2 2 2 2 2 2 2 2 2 2 2 2 2 2 2 2 2 2 2
left_child=4 2 7 -4 6 25 21 9 -7 -2 -5 14 -13 -14 15 16 19 22 -17 23 -21 -1 -16 -9 -12 -3 27 28 -23 -29
right_child=1 5 3 10 -6 8 -8 11 -10 -11 24 12 13 -15 17 18 -18 -19 -20 20 -22 26 -24 -25 -26 -27 -28 29 -30 -31
leaf_value=-0.0032298138004322346 0.005373186509520015 -0.0014022071668283816 0.00020781788250725313 9.1480308670331006e-05 0.0061234360916553104 0.00028034627060660803 0.0025202408292227252 -0.00020370160405228308 -0.001695925365598182 -0.0027863968180226652 -1.1349172340668901e-05 -0.00085756816414481467 0.0023672956512268404 -0.00065090364258838657 0.0017684680545092001 -0.00063452386189100378 0.00037250817355352216 -0.00086522467694601026 -0.00037799317396939734 -0.00011623651570067951 0.00036396264419667274 -0.0080659546542222304 -0.00091022708075100137 -0.00067163026598779721 -0.00018346586528224934 -0.0011016994679581046 -8.3491139399605185e-05 0.0028424475390724348 -0.0013349593712156716 -0.0034679028007686221
leaf_weight=21 10.000000000000002 110 56 21 20 16.000000000000004 20 13.999999999999998 13.999999999999998 9.9999999999999982 21 10.999999999999998 15.999999999999998 15.999999999999998 12.000000000000002 47 21 118 14.999999999999998 41 18 53 10.999999999999998 32 10.999999999999998 26 3643 147 75 78
leaf_count=21 10 110 56 21 20 16 20 14 14 10 21 11 16 16 12 47 21 118 15 41 18 53 11 32 11 26 3643 147 75 78
internal_value=-0.00153472 -0.00925787 -0.00573852 0.00940367 -0.000264974 -0.0198795 -0.000352985 -0.00994898 -0.00833333 0.005 -0.000471698 -0.0107527 -0.00174419 0.0046875 -0.0119301 -0.00904255 -0.00555556 -0.0157801 -0.016129 -0.00833333 -0.0029661 -0.000429425 -0.00326087 -0.0152174 -0.0078125 -0.0224265 -0.000362863 -0.00290368 -0.00898438 0.000555556
internal_weight=4724 667 501 109 4057 166 4037 392 30 20 53 372 43 32 329 188 126 141 62 105 59 4017 23 46 32 136 3996 353 128 225
internal_count=4724 667 501 109 4057 166 4037 392 30 20 53 372 43 32 329 188 126 141 62 105 59 4017 23 46 32 136 3996 353 128 225
is_linear=0
shrinkage=0.05


Tree=83
num_leaves=31
num_cat=0
split_feature=5 4 2 3 14 0 5 4 14 5 11 2 14 5 12 3 14 0 6 18 0 10 11 0 2 5 13 15 14 5
split_gain=18.374 9.57743 12.5541 3.09252 2.2281 1.91203 1.90549 1.86433 1.8 1.64252 2.58839 1.47449 1.38168 1.2577 2.0119 1.22308 1.14522 1.3603 1.35105 2.77565 1.8046 1.59338 1.12508 1.12005 1.07191 2.20106 1.06669 0.93108 1.71007 1.99794
threshold=20.036550000000002 0.14250000000000002 3.5000000000000004 1.0000000180025095e-35 71250.075000000012 1.0000000180025095e-35 23.097550000000002 23.702000000000002 28117.240000000002 36.613600000000012 154.50000000000003 2.5000000000000004 3895.4000000000005 53.761900000000004 23216.660000000003 0.07350000000000001 13697.710000000001 20.500000000000004 0.66599201550779907 1.0000000180025095e-35 12.500000000000002 298.16500000000002 11.500000000000002 21.500000000000004 4.5000000000000009 47.880950000000006 -34859.32499999999 1.0000000180025095e-35 10867.475 2.1641500000000007
decision_type=2 2 2 2 2 2 2 2 2 2 2 2 2 2 2 2 2 2 2 2 2 2 2 2 2 2 2 2 2 2
left_child=7 2 5 22 15 8 -6 12 -2 10 -5 16 -1 -13 -15 -3 -7 18 21 20 -20 -18 -4 -19 -11 -26 -23 28 29 -14
right_child=1 4 3 9 6 11 -8 -9 -10 24 -12 13 27 14 -16 -17 17 23 19 -21 -22 26 -24 -25 25 -27 -28 -29 -30 -31
leaf_value=-0.0030683231104106229 0.0051045271840440146 -0.0013976305062506787 3.303325196521434e-06 7.3025475277872098e-05 0.00051021351889756351 -0.00058617614762333239 -0.0016593514569661503 0.0058172642870725436 -0.0026470769771215312 0.00029062335288268932 -0.00010689543478828862 -0.00081001035773464183 -0.0087658106332456683 -0.00039780899872276653 0.00017629216218401078 -0.0013545790864079395 0.00039337000706823959 0.012809589917105757 0.00075041216890933823 -0.00055312655941574813 -0.00048510705334377376 -0.00019972663214908664 -0.00049573933748854604 -0.00060189981040023881 7.8063481671944437e-05 -3.779485194369825e-05 -0.00061857425865536892 -0.00039347206345308194 0.00046534418585778285 -0.00051744943587322403
leaf_weight=21 10.000000000000002 106 10.000000000000002 17.000000000000004 15.000000000000002 32 12.999999999999998 20 9.9999999999999982 34 12.999999999999998 115 38 12.000000000000002 15.999999999999998 24 15.999999999999998 11.000000000000002 23 17 17 18 12.999999999999998 12.999999999999998 13.000000000000002 13.999999999999998 85 2665 1249 64
leaf_count=21 10 106 10 17 15 32 13 20 10 34 13 115 38 12 16 24 16 11 23 17 17 18 13 13 13 14 85 2665 1249 64
internal_value=-0.00149238 -0.00918291 -0.00584479 0.00877193 -0.0199367 -0.0100633 -0.00714286 -0.000228001 0.005 0.0129121 0.00333333 -0.0108667 -0.000303443 -0.0148601 -0.00535714 -0.0226923 -0.00840517 -0.007 -0.00852273 -0.00219298 0.005 -0.0115546 -0.0076087 0.00416667 0.017623 0.0101852 -0.013835 -0.000236554 0.000832717 -0.00539216
internal_weight=4724 667 509 114 158 395 28 4057 20 91 30 375 4037 143 28 130 232 200 176 57 40 119 23 24 61 27 103 4016 1351 102
internal_count=4724 667 509 114 158 395 28 4057 20 91 30 375 4037 143 28 130 232 200 176 57 40 119 23 24 61 27 103 4016 1351 102
is_linear=0
shrinkage=0.05


Tree=84
num_leaves=31
num_cat=0
split_feature=5 4 2 13 5 0 4 16 10 16 9 16 16 4 3 3 14 4 6 16 14 16 15 14 10 10 2 0 13 0
split_gain=18.526 9.57743 11.812 3.71228 2.35451 2.05624 1.85528 1.87376 1.83863 1.80392 2.50668 1.67636 2.11363 2.08123 1.9154 2.09875 1.37333 1.13353 1.20891 1.87135 1.84844 1.16267 1.03604 1.57363 3.74402 4.01111 2.23692 1.56061 3.51821 2.16672
threshold=20.036550000000002 0.14250000000000002 3.5000000000000004 -27659.384999999998 30.990050000000004 2.5000000000000004 23.702000000000002 27.873833326371962 1002.8350000000002 20.635765938815563 0.46450000000000008 25.598909615647891 24.527006845034837 0.079500000000000015 0.062500000000000014 0.031500000000000007 3895.4000000000005 0.05050000000000001 0.58382426788999287 13.25401773052304 24404.775000000005 18.421641272103351 1.0000000180025095e-35 8557.1650000000027 613.29000000000008 109.75000000000001 4.5000000000000009 21.500000000000004 -12481.659999999998 12.500000000000002
decision_type=2 2 2 2 2 2 2 2 2 2 2 2 2 2 2 2 2 2 2 2 2 2 2 2 2 2 2 2 2 2
left_child=6 2 5 -4 -5 9 7 16 -3 10 -2 12 13 14 15 17 -1 18 19 -7 -21 -22 27 24 25 -24 -27 29 -29 -18
right_child=1 8 3 4 -6 11 -8 -9 -10 -11 -12 -13 -14 -15 -16 -17 22 -19 -20 20 21 -23 23 -25 -26 26 -28 28 -30 -31
leaf_value=-0.002914906954890092 -0.00077239872992522637 -0.0013294004017242707 -1.0946879983461667e-05 -0.00012888675691519712 0.00015606574003087029 -0.00049359989170727828 0.0055264010727189119 0.0024139023909342454 -0.00060012415950061189 -0.00080807670607772821 0.0048064655246727291 -0.00061269581821709468 0.0026367535211174326 -0.00094167138178879875 0.005355928819871918 -0.00057198844356703906 0.00047236614567118252 -0.00043327260500828914 5.255921472958336e-05 -0.00017916195782139918 0.00010992012876273189 -0.00022216182719166924 0.024251524499590279 -0.00060850323761253158 0.0047482725554935327 -0.0034125398785193775 0.00058973424122673039 -0.0058722455297557895 0.012972252138070489 -0.00079776332324939248
leaf_weight=21 11.999999999999998 145 19 11.999999999999998 83 11.999999999999998 20 20 12.999999999999998 11.999999999999998 22 33 12.999999999999998 95 23 64 711 32 32 13.999999999999998 21.000000000000004 9.9999999999999982 18 2508 48 62 9.9999999999999982 24 87 528
leaf_count=21 12 145 19 12 83 12 20 20 13 12 22 33 13 95 23 64 711 32 32 14 21 10 18 2508 48 62 10 24 87 528
internal_value=-0.00146063 -0.00918291 -0.00584479 0.00833333 0.0123684 -0.00993671 -0.000191028 -0.000266287 -0.0199367 0 0.00588235 -0.0112464 -0.0101266 -0.0109736 -0.00817308 -0.00986486 -0.000342295 -0.00599174 -0.00308989 -0.00745614 -0.00277778 0.00403226 -0.000275275 -0.00085034 0.00434783 -0.00166667 -0.00694444 0.000851852 0.00653153 0.000343019
internal_weight=4724 667 509 114 95 395 4057 4037 158 46 34 349 316 303 208 185 4017 121 89 57 45 31 3996 2646 138 90 72 1350 111 1239
internal_count=4724 667 509 114 95 395 4057 4037 158 46 34 349 316 303 208 185 4017 121 89 57 45 31 3996 2646 138 90 72 1350 111 1239
is_linear=0
shrinkage=0.05


Tree=85
num_leaves=31
num_cat=0
split_feature=4 2 4 2 2 13 6 11 4 1 6 2 13 4 3 6 13 16 0 13 4 16 4 10 4 13 6 3 12 16
split_gain=5.80967 14.2824 2.53056 9.66789 7.45207 3.75399 2.55682 2.21645 2.0913 2.04307 2.76023 2.03792 2.49368 2.04583 2.01042 2.35663 1.99182 1.92157 1.89427 2.14577 1.863 2.15531 1.8459 1.77412 1.88265 2.25799 1.9529 1.67435 1.57819 3.12632
threshold=0.23350000000000004 1.5000000000000002 0.13750000000000004 3.5000000000000004 3.5000000000000004 -28568.939999999999 0.47150892619215662 602.50000000000011 23.702000000000002 3.5000000000000004 0.95530773037096994 2.5000000000000004 -64471.789999999994 0.05050000000000001 0.29950000000000004 0.66926125433659944 -43538.589999999989 9.9613026206330044 4.5000000000000009 -11709.779999999997 14.120000000000003 27.384269123400671 0.10950000000000001 607.58500000000015 0.11250000000000002 -10490.359999999999 0.7553063309393897 0.013500000000000002 31194.870000000003 24.911032000072755
decision_type=2 2 2 2 2 2 2 2 2 2 2 2 2 2 2 2 2 2 2 2 2 2 2 2 2 2 2 2 2 2
left_child=1 -1 3 11 6 -5 7 -4 14 -8 -11 12 -3 -13 20 16 -16 -18 19 -6 21 -2 -7 24 25 -14 -26 -25 -19 -30
right_child=8 2 4 5 18 22 9 -9 -10 10 -12 13 23 -15 15 -17 17 28 -20 -21 -22 -23 -24 27 26 -27 -28 -29 29 -31
leaf_value=0.0012691455396838581 0.00041075239531005586 0.00050003555300650183 0.0034166234523432069 -4.8395234002866773e-05 0.0025532455165819035 0.00023004720445849101 -0.00080460815211513272 -0.0042168094262618567 0.0055345153797753399 -0.0018872241995071537 0.00022149833322170737 -3.6465444822983419e-06 0.00035412266089899228 -0.00066493889347891272 0.0075306589183959383 -0.0010679659588710368 -0.0025628681614677574 -0.0012931014129301866 -0.0012013186836882046 -0.00097709659466806023 -0.00056970347730592728 0.00069556752539396978 5.7922194462992074e-05 -0.0011118657921277851 -0.0044059146669814175 -0.00052809819218143934 0.012124036600904047 -0.00050617533394534814 0.0081063166660365459 -0.0020680117567860867
leaf_weight=1303 1030 23 42 19 11.000000000000002 50 115 24 19 66 17 24 33 117 29 865 34 205 158 18 18 31 39 30 12.000000000000002 87 10.999999999999998 121 190 30
leaf_count=1303 1030 23 42 19 11 50 115 24 19 66 17 24 33 117 29 865 34 205 158 18 18 31 39 30 12 87 11 121 190 30
internal_value=-0.00111612 -0.00290948 -0.00735005 -0.00512367 -0.0101441 0.00833333 -0.00473485 0.00378788 0.000581395 -0.00757576 -0.0135542 -0.00829694 -0.00607256 -0.0132979 0.000452303 -0.000831486 0.00194672 0.00114379 -0.0177807 -0.00603448 0.00206209 0.0023327 0.0126404 -0.00731293 -0.00332168 -0.00583333 0.00978261 -0.0110927 0.00205882 0.005
internal_weight=4771 2320 1017 566 451 108 264 66 2451 198 83 458 317 141 2432 1353 488 459 187 29 1079 1061 89 294 143 120 23 151 425 220
internal_count=4771 2320 1017 566 451 108 264 66 2451 198 83 458 317 141 2432 1353 488 459 187 29 1079 1061 89 294 143 120 23 151 425 220
is_linear=0
shrinkage=0.05


Tree=86
num_leaves=31
num_cat=0
split_feature=5 4 2 4 10 1 5 3 4 14 5 0 4 13 3 5 10 3 11 11 8 9 13 13 9 5 17 1 9 2
split_gain=16.3874 8.40506 7.41948 4.17881 2.45276 2.25477 2.73674 2.27273 2.22608 2.12163 2.5201 2.05271 1.88979 2.54777 2.32693 2.97001 2.36688 2.01645 1.97267 1.85606 1.76872 1.41995 1.24132 1.76087 1.21549 1.35281 1.19953 4.86632 2.24413 2.45799
threshold=20.395050000000001 0.14950000000000002 3.5000000000000004 0.10050000000000002 955.66500000000008 4.5000000000000009 32.75930000000001 0.013500000000000002 23.702000000000002 71250.075000000012 23.097550000000002 2.5000000000000004 0.065500000000000017 -428.35999999999996 0.0015000000000000002 46.418650000000007 573.60500000000013 0.019500000000000003 880.50000000000011 11.500000000000002 3.5000000000000004 0.63350000000000006 -11553.939999999997 -1.0000000180025095e-35 0.46450000000000008 28.000250000000005 72.984132124666615 5.5000000000000009 0.41450000000000004 4.5000000000000009
decision_type=2 2 2 2 2 2 2 2 2 2 2 2 2 2 2 2 2 2 2 2 2 2 2 2 2 2 2 2 2 2
left_child=8 2 11 20 5 6 -5 19 26 -3 -11 24 13 14 16 -16 -13 -15 -19 -8 -4 22 -14 -24 -2 -26 27 28 -1 -30
right_child=1 9 3 4 -6 -7 7 -9 -10 10 -12 12 21 17 15 -17 -18 18 -20 -21 -22 -23 23 -25 25 -27 -28 -29 29 -31
leaf_value=0.0049039985684846913 -0.0008814774183732194 -0.0014184297950618635 0.00035027627881497052 -0.00014829544047943282 -0.00053763494496903395 6.9950917177089356e-05 3.1768855165124206e-06 0.00011148223335409221 0.005257789610786579 0.0024255832407528086 -0.0014498479298472187 3.7636349830335453e-05 0.00061422291603774055 7.8343100604648397e-05 0.00037112255291066738 -0.00018393322644167168 -0.00042087289030696349 -0.00052470929525169358 0.00012324939654847629 -0.00015667769568097971 2.4747127047190787e-05 -0.00083007455649316414 -0.00088233945465029527 -0.00049173210889132406 0.0078876631427604992 -0.00020198780632874893 9.60641793321615e-05 -0.0073990465904055338 -0.003279961456645357 0.00064557659806901979
leaf_weight=66 17 108 27 15.999999999999998 9.9999999999999982 26 12.000000000000002 22 19 11.000000000000002 12.999999999999998 22 15.999999999999998 10.999999999999998 31 28 28 70 12.999999999999998 9.9999999999999982 17 88 23 23 10.999999999999998 21 3813 48 138 12.999999999999998
leaf_count=66 17 108 27 16 10 26 12 22 19 11 13 22 16 11 31 28 28 70 13 10 17 88 23 23 11 21 3813 48 138 13
internal_value=-0.00115804 -0.00838279 -0.00562731 0.00428571 -0.0015625 0.00116279 -0.00416667 0.00227273 3.05101e-05 -0.019697 -0.00625 -0.0090796 -0.0104108 -0.00726601 -0.00206422 0.00466102 -0.01 -0.0132979 -0.0159639 -0.00909091 0.0170455 -0.0146667 -0.00887097 -0.0130435 0.000510204 0.00625 -4.90436e-05 -0.00330189 -0.000115207 -0.00347682
internal_weight=4771 674 542 140 96 86 60 44 4097 132 24 402 353 203 109 59 50 94 83 22 44 150 62 46 49 32 4078 265 217 151
internal_count=4771 674 542 140 96 86 60 44 4097 132 24 402 353 203 109 59 50 94 83 22 44 150 62 46 49 32 4078 265 217 151
is_linear=0
shrinkage=0.05


Tree=87
num_leaves=31
num_cat=0
split_feature=4 2 4 2 2 4 14 6 1 12 14 13 4 16 4 11 16 11 0 4 6 2 3 4 14 14 4 9 17 6
split_gain=5.13247 12.8022 3.42188 11.3833 5.77671 2.1172 2.08194 2.24073 1.92991 3.06716 1.86178 1.842 2.10905 1.83857 1.77749 2.7 1.71534 1.75787 1.70357 1.58681 2.41693 1.58333 1.58121 2.67954 2.13592 2.89407 2.42137 3.62432 2.63935 2.25205
threshold=0.23350000000000004 1.5000000000000002 0.13750000000000004 3.5000000000000004 3.5000000000000004 23.702000000000002 116153.35000000002 0.47150892619215662 1.5000000000000002 36095.495000000003 11344.450000000003 -28568.939999999999 0.10950000000000001 22.965071222083161 0.14950000000000002 47.500000000000007 27.808879851178798 1211.5000000000002 4.5000000000000009 0.15850000000000003 0.83689328067367275 4.5000000000000009 0.29950000000000004 14.120000000000003 13176.940000000002 10867.475 1.9845000000000004 0.18350000000000002 72.785229391660792 0.7706575174056054
decision_type=2 2 2 2 2 2 2 2 2 2 2 2 2 2 2 2 2 2 2 2 2 2 2 2 2 2 2 2 2 2
left_child=1 -1 3 -3 6 16 7 10 -9 19 -4 -5 21 -12 15 -6 17 22 -16 -10 -21 -13 23 24 25 -2 27 -26 -28 -30
right_child=5 2 4 11 14 -7 -8 8 9 -11 13 12 -14 -15 18 -17 -18 -19 -20 20 -22 -23 -24 -25 26 -27 28 -29 29 -31
leaf_value=0.0012008850537330584 0.00029982410978977029 -0.00036074876679763476 -0.020701114418189327 -4.9473018161577675e-05 1.9521680154154303e-05 0.0049949001302472601 -0.002867794715706775 0.00018986718616946925 -0.0018430552506608904 0.00040210549663110829 0.0041988456996730154 0.00025181274264034009 5.1528538880987744e-05 -0.0060523582348391419 -0.00073017125410132781 -0.00024018841721771926 0.00065598594015766622 0.021903268427936717 -0.0012802572967617904 -0.0027231192071597086 0.00027442999369166262 2.1812343847949639e-05 -0.00045437039354560008 -0.00072330819971160314 0.0094243616413995368 0.0035839151666138326 -0.010716163817184999 -0.00048455197118968261 -3.4527195327271891e-05 0.0042226404903044053
leaf_weight=1303 104 458 9.9999999999999982 19 20 19 36 51 26 27 37 38 39 11.999999999999998 21 11.999999999999998 17 20 134 44 21 11.999999999999998 1335 15.999999999999998 43 44 9.9999999999999982 606 85 152
leaf_count=1303 104 458 10 19 20 19 36 51 26 27 37 38 39 12 21 12 17 20 134 44 21 12 1335 16 43 44 10 606 85 152
internal_value=-0.00111612 -0.00280172 -0.0070059 -0.00441696 -0.010255 0.000479396 -0.00549242 -0.00372807 -0.0066568 -0.0101695 0.00466102 0.0101852 0.0132022 0.00867347 -0.0169786 -0.00625 0.000349507 0.000238095 -0.0191935 -0.0145604 -0.0103846 0.02 0.000114823 0.0015566 0.00186782 0.00743243 0.000948661 -0.000654854 0.00516194 0.00622363
internal_weight=4771 2320 1017 566 451 2451 264 228 169 118 59 108 89 49 187 32 2432 2415 155 91 65 50 2395 1060 1044 148 896 649 247 237
internal_count=4771 2320 1017 566 451 2451 264 228 169 118 59 108 89 49 187 32 2432 2415 155 91 65 50 2395 1060 1044 148 896 649 247 237
is_linear=0
shrinkage=0.05


Tree=88
num_leaves=31
num_cat=0
split_feature=5 4 2 5 11 4 13 12 12 4 0 5 9 13 7 17 13 4 6 7 4 2 17 9 15 17 17 5 10 4
split_gain=14.475 9.55003 10.4697 3.57062 3.55881 2.24202 1.70354 1.80659 1.68274 1.46338 3.09693 2.18669 1.79502 1.65408 4.84948 1.57162 1.4171 1.50914 1.18681 1.15548 2.27699 1.50573 2.12601 1.93975 1.80523 2.51375 2.68437 2.1066 2.92763 1.66872
threshold=20.395050000000001 0.14250000000000002 3.5000000000000004 36.613600000000012 89.500000000000014 23.702000000000002 -14719.639999999998 52976.605000000003 76801.215000000011 0.065500000000000017 1.0000000180025095e-35 31.479700000000005 0.63350000000000006 -1508.7599999999998 1.5000000000000002 77.357203617347764 -11553.939999999997 0.076500000000000012 0.56410338867762588 5.5000000000000009 8.5980000000000008 3.5000000000000004 72.984132124666615 0.22500000000000003 1.0000000180025095e-35 73.628055274700344 87.427857198241739 0.58145000000000013 692.58500000000015 1.6385000000000003
decision_type=2 2 2 2 2 2 2 2 2 2 2 2 2 2 2 2 2 2 2 2 2 2 2 2 2 2 2 2 2 2
left_child=5 2 9 4 -4 19 7 -5 -3 11 -11 -2 16 14 18 -16 -12 -18 -13 21 -21 22 -1 -23 25 -24 27 28 -27 -25
right_child=1 8 3 6 -6 -7 -8 -9 -10 10 12 13 -14 -15 15 -17 17 -19 -20 20 -22 23 24 29 -26 26 -28 -29 -30 -31
leaf_value=-0.0025366556335467919 0.0055614879282293089 -0.0011252654801685667 0.00011058237543932689 -6.3484258520124515e-05 -9.4598800788665838e-05 0.0047451551237349017 0.00017810961891543547 0.00015052247578830683 -0.00073862098554890979 0.0088791536111727121 0.00033623184681029624 0.00034967721471538193 -0.00075070762489818092 -0.00029198803483991564 -0.00010421435036169075 -0.00034440421550404888 0.0026077732149169478 -0.00087060678467273673 2.6459878580997744e-05 0.0010956281960788794 -0.0014033431516111972 -0.0055725584531177187 0.012081718965265994 -0.00089374941317478323 -0.00021921289184472783 0.00071167625837871291 0.0093806649341452008 0.00011081655642585509 0.03050394702353695 0.0001328704805346942
leaf_weight=213 10.999999999999998 146 14.999999999999998 19.000000000000004 23 19 47 11.999999999999998 15.999999999999998 11.999999999999998 19 26 91 112 26 36 9.9999999999999982 37 15.999999999999998 46 11.999999999999998 41 42 334 2038 63 53 835 25 376
leaf_count=213 11 146 15 19 23 19 47 12 16 12 19 26 91 112 26 36 10 37 16 46 12 41 42 334 2038 63 53 835 25 376
internal_value=-0.00114756 -0.00793769 -0.00458984 0.00862069 -0.00394737 -3.05101e-05 0.0147436 0.00564516 -0.0185185 -0.0084596 -0.0119822 -0.005837 -0.0138535 -0.00694444 -0.00240385 -0.0112903 -0.00757576 -0.012234 0.0107143 -0.000110348 0.00689655 -0.000211443 0.000252371 -0.00223036 0.000589005 0.00230845 0.00179303 0.00116468 0.00852273 -0.00161972
internal_weight=4771 674 512 116 38 4097 78 31 162 396 169 227 157 216 104 62 66 47 42 4078 58 4020 3269 751 3056 1018 976 923 88 710
internal_count=4771 674 512 116 38 4097 78 31 162 396 169 227 157 216 104 62 66 47 42 4078 58 4020 3269 751 3056 1018 976 923 88 710
is_linear=0
shrinkage=0.05


Tree=89
num_leaves=31
num_cat=0
split_feature=5 4 2 5 11 4 8 3 0 4 7 3 3 10 3 7 0 11 7 5 12 13 10 13 7 13 11 1 17 1
split_gain=13.5782 9.06724 9.96873 2.8698 4.87893 2.2102 1.85277 1.97754 1.49948 2.25679 2.17103 1.86017 2.2069 2.45225 2.1901 1.85034 2.10465 1.74375 1.71903 1.41033 2.14286 1.8 1.18681 1.11837 1.10152 2.04319 2.53125 1.1 1.09317 4.97086
threshold=20.395050000000001 0.14950000000000002 3.5000000000000004 35.282150000000009 89.500000000000014 23.702000000000002 3.5000000000000004 0.0015000000000000002 2.5000000000000004 0.079500000000000015 1.5000000000000002 0.026500000000000003 0.0015000000000000002 573.60500000000013 0.062500000000000014 1.0000000180025095e-35 10.500000000000002 880.50000000000011 1.0000000180025095e-35 23.097550000000002 16847.190000000006 -10642.539999999999 636.12500000000011 -235020.98999999996 5.5000000000000009 -17549.369999999999 13.500000000000002 2.5000000000000004 72.984132124666615 5.5000000000000009
decision_type=2 2 2 2 2 2 2 2 2 2 2 2 2 2 2 2 2 2 2 2 2 2 2 2 2 2 2 2 2 2
left_child=5 2 8 4 22 23 -5 -8 10 11 -2 12 13 -10 17 16 -14 18 -13 20 -3 -22 -4 -1 28 26 -26 -15 29 -25
right_child=1 19 3 6 -6 -7 7 -9 9 -11 -12 14 15 27 -16 -17 -18 -19 -20 -21 21 -23 -24 24 25 -27 -28 -29 -30 -31
leaf_value=-0.0071020825259451694 0.00075025096215206174 -0.0011319935584938733 0.00012690817466843899 0.0001644423489702826 -0.00024892599422884839 0.0045078973675481528 -0.00017015138072965926 5.0043471641249976e-05 6.3697030308741001e-05 -0.00079911400596881796 -0.0011278239669062246 -0.00048017382241410944 -0.00034472395498557354 -0.00016300450784831542 -6.1429348229177086e-05 0.0004731920921214758 3.7608340523176412e-05 1.7285205777975434e-05 -5.0431615200537823e-05 -0.0012870576061983837 0.0028194244548756021 -0.001144720110726993 -9.3516837182953259e-06 2.7419767275843612e-05 -0.002683587597636131 0.0018610348853262369 0.0027786745855649195 -0.00051510398513896708 3.4848463247948162e-05 -0.006960179191667035
leaf_weight=10.999999999999998 33 14.999999999999998 14.000000000000002 48 22 19 9.9999999999999982 34 26 109 15.999999999999998 63 10.999999999999998 9.9999999999999982 32 19 28 12.999999999999998 20 97 9.9999999999999982 10.000000000000002 11.999999999999998 211 15.999999999999998 26 15.999999999999998 22 3750 48
leaf_count=11 33 15 14 48 22 19 10 34 26 109 16 63 11 10 32 19 28 13 20 97 10 10 12 211 16 26 16 22 3750 48
internal_value=-0.000990358 -0.00756677 -0.0047048 0.00678571 -0.003125 9.15304e-05 0.0119565 0.00454545 -0.00870647 -0.00984419 -0.000510204 -0.00717213 -0.00258621 -0.00948276 -0.0113281 0.00431034 -0.00192308 -0.0151042 -0.0177711 -0.0193182 -0.0107143 0 0.0115385 1.22609e-05 5.53233e-05 0.00689655 -0.0015625 -0.01875 -4.36518e-05 -0.00318533
internal_weight=4771 674 542 140 48 4097 92 44 402 353 49 244 116 58 128 58 39 96 83 132 35 20 26 4078 4067 58 32 32 4009 259
internal_count=4771 674 542 140 48 4097 92 44 402 353 49 244 116 58 128 58 39 96 83 132 35 20 26 4078 4067 58 32 32 4009 259
is_linear=0
shrinkage=0.05


Tree=90
num_leaves=31
num_cat=0
split_feature=5 5 2 2 5 8 0 14 10 14 10 1 13 17 5 7 6 14 13 11 10 15 17 17 2 6 17 8 13 10
split_gain=12.8693 7.15487 3.2025 2.85463 2.63704 2.37767 1.97811 1.80945 3.15076 2.07424 1.54002 2.03934 1.46021 2.50992 2.03043 1.46825 1.73766 1.37903 1.3631 1.34817 1.33516 1.27886 1.51805 2.39763 2.3834 2.36534 1.91003 3.04383 1.81755 2.40987
threshold=20.395050000000001 40.10840000000001 3.5000000000000004 5.5000000000000009 30.470800000000001 3.5000000000000004 4.5000000000000009 32337.785000000003 371.25000000000006 59942.245000000003 604.58500000000015 4.5000000000000009 -5873.7399999999989 83.919905445758971 31.479700000000005 1.5000000000000002 0.56790227703801255 3895.4000000000005 -1427.8649999999998 498.50000000000006 643.75000000000011 1.0000000180025095e-35 75.173654396316437 72.565158762864513 3.5000000000000004 0.65424261313658894 78.142664594838735 4.5000000000000009 -9820.0849999999973 892.33500000000015
decision_type=2 2 2 2 2 2 2 2 2 2 2 2 2 2 2 2 2 2 2 2 2 2 2 2 2 2 2 2 2 2
left_child=17 3 10 4 6 -4 -2 18 9 -9 -3 -12 13 15 -14 16 -6 -1 -8 -17 -7 22 23 -19 -24 -26 27 -27 -25 -30
right_child=1 2 5 -5 12 20 7 8 -10 -11 11 -13 14 -15 -16 19 -18 21 -20 -21 -22 -23 24 28 25 26 -28 -29 29 -31
leaf_value=-0.0024882759598956489 -0.00030450040013618696 -0.00023114985565708541 0.00016579686906198282 -0.0013157523650876917 0.00038095472535126383 0.00012410803423568777 -0.0010576372278811475 -0.00063552567679704686 -0.0010757982544964517 0.011112773102221996 -0.00014742006166906102 0.00019949614358911739 0.0017750870436960013 0.00010352427697903206 -0.00031810832947501839 -0.00017640753748372832 -0.0001700321730538232 -0.0081204405476145939 -0.00058765045103464507 -0.00057315247340989359 -9.7630648319954605e-05 -0.00030817973959600749 0.00055338320925664712 0.0080892448254817617 -0.0015991384997763509 -0.0041231891754333104 0.00023818946796329635 0.0018681391028372602 0.00045330664714757636 0.029917776186695569
leaf_weight=18 40 25 32 36 12.999999999999998 13.999999999999998 74 10.000000000000002 85 11.999999999999998 17 14.999999999999998 10.999999999999998 29 122 41 21 30 31 25 25 2672 891 66 34 44 150 11.999999999999998 114 26
leaf_count=18 40 25 32 36 13 14 74 10 85 12 17 15 11 29 122 41 21 30 31 25 25 2672 891 66 34 44 150 12 114 26
internal_value=-0.00114572 -0.00752212 0.003125 -0.01 -0.00904669 0.0102113 -0.0126984 -0.0146226 -0.0100467 0.00681818 -0.00570175 0.0015625 -0.00553435 -0.00174419 -0.00921053 -0.0055 0.00294118 -8.01085e-05 -0.0192857 -0.00984848 0.00192308 -1.8569e-05 0.00122531 0.00487288 0.000464191 -0.00395833 -0.00194175 -0.00982143 0.00679612 0.00357143
internal_weight=4735 678 128 550 514 71 252 212 107 22 57 32 262 129 133 100 34 4057 105 66 39 4039 1367 236 1131 240 206 56 206 140
internal_count=4735 678 128 550 514 71 252 212 107 22 57 32 262 129 133 100 34 4057 105 66 39 4039 1367 236 1131 240 206 56 206 140
is_linear=0
shrinkage=0.05


Tree=91
num_leaves=31
num_cat=0
split_feature=5 5 2 3 2 3 10 5 0 0 10 6 0 11 3 16 16 2 8 5 13 14 14 12 6 6 14 10 12 14
split_gain=12.448 5.82004 3.9719 3.62989 2.41107 2.37715 2.31061 2.06331 2.52083 2.2531 2.06338 2.535 1.98163 1.83027 1.93511 2.44134 2.47108 1.77853 1.70667 1.61869 1.54 1.38396 1.34444 1.5949 1.26934 1.53169 1.88275 1.91751 1.89419 1.62253
threshold=20.395050000000001 38.939000000000007 3.5000000000000004 0.026500000000000003 5.5000000000000009 1.0000000180025095e-35 1123.6650000000002 25.836550000000003 20.500000000000004 4.5000000000000009 495.66500000000002 0.99217473619663388 1.5000000000000002 60.500000000000007 0.0015000000000000002 12.723748191375018 22.160939741486516 4.5000000000000009 2.5000000000000004 51.524450000000009 -6670.5899999999992 3895.4000000000005 71250.075000000012 90468.860000000015 0.080837461899968557 0.4030495584414901 15155.035000000002 1066.7100000000003 17152.785000000003 18920.095000000005
decision_type=2 2 2 2 2 2 2 2 2 2 2 2 2 2 2 2 2 2 2 2 2 2 2 2 2 2 2 2 2 2
left_child=21 4 3 6 7 -4 13 9 10 18 11 20 -12 -3 15 -15 -17 -7 -2 -19 -9 -1 -11 -24 -23 26 27 -26 -28 -30
right_child=1 2 5 -5 -6 17 -8 8 -10 22 12 -13 -14 14 -16 16 -18 19 -20 -21 -22 24 23 -25 25 -27 28 -29 29 -31
leaf_value=-0.0023638621619008664 0.0038935373122774642 -0.00017821326402688161 -4.9176767073423612e-06 -0.00026039935588303699 -0.0012499647468333073 0.00021770685646482215 -0.00071818438461351006 0.018375767753189994 0.00017432950465852068 -0.0010301944445788526 0.0047104743351824982 -0.00017005473883793115 -0.00045818034203663727 -0.00043387664207245464 0.00012447113670391169 0.00011386614090418968 -0.0004861248784693115 1.3732400415841783e-05 -0.0016442401678346029 -9.2749115903956181e-05 -6.6048694083871434e-05 -0.0062387754856016893 0.00021430958152598019 -0.0017064313063363925 0.00017707504758409656 -0.00011118555467699853 0.0067861049898750303 -0.0099766999019356047 -0.012045644358191011 0.0052371268970746515
leaf_weight=18 10.000000000000002 19 13.999999999999998 83 36 28 11.999999999999998 10.999999999999998 24 90 9.9999999999999982 14.999999999999998 142 14.999999999999998 42 24 9.9999999999999982 23 14.999999999999998 10.999999999999998 14.000000000000002 89 11.000000000000002 19 87 3120 54 35 31 623
leaf_count=18 10 19 14 83 36 28 12 11 24 90 10 15 142 15 42 24 10 23 15 11 14 89 11 19 87 3120 54 35 31 623
internal_value=-0.00110348 -0.00737463 -0.00186833 -0.0054878 -0.011272 0.00789474 0 -0.0100416 -0.00694444 -0.0146552 -0.00885417 0.00125 -0.0115132 0.00227273 0.00521978 -0.00153061 0.00588235 0.0120968 -0.001 0.00441176 0.011 -5.54597e-05 -0.0175 -0.00833333 6.18965e-06 0.000139241 0.00204819 -0.00368852 0.00303672 0.00229358
internal_weight=4735 678 281 205 397 76 122 361 216 145 192 40 152 110 91 49 34 62 25 34 25 4057 120 30 4039 3950 830 122 708 654
internal_count=4735 678 281 205 397 76 122 361 216 145 192 40 152 110 91 49 34 62 25 34 25 4057 120 30 4039 3950 830 122 708 654
is_linear=0
shrinkage=0.05


Tree=92
num_leaves=31
num_cat=0
split_feature=5 4 2 3 12 4 3 10 0 4 9 0 13 14 5 10 0 13 13 3 14 5 14 2 5 6 6 4 5 14
split_gain=11.1062 10.6556 7.18193 4.17883 3.17281 2.92847 2.99371 2.82369 2.55379 1.82432 1.82024 1.92009 1.50712 1.46591 1.45682 1.70851 1.89262 2.16251 1.44878 1.64348 1.37657 1.35284 1.3125 1.27151 1.79966 1.25342 1.31118 1.55382 2.59603 2.92892
threshold=20.395050000000001 0.14950000000000002 3.5000000000000004 1.0000000180025095e-35 8371.8300000000017 0.065500000000000017 0.029500000000000002 987.00000000000011 1.0000000180025095e-35 0.21150000000000002 0.63350000000000006 15.500000000000002 -22823.754999999997 32337.785000000003 32.142300000000013 967.33500000000015 10.500000000000002 -8729.3799999999992 -595.44499999999982 0.056500000000000009 3895.4000000000005 34.835950000000004 59251.825000000004 4.5000000000000009 51.524450000000009 0.080837461899968557 0.4030495584414901 0.23350000000000004 18.270450000000004 9446.635000000002
decision_type=2 2 2 2 2 2 2 2 2 2 2 2 2 2 2 2 2 2 2 2 2 2 2 2 2 2 2 2 2 2
left_child=20 2 5 4 -4 6 10 21 -7 -3 -2 12 -12 -10 15 16 22 -18 -8 -20 -1 -5 -15 -23 -25 -22 -27 28 29 -28
right_child=1 9 3 7 -6 8 18 -9 13 -11 11 -13 -14 14 -16 -17 17 -19 19 -21 25 23 -24 24 -26 26 27 -29 -30 -31
leaf_value=-0.0022456690538058231 -0.00015094981347865897 -0.00109248694367615 9.9974318422386971e-05 2.9807616474980538e-05 -0.0004261909966655833 0.0037105693166152825 -5.9235709395899511e-05 -0.00041123827289370023 -0.00067524353300090281 0.00089708497179048394 0.00010356619149567564 8.2150851139012329e-05 -6.2288277615364654e-05 0.0046158617853927202 -0.00055924127862704085 -0.0013340243221230731 0.017673421922355242 -0.0006012032951477176 -0.00054696335137224415 0.0011851463580319363 -0.0059268367113216036 0.00019762780425003763 -0.0012732172509607399 4.1475812712876704e-05 -8.8111660108758383e-05 0.0033349796786561639 0.013960981347165153 7.2532071605141415e-05 -0.00047523680093544685 -0.0019747499924838213
leaf_weight=18 82 111 14.000000000000002 28 17 12.999999999999998 22 9.9999999999999982 82 9.9999999999999982 11.999999999999998 17 27 12.000000000000002 18 19 12.999999999999998 24 46 13.999999999999998 89 34 15.999999999999998 26 10.999999999999998 830 9.9999999999999982 2230 644 236
leaf_count=18 82 111 14 28 17 13 22 10 82 10 12 17 27 12 18 19 13 24 46 14 89 34 16 26 11 830 10 2230 644 236
internal_value=-0.00108237 -0.0070059 -0.00408438 0.00571429 -0.0104839 -0.0073741 -0.00340909 0.0103211 -0.011802 -0.0204545 0.00108696 0.00803571 0.00192308 -0.0133152 -0.00931373 -0.00654762 -0.00269231 0.00472973 -0.0109756 -0.015 -9.24328e-05 0.0128788 -0.0125 0.0165493 0.0101351 -3.09483e-05 0.000101266 -0.00036859 -0.00213483 -0.00650407
internal_weight=4735 678 557 140 31 417 220 109 197 121 138 56 39 184 102 84 65 37 82 60 4057 99 28 71 37 4039 3950 3120 890 246
internal_count=4735 678 557 140 31 417 220 109 197 121 138 56 39 184 102 84 65 37 82 60 4057 99 28 71 37 4039 3950 3120 890 246
is_linear=0
shrinkage=0.05


Tree=93
num_leaves=31
num_cat=0
split_feature=4 4 2 3 2 4 4 11 4 14 7 11 11 6 11 16 17 17 16 14 16 16 2 17 13 13 16 4 16 13
split_gain=4.35966 10.6296 4.33344 6.26674 3.59216 3.54672 3.48392 2.99035 2.88 2.87087 2.3099 1.69697 1.62104 1.41732 1.55173 1.73486 1.6102 1.60571 1.43397 1.38667 1.33675 3.10546 2.16375 2.13416 2.10777 2.00758 1.73034 1.86091 1.69843 1.63666
threshold=0.23350000000000004 0.13750000000000004 3.5000000000000004 0.026500000000000003 3.5000000000000004 0.14950000000000002 0.065500000000000017 429.50000000000006 0.10950000000000001 92385.425000000003 3.5000000000000004 89.500000000000014 13.500000000000002 0.88157700852377452 147.50000000000003 18.66177066559359 85.498383823981541 75.388087133090224 26.380218818232503 49268.415000000001 20.48183243048598 21.559942160464814 3.5000000000000004 74.442824082973615 -705.82499999999993 -4481.8999999999987 27.808879851178798 0.29650000000000004 20.394092077874213 -42825.554999999993
decision_type=2 2 2 2 2 2 2 2 2 2 2 2 2 2 2 2 2 2 2 2 2 2 2 2 2 2 2 2 2 2
left_child=1 2 3 6 -3 11 -1 10 -8 -7 -4 -6 -11 14 -5 17 18 -16 -17 -10 28 22 24 29 -22 26 27 -25 -2 -23
right_child=20 4 7 13 5 9 8 -9 19 12 -12 -13 -14 -15 15 16 -18 -19 -20 -21 21 23 -24 25 -26 -27 -28 -29 -30 -31
leaf_value=4.5134294267120543e-05 -9.7083019369820233e-05 -0.0012450866546621379 6.55689199740836e-05 -0.00053883990892847203 8.6083449460092756e-05 -0.0010032920499252419 -0.00093239810856364513 -4.8254115938739521e-05 0.003525040850784518 -0.00091693039168546731 -5.6825647771040907e-05 -0.00030654931206545169 0.00064366815178287448 -2.1968698066419241e-05 0.00039331458289870312 0.00037788874234764711 -0.00096691582555240166 -0.00062008193667081185 -0.00045061392927131169 -0.0069637269076464059 0.016100834095329669 -0.0019002211572263117 -0.00025975569258713805 0.0084542249806361085 0.0036180517810754987 0.0019109785052227658 0.00048403032364333635 -0.00050772920741776195 -0.0074840786210236048 -0.001637635751855865
leaf_weight=1408 1501 275 79 65 21 119 43 19 19.000000000000004 14.000000000000002 9.9999999999999982 10.999999999999998 10.999999999999998 42 19 47 12.999999999999998 79 9.9999999999999982 11.999999999999998 48 9.9999999999999982 28 9.9999999999999982 28 324 12.999999999999998 346 17 94
leaf_count=1408 1501 275 79 65 21 119 43 19 19 14 10 11 11 42 19 47 13 79 10 12 48 10 28 10 28 324 13 346 17 94
internal_value=-0.00104013 -0.00259067 -0.000924933 -0.00152248 -0.00947894 -0.0150568 -0.000236167 0.0087963 -0.0108108 -0.0184028 0.0126404 0 -0.003 -0.00845455 -0.00997854 -0.00744048 -0.00142857 -0.0117347 0.00219298 0.000806452 0.000444399 0.00197003 0.0100962 0.000909661 0.0144737 0.00191198 -0.000609756 -0.00126404 -0.000461133 -0.00576923
internal_weight=4735 2316 1865 1757 451 176 1482 108 74 144 89 32 25 275 233 168 70 98 57 31 2419 901 104 797 76 693 369 356 1518 104
internal_count=4735 2316 1865 1757 451 176 1482 108 74 144 89 32 25 275 233 168 70 98 57 31 2419 901 104 797 76 693 369 356 1518 104
is_linear=0
shrinkage=0.05


Tree=94
num_leaves=31
num_cat=0
split_feature=5 4 2 10 4 3 0 10 10 3 17 7 14 9 13 12 14 14 17 10 6 16 0 0 0 5 0 14 0 14
split_gain=10.1408 9.49879 8.10671 3.20042 2.45501 3.11779 2.49363 2.44324 2.20789 2.16151 2.09524 1.95361 1.88255 1.8315 1.71902 1.52637 1.47691 3.3028 2.68159 2.30188 2.07887 2.17293 1.74765 2.21115 3.63103 1.9864 1.72571 1.72166 1.66378 1.56123
threshold=20.395050000000001 0.15350000000000003 3.5000000000000004 996.50000000000011 0.065500000000000017 0.029500000000000002 1.0000000180025095e-35 1123.6650000000002 399.62500000000006 1.0000000180025095e-35 77.674921166364456 1.5000000000000002 71250.075000000012 0.58550000000000002 -39913.549999999996 30943.855000000003 18920.095000000005 17581.900000000005 74.124631334384887 1113.6250000000002 0.53161112827105861 11.884155619540737 10.500000000000002 16.500000000000004 20.500000000000004 1.8437500000000002 6.5000000000000009 11260.695000000002 3.5000000000000004 60882.345000000008
decision_type=2 2 2 2 2 2 2 2 2 2 2 2 2 2 2 2 2 2 2 2 2 2 2 2 2 2 2 2 2 2
left_child=16 2 4 9 5 7 -6 8 10 13 -2 15 -3 -4 -13 -10 17 18 22 27 21 -21 25 -24 -25 -1 -27 -20 -19 -18
right_child=1 12 3 -5 6 -7 -8 -9 11 -11 -12 14 -14 -15 -16 -17 29 28 19 20 -22 -23 23 24 -26 26 -28 -29 -30 -31
leaf_value=-0.003368290482943426 0.00026736434186526019 -0.00097762599121414286 -0.00040815989283100873 -0.00042676131031026691 0.0033487888082452929 -0.00031241606835200194 -0.00059680071752732941 -0.00067698438942225686 0.00031469683443211688 6.085761004921697e-05 -0.00019260775481003134 9.7633859826527786e-05 -0.00093844422303891316 1.3359310962599014e-05 -0.0002250470732519397 2.4933311438878061e-05 0.00062477591302262945 0.0058059491588963843 -0.0013068582813707819 -0.019306670764829302 -0.0094249246612129866 0.00053250087391589764 0.022202093847367335 -0.0066386189184823256 0.010453558619974605 0.00051037894587447339 -0.0096731037608143149 0.00024137833272100813 -0.0074187801737297448 -0.00043000520351437756
leaf_weight=12.999999999999998 11.999999999999998 98 13.000000000000002 12.999999999999998 12.999999999999998 82 184 11.999999999999998 24 101 21 19 21 14.999999999999998 31 19 1928 10.999999999999998 279 9.9999999999999982 34 51 34 13.000000000000002 11.999999999999998 17.000000000000004 9.9999999999999982 374 73 1198
leaf_count=13 12 98 13 13 13 82 184 12 24 101 21 19 21 15 31 19 1928 11 279 10 34 51 34 13 12 17 10 374 73 1198
internal_value=-0.00105069 -0.00671091 -0.00398032 0.00633803 -0.007494 -0.00386364 -0.0115482 0.000724638 0.00277778 0.00872093 -0.00833333 0.00672043 -0.0195378 -0.00357143 0 0.0145349 -0.000104757 -0.00185285 -0.000914994 -0.0019385 -0.00921053 -0.00368852 0.00681818 0.0122881 0.001 -0.00125 0.00648148 -0.000880551 -0.0113095 0.000415867
internal_weight=4735 678 559 142 417 220 197 138 126 129 33 93 119 28 50 43 4057 931 847 748 95 61 99 59 25 40 27 653 84 3126
internal_count=4735 678 559 142 417 220 197 138 126 129 33 93 119 28 50 43 4057 931 847 748 95 61 99 59 25 40 27 653 84 3126
is_linear=0
shrinkage=0.05


Tree=95
num_leaves=31
num_cat=0
split_feature=4 4 3 9 0 4 8 14 1 16 17 17 0 1 3 13 6 6 16 16 7 17 0 1 13 4 4 17 17 0
split_gain=2.30288 8.48426 5.23651 2.14321 3.00378 2.29134 4.8921 2.39597 2.16251 2.14881 1.8375 1.73534 2.24224 1.71905 1.71818 1.81739 1.51045 1.7319 1.43991 1.47557 1.74609 1.66766 1.92244 1.5401 1.7451 1.4127 1.41189 1.66057 1.59161 1.45185
threshold=0.23350000000000004 0.065500000000000017 0.029500000000000002 0.53550000000000009 1.5000000000000002 0.16450000000000004 3.5000000000000004 48572.810000000005 2.5000000000000004 16.233422452834784 79.927397436919406 86.465896934952724 9.5000000000000018 4.5000000000000009 1.0000000180025095e-35 -12481.659999999998 0.47617402030728689 0.72189205303878234 27.182754706050002 14.692800721215486 1.0000000180025095e-35 78.364680716677654 11.500000000000002 3.5000000000000004 -2373.4399999999991 0.057500000000000009 0.082500000000000018 78.142664594838735 83.63590748947685 12.500000000000002
decision_type=2 2 2 2 2 2 2 2 2 2 2 2 2 2 2 2 2 2 2 2 2 2 2 2 2 2 2 2 2 2
left_child=1 2 14 11 8 6 16 -7 -5 -9 -8 18 -13 -10 15 -1 -6 -18 19 20 -3 22 -22 24 -21 -4 -19 29 -29 -28
right_child=-2 3 25 4 5 7 10 9 13 -11 -12 12 -14 -15 -16 -17 17 26 -20 23 21 -23 -24 -25 -26 -27 27 28 -30 -31
leaf_value=-0.00038526546745678431 -2.6885954332789288e-05 -1.0729623398975098e-05 -0.0003225658077216351 0.01144376186447656 1.4068985672857638e-05 -0.0012196242181037225 3.5670011922575574e-07 0.00021362511920245981 -0.0039773754155369287 -0.0014649378620751623 8.9076020600174086e-05 -0.00075132076649616633 0.00076188734817957268 0.00029104142369944035 8.1851900143331549e-05 0.00052821247900021744 -0.00074472579077722529 -0.00046415455195376946 -0.0022418450582330669 0.00012860489422758249 -0.001630838902786204 -0.0021953625626842123 6.596987157436035e-05 -0.00075591199532073637 -0.00033347345411572569 0.00011608053953237886 0.00018427229914179041 -0.00060203382235064079 -5.9666447558073821e-07 -5.4150731449709864e-05
leaf_weight=43 2439 39 76 12.999999999999998 30 87 24 24 10 32 15.999999999999998 18 28 14 93 1279 68 15.999999999999998 17 53 13.999999999999998 28 22 93 46 17 15.000000000000002 37 27 11.999999999999998
leaf_count=43 2439 39 76 13 30 87 24 24 10 32 16 18 28 14 93 1279 68 16 17 53 14 28 22 93 46 17 15 37 27 12
internal_value=-0.00112051 -0.00225884 -6.6313e-05 -0.00648148 -0.00888235 -0.0101804 -0.0072449 -0.0152098 0.00472973 -0.00714286 0.00875 -0.00363128 0.00543478 -0.00416667 0.000689046 0.000226929 -0.0103659 -0.0121429 -0.00496795 -0.00415254 -0.00898058 -0.0140625 -0.00694444 -0.0015625 0.00277778 -0.0115591 -0.00817757 -0.00576923 -0.0101563 0.00462963
internal_weight=4730 2291 1508 783 425 388 245 143 37 56 40 358 46 24 1415 1322 205 175 312 295 103 64 36 192 99 93 107 91 64 27
internal_count=4730 2291 1508 783 425 388 245 143 37 56 40 358 46 24 1415 1322 205 175 312 295 103 64 36 192 99 93 107 91 64 27
is_linear=0
shrinkage=0.05


Tree=96
num_leaves=31
num_cat=0
split_feature=5 4 2 14 5 5 11 3 4 3 7 7 7 10 4 3 0 14 12 17 3 7 11 14 0 11 17 10 12 11
split_gain=9.37177 7.19562 7.72936 3.63636 2.93333 2.80221 3.70256 2.76982 2.55428 2.36788 2.58332 1.93585 1.68164 2.11932 1.43153 1.3533 1.31695 1.31149 1.28028 2.24318 1.71612 1.66768 2.00057 1.90034 1.82476 2.18018 2.76855 2.11482 1.98069 1.80652
threshold=20.036550000000002 0.15850000000000003 3.5000000000000004 71250.075000000012 23.097550000000002 35.282150000000009 86.500000000000014 1.0000000180025095e-35 0.065500000000000017 0.029500000000000002 1.5000000000000002 1.0000000180025095e-35 1.0000000180025095e-35 1066.7100000000003 23.702000000000002 0.017500000000000005 16.500000000000004 3895.4000000000005 9109.2500000000018 87.498187369628923 2.6635000000000004 1.0000000180025095e-35 1075.5000000000002 39471.225000000013 10.500000000000002 248.50000000000003 73.219039583239194 264.00000000000006 10736.720000000003 819.50000000000011
decision_type=2 2 2 2 2 2 2 2 2 2 2 2 2 2 2 2 2 2 2 2 2 2 2 2 2 2 2 2 2 2
left_child=14 2 8 -3 -5 6 16 -7 9 10 11 -2 13 -11 17 -10 -4 -1 19 20 -19 23 24 -20 27 28 -27 -23 -26 -29
right_child=1 3 5 4 -6 7 -8 -9 15 12 -12 -13 -14 -15 -16 -17 -18 18 21 -21 -22 22 -24 -25 25 26 -28 29 -30 -31
leaf_value=-0.007416166488105386 1.9594050859766955e-05 -0.0010878168757275195 2.0849489770759928e-05 0.0029286870954017725 -0.0010097146974780459 -1.1194627648099253e-05 -0.00028326682978242274 0.00010161930093953512 -0.000934884329458198 -0.00043026432226373482 -0.00020029510016787296 0.00047072107330618784 9.7360130312952604e-06 0.00064398473942372386 0.0040287025509557206 -0.00040769673872319002 0.00013916417240972395 0.0004338591257870728 -0.0010839917923193276 -0.0026704257322469338 -0.0025086784642470387 -0.009172551027847144 -0.0033809926321510283 0.00082987250669307741 -0.0041501901421147789 0.012145618857559427 -0.0014989762357789816 -0.00099553116166591115 0.00083107360102117889 0.0040928588293405932
leaf_weight=14.999999999999998 57 88 27 12.000000000000002 9.9999999999999982 17 26 75 63 58 67 15.999999999999998 20 13.999999999999998 18 141 11.999999999999998 633 1165 17 45 24 24 1226 14.999999999999998 12.999999999999998 135 386 281 30
leaf_count=15 57 88 27 12 10 17 26 75 63 58 67 16 20 14 18 141 12 633 1165 17 45 24 24 1226 15 13 135 386 281 30
internal_value=-0.00110994 -0.0064367 -0.00425801 -0.0181818 0 0.00525478 -0.00269231 0.0108696 -0.00768349 -0.00409483 0 0.00650685 -0.0103261 -0.0138889 -0.000180035 -0.0117647 0.00705128 -0.000243203 -0.000187782 0.00176259 0.00221239 -0.000598666 -0.00242291 9.41029e-05 -0.0020362 0.000225225 -0.00472973 -0.00431818 0.0027027 -0.00348558
internal_weight=4730 703 593 110 22 157 65 92 436 232 140 73 92 72 4027 204 39 4009 3994 695 678 3299 908 2391 884 444 148 440 296 416
internal_count=4730 703 593 110 22 157 65 92 436 232 140 73 92 72 4027 204 39 4009 3994 695 678 3299 908 2391 884 444 148 440 296 416
is_linear=0
shrinkage=0.05


Tree=97
num_leaves=31
num_cat=0
split_feature=4 4 3 6 4 2 17 2 11 4 17 16 3 16 16 12 3 13 7 16 6 3 2 4 1 11 14 6 17 1
split_gain=2.3864 8.75338 4.0864 2.09028 3.20145 8.14804 3.11321 3.04297 2.78448 2.61059 2.50056 2.97679 2.57855 2.46154 2.54473 1.57112 1.51755 2.55656 1.66943 1.64134 1.51553 1.40523 1.76328 1.39715 1.34381 1.72599 1.32154 1.3352 1.30167 1.32843
threshold=0.23350000000000004 0.05050000000000001 0.032500000000000008 0.51279064669064978 0.15650000000000003 3.5000000000000004 78.364680716677654 4.5000000000000009 774.50000000000011 0.13250000000000003 86.560096289444317 18.606228099426705 0.029500000000000002 17.229783311889655 20.124932683531799 33187.62000000001 0.0015000000000000002 -1257.9299999999996 1.5000000000000002 11.145363282657547 0.59101410862204518 0.028500000000000004 4.5000000000000009 23.702000000000002 1.5000000000000002 86.500000000000014 207388.72 0.12830601987841778 72.984132124666615 4.5000000000000009
decision_type=2 2 2 2 2 2 2 2 2 2 2 2 2 2 2 2 2 2 2 2 2 2 2 2 2 2 2 2 2 2
left_child=1 2 16 6 5 10 8 20 -3 21 12 -12 -5 -8 -15 -16 18 -18 26 -20 -6 22 -7 -2 -11 -26 27 -1 29 -29
right_child=23 3 -4 4 7 9 13 -9 -10 24 11 -13 -14 14 15 -17 17 -19 19 -21 -22 -23 -24 -25 25 -27 -28 28 -30 -31
leaf_value=-0.010880907671607799 -4.1336143782283455e-05 0.00066436900795596168 -0.00038413134352874995 -0.00077195766124732446 -0.0021285062831012101 8.9968881459934899e-05 -0.0013314549364863662 -0.0010375482231089466 -0.0037523126085998049 -0.00026151817638213131 0.0079412844303120497 -0.0006218970695574214 -0.00038731190178703111 0.00084432924201451325 0.00025273070383995399 -0.0014766732454120309 0.00043851895456619995 6.3018982254803291e-07 -0.0004313657562874919 -0.0001902803451594798 -0.00065831676603260447 0.00011114461598900409 -2.6009907064875049e-06 0.0038272674234079429 4.5267009636860983e-05 -0.00026149630378868378 0.022567838071904468 -0.0054661978604582887 0.0030132758176532413 -0.012155370749199663
leaf_weight=123 2421 56 47 79 23 37 52 70 10.999999999999998 12.999999999999998 16.000000000000004 12.999999999999998 171 14.999999999999998 19 18 31 53 11.999999999999998 35 175 20 25 18 25 12.999999999999998 39 49 1032 19
leaf_count=123 2421 56 47 79 23 37 52 70 11 13 16 13 171 15 19 18 31 53 12 35 175 20 25 18 25 13 39 49 1032 19
internal_value=-0.00107822 -0.00223701 0.000138889 -0.00625734 -0.0075 -0.00473301 -0.00131579 -0.0117537 0.00708955 0.00545113 -0.00958781 0.00431034 -0.0112 -0.00673077 0.000961538 -0.00608108 0.000628141 0.00714286 0.000210084 -0.00904255 -0.00858586 0.0109756 0.00725806 1.02501e-05 -0.00343137 0.00131579 0.000554675 0.00026574 0.000818182 -0.00588235
internal_weight=4730 2291 1440 851 680 412 171 268 67 133 279 29 250 104 52 37 1393 84 1309 47 198 82 62 2439 51 38 1262 1223 1100 68
internal_count=4730 2291 1440 851 680 412 171 268 67 133 279 29 250 104 52 37 1393 84 1309 47 198 82 62 2439 51 38 1262 1223 1100 68
is_linear=0
shrinkage=0.05


Tree=98
num_leaves=31
num_cat=0
split_feature=5 4 2 14 5 4 4 11 4 17 14 9 14 9 11 5 14 12 17 17 12 17 14 17 16 17 14 14 10 10
split_gain=8.88776 7.45944 9.47745 3.63636 2.93333 2.46696 2.26532 2.88565 1.42144 1.40647 1.71905 1.39566 2.22533 1.39718 1.3699 1.32073 1.32037 1.2924 2.251 1.71343 2.26444 2.74239 2.44288 1.98808 1.89242 3.34107 1.85338 2.16569 2.5974 2.48259
threshold=20.036550000000002 0.15850000000000003 3.5000000000000004 71250.075000000012 23.097550000000002 0.05050000000000001 0.13750000000000004 64.500000000000014 23.702000000000002 83.919905445758971 29460.475000000002 0.63350000000000006 38619.960000000006 0.26800000000000007 276.50000000000006 28.415100000000006 3895.4000000000005 9312.3000000000011 87.498187369628923 74.663399770288621 7418.6450000000013 73.572306740972735 13697.710000000001 80.098593039725642 23.154238048529937 80.326964886771023 38619.960000000006 15155.035000000002 703.83500000000015 650.12500000000011
decision_type=2 2 2 2 2 2 2 2 2 2 2 2 2 2 2 2 2 2 2 2 2 2 2 2 2 2 2 2 2 2
left_child=8 2 5 -3 -5 9 -4 15 16 11 -11 13 -13 14 -2 -8 -1 18 19 20 21 22 -18 26 25 -25 27 28 -21 -29
right_child=1 3 6 4 -6 -7 7 -9 -10 10 -12 12 -14 -15 -16 -17 17 -19 -20 23 -22 -23 -24 24 -26 -27 -28 29 -30 -31
leaf_value=-0.0070432913565110005 0.0004420101015937421 -0.00095427466928588937 6.7022437498178916e-05 0.0028341301517871309 -0.00091683233787560501 -0.00038182411181275356 0.00015005686849986906 -0.00027027207557083974 0.0036359040522375378 0.00023054664018906727 -6.4336828423759715e-05 -0.00017312073218324483 0.00042296654392237902 -0.00020921255996713407 -0.00035371717582066144 -1.4598731177507124e-05 0.00046657814719714975 -0.00025793513374862685 -0.00253483763844547 0.0022826928264765693 0.012855573415697328 0.0043694060149873874 -0.0042307921450808837 0.0093792448699930898 0.00381648188501299 -1.7911486972352344e-05 0.0013311571088950023 -0.0047044758562365457 -0.0035375350791756219 -0.00052911704916108748
leaf_weight=14.999999999999998 10.000000000000002 88 110 12.000000000000002 9.9999999999999982 259 11.000000000000002 17 18 11.999999999999998 28 31 19 64 12.999999999999998 19 31 3285 17 56 29 32 29 18 81 243 50 43 44 36
leaf_count=15 10 88 110 12 10 259 11 17 18 12 28 31 19 64 13 19 31 3285 17 56 29 32 29 18 81 243 50 43 44 36
internal_value=-0.00103594 -0.00622333 -0.00400506 -0.0181818 0 -0.00779817 0.00652866 -0.00265957 -0.00013037 -0.00324859 0.005 -0.00565693 0.001 -0.00948276 0.00108696 0.00666667 -0.000193315 -0.000137707 0.00179831 0.00223988 0.00764463 0.00380435 -0.0025 0.00109457 0.00350877 0.00143678 -0.00251092 -0.00488827 0 -0.0110759
internal_weight=4730 703 593 110 22 436 157 47 4027 177 40 137 50 87 23 30 4009 3994 709 692 121 92 60 571 342 261 229 179 100 79
internal_count=4730 703 593 110 22 436 157 47 4027 177 40 137 50 87 23 30 4009 3994 709 692 121 92 60 571 342 261 229 179 100 79
is_linear=0
shrinkage=0.05


Tree=99
num_leaves=31
num_cat=0
split_feature=5 4 2 14 4 3 7 4 11 5 12 4 11 7 0 3 14 16 16 12 3 3 5 4 5 5 7 7 4 12
split_gain=7.81249 7.83693 8.83515 2.88687 2.37461 2.97985 2.56006 2.32139 2.83333 2.30455 1.78716 1.42648 1.37745 1.69615 1.35 1.33788 1.31592 1.29419 1.26848 1.40659 1.24926 1.20227 1.65 1.1999 1.50994 1.19048 1.16721 2.00464 2.24094 1.55503
threshold=20.036550000000002 0.16150000000000003 3.5000000000000004 71250.075000000012 0.065500000000000017 0.029500000000000002 1.5000000000000002 0.13750000000000004 86.500000000000014 23.097550000000002 59883.350000000013 23.702000000000002 880.50000000000011 1.0000000180025095e-35 18.500000000000004 0.013500000000000002 3895.4000000000005 11.040296224375497 22.6737425601994 20915.720000000005 0.058500000000000003 1.0000000180025095e-35 47.880950000000006 0.076500000000000012 51.524450000000009 36.613600000000012 5.5000000000000009 2.5000000000000004 10.742000000000003 1965.95
decision_type=2 2 2 2 2 2 2 2 2 2 2 2 2 2 2 2 2 2 2 2 2 2 2 2 2 2 2 2 2 2
left_child=11 2 4 -3 5 6 10 21 -9 -5 14 16 13 20 -2 -6 -1 -8 19 -19 -7 22 -4 -23 25 -25 27 29 -29 -18
right_child=1 3 7 9 15 12 17 8 -10 -11 -12 -13 -14 -15 -16 -17 26 18 -20 -21 -22 23 -24 24 -26 -27 -28 28 -30 -31
leaf_value=-0.006691126788685448 0.00016538444757082453 -0.00097160627597078363 7.6664376639015708e-06 0.0026924236441977743 -0.00096213669632807955 -0.00038319965999029514 -0.00033312365428614659 2.6081443758487963e-05 -0.00025675847179229761 -0.00087099072098182457 -7.7431639616516731e-05 0.0034541088496256589 3.0216397356732513e-05 6.1582879012506142e-06 -1.389014677502104e-05 -0.00034263969879378618 0.00058271411151125663 0.00010489756517129134 -0.00044809026764562057 -0.0001592073398984019 -0.00053148041409328557 0.00017520378963903767 -7.1134746638493179e-05 5.1145114669658154e-05 -4.5414714668297329e-05 9.3361183288992466e-05 0.00059302627157219461 -0.00049631193214609852 -0.0040581532165791193 -5.6160621175610494e-07
leaf_weight=14.999999999999998 48 84 12.000000000000002 12.000000000000002 56 49 15.999999999999998 34 17 9.9999999999999982 12.999999999999998 18 13.999999999999998 18 11.999999999999998 148 83 21 11.999999999999998 18 10.999999999999998 17 9.9999999999999982 25 10.999999999999998 35 51 471 23 3366
leaf_count=15 48 84 12 12 56 49 16 34 17 10 13 18 14 18 12 148 83 21 12 18 11 17 10 25 11 35 51 471 23 3366
internal_value=-0.00100423 -0.00586771 -0.00364322 -0.0183962 -0.00733945 -0.00387931 0.000714286 0.00636646 -0.00245098 -0.00227273 0.00719178 -0.000155202 -0.0108696 -0.0134615 0.0108333 -0.0112745 -0.000218259 -0.00634328 -0.00245098 0.00192308 -0.0175 0.0104545 0 0.0130682 0.0102113 0.0133333 -0.000162744 -0.000259954 -0.00323887 0.000166715
internal_weight=4730 703 597 106 436 232 140 161 51 22 73 4027 92 78 60 204 4009 67 51 39 60 110 22 88 71 60 3994 3943 494 3449
internal_count=4730 703 597 106 436 232 140 161 51 22 73 4027 92 78 60 204 4009 67 51 39 60 110 22 88 71 60 3994 3943 494 3449
is_linear=0
shrinkage=0.05


Tree=100
num_leaves=31
num_cat=0
split_feature=16 6 3 17 12 17 17 10 12 11 13 14 15 3 8 12 14 6 12 10 3 6 6 1 16 16 17 17 3 15
split_gain=1.58914 1.55431 2.14328 2.12294 1.85656 3.13498 3.88426 1.79379 1.90512 1.7856 3.40584 1.77077 2.78119 1.71437 2.00482 1.79042 1.63223 2.40379 2.55608 2.36421 1.87543 1.69518 1.58362 1.80235 1.60815 1.87912 1.63989 1.49074 1.41567 1.41279
threshold=27.849086288233824 0.39887612852775306 0.17250000000000001 72.207311419098531 4399.6750000000011 83.120394419996543 75.963540571843865 547.62500000000011 2381.2350000000001 11.500000000000002 -13484.829999999998 15400.660000000002 1.0000000180025095e-35 0.031500000000000007 2.5000000000000004 6671.2450000000017 15155.035000000002 0.37954001472757881 37461.295000000006 360.50000000000006 1.0645000000000002 0.37248913138245493 0.37248913138245493 5.5000000000000009 26.203756285920978 24.844238868594761 75.963540571843865 87.727402918137287 0.13450000000000004 1.0000000180025095e-35
decision_type=2 2 2 2 2 2 2 2 2 2 2 2 2 2 2 2 2 2 2 2 2 2 2 2 2 2 2 2 2 2
left_child=1 16 3 -3 5 6 11 -7 -9 -8 -11 -5 -13 29 15 -15 19 20 -19 -1 21 27 23 24 25 26 -21 -18 -2 -6
right_child=28 2 -4 4 13 7 9 8 -10 10 -12 12 -14 14 -16 -17 17 18 -20 22 -22 -23 -24 -25 -26 -27 -28 -29 -30 -31
leaf_value=0.014548463287093444 0.00059740133762633543 -0.0030171923993002839 2.4507618467295434e-05 0.0016271729590408902 4.1678836537366318e-05 0.0021096155182624117 6.0219842762420167e-05 0.0034814346985752838 -0.0009966092573692434 -0.00018552035038528274 -0.00092350114903449196 0.0094832964806737668 -0.0022892703746346678 0.000264813853935611 -0.00026037068521083258 -0.00053011572426940742 5.2608951843471224e-05 0.0085606952723248416 0.0006344046811154636 0.012847851249907283 0.018298603627690792 -0.0073688036439659987 -0.0047970124643747615 -0.03384814370050624 -0.011035791787302508 0.033195801029120474 -0.0061458687538614833 0.020585766954126446 -0.00097965072730603624 -0.00026380455797995681
leaf_weight=28 21.000000000000004 31 1427 25 439 30 46 25 18 40 37 11.999999999999998 22 14.999999999999998 330 229 714 30 37 9.9999999999999982 27 15.999999999999998 15.999999999999998 9.9999999999999982 10.999999999999998 12.999999999999998 53 9.9999999999999982 9.9999999999999982 900
leaf_count=28 21 31 1427 25 439 30 46 25 18 40 37 12 22 15 330 229 714 30 37 10 27 16 16 10 11 13 53 10 10 900
internal_value=-0.000798791 -0.00087481 -0.00135135 -0.0023306 -0.00214483 0.00186275 -0.00164835 0.0106164 0.00406977 -0.00670732 -0.0113636 0.00889831 0.00147059 -0.00267904 -0.00496516 -0.00840164 0.000897436 0.00173861 0.0108209 -0.00407801 0.000945241 0.000472973 -0.00730088 -0.00489691 -0.00258621 0 -0.00357143 0.000828729 0.0104839 -0.00169903
internal_weight=4632 4601 3626 2199 2168 255 182 73 43 123 77 59 34 1913 574 244 975 834 67 141 767 740 113 97 87 76 63 724 31 1339
internal_count=4632 4601 3626 2199 2168 255 182 73 43 123 77 59 34 1913 574 244 975 834 67 141 767 740 113 97 87 76 63 724 31 1339
is_linear=0
shrinkage=0.05


Tree=101
num_leaves=31
num_cat=0
split_feature=5 4 2 5 4 4 3 4 3 3 7 10 3 1 6 7 7 4 1 16 3 16 9 5 16 1 16 14 16 16
split_gain=4.69392 7.28693 8.52998 2.50454 2.33472 2.18135 1.86685 1.81162 1.85398 2.9312 1.875 1.48246 1.47261 1.42573 1.98511 1.24709 1.6938 1.81764 1.74381 2.33382 1.9308 1.84761 1.61538 1.59172 2.61118 1.38779 2.67388 2.28406 1.85457 2.57735
threshold=20.395050000000001 0.16450000000000004 3.5000000000000004 31.479700000000005 0.21150000000000002 0.065500000000000017 0.052500000000000005 0.063500000000000015 0.026500000000000003 0.0035000000000000005 1.0000000180025095e-35 873.20000000000016 1.0000000180025095e-35 2.5000000000000004 0.90223728699552352 5.5000000000000009 2.5000000000000004 20.199500000000004 1.5000000000000002 23.154238048529937 0.15650000000000003 24.343465853010731 0.46450000000000008 0.90830000000000011 21.474793701948645 2.5000000000000004 8.2832255730924356 37444.230000000003 11.084175788043236 11.782028718339921
decision_type=2 2 2 2 2 2 2 2 2 2 2 2 2 2 2 2 2 2 2 2 2 2 2 2 2 2 2 2 2 2
left_child=15 2 5 13 -3 7 12 8 9 11 -11 -2 -5 -4 -15 16 17 25 19 20 23 -21 -19 -18 -25 26 -1 -27 -29 -30
right_child=1 4 3 6 -6 -7 -8 -9 -10 10 -12 -13 -14 14 -16 -17 18 22 -20 21 -22 -23 -24 24 -26 27 -28 28 29 -31
leaf_value=-0.013760473544362606 -8.1722622856333921e-05 -0.00087723333991397809 -0.00017014174975700793 5.7628494789418314e-06 0.001124421426995866 -0.00042027741373807802 -0.00010459199582330443 0.0057073469429842821 -0.00014098939573262275 4.6676501066582335e-05 0.00032867612696814847 -0.00062976135050106801 0.00010008742950642705 0.00013504100827846575 -0.00021916224926898654 0.00066737148136767482 -0.0023972609812876969 0.0013823915828662936 -0.00018947023970769528 0.013358338250747909 -0.003966922972305032 -0.0010702247472468562 0.010982824522690993 0.0012284628826669808 -0.0010783795189658371 -0.0010990640245956585 0.00062269521358394593 0.0025142980037523412 -0.0097916854947778763 9.4315157604669964e-05
leaf_weight=12.999999999999998 38 80 12.999999999999998 26 9.9999999999999982 180 11.999999999999998 13.999999999999998 86 40 20 19 89 13.000000000000002 18 52 13.999999999999998 12.000000000000002 371 11.000000000000002 32 18 13.999999999999998 33 12.999999999999998 1012 1365 158 26 830
leaf_count=13 38 80 13 26 10 180 12 14 86 40 20 19 89 13 18 52 14 12 371 11 32 18 14 33 13 1012 1365 158 26 830
internal_value=-0.000647668 -0.00455927 -0.00246479 0.00687135 -0.0177778 -0.00648615 0.0104331 -0.0031106 -0.00431034 -0.000213675 0.0075 -0.00833333 0.0123913 -0.00340909 0.00241935 0 -0.000101989 0.000291545 -0.00284553 -0.00805785 -0.0119565 0.00431034 0.0134615 -0.00666667 -0.00217391 0.000190952 0.00141509 -0.000641658 0.0010355 0.000116822
internal_weight=4632 658 568 171 90 397 127 217 203 117 60 57 115 44 31 3974 3922 3430 492 121 92 29 26 60 46 3404 1378 2026 1014 856
internal_count=4632 658 568 171 90 397 127 217 203 117 60 57 115 44 31 3974 3922 3430 492 121 92 29 26 60 46 3404 1378 2026 1014 856
is_linear=0
shrinkage=0.05


Tree=102
num_leaves=31
num_cat=0
split_feature=5 4 2 4 5 11 4 16 11 17 3 3 14 3 7 3 2 7 7 17 1 4 17 6 4 4 11 14 1 17
split_gain=5.14788 7.03776 6.95559 2.33472 2.13245 2.26564 2.1089 1.722 4.32234 1.95947 1.64059 1.87712 2.01757 1.38673 1.40013 1.25891 1.29066 1.25117 1.55552 1.92083 2.18542 2.26096 4.27891 2.88 2.18489 1.74073 1.64103 1.63896 2.63505 2.56061
threshold=20.395050000000001 0.16450000000000004 3.5000000000000004 0.21150000000000002 34.835950000000004 193.50000000000003 0.05050000000000001 10.659025143280719 362.00000000000006 73.628055274700344 0.033500000000000009 0.0035000000000000005 36977.310000000005 0.026500000000000003 1.0000000180025095e-35 1.0000000180025095e-35 4.5000000000000009 5.5000000000000009 2.5000000000000004 81.724815560203936 1.5000000000000002 1.7610000000000003 77.102786433903034 0.95971183088534107 7.9275000000000011 23.702000000000002 106.50000000000001 30819.885000000006 3.5000000000000004 84.911997735243361
decision_type=2 2 2 2 2 2 2 2 2 2 2 2 2 2 2 2 2 2 2 2 2 2 2 2 2 2 2 2 2 2
left_child=17 2 6 -3 5 -4 10 8 -8 -9 11 -2 -13 14 -14 -6 -17 18 25 20 -20 -22 -23 26 27 -1 -24 -21 -29 -30
right_child=1 3 4 -5 15 -7 7 9 -10 -11 -12 12 13 -15 -16 16 -18 -19 19 24 21 22 23 -25 -26 -27 -28 28 29 -31
leaf_value=6.8052605387079745e-05 -0.00026763010818493598 -0.00083337167291827922 3.0262370935853213e-05 0.0010682003556460723 -7.7295506486774195e-07 -0.00022766409345895621 0.011370578206149399 -0.00051172763401317878 -0.00094195258987890974 -0.00030981344771846141 -0.00033260831730298133 0.00023092130684591872 -6.8352536772189894e-06 -7.839643686049087e-05 0.00025210199988629639 0.000235041031631901 3.2539265553154649e-05 0.00063400290729929152 -0.0010287935653199903 0.0012306065059158767 -0.0019654407098416956 0.020244734038352648 0.00062068323340456208 -0.0086554150531462544 -0.0073557169238696492 0.0097228196078358534 -0.005513417211722188 -0.0020703133569816234 0.0059033860274691485 -0.0015624966055959588
leaf_weight=3416 50 80 57 9.9999999999999982 19 11.999999999999998 14.000000000000002 22 10.999999999999998 187 34 31 21 13.999999999999998 12.999999999999998 38 45 52 82 65 123 46 13.000000000000002 25 10.999999999999998 13.999999999999998 11.999999999999998 60 30 25
leaf_count=3416 50 80 57 10 19 12 14 22 11 187 34 31 21 14 13 38 45 52 82 65 123 46 13 25 11 14 12 60 30 25
internal_value=-0.000690846 -0.00478723 -0.00272887 -0.0177778 0.00570175 -0.00108696 -0.0063602 -0.00940171 0.003 -0.0108852 -0.00199387 0.000581395 0.00537975 -0.00104167 0.00441176 0.0102941 0.0129518 -1.25818e-05 -0.000114737 -0.0027439 -0.00523256 -0.00262557 0.003125 -0.007 0.00117801 0.000262391 0.005 0.0025 -0.00108696 0.00681818
internal_weight=4632 658 568 90 171 69 397 234 25 209 163 129 79 48 34 102 83 3974 3922 492 301 219 96 50 191 3430 25 180 115 55
internal_count=4632 658 568 90 171 69 397 234 25 209 163 129 79 48 34 102 83 3974 3922 492 301 219 96 50 191 3430 25 180 115 55
is_linear=0
shrinkage=0.05


Tree=103
num_leaves=31
num_cat=0
split_feature=4 4 2 2 4 6 9 6 4 3 0 16 16 0 6 6 0 16 0 8 4 3 6 11 11 16 0 13 0 0
split_gain=2.24611 7.34685 4.40158 2.75111 4.70265 2.22651 2.28753 2.29451 2.18099 1.89979 1.8883 1.74287 1.72976 2.11962 1.75645 1.61713 2.06702 1.49911 1.4503 1.35265 1.45866 1.37085 1.6992 1.31635 2.7978 2.53857 2.42619 1.94807 1.55019 3.84119
threshold=0.21150000000000002 0.16150000000000003 4.5000000000000009 3.5000000000000004 0.05050000000000001 0.33397743760765614 0.63350000000000006 0.76441452472465132 0.091500000000000012 0.033500000000000009 20.500000000000004 11.084175788043236 27.217542877040632 2.5000000000000004 0.99999523405763624 0.49086567276937748 1.5000000000000002 15.994931823910486 6.5000000000000009 4.5000000000000009 0.15350000000000003 0.0095000000000000015 0.88443463252382204 716.00000000000011 921.50000000000011 26.699773523443685 20.500000000000004 -1508.7599999999998 10.500000000000002 12.500000000000002
decision_type=2 2 2 2 2 2 2 2 2 2 2 2 2 2 2 2 2 2 2 2 2 2 2 2 2 2 2 2 2 2
left_child=1 3 12 4 9 17 7 11 -5 -1 18 -7 13 -3 -15 -8 -17 -6 -9 20 21 22 -10 28 25 27 -26 -25 -2 -30
right_child=23 2 -4 8 5 6 15 10 19 -11 -12 -13 -14 14 -16 16 -18 -19 -20 -21 -22 -23 -24 24 26 -27 -28 -29 29 -31
leaf_value=3.8536944913916682e-05 -0.00039248665803572893 9.5228904626886926e-05 -0.00098723675919314634 0.00020051269625623869 -0.002749166912104212 0.0002261130887931895 -0.0001016857434155083 -0.00097439856632800664 -0.00023197173551729803 -0.00031597790143783264 -0.00039658289823789051 -0.00068498991716273725 -0.0026668559404054003 -0.00052610163160573056 -0.00049740239138082389 0.00086775629303851437 -0.00058486000969806969 0.010511992129754061 0.0013176302728364741 7.6584986938872326e-05 -0.00010338517272744514 5.2136795546764428e-05 1.5274199158366031e-05 0.007140182270552198 6.602047019342305e-05 -0.0066741058395306842 -0.013148433127542134 0.0038301914230798096 0.0056104813995709879 -2.0307851572864966e-06
leaf_weight=1385 1009 34 51 35 11.999999999999998 22 29 17 10.999999999999998 34 12.999999999999998 87 11.999999999999998 124 31 15.999999999999998 127 22 38 9.9999999999999982 19 57 31 70 123 9.9999999999999982 9.9999999999999982 43 169 981
leaf_count=1385 1009 34 51 35 12 22 29 17 11 34 13 87 12 124 31 16 127 22 38 10 19 57 31 70 123 10 10 43 169 981
internal_value=-0.000734024 -0.00188318 -0.00992063 -0.000852417 -0.00141509 -0.00633159 -0.00752149 -0.00353107 0.0053681 -8.80902e-05 0.00367647 -0.00802752 -0.00659204 -0.00542328 -0.00790323 -0.0116279 -0.0138112 0.00588235 0.00772727 0.00234375 0.000847458 0.00328283 -0.00357143 0.000320911 0.00371094 0.00914634 -0.00131579 0.0112832 -8.1056e-05 0.00117391
internal_weight=4632 2217 252 1965 1802 383 349 177 163 1419 68 109 201 189 155 172 143 34 55 128 118 99 42 2415 256 123 133 113 2159 1150
internal_count=4632 2217 252 1965 1802 383 349 177 163 1419 68 109 201 189 155 172 143 34 55 128 118 99 42 2415 256 123 133 113 2159 1150
is_linear=0
shrinkage=0.05


Tree=104
num_leaves=31
num_cat=0
split_feature=5 5 2 2 5 12 5 9 6 12 10 0 10 5 10 5 13 0 10 11 13 3 0 14 14 12 13 13 12 5
split_gain=4.80019 5.44944 2.4244 3.2104 2.32 1.59156 2.57451 1.59039 2.47819 1.63239 1.46882 1.28531 3.35484 1.34227 1.68889 1.1568 1.90956 1.3486 1.30757 2.23623 2.22368 2.69474 1.38757 2.01577 1.74147 1.10455 1.10264 1.48797 1.94892 1.54061
threshold=20.395050000000001 30.990050000000004 3.5000000000000004 5.5000000000000009 37.527500000000011 32422.360000000004 36.613600000000012 0.63350000000000006 0.99999523405763624 42745.530000000006 643.75000000000011 6.5000000000000009 720.50000000000011 25.836550000000003 633.62500000000011 39.950450000000011 -5035.1149999999989 13.500000000000002 350.50000000000006 385.50000000000006 -2699.6099999999992 0.026500000000000003 16.500000000000004 82247.48000000001 29460.475000000002 8202.6250000000018 -235020.98999999996 -110116.34999999999 5235.6500000000005 2.5306000000000006
decision_type=2 2 2 2 2 2 2 2 2 2 2 2 2 2 2 2 2 2 2 2 2 2 2 2 2 2 2 2 2 2
left_child=26 7 15 5 -5 -4 -7 8 11 -9 -6 12 -2 -13 -15 16 -3 -18 -17 20 -20 -22 23 24 25 -21 -1 28 -28 -30
right_child=1 2 3 4 10 6 -8 9 -10 -11 -12 13 -14 14 -16 18 17 -19 19 22 21 -23 -24 -25 -26 -27 27 -29 29 -31
leaf_value=-0.010892762892126252 -0.00085991430519208952 -0.0007937850735586033 1.2186215638518294e-05 -0.00067103820626541891 -3.2746484146831127e-05 -4.0698478009040808e-06 0.00023598105342344938 -0.0005328449942195411 -0.00079316283269650521 -0.00036651550395776987 2.7083052928553177e-05 -0.0006507404213046006 0.0041496288874046704 0.0078749824980624081 -0.00040613718958544369 -0.00012754346418361595 0.00053362538378255795 -0.00029668560581261745 0.00017101356993270354 -0.00029188594984558145 5.8304458029752319e-05 -0.00017456475393390418 -0.00020495968508380327 0.0001437305227176347 -0.00022499264816595451 0.00015408796060828803 0.0052240627723867845 -6.1817762402033291e-05 0.00040248781229003107 -0.0026410036273629618
leaf_weight=10.999999999999998 18.000000000000004 15.999999999999998 62 17 11.000000000000002 14.999999999999998 32 95 28 35 12.999999999999998 35 12.999999999999998 18 20 38 18 21 38 10.000000000000002 20 18 20 13.999999999999998 21 11.999999999999998 12.999999999999998 3907 29 13.999999999999998
leaf_count=11 18 16 62 17 11 15 32 95 28 35 13 35 13 18 20 38 18 21 38 10 20 18 20 14 21 12 13 3907 29 14
internal_value=-0.000755613 -0.00471125 -0.0010101 0.004 -0.00792683 0.00848624 0.0154255 -0.0103053 -0.00643939 -0.0142308 0.00208333 -0.00288462 0.00564516 -0.00650685 0 -0.00406504 -0.0104545 -0.00448718 -0.00222513 -0.000163399 0.00592105 -0.00263158 -0.00616883 -0.00219298 -0.00755814 0.00227273 -0.000100654 -5.67752e-05 0.00803571 0.00290698
internal_weight=4632 658 396 150 41 109 47 262 132 130 24 104 31 73 38 246 55 39 191 153 76 38 77 57 43 22 3974 3963 56 43
internal_count=4632 658 396 150 41 109 47 262 132 130 24 104 31 73 38 246 55 39 191 153 76 38 77 57 43 22 3974 3963 56 43
is_linear=0
shrinkage=0.05


end of trees

feature_importances:
hop_velocity=494
elapsed_hours_since_first_tx=305
stolen_amount=259
avg_account_age_days=233
min_account_age_days=230
victim_lat=229
victim_lon=226
terminal_readiness=220
as_of_hour=184
n_hops_observed=149
time_since_last_hop_hours=140
amount_trend=127
last_hop_amount=92
as_of_day_of_week=79
dormant_account_ratio=57
n_split_events=52
n_unique_banks_seen=35
urban=25
is_final_snapshot=14

parameters:
[boosting: gbdt]
[objective: quantile]
[metric: quantile]
[tree_learner: serial]
[device_type: cpu]
[data_sample_strategy: bagging]
[data: ]
[valid: ]
[num_iterations: 300]
[learning_rate: 0.05]
[num_leaves: 31]
[num_threads: 0]
[seed: 0]
[deterministic: 0]
[force_col_wise: 0]
[force_row_wise: 0]
[histogram_pool_size: -1]
[max_depth: -1]
[min_data_in_leaf: 10]
[min_sum_hessian_in_leaf: 0.001]
[bagging_fraction: 0.8]
[pos_bagging_fraction: 1]
[neg_bagging_fraction: 1]
[bagging_freq: 5]
[bagging_seed: 3]
[bagging_by_query: 0]
[feature_fraction: 0.8]
[feature_fraction_bynode: 1]
[feature_fraction_seed: 2]
[extra_trees: 0]
[extra_seed: 6]
[early_stopping_round: 0]
[early_stopping_min_delta: 0]
[first_metric_only: 0]
[max_delta_step: 0]
[lambda_l1: 0]
[lambda_l2: 0]
[linear_lambda: 0]
[min_gain_to_split: 0]
[drop_rate: 0.1]
[max_drop: 50]
[skip_drop: 0.5]
[xgboost_dart_mode: 0]
[uniform_drop: 0]
[drop_seed: 4]
[top_rate: 0.2]
[other_rate: 0.1]
[min_data_per_group: 100]
[max_cat_threshold: 32]
[cat_l2: 10]
[cat_smooth: 10]
[max_cat_to_onehot: 4]
[top_k: 20]
[monotone_constraints: ]
[monotone_constraints_method: basic]
[monotone_penalty: 0]
[feature_contri: ]
[forcedsplits_filename: ]
[refit_decay_rate: 0.9]
[cegb_tradeoff: 1]
[cegb_penalty_split: 0]
[cegb_penalty_feature_lazy: ]
[cegb_penalty_feature_coupled: ]
[path_smooth: 0]
[interaction_constraints: ]
[verbosity: -1]
[saved_feature_importance_type: 0]
[use_quantized_grad: 0]
[num_grad_quant_bins: 4]
[quant_train_renew_leaf: 0]
[stochastic_rounding: 1]
[linear_tree: 0]
[max_bin: 255]
[max_bin_by_feature: ]
[min_data_in_bin: 3]
[bin_construct_sample_cnt: 200000]
[data_random_seed: 1]
[is_enable_sparse: 1]
[enable_bundle: 1]
[use_missing: 1]
[zero_as_missing: 0]
[feature_pre_filter: 1]
[pre_partition: 0]
[two_round: 0]
[header: 0]
[label_column: ]
[weight_column: ]
[group_column: ]
[ignore_column: ]
[categorical_feature: ]
[forcedbins_filename: ]
[precise_float_parser: 0]
[parser_config_file: ]
[objective_seed: 5]
[num_class: 1]
[is_unbalance: 0]
[scale_pos_weight: 1]
[sigmoid: 1]
[boost_from_average: 1]
[reg_sqrt: 0]
[alpha: 0.5]
[fair_c: 1]
[poisson_max_delta_step: 0.7]
[tweedie_variance_power: 1.5]
[lambdarank_truncation_level: 30]
[lambdarank_norm: 1]
[label_gain: ]
[lambdarank_position_bias_regularization: 0]
[eval_at: ]
[multi_error_top_k: 1]
[auc_mu_weights: ]
[num_machines: 1]
[local_listen_port: 12400]
[time_out: 120]
[machine_list_filename: ]
[machines: ]
[gpu_platform_id: -1]
[gpu_device_id: -1]
[gpu_device_id_list: ]
[gpu_use_dp: 0]
[num_gpu: 1]

end of parameters

pandas_categorical:[]
