tree
version=v4
num_class=1
num_tree_per_iteration=1
label_index=0
max_feature_idx=18
objective=quantile
feature_names=as_of_hour as_of_day_of_week n_hops_observed time_since_last_hop_hours elapsed_hours_since_first_tx hop_velocity terminal_readiness n_split_events n_unique_banks_seen dormant_account_ratio avg_account_age_days min_account_age_days last_hop_amount amount_trend stolen_amount urban victim_lat victim_lon is_final_snapshot
feature_infos=[0:23] [0:6] [1:7] [0:29.155999999999999] [0.050000000000000003:46.603999999999999] [0.075399999999999995:100] [0:1] [0:10] [1:6] [0:1] [1:1499] [1:1499] [0.5:763818.12] [-730803.28000000003:0] [1420.8699999999999:763818.12] [0:1] [8.0446861591973473:27.983601839147571] [72.043009303426118:87.997072099734439] [0:1]
tree_sizes=2808 2954 2910 3027 3039 2971 2999 3001 3027 2939 2980 2941 2989 2983 2990 3027 2943 2986 2931 3022 3017 2994 2973 2978 3002 3043 2998 2981 3010 3060 3003 3050 2992 3059 3042 2994 2998 2992 3086 3043 3034 3079 3023 3072 3118 3055 3022 3062 3061 3075 3011 2993 2988 3008 3045 3062 3054 3056 2947 3062 3023 3039 3057 3063 3082 3036 3033 3079 3037 3029 3015 3046 3127 3046 3030 3016 3032 3087 3037 2993 3078 3022 3111 3055 2998 3007 2999 3075 3070 3098 3024 3091 3048 3066 3090 3058 3099 3061 3079 3046 3062 3095 3067 3035 3102 3093 3083 3115 3026 3061 3079 3093 3066 3061 3047 3033 3035 3060 3035 3141 3101 3043 3075 3047

Tree=0
num_leaves=31
num_cat=0
split_feature=5 8 5 11 5 6 3 4 11 10 4 6 1 6 17 6 4 1 11 17 10 10 6 16 10 17 4 5 4 14
split_gain=34.8448 15.5436 10.4512 8.34729 6.01448 5.69328 2.82451 2.57682 2.54339 2.46789 2.21443 2.28507 2.48112 2.50096 2.11004 1.84965 1.69536 1.43889 1.48982 1.66091 2.23529 2.15546 1.23072 1.16571 1.44554 1.62104 1.09955 1.09247 1.56986 1.5949
threshold=0.65510000000000013 1.5000000000000002 0.15575000000000003 13.500000000000002 1.7079500000000001 0.65192968804278817 4.7610000000000001 0.05050000000000001 974.50000000000011 558.41500000000008 3.3480000000000003 0.75236132678326373 4.5000000000000009 0.66097378866497702 83.63590748947685 0.70154595133437869 20.199500000000004 1.5000000000000002 76.500000000000014 76.909950872568942 727.1450000000001 928.50000000000011 0.56410338867762588 14.810079678401861 505.83500000000009 79.653098564820937 3.6305000000000005 0.94055000000000011 3.2200000000000002 24588.615000000002
decision_type=2 2 2 2 2 2 2 2 2 2 2 2 2 2 2 2 2 2 2 2 2 2 2 2 2 2 2 2 2 2
left_child=2 7 14 16 5 8 10 22 17 -8 -5 12 15 -14 -1 26 23 -3 -19 -20 -21 -22 -2 24 25 -4 -12 28 29 -7
right_child=1 4 3 6 -6 27 9 -9 -10 -11 11 -13 13 -15 -16 -17 -18 18 19 20 21 -23 -24 -25 -26 -27 -28 -29 -30 -31
leaf_value=2.2779798021004467 2.2395893774376305 2.2186533331871034 2.2254160999648986 2.2693412184715269 2.1717824550562099 2.2311442136764525 2.271870331309219 2.2073011691551416 2.2597098112106324 2.2712160554307159 2.2791992874014797 2.2228449583053589 2.2637652988710544 2.2315101054722719 2.2625810415571364 2.2810870289802549 2.2412067988276987 2.244647878403538 2.2124915997430961 2.2297363583449283 2.2433324575424196 2.2244449383334084 2.2254572041948224 2.2173060209377256 2.2225619399910101 2.252170514167537 2.2416019547155885 2.2006167054176329 2.2154536162534955 2.2452132944171526
leaf_weight=31 939 46 14.000000000000002 12.999999999999998 2184 11.000000000000002 12.999999999999998 157 14.999999999999998 53 11.999999999999998 49 16.000000000000004 9.9999999999999982 13.999999999999998 15.999999999999998 10.999999999999998 12.999999999999998 26 34 21 17 349 126 33 10.999999999999998 39 295 117 19
leaf_count=31 939 46 14 13 2184 11 13 157 15 53 12 49 16 10 14 16 11 13 26 34 21 17 349 126 33 11 39 295 117 19
internal_value=2.21915 2.21773 2.23221 2.22973 2.21556 2.21993 2.23638 2.22194 2.22765 2.24505 2.2327 2.23089 2.23549 2.2486 2.2551 2.2304 2.22219 2.22577 2.22885 2.22674 2.23065 2.23899 2.22268 2.22105 2.22692 2.23599 2.22575 2.21693 2.22045 2.23065
internal_weight=4704 4243 461 416 2798 614 221 1445 172 66 155 142 93 26 45 67 195 157 111 98 72 38 1288 184 58 25 51 442 147 30
internal_count=4704 4243 461 416 2798 614 221 1445 172 66 155 142 93 26 45 67 195 157 111 98 72 38 1288 184 58 25 51 442 147 30
is_linear=0
shrinkage=1


Tree=1
num_leaves=31
num_cat=0
split_feature=5 8 5 5 6 6 17 17 4 0 16 0 0 14 5 5 14 4 0 12 9 16 10 7 14 17 17 17 6 17
split_gain=32.1513 14.0751 9.4617 6.96263 6.86441 6.14623 3.15252 2.80369 2.46023 2.39797 3.38446 2.0656 1.92075 2.36254 1.7723 2.51256 1.74733 1.67953 1.58284 2.62185 2.06104 1.58155 1.56385 1.44118 1.34698 1.12083 1.40077 1.21805 1.08457 1.37755
threshold=0.61265000000000003 1.5000000000000002 0.15575000000000003 1.3570000000000002 0.77309914036148131 0.66362495610394812 73.078719956340478 83.63590748947685 0.05050000000000001 2.5000000000000004 18.048783530916189 6.5000000000000009 11.500000000000002 82247.48000000001 0.2899500000000001 0.60910000000000009 115579.39000000001 2.6235000000000004 17.500000000000004 22759.090000000004 0.63350000000000006 21.772941875618461 838.16500000000008 1.0000000180025095e-35 19971.395000000004 84.580886455495047 80.023135304271861 75.963540571843865 0.56410338867762588 72.984132124666615
decision_type=2 2 2 2 2 2 2 2 2 2 2 2 2 2 2 2 2 2 2 2 2 2 2 2 2 2 2 2 2 2
left_child=2 8 7 5 6 12 -4 -1 28 21 24 -12 13 17 16 -16 25 23 -14 -20 -21 -8 -13 -3 -11 26 27 -6 29 -2
right_child=1 3 4 -5 14 -7 9 -9 -10 10 11 22 18 -15 15 -17 -18 -19 19 20 -22 -23 -24 -25 -26 -27 -28 -29 -30 -31
leaf_value=0.05604407932177935 -0.0077207965508836246 0.010928955092040261 -0.0039321718089973248 -0.04076320401352037 0.044986524799706627 -0.0057019766295390321 -0.0053416978486556729 0.041415256805634695 -0.01110062197626065 0.067174744954455065 0.051278098787522347 0.020921502907495837 -0.0015473345402645185 0.021247832180909532 -0.0035055657146180197 0.018152800757225005 0.014321688474559433 0.0052542802327898083 -0.001650545513994645 0.014725830821518696 0.050551509559136676 0.0072951851744271993 0.031549056120451849 0.039197296721013013 0.047663148648163206 -0.00090311061668350292 0.02778021340066246 -0.0023233318200986063 0.006147611311436086 0.020429482579937708
leaf_weight=31 64 17 17 2344 22 352 17.000000000000004 13.999999999999998 157 12.999999999999998 17 30 37 11.999999999999998 116 9.9999999999999982 9.9999999999999982 29 12.999999999999998 11.000000000000002 9.9999999999999982 10.999999999999998 13.999999999999998 17 46 13.999999999999998 10.999999999999998 24 349 875
leaf_count=31 64 17 17 2344 22 352 17 14 157 13 17 30 37 12 116 10 10 29 13 11 10 11 14 17 46 14 11 24 349 875
internal_value=9.14104e-05 -0.00119781 0.0133453 -0.00324068 0.0107258 0.00212851 0.0183333 0.035 0.00282007 0.0206757 0.02375 0.0154918 0.0107534 0.0163333 0.00466183 0.00095238 0.0104321 0.0124603 0.00485915 0.0126471 0.0235714 0.0075 0.00977273 0.02 0.0322881 0.00767606 0.0107895 0.00695652 0.00354037 0.00442492
internal_weight=4704 4287 417 2842 372 498 165 45 1445 148 120 61 146 75 207 126 81 63 71 34 21 28 44 34 59 71 57 46 1288 939
internal_count=4704 4287 417 2842 372 498 165 45 1445 148 120 61 146 75 207 126 81 63 71 34 21 28 44 34 59 71 57 46 1288 939
is_linear=0
shrinkage=0.05


Tree=2
num_leaves=31
num_cat=0
split_feature=5 2 5 11 5 6 17 0 0 11 2 17 17 12 17 5 5 0 5 12 6 11 17 0 0 0 6 17 12 14
split_gain=30.8324 16.5714 7.33411 7.99304 6.45853 6.05406 4.96473 3.09916 3.93391 3.04931 2.30687 2.00153 2.07692 1.76471 1.66784 1.57319 1.62305 2.13333 1.42943 1.29031 1.27675 1.71905 1.1927 1.05691 1.04428 1.3236 0.99996 1.28959 0.973028 1.03601
threshold=0.61265000000000003 1.5000000000000002 0.18485000000000004 162.00000000000003 1.7079500000000001 0.65192968804278817 83.63590748947685 2.5000000000000004 17.500000000000004 974.50000000000011 2.5000000000000004 79.253137876736361 80.634262836990104 38112.92500000001 74.576122719345918 0.30240000000000006 0.5414000000000001 10.500000000000002 0.30240000000000006 42354.480000000003 0.99999523405763624 5.5000000000000009 83.848366907275093 18.500000000000004 9.5000000000000018 17.500000000000004 0.56410338867762588 72.984132124666615 22759.090000000004 119385.36000000002
decision_type=2 2 2 2 2 2 2 2 2 2 2 2 2 2 2 2 2 2 2 2 2 2 2 2 2 2 2 2 2 2
left_child=2 26 6 10 5 9 23 -5 14 19 11 -4 -13 -14 -9 -16 17 -17 20 -3 21 -12 -10 -1 -21 -26 27 -2 -29 -30
right_child=1 4 3 7 -6 -7 -8 8 22 -11 18 12 13 -15 15 16 -18 -19 -20 24 -22 -23 -24 -25 25 -27 -28 28 29 -31
leaf_value=0.050440124250116729 -0.0072189043397610682 0.010707820653014373 0.0064131121527968502 0.00096805189928202281 -0.042082470835190233 -0.0064735434097441986 0.038866170153267876 0.041378212831309179 0.058969482918684493 0.036727723140405046 0.00262265626787776 0.025081991792070546 -0.032169241517905546 0.031804394766513533 0.061589614418949806 0.048900462806547723 0.043926816386084692 0.01956230814932285 -0.0077047802780693155 0.017742227128286232 -0.0025170464258671651 0.025059825077070622 -0.003097675878951918 0.05623326413868384 -0.00047454494981500342 0.028655545422466622 0.0064909991810488295 0.010780994131580646 0.026829207912196229 0.0058001219566960367
leaf_weight=26 62 121 41 21 2316 506 17 15.999999999999998 17.000000000000004 15.999999999999998 10.000000000000002 11.999999999999998 10.000000000000002 17 22 11.999999999999998 17 20 95 18 23 13.999999999999998 11.999999999999998 14.999999999999998 21 17 345 254 520 91
leaf_count=26 62 121 41 21 2316 506 17 16 17 16 10 12 10 17 22 12 17 20 95 18 23 14 12 15 21 17 345 254 520 91
internal_value=6.37636e-06 -0.00125612 0.0129856 0.0103203 -0.00327529 0.000937052 0.0294828 0.0198175 0.0230172 0.0084715 0.00445946 0.01125 0.019359 0.0116667 0.0283333 0.0316197 0.0266327 0.02 0.000633802 0.00658192 0.00776596 0.0158333 0.00706896 0.0389024 0.0128571 0.00815789 0.00352987 0.00438511 0.00488439 0.00596563
internal_weight=4704 4287 417 359 3015 699 58 137 116 193 222 80 39 27 87 71 49 32 142 177 47 24 29 41 56 38 1272 927 865 611
internal_count=4704 4287 417 359 3015 699 58 137 116 193 222 80 39 27 87 71 49 32 142 177 47 24 29 41 56 38 1272 927 865 611
is_linear=0
shrinkage=0.05


Tree=3
num_leaves=31
num_cat=0
split_feature=5 2 5 3 11 10 3 5 15 16 13 16 6 2 5 2 6 10 16 6 9 4 16 14 14 14 13 14 6 4
split_gain=25.4778 15.9227 6.95376 5.57175 5.18792 2.93444 2.26542 2.37983 2.13933 2.00694 1.8702 1.88222 1.86174 1.75043 1.74876 1.68618 1.43087 1.69798 1.38462 1.34444 1.32533 1.29061 1.28907 3.61739 1.26984 1.12412 1.05091 1.02424 1.0236 0.992063
threshold=0.61265000000000003 1.5000000000000002 0.13360000000000002 1.1595000000000002 13.500000000000002 1241.2500000000002 4.7610000000000001 0.59615000000000007 1.0000000180025095e-35 12.723748191375018 -3399.9349999999999 20.318821028941432 0.66362495610394812 3.5000000000000004 3.6653000000000007 2.5000000000000004 0.49855605343556103 573.60500000000013 22.053433297086823 0.72189205303878234 0.84500000000000008 20.199500000000004 10.211985346426284 46701.030000000006 65500.945000000007 116941.46000000001 -83487.494999999981 46701.030000000006 0.56410338867762588 5.190500000000001
decision_type=2 2 2 2 2 2 2 2 2 2 2 2 2 2 2 2 2 2 2 2 2 2 2 2 2 2 2 2 2 2
left_child=2 28 21 14 10 12 7 8 9 -6 26 29 24 18 15 22 -8 -18 -11 -19 -10 -1 23 -3 -5 -26 -4 -22 -2 -12
right_child=1 3 4 5 6 -7 16 -9 20 13 11 -13 -14 -15 -16 -17 17 19 -20 -21 27 -23 -24 -25 25 -27 -28 -29 -30 -31
leaf_value=0.047918118037610882 0.017864487768117342 -0.0016347654352265374 0.010711257318290214 0.010325210500941397 -0.0080103385563074173 0.034283904340480974 0.056135337236589311 0.04325792662259334 -0.0020124700770897236 0.022546402950709712 0.030136280145450424 -0.0021157494985258613 -0.0050536806800760524 0.0016013531667485037 -0.05479537904205263 -0.015089025155730386 -0.011090272421680753 0.045333209920291218 0.046492693546720566 0.050683549051316792 0.015375090279052645 0.057895155552257029 -7.6379069729570766e-06 0.012028574795962463 0.021699294674703936 0.015640603010765426 -0.0020854278143084266 0.073319686542837506 0.006166449221996384 0.036021023057292656
leaf_weight=12.999999999999998 927 13.000000000000002 9.9999999999999982 90 11.999999999999998 12.999999999999998 15.999999999999998 18 46 13.000000000000002 9.9999999999999982 25 238 9.9999999999999982 1735 640 9.9999999999999982 30 12.999999999999998 14.999999999999998 12.000000000000002 19 240 9.9999999999999982 23 12.999999999999998 100 9.9999999999999982 345 35
leaf_count=13 927 13 10 90 12 13 16 18 46 13 10 25 238 10 1735 640 10 30 13 15 12 19 240 10 23 13 100 10 345 35
internal_value=-0.000131804 -0.00127945 0.0116667 -0.00325871 0.00980519 0.00242705 0.0152439 0.0114179 0.0087931 0.016875 0.00361111 0.01 0.00159341 0.0227778 -0.00407127 -0.00228682 0.0224648 0.0186364 0.0296154 0.0227778 0.00308823 0.0340625 0.00108365 0.0123913 0.00650794 0.0144444 -0.000454547 0.0131818 0.00341195 0.0161111
internal_weight=4704 4287 417 3015 385 377 205 134 116 48 180 70 364 36 2638 903 71 55 26 45 68 32 263 23 126 36 110 22 1272 45
internal_count=4704 4287 417 3015 385 377 205 134 116 48 180 70 364 36 2638 903 71 55 26 45 68 32 263 23 126 36 110 22 1272 45
is_linear=0
shrinkage=0.05


Tree=4
num_leaves=31
num_cat=0
split_feature=5 13 5 4 3 6 5 4 4 6 14 6 11 4 16 17 10 11 16 17 6 16 16 12 16 16 6 15 10 16
split_gain=22.4793 11.5862 6.15376 5.43814 5.73394 4.81377 4.44205 3.8042 2.45841 2.42041 2.49366 4.37879 1.84256 2.26875 2.45 1.7891 1.72845 1.64325 2.18182 1.53612 1.40341 1.26951 1.24339 1.00216 0.871297 1.06011 0.843457 2.17742 0.827787 1.19321
threshold=0.30240000000000006 -1.0000000180025095e-35 0.9668000000000001 2.6655000000000002 0.012500000000000002 0.51536279173788291 0.13360000000000002 0.9235000000000001 2.3510000000000004 0.774497172138635 49516.825000000004 0.71647368627162067 508.50000000000006 4.6330000000000009 12.881311839270632 81.140685236505462 407.62500000000006 13.500000000000002 26.678607172480483 80.189860868630731 0.35630910869227223 12.082154763860425 24.527006845034837 22759.090000000004 10.818559597151788 10.062635602121558 0.34172086052332584 1.0000000180025095e-35 303.25000000000006 9.8153903669835785
decision_type=2 2 2 2 2 2 2 2 2 2 2 2 2 2 2 2 2 2 2 2 2 2 2 2 2 2 2 2 2 2
left_child=6 2 5 4 23 12 15 -6 -7 10 11 -8 13 14 -2 -1 19 -10 -19 -11 -9 -18 28 24 25 -3 -25 -28 -5 -30
right_child=1 3 -4 22 7 8 9 20 17 16 -12 -13 -14 -15 -16 -17 21 18 -20 -21 -22 -23 -24 26 -26 -27 27 -29 29 -31
leaf_value=0.047825111555745953 0.041095030291463663 0.011030188914413652 -0.034934968791233159 0.058455572787120838 -0.033864508111973016 0.012184658376025156 0.017156035786581026 0.020460732813900678 -0.015794375179422209 0.034210439315248226 0.044790473035640634 0.058301052303251867 0.033177139927022481 -0.014340128187553418 0.0069576932818647304 0.040177394113375495 0.029654342682452831 0.0030133664444940591 0.044042233305722947 0.025814708245599977 0.010673772939794943 2.0535731576397886e-05 0.0077829507046666101 0.018504171483577327 0.00023743708542565135 0.068377570681060013 0.03686316612985735 0.0012905913396993197 -0.0059218198173303926 0.047686668400243798
leaf_weight=21 10.000000000000002 39 2086 9.9999999999999982 503 9.9999999999999982 22 18 185 19.000000000000004 15.999999999999998 10.999999999999998 10.999999999999998 11.999999999999998 9.9999999999999982 10.999999999999998 15.999999999999998 150 14.999999999999998 9.9999999999999982 154 52 15.999999999999998 425 328 14.999999999999998 155 310 10.999999999999998 53
leaf_count=21 10 39 2086 10 503 10 22 18 185 19 16 11 11 12 10 11 16 150 15 10 154 52 16 425 328 15 155 310 11 53
internal_value=-0.000238096 -0.000923554 -0.00321213 0.00187285 0.00131741 0.00244417 0.017191 -0.00240741 0.000555554 0.0134931 0.022551 0.014697 0.0182558 0.0121875 0.0225 0.0340625 0.00891752 -0.000142858 0.00348485 0.0191379 0.00401163 0.00455882 0.0138889 0.00329402 0.00115183 0.00703704 0.00421348 0.00274193 0.0166216 0.0145312
internal_weight=4704 4526 2489 2037 1947 403 178 675 360 146 49 33 43 32 20 32 97 350 165 29 172 68 90 1272 382 54 890 465 74 64
internal_count=4704 4526 2489 2037 1947 403 178 675 360 146 49 33 43 32 20 32 97 350 165 29 172 68 90 1272 382 54 890 465 74 64
is_linear=0
shrinkage=0.05


Tree=5
num_leaves=31
num_cat=0
split_feature=5 8 5 5 8 17 16 0 5 11 9 11 11 0 3 4 11 12 5 13 17 17 0 15 4 11 16 5 4 13
split_gain=19.6496 11.6714 8.92898 5.75716 3.67398 2.475 2.29696 2.07424 1.89492 1.86604 1.92002 4.7619 1.6154 2.14881 2.69608 1.25313 2.03128 1.78814 1.24981 1.21708 1.38346 1.72754 1.44592 1.57926 1.15824 1.12181 1.56395 2.33509 1.12174 1.29706
threshold=0.30240000000000006 1.5000000000000002 0.98640000000000005 0.13360000000000002 2.5000000000000004 81.388984370696846 11.145363282657547 13.500000000000002 3.6653000000000007 20.500000000000004 0.15500000000000003 196.50000000000003 113.50000000000001 10.500000000000002 2.1285000000000003 5.190500000000001 10.500000000000002 22557.560000000001 20.036550000000002 -23768.929999999997 83.283465335784669 81.140685236505462 8.5000000000000018 1.0000000180025095e-35 3.6305000000000005 352.50000000000006 18.265762733935556 0.78645000000000009 0.60000000000000009 -1598.1599999999996
decision_type=2 2 2 2 2 2 2 2 2 2 2 2 2 2 2 2 2 2 2 2 2 2 2 2 2 2 2 2 2 2
left_child=3 18 4 5 12 -1 7 -5 9 -4 11 -11 15 14 -14 16 17 -3 24 -8 21 22 -21 -24 -2 -6 27 -27 -12 -30
right_child=1 2 8 6 25 -7 19 -9 -10 10 28 -13 13 -15 -16 -17 -18 -19 -20 20 -22 -23 23 -25 -26 26 -28 -29 29 -31
leaf_value=0.050486425606336205 0.014635899422861628 0.012361890467689169 -0.034230230412152986 0.056530693296217516 -0.0067483948524234699 0.056008842913047821 -0.0015071119252511034 0.0094017764704809534 -0.05091261012712589 0.0099670687088418593 0.012318932434281511 0.005113787632389971 0.040210545031719704 0.016916057079589233 0.032665233794097359 -0.0067569952374930842 -0.0033385031564530359 0.024376588751455503 -0.085873061580504964 -0.0022108780671968981 0.0032405250619478528 0.031846069593534691 0.051560790501746161 0.0052021915649966693 0.022514677411243342 0.023803540908392297 -0.0010150046693490685 -0.004079082281471802 -0.011557132616901345 0.0089492661235401338
leaf_weight=22 1401 14.999999999999998 420 12.000000000000002 212 9.9999999999999982 24 9.9999999999999982 1632 11.999999999999998 13.999999999999998 42 17 70 33 30 40 29 50 13.999999999999998 27 9.9999999999999982 13.999999999999998 24 9.9999999999999982 19.000000000000004 19 10.999999999999998 304 141
leaf_count=22 1401 15 420 12 212 10 24 10 1632 12 14 42 17 70 33 30 40 29 50 14 27 10 14 24 10 19 19 11 304 141
internal_value=-0.000285837 -0.000907986 -0.0026634 0.0165569 0.00348485 0.035625 0.012037 0.0268182 -0.0038499 -0.00205252 -2.9241e-05 0.00888889 0.00803419 0.0120833 0.02 0.00377193 0.00690476 0.0143182 0.00276865 0.00915929 0.0118539 0.0159677 0.0123077 0.0173684 0.00304394 -0.000593871 0.00622449 0.0133333 -0.00107843 -0.00151686
internal_weight=4688 4521 3060 167 495 32 135 22 2565 933 513 54 234 120 50 114 84 44 1461 113 89 62 52 38 1411 261 49 30 459 445
internal_count=4688 4521 3060 167 495 32 135 22 2565 933 513 54 234 120 50 114 84 44 1461 113 89 62 52 38 1411 261 49 30 459 445
is_linear=0
shrinkage=0.05


Tree=6
num_leaves=31
num_cat=0
split_feature=5 2 5 6 5 6 4 2 6 6 17 10 6 6 14 5 3 5 17 2 10 6 5 4 4 3 4 10 17 12
split_gain=17.9649 11.8238 8.54139 6.53211 5.69422 3.25451 2.59397 2.07926 2.19754 3.00507 2.22873 2.10039 1.69041 3.3218 1.66667 1.55819 1.53846 1.49555 2.99215 1.53684 1.104 3.09524 1.03889 1.02226 1.00725 0.996616 0.987543 0.961538 0.873012 0.860119
threshold=0.30240000000000006 1.5000000000000002 1.4796000000000002 0.66362495610394812 0.11975000000000001 0.48689488596501324 23.702000000000002 2.5000000000000004 0.3492734673827988 0.57744465616611473 78.893797099442182 820.65000000000009 0.774497172138635 0.72189205303878234 48095.115000000013 0.78645000000000009 1.627 3.6653000000000007 87.628820165741658 2.5000000000000004 407.62500000000006 0.97765846248098687 0.94055000000000011 0.58150000000000002 4.7575000000000012 2.8815000000000004 4.5345000000000004 692.58500000000015 72.984132124666615 19809.920000000002
decision_type=2 2 2 2 2 2 2 2 2 2 2 2 2 2 2 2 2 2 2 2 2 2 2 2 2 2 2 2 2 2
left_child=4 28 3 7 -1 -6 12 8 -3 25 16 -9 13 14 -7 -13 -11 18 19 23 21 -14 24 -4 26 -10 -5 -27 -2 -12
right_child=1 2 17 22 5 6 -8 11 9 10 29 15 20 -15 -16 -17 -18 -19 -20 -21 -22 -23 -24 -25 -26 27 -28 -29 -30 -31
leaf_value=0.051641098896444484 -0.0089857892759317038 0.034871138126994002 0.012537574961352034 0.007118344962726883 0.064120192508186402 -0.00063799787940754804 0.032971160190638026 -0.0031604436634064489 0.009073686271116951 0.039955419952512394 -0.00056746905870825768 0.02261336386297268 -0.0030403702128073795 0.05255946560851206 0.037901625298384388 0.0033116659478225189 0.033026422897600063 -0.048030790647654323 0.0097887657030446291 -0.028899558852485255 0.00052054142249959652 0.032558438949516343 -0.018022272843788149 -0.00044976643872047471 -0.0054408956835279177 0.057032477012425857 0.06004414802076985 0.00060886395742881837 0.016986801361395163 0.013711192202520421
leaf_weight=18 82 18 12.999999999999998 146 9.9999999999999982 20.000000000000004 9.9999999999999982 65 62 10.000000000000002 12.000000000000002 18 13 10.999999999999998 9.9999999999999982 20 15.999999999999998 1749 9.9999999999999982 442 60 15 195 238 179 13.000000000000002 10.999999999999998 12.999999999999998 1193 15.999999999999998
leaf_count=18 82 18 13 146 10 20 10 65 62 10 12 18 13 11 10 20 16 1749 10 442 60 15 195 238 179 13 11 13 1193 16
internal_value=-0.00044582 -0.0010407 -0.00264325 0.00186398 0.0156587 0.0124497 0.0104676 0.00830798 0.011875 0.00978873 0.0190741 0.00276699 0.00856589 0.0169512 0.00833333 0.0121053 0.0296154 -0.00410277 -0.00215505 -0.0025469 0.00465909 0.0128571 -0.00132768 0.000577688 0.000357142 0.00409091 0.00328025 0.0123077 0.00303921 0.00928571
internal_weight=4688 4521 3246 794 167 149 139 263 160 142 54 103 129 41 30 38 26 2452 703 693 88 28 531 251 336 88 157 26 1275 28
internal_count=4688 4521 3246 794 167 149 139 263 160 142 54 103 129 41 30 38 26 2452 703 693 88 28 531 251 336 88 157 26 1275 28
is_linear=0
shrinkage=0.05


Tree=7
num_leaves=31
num_cat=0
split_feature=5 2 5 5 2 16 0 16 17 3 11 4 13 16 7 14 16 2 13 1 17 11 11 5 17 17 14 14 15 16
split_gain=16.8606 11.3678 7.55353 5.95384 4.22275 3.13614 2.30476 1.99113 1.53754 1.50913 1.47736 1.4086 1.23749 1.14269 2.68784 1.95103 1.51515 0.991998 0.987863 0.897583 0.875024 0.830278 1.37735 2.84549 0.818993 0.806914 0.796869 0.770376 0.848608 1.68349
threshold=0.30240000000000006 1.5000000000000002 1.4796000000000002 0.11975000000000001 2.5000000000000004 11.145363282657547 15.500000000000002 25.677365405941256 74.369617011068456 0.38450000000000006 1189.0000000000002 2.6235000000000004 -40972.004999999997 16.749629993349679 1.0000000180025095e-35 15155.035000000002 9.8153903669835785 2.5000000000000004 -21463.559999999998 2.5000000000000004 87.498187369628923 352.50000000000006 547.50000000000011 0.78645000000000009 72.984132124666615 80.023135304271861 49516.825000000004 12923.740000000002 1.0000000180025095e-35 9.2182299150233291
decision_type=2 2 2 2 2 2 2 2 2 2 2 2 2 2 2 2 2 2 2 2 2 2 2 2 2 2 2 2 2 2
left_child=3 24 4 -1 10 6 -5 8 -7 -4 11 12 -3 14 16 -15 -13 20 -10 25 -11 -6 23 -23 -2 -20 -21 -26 29 -29
right_child=1 2 9 5 21 7 -8 -9 18 17 -12 13 -14 15 -16 -17 -18 -19 19 26 -22 22 -24 -25 27 -27 -28 28 -30 -31
leaf_value=0.049059043951622257 -0.0085364998121351173 0.013775827831128105 -0.042580590336530659 0.060495117637050934 -0.0068724373776427152 0.028361430097402086 0.010073823865255094 0.033215809073292135 -0.0011864196505031719 -0.00030953300290084592 0.030662337742233592 0.034319040659110941 0.0024389060856373867 0.012887688598748948 0.014489996873304401 0.0087254774435292694 0.04383666126232983 -0.025109070158410629 0.013795947909343416 -0.0053983911482680435 0.0092993274178924078 0.019410145603634025 -0.0019092412119869674 -0.0040407114647893483 -0.0016769009160431559 0.02302042626908278 0.030281606565623721 0.0073409712819591582 0.013272197448797242 0.026034282131530452
leaf_weight=18 82 13.999999999999998 1949 14.000000000000002 396 14.999999999999998 9.9999999999999982 9.9999999999999982 29 254 9.9999999999999982 10.999999999999998 145 11.999999999999998 23 74 22 239 11.000000000000002 24 9.9999999999999982 15.999999999999998 52 19 153 17 19 11.999999999999998 706 322
leaf_count=18 82 14 1949 14 396 15 10 10 29 254 10 11 145 12 23 74 22 239 11 24 10 16 52 19 153 17 19 12 706 322
internal_value=-0.00054181 -0.00111812 -0.00268947 0.0150599 0.00154912 0.0117785 0.0283333 0.0086 0.00673913 -0.00406199 0.00609325 0.00546512 0.0022327 0.00908451 0.0146429 0.00546512 0.0237879 -0.00162028 0.0045 0.00767606 0.000492423 -0.00137681 0.00304598 0.0107143 0.00288235 0.0146429 0.00313953 0.00321458 0.00370192 0.00577844
internal_weight=4688 4521 3246 167 794 149 24 125 115 2452 311 301 159 142 56 86 33 503 100 71 264 483 87 35 1275 28 43 1193 1040 334
internal_count=4688 4521 3246 167 794 149 24 125 115 2452 311 301 159 142 56 86 33 503 100 71 264 483 87 35 1275 28 43 1193 1040 334
is_linear=0
shrinkage=0.05


Tree=8
num_leaves=31
num_cat=0
split_feature=5 13 16 5 3 2 4 16 5 6 14 4 10 14 10 6 6 17 2 10 6 6 12 16 16 6 11 5 4 14
split_gain=16.9692 10.542 5.98593 5.45932 3.95277 3.83573 3.33864 2.99552 2.97415 3.56462 1.91881 3.09816 2.43475 3.78788 1.77082 1.48297 2.01969 2.56061 1.75152 0.99492 0.931803 0.906177 1.35758 0.758394 0.864055 0.736075 1.20262 0.724464 1.56373 1.56608
threshold=0.2788000000000001 -89.854999999999976 11.40350362100485 0.11975000000000001 2.6635000000000004 1.5000000000000002 0.58150000000000002 18.048783530916189 1.3804500000000002 0.34172086052332584 30819.885000000006 13.319000000000001 659.20000000000016 49516.825000000004 1216.5000000000002 0.65192968804278817 0.59930313760241172 78.893797099442182 2.5000000000000004 390.16500000000002 0.70154595133437869 0.33397743760765614 45135.520000000011 24.412324950802734 21.772941875618461 0.50163582138092322 375.50000000000006 5.1987000000000014 0.59250000000000014 51118.470000000008
decision_type=2 2 2 2 2 2 2 2 2 2 2 2 2 2 2 2 2 2 2 2 2 2 2 2 2 2 2 2 2 2
left_child=2 8 -1 -4 5 -3 -7 19 9 -2 11 -5 -12 -14 21 16 25 18 -18 -6 -21 22 -8 24 -9 26 -11 28 29 -10
right_child=1 4 3 10 7 6 14 23 27 15 12 -13 13 -15 -16 -17 17 -19 -20 20 -22 -23 -24 -25 -26 -27 -28 -29 -30 -31
leaf_value=0.050983448584502211 0.013584741313954492 0.014611439799329504 0.041889050638413104 0.034056158697646575 0.04969112238095065 -0.03679839949669389 -0.0051457517478608371 0.012392245727249371 -0.003123924552888087 -0.0074603298652103694 -0.0020844051877352723 0.022060384248689321 -0.0031118601269234762 0.036203919911548872 0.018933553619965307 -0.0035094301699130875 0.03752137508271032 -0.0044568015464561709 0.008337210460550774 0.041732712853432941 0.0059256621151382305 0.0016563237589811515 0.016751101261782166 -0.005425113293283196 0.06007488178202039 -0.0013748507445828194 0.02664793412951005 -0.052658644864739673 -0.023538712689829839 0.0096316430275328324
leaf_weight=22 12.999999999999998 1275 13.999999999999998 17 9.9999999999999982 423 11.000000000000002 21.000000000000004 32 20 52 14.999999999999998 10.000000000000002 11.999999999999998 10.999999999999998 444 10.000000000000002 10.999999999999998 11.999999999999998 21 12.999999999999998 216 9.9999999999999982 18 9.9999999999999982 57 17 1138 731 22
leaf_count=22 13 1275 14 17 10 423 11 21 32 20 52 15 10 12 11 444 10 11 12 21 13 216 10 18 10 57 17 1138 731 22
internal_value=-0.00054181 -0.00107347 0.0164789 0.0120833 0.00159637 0.00111511 -0.00194486 0.0116667 -0.00324492 -0.000119864 0.00820755 0.0184375 0.00378378 0.0177273 0.00266129 -0.000709283 0.00405512 0.014697 0.0245455 0.0211364 0.0170588 0.00175105 0.0116667 0.00316326 0.00790322 0.000319148 0.00581081 -0.00419397 -0.00302548 0.00518518
internal_weight=4688 4546 142 120 2039 1946 671 93 2507 584 106 32 74 22 248 571 127 33 22 44 34 237 21 49 31 94 37 1923 785 54
internal_count=4688 4546 142 120 2039 1946 671 93 2507 584 106 32 74 22 248 571 127 33 22 44 34 237 21 49 31 94 37 1923 785 54
is_linear=0
shrinkage=0.05


Tree=9
num_leaves=31
num_cat=0
split_feature=4 2 13 5 4 6 5 1 2 4 6 9 4 14 15 14 14 6 14 14 14 1 14 14 0 14 14 6 6 6
split_gain=14.7097 9.04606 4.42976 4.08655 2.92753 3.21507 2.80326 2.535 2.44625 3.6218 2.52705 2.40667 1.58897 1.50994 1.81128 2.78821 4.39077 1.95966 1.73343 1.23324 1.15103 1.05785 1.43496 1.91976 0.96 0.84808 2.80713 1.54396 2.18258 0.86132
threshold=15.3925 2.5000000000000004 -6756.7749999999987 20.036550000000002 2.6235000000000004 0.49855605343556103 0.8852000000000001 2.5000000000000004 1.5000000000000002 0.41450000000000004 0.34521341642591102 0.63350000000000006 1.1845000000000001 47890.955000000009 1.0000000180025095e-35 21523.895000000004 31500.860000000004 0.76191390341332188 28117.240000000002 52657.80000000001 26760.550000000007 3.5000000000000004 16192.265000000001 75993.330000000002 12.500000000000002 50150.160000000011 52657.80000000001 0.63534529503120474 0.59682312006573357 0.5042544677934423
decision_type=2 2 2 2 2 2 2 2 2 2 2 2 2 2 2 2 2 2 2 2 2 2 2 2 2 2 2 2 2 2
left_child=1 3 7 4 8 19 13 11 -1 -10 12 -2 -11 14 15 -3 -17 18 24 20 -6 22 -7 -24 -16 -12 -27 28 29 -28
right_child=2 6 -4 -5 5 21 -8 -9 9 10 25 -13 -14 -15 17 16 -18 -19 -20 -21 -22 -23 23 -25 -26 26 27 -29 -30 -31
leaf_value=0.013880867809363038 0.016124223602353657 -0.015897073148314272 0.049761663355573429 -0.066101583207893319 0.010770269110612893 0.018148652321969737 -0.032572414962275156 -0.0029091248043007539 -0.02734127276614964 0.003749719219500998 -0.0016652752534625608 0.033477175603302232 0.026018764727262472 -0.0028501556952595813 -0.0042782184915999902 0.026632142136339593 0.00051809529873769332 -0.0029790635557260877 0.057561035178065025 0.046471959835683856 0.04447371928459129 0.0036747429956482183 0.001724411832276636 0.036296992658453979 0.044484757691642063 0.013675351041253336 0.008475768092406159 -0.01304567760605348 0.0049465809358652524 -0.026902156978096094
leaf_weight=1275 15.000000000000002 19 30 257 12.000000000000002 11.999999999999998 1687 14.999999999999998 367 29 288 9.9999999999999982 19 126 15.000000000000002 18 23 95 10.999999999999998 11.999999999999998 12.999999999999998 78 62 18 9.9999999999999982 12.999999999999998 37 82 15.999999999999998 24
leaf_count=1275 15 19 30 257 12 12 1687 15 367 29 288 10 19 126 15 18 23 95 11 12 13 78 62 18 10 13 37 82 16 24
internal_value=-0.000605803 -0.000950629 0.0221429 0.000986992 0.0016398 0.00731884 -0.00347805 0.01125 0.00109302 -0.000942858 0.00179134 0.021 0.0127083 0.000835961 0.00363874 0.0108333 0.0181707 0.00034351 0.0102778 0.0206757 0.027 0.00441176 0.00804348 0.005625 0.003 0.000652173 0.00343023 0.00160377 0.00668831 0.00237705
internal_weight=4688 4618 70 2614 2357 207 2004 40 2150 875 508 25 48 317 191 60 41 131 36 37 25 170 92 80 25 460 172 159 77 61
internal_count=4688 4618 70 2614 2357 207 2004 40 2150 875 508 25 48 317 191 60 41 131 36 37 25 170 92 80 25 460 172 159 77 61
is_linear=0
shrinkage=0.05


Tree=10
num_leaves=31
num_cat=0
split_feature=5 2 5 4 6 6 13 15 14 5 6 4 12 4 6 12 0 11 13 14 6 5 6 3 12 10 4 12 4 0
split_gain=16.132 8.2881 5.63668 5.01681 4.90256 4.70397 2.85559 2.47446 2.9158 2.81612 2.32305 1.83847 1.83764 1.74003 1.72337 1.55648 1.29086 1.23966 1.06857 0.786863 0.827583 0.763623 0.753517 1.445 1.00833 0.98 0.833333 1.26332 0.733411 1.35417
threshold=0.42845000000000005 1.5000000000000002 2.6716000000000002 23.702000000000002 0.34172086052332584 0.774497172138635 -6756.7749999999987 1.0000000180025095e-35 31972.280000000002 0.25580000000000008 0.7706575174056054 15.3925 30333.435000000001 0.97150000000000014 0.28904256801698186 20915.720000000005 8.5000000000000018 4.5000000000000009 -1216.1999999999996 374089.58500000008 0.58720197628336834 0.92570000000000008 0.57744465616611473 1.4795000000000003 15712.250000000002 897.50000000000011 3.3480000000000003 36712.720000000008 3.9495000000000005 16.500000000000004
decision_type=2 2 2 2 2 2 2 2 2 2 2 2 2 2 2 2 2 2 2 2 2 2 2 2 2 2 2 2 2 2
left_child=3 19 4 5 14 7 -7 8 -1 -10 18 12 -8 -12 16 -9 -3 -14 -6 20 -2 28 -20 24 -24 26 27 -25 29 -15
right_child=1 2 -4 -5 10 6 11 15 9 -11 13 -13 17 21 -16 -17 -18 -19 22 -21 -22 -23 23 25 -26 -27 -28 -29 -30 -31
leaf_value=0.050364676159225769 0.013401058248889874 0.002602893817232377 -0.036014176055776108 0.033445341459734546 0.00023836198108956078 -0.0013271630330510488 -0.0074753746035427018 0.0068332561120521274 0.03672117496466671 -0.0010215100880956597 0.013471325678424087 0.038322061000570021 0.0015277628088298551 -0.0046358636329184109 0.025757563989491847 0.022684980431570589 0.0054334679619165958 0.020732961749498419 0.010861070234737057 0.038108711037144083 -0.0042165218167815825 -0.020359951309324296 0.013838670182989288 0.037739584980885289 -0.011622053128395607 -0.0047452216983822184 0.065473239692961413 0.010264559943958241 -0.0029388636172049476 0.011639381050518538
leaf_weight=18 946 15.000000000000002 2014 15.999999999999998 305 62 26 24 13.000000000000002 14.999999999999998 15.999999999999998 11.999999999999998 9.9999999999999982 48 9.9999999999999982 30 15.999999999999998 23 82 12.999999999999998 321 428 9.9999999999999982 11.000000000000002 30 9.9999999999999982 9.9999999999999982 19 149 30
leaf_count=18 946 15 2014 16 305 62 26 24 13 15 16 12 10 48 10 30 16 23 82 13 321 428 10 11 30 10 10 19 149 30
internal_value=-0.000720627 -0.00140866 -0.00276772 0.0116667 -3.78481e-05 0.00980687 0.00364662 0.018 0.0265217 0.0164286 -0.0006446 0.010493 0.00686441 -0.00254098 0.0169512 0.0107407 0.011129 0.014697 0.00202306 0.00199219 0.00186661 -0.00293893 0.00517442 0.00833333 0.00125 0.014 0.0175 0.0133333 -0.000594715 0.00333333
internal_weight=4732 4483 3203 249 1189 233 133 100 46 28 1148 71 59 671 41 54 31 33 477 1280 1267 655 172 90 40 50 40 30 227 78
internal_count=4732 4483 3203 249 1189 233 133 100 46 28 1148 71 59 671 41 54 31 33 477 1280 1267 655 172 90 40 50 40 30 227 78
is_linear=0
shrinkage=0.05


Tree=11
num_leaves=31
num_cat=0
split_feature=5 2 3 6 5 4 15 9 12 16 5 6 4 13 17 5 12 2 4 6 17 8 11 6 1 15 6 6 12 11
split_gain=14.9436 8.37667 5.00775 4.11319 3.38779 2.97121 2.30222 2.18182 2 2 1.96318 1.98208 2.79238 1.679 1.66298 1.7741 1.64391 1.45098 3.34527 2.1632 1.68091 1.44737 1.15556 1.06758 1.09619 1.67747 0.828694 1.14959 1.19363 0.799195
threshold=0.42845000000000005 2.5000000000000004 15.4885 0.774497172138635 20.036550000000002 23.702000000000002 1.0000000180025095e-35 0.77500000000000013 22557.560000000001 11.960643247606994 1.8045500000000001 0.49086567276937748 3.2200000000000002 -6756.7749999999987 72.984132124666615 0.81855000000000011 30333.435000000001 1.5000000000000002 0.34650000000000003 0.17740856179807207 73.266472652803301 1.5000000000000002 4.5000000000000009 0.53626198271711323 3.5000000000000004 1.0000000180025095e-35 0.93337822731504161 0.8879412649294407 2381.2350000000001 888.50000000000011
decision_type=2 2 2 2 2 2 2 2 2 2 2 2 2 2 2 2 2 2 2 2 2 2 2 2 2 2 2 2 2 2
left_child=2 4 3 6 14 13 7 8 -1 -8 11 12 -3 -5 -2 21 -15 -17 -19 -20 -21 -16 -18 -23 25 -25 27 28 -22 -13
right_child=1 10 -4 5 -6 -7 9 -9 -10 -11 -12 29 -14 16 15 17 22 18 19 20 26 23 -24 24 -26 -27 -28 -29 -30 -31
leaf_value=0.039222194425068212 -0.014767036141454547 0.025880660164956118 0.037174646188631623 -0.0012608048813985029 -0.060886670969994755 0.021718815989771521 0.023367842442141532 0.028251144626126191 0.038465212386586858 0.010915424072902913 -0.03768423653697716 -0.0044521147323167169 -0.0016730619277256443 -0.0016164200806595857 -0.0040457744666170621 0.012455980220940854 0.0014513746683883695 -0.027961846311184486 0.0036122509354799799 0.015003647629038636 0.010144587064953392 0.036153292535992455 0.019576049203379544 0.014350791904394648 0.0032192842041716789 0.030264100052926186 -0.018529259267962204 0.012375048720384529 0.0023487097550359097 0.0035829502086593048
leaf_weight=15.999999999999998 145 11.000000000000002 18 62 243 9.9999999999999982 9.9999999999999982 11.999999999999998 15.999999999999998 40 1456 481 20 29 19 1203 9.9999999999999982 281 9.9999999999999982 11.999999999999998 10.999999999999998 17 26 13.999999999999998 34 31 100 18 358 19
leaf_count=16 145 11 18 62 243 10 10 12 16 40 1456 481 20 29 19 1203 10 281 10 12 11 17 26 14 34 31 100 18 358 19
internal_value=-0.000657229 -0.00131943 0.0112651 0.00928571 0.000608973 0.00375912 0.0173404 0.0256818 0.0325 0.01 -0.00374182 -0.00113936 0.011129 0.00169291 0.00121394 0.00157021 0.00730769 0.00122178 -0.000443039 0.00197446 0.00151302 0.00760869 0.0144444 0.0101042 0.00765823 0.0127778 0.00105749 0.00210594 0.00150406 -0.0019
internal_weight=4732 4483 249 231 2496 137 94 44 32 50 1987 531 31 127 2253 2108 65 1993 790 509 499 115 36 96 79 45 487 387 369 500
internal_count=4732 4483 249 231 2496 137 94 44 32 50 1987 531 31 127 2253 2108 65 1993 790 509 499 115 36 96 79 45 487 387 369 500
is_linear=0
shrinkage=0.05


Tree=12
num_leaves=31
num_cat=0
split_feature=3 13 3 4 11 4 3 4 4 14 6 15 10 16 11 6 6 4 16 14 6 6 10 11 14 11 1 4 8 16
split_gain=12.0139 6.65651 4.21752 3.51351 3.65095 2.75238 2.60597 2.21632 1.58753 1.66805 1.65291 1.81094 1.97685 1.53059 1.31946 1.2485 1.03907 0.978907 0.957074 1.29256 0.913753 0.879187 0.981818 0.8 0.796941 0.825134 1.03816 0.783509 1.27296 1.88859
threshold=9.5885000000000016 -89.854999999999976 2.6030000000000006 2.1460000000000004 162.00000000000003 15.3925 0.013500000000000002 0.58150000000000002 9.6690000000000023 33639.695000000007 0.65192968804278817 1.0000000180025095e-35 897.50000000000011 15.655483291144952 547.50000000000011 0.12038803207647307 0.34521341642591102 20.199500000000004 14.103523838608035 31500.860000000004 0.26199640192681323 0.49855605343556103 303.25000000000006 47.500000000000007 374089.58500000008 1159.5000000000002 1.0000000180025095e-35 0.34650000000000003 2.5000000000000004 11.145363282657547
decision_type=2 2 2 2 2 2 2 2 2 2 2 2 2 2 2 2 2 2 2 2 2 2 2 2 2 2 2 2 2 2
left_child=1 3 6 15 17 23 24 -8 10 -10 11 12 -6 14 -4 -1 20 -5 19 -13 -9 -15 -23 -2 25 -3 -27 -17 29 -29
right_child=5 2 13 4 8 -7 7 16 9 -11 -12 18 -14 21 -16 27 -18 -19 -20 -21 -22 22 -24 -25 -26 26 -28 28 -30 -31
leaf_value=0.0026633950159209215 0.0019307195423439395 0.0061901167297828937 0.041008866222409866 -0.0052096257560337624 0.013554007559214305 0.035315913564747746 -0.027586859596559588 -6.4103572764578949e-05 0.017051303429220285 0.016301347128255449 -0.0014049216883349706 -0.0033453347921793778 0.030982225649577713 0.042529933683457699 0.010788398208906603 -0.051480004585766959 0.0031648013156552624 0.024788145118182111 -0.0012000512804166115 0.029312928854240462 0.024167253935455053 0.018987909669658885 0.005174106853589773 0.033375065690414929 0.035580476474239835 0.051616325576801715 0.015763045447677409 0.005489383302418673 -0.028278987414129167 -0.0082124473897045389
leaf_weight=17 10.000000000000002 1035 27 499 19 28 403 13.000000000000002 13.000000000000002 18 114 12.000000000000002 12.999999999999998 9.9999999999999982 13.999999999999998 873 219 17 33 12.999999999999998 10.999999999999998 10.999999999999998 55 9.9999999999999982 12.999999999999998 23 209 47 657 296
leaf_count=17 10 1035 27 499 19 28 403 13 13 18 114 12 13 10 14 873 219 17 33 13 11 11 55 10 13 23 209 47 657 296
internal_value=-0.000720627 -0.000975663 0.0011674 -0.00263347 0.000259653 0.0241667 0.000607475 -0.00198143 0.00542553 0.0159677 0.00382353 0.00888889 0.0184375 0.0103846 0.0181707 -0.00378307 0.00179012 -0.00209302 0.00362069 0.011 0.0116667 0.00618421 0.00409091 0.01 0.00191406 0.00178769 0.00448276 -0.0039055 -0.00295 -0.000481051
internal_weight=4732 4684 2043 2641 751 48 1926 646 235 31 204 90 32 117 41 1890 243 516 58 25 24 76 66 20 1280 1267 232 1873 1000 343
internal_count=4732 4684 2043 2641 751 48 1926 646 235 31 204 90 32 117 41 1890 243 516 58 25 24 76 66 20 1280 1267 232 1873 1000 343
is_linear=0
shrinkage=0.05


Tree=13
num_leaves=31
num_cat=0
split_feature=5 2 3 10 5 5 3 11 14 17 11 14 11 5 1 17 16 17 14 10 17 11 11 11 7 10 9 10 11 5
split_gain=12.5242 7.5188 4.25377 3.37421 3.27783 1.969 1.42009 1.39528 2.3141 1.38802 1.3335 1.31552 1.77304 2.24424 1.70242 1.18728 1.15236 2.51954 4.55108 1.14286 1.27273 1.13033 1.1798 1.49184 1.07877 1.193 1.42544 0.979772 1.85248 2.07521
threshold=0.40710000000000007 2.5000000000000004 15.4885 703.83500000000015 20.036550000000002 1.8045500000000001 9.5885000000000016 212.50000000000003 31972.280000000002 72.984132124666615 12.500000000000002 22869.565000000006 1159.5000000000002 5.3347000000000007 1.0000000180025095e-35 73.266472652803301 11.145363282657547 77.102786433903034 17218.380000000005 371.25000000000006 73.078719956340478 768.50000000000011 456.50000000000006 16.000000000000004 1.0000000180025095e-35 375.12500000000006 0.7320000000000001 820.65000000000009 443.50000000000006 1.7398500000000003
decision_type=2 2 2 2 2 2 2 2 2 2 2 2 2 2 2 2 2 2 2 2 2 2 2 2 2 2 2 2 2 2
left_child=2 4 3 7 9 10 21 24 -9 -2 -3 16 15 -14 -15 19 17 18 -11 -13 -21 22 23 -5 25 -1 -27 28 -17 -30
right_child=1 5 -4 6 -6 -7 -8 8 -10 11 -12 12 13 14 -16 27 -18 -19 -20 20 -22 -23 -24 -25 -26 26 -28 -29 29 -31
leaf_value=0.028839655855618186 -0.014227110855843415 -0.015228990990240233 0.033550118200962653 4.069923320785528e-05 -0.056462994441667039 -0.034098333399349021 0.032038975182764218 0.050227680016514453 -0.0014776516348144883 0.047471740536859937 0.0017440593317052178 0.040979654749761743 0.022404530373681553 0.056537895638214486 0.018002383584862901 0.002575367326436726 -0.0050894573961710382 -0.0063136406957043107 -0.029624208928212575 0.014875442954131122 -0.024035364749617233 0.029719520477860237 0.011819723190174998 0.026215575345866739 -0.00093728334952687404 -0.0048891377642247651 0.01612272554043595 -0.0053157768689340206 0.036914216636031859 0.014268160141327844
leaf_weight=21 145 243 18 11.000000000000002 243 1456 9.9999999999999982 13.000000000000002 11.999999999999998 19 297 9.9999999999999982 9.9999999999999982 14.999999999999998 150 729 557 73 14.999999999999998 11.000000000000002 13.999999999999998 13.999999999999998 21 14.999999999999998 62 26 11.999999999999998 297 21 192
leaf_count=21 145 243 18 11 243 1456 10 13 12 19 297 10 10 15 150 729 557 73 15 11 14 14 21 15 62 26 12 297 21 192
internal_value=-0.000720627 -0.00130865 0.0105319 0.00859447 0.000517792 -0.0035972 0.0175352 0.00424657 0.015 0.0011116 -0.00101852 0.00143635 0.00228088 0.007 0.00560606 0.00163265 -0.000406628 0.00434579 0.0155882 0.0107143 0.005 0.0146721 0.0109574 0.0180769 0.00202479 0.00686441 0.00157895 0.00137611 0.0021656 0.0062676
internal_weight=4732 4497 235 217 2501 1996 71 146 25 2258 540 2113 1449 175 165 1274 664 107 34 35 25 61 47 26 121 59 38 1239 942 213
internal_count=4732 4497 235 217 2501 1996 71 146 25 2258 540 2113 1449 175 165 1274 664 107 34 35 25 61 47 26 121 59 38 1239 942 213
is_linear=0
shrinkage=0.05


Tree=14
num_leaves=31
num_cat=0
split_feature=5 2 5 6 5 15 14 5 5 6 4 16 11 7 14 11 4 16 10 11 4 14 10 12 12 14 3 11 11 4
split_gain=12.5713 7.05099 3.86667 3.19234 3.18351 2.11745 2.76101 3.22667 2.03443 1.81541 2.88366 1.79147 1.45628 1.40076 1.39792 1.69317 2.36486 1.24989 1.15911 1.27595 2.87371 1.37619 1.12941 1.10313 1.06004 0.910693 0.804762 0.79665 0.789535 0.76729
threshold=0.40710000000000007 2.5000000000000004 0.13360000000000002 0.774497172138635 20.036550000000002 1.0000000180025095e-35 31972.280000000002 0.25580000000000008 1.8045500000000001 0.49086567276937748 3.2200000000000002 17.581560083318418 282.50000000000006 1.0000000180025095e-35 22748.980000000003 1159.5000000000002 0.43550000000000005 8.710414180480738 820.65000000000009 433.50000000000006 0.41450000000000004 42746.445000000007 438.83500000000009 48753.165000000001 116523.10500000001 23257.920000000002 2.6030000000000006 1467.5000000000002 12.500000000000002 2.9760000000000004
decision_type=2 2 2 2 2 2 2 2 2 2 2 2 2 2 2 2 2 2 2 2 2 2 2 2 2 2 2 2 2 2
left_child=2 4 22 5 14 6 -4 -8 9 10 -3 12 -7 26 17 18 24 -2 19 25 -21 -22 -1 -23 27 -16 -5 -17 -11 -27
right_child=1 8 3 13 -6 11 7 -9 -10 28 -12 -13 -14 -15 15 16 -18 -19 -20 20 21 23 -24 -25 -26 29 -28 -29 -30 -31
leaf_value=0.027937491067682365 0.054178582567147276 0.022950312907644179 0.037751279051156869 -0.0018561549323628463 -0.05363984471958369 0.0080444006009687454 0.031146615173403992 -0.004182861253641171 -0.03239341672938157 -0.014899788004751233 -0.001825620364090045 -0.0032559285764955943 0.030867021969338944 -0.00089041918205052812 0.0077941622479383299 0.028195708020416817 0.021284303854997466 -0.004759257589499067 -0.0033477411708141497 0.0082300378926665734 0.010510904167629342 0.025981251584456796 0.028838240472201432 0.012141477331173073 -0.016926503820764664 0.0012136528092917978 0.015446561638349966 -0.044381640395295643 5.1062813526640632e-05 0.024058768771537894
leaf_weight=10.000000000000002 22 10.999999999999998 17 13.999999999999998 243 10.000000000000002 10.000000000000002 14.999999999999998 1456 239 21 25 10.999999999999998 66 12.999999999999998 131 9.9999999999999982 684 337 204 11.999999999999998 11.000000000000002 17 17 31 728 40 12.999999999999998 269 45
leaf_count=10 22 11 17 14 243 10 10 15 1456 239 21 25 11 66 13 131 10 684 337 204 12 11 17 17 31 728 40 13 269 45
internal_value=-0.000741759 -0.00133089 0.0105319 0.00822115 0.000437824 0.0154545 0.0235714 0.013 -0.0035471 -0.000925927 0.010625 0.00804348 0.0188095 0.00291667 0.00102303 0.00186211 0.00635135 -0.000821531 0.00125457 0.00208738 0.0052459 0.0175 0.0283333 0.0235714 0.005 0.00110687 0.00888889 0.00680555 -0.00165354 0.000886157
internal_weight=4732 4497 235 208 2501 88 42 25 1996 540 32 46 21 120 2258 1552 185 706 1367 1030 244 40 27 28 175 786 54 144 508 773
internal_count=4732 4497 235 208 2501 88 42 25 1996 540 32 46 21 120 2258 1552 185 706 1367 1030 244 40 27 28 175 786 54 144 508 773
is_linear=0
shrinkage=0.05


Tree=15
num_leaves=31
num_cat=0
split_feature=5 8 5 5 10 18 13 8 14 11 16 12 10 13 7 0 10 0 10 12 0 17 5 11 10 14 12 14 10 1
split_gain=8.92471 6.82636 4.7031 4.1487 2.48626 2.34792 2.2521 1.88658 1.96543 2.71993 1.43426 1.1607 1.4881 1.01103 2.09969 1.86359 1.2793 1.11905 1.323 1.0746 1.35 0.980874 0.975412 0.938889 2.17778 0.860729 0.861528 0.812195 2.26489 0.785714
threshold=0.46835000000000004 1.5000000000000002 5.8137500000000006 0.11975000000000001 1106.1650000000002 1.0000000180025095e-35 -4324.744999999999 3.5000000000000004 22748.980000000003 1166.0000000000002 11.040296224375497 20915.720000000005 770.75000000000011 -3823.2499999999995 1.0000000180025095e-35 11.500000000000002 838.16500000000008 17.500000000000004 564.20000000000016 75492.72500000002 10.500000000000002 74.283333360067971 20.036550000000002 4.5000000000000009 499.37500000000006 119385.36000000002 112819.04500000001 30128.115000000002 484.63500000000005 3.5000000000000004
decision_type=2 2 2 2 2 2 2 2 2 2 2 2 2 2 2 2 2 2 2 2 2 2 2 2 2 2 2 2 2 2
left_child=3 22 5 -1 6 7 21 8 -3 13 -8 -12 23 27 16 -16 17 19 -19 -15 -21 -5 25 -13 -25 26 -2 28 -10 -20
right_child=1 2 -4 4 -6 -7 10 -9 9 -11 11 12 -14 14 15 -17 -18 18 29 20 -22 -23 -24 24 -26 -27 -28 -29 -30 -31
leaf_value=0.031262579266154528 0.0096561510413366251 -0.0063985947717934925 -0.039161977547966388 0.024699792370003266 0.031199597852579936 -0.020026627260057408 0.054024318222371775 -0.013301202262369905 0.00779602692784715 0.020861841431639244 -0.00052295382616324203 -0.001782953467961949 0.021887935856852121 -0.00042310763198282478 0.026132393249498839 0.010643850437782112 -0.0034934416640303566 0.034173431966268535 -0.010956623877096115 0.051021305139785603 0.0081952599846936754 -0.00039317458488117673 -0.063252496091041527 0.041168146513910042 0.015361315822322469 -0.0018581015664815553 0.033732534628134803 -0.00027205011438933093 0.0017462833881413536 0.017598638275544979
leaf_weight=11.999999999999998 1243 263 1330 12.999999999999998 13.999999999999998 513 14.999999999999998 169 10.999999999999998 15.999999999999998 34 14.999999999999998 9.9999999999999982 86 12.000000000000002 17 66 18 11.000000000000002 12.000000000000002 14.999999999999998 125 55 14.999999999999998 30 144 20 370 29 13.999999999999998
leaf_count=12 1243 263 1330 13 14 513 15 169 11 16 34 15 10 86 12 17 66 18 11 12 15 125 55 15 30 144 20 370 29 14
internal_value=-0.000710029 -0.0012619 -0.00264567 0.00789753 0.00662362 -0.000838472 0.00550584 0.000455364 0.00132979 0.0027548 0.0105462 0.00846154 0.0121429 0.00226172 0.00476095 0.0174138 0.00310811 0.00557692 0.0124419 0.0029646 0.0116667 0.00115942 0.00153215 0.00916667 0.0127778 0.00178749 0.00220507 0.000731706 0.0075 0.005
internal_weight=4697 4414 2952 283 271 1622 257 1109 940 677 119 104 70 661 251 29 222 156 43 113 27 138 1462 60 45 1407 1263 410 40 25
internal_count=4697 4414 2952 283 271 1622 257 1109 940 677 119 104 70 661 251 29 222 156 43 113 27 138 1462 60 45 1407 1263 410 40 25
is_linear=0
shrinkage=0.05


Tree=16
num_leaves=31
num_cat=0
split_feature=3 2 3 13 3 6 3 12 14 16 11 11 10 10 0 9 6 10 13 3 11 11 6 0 6 0 16 12 1 14
split_gain=9.17647 7.1944 3.64831 2.33858 1.96381 1.53108 1.33707 1.29669 1.53651 1.19535 1.05314 1.3264 2.42 1.42831 1.24576 1 0.924354 1.42222 0.908224 0.966802 0.907283 1.54839 0.8 0.727104 1.02285 0.71691 1.03214 1.16515 0.672269 0.671456
threshold=2.5180000000000002 1.5000000000000002 15.4885 -5409.0999999999995 0.33750000000000008 0.81115194921972866 1.0000000180025095e-35 94488.410000000018 124341.93000000001 24.412324950802734 8.5000000000000018 451.00000000000006 770.75000000000011 303.25000000000006 10.500000000000002 0.77500000000000013 0.80409364986332654 842.83500000000015 -3823.2499999999995 0.96250000000000002 884.50000000000011 921.50000000000011 0.59101410862204518 18.500000000000004 0.15459237357398517 21.500000000000004 23.267716765776367 22759.090000000004 3.5000000000000004 116941.46000000001
decision_type=2 2 2 2 2 2 2 2 2 2 2 2 2 2 2 2 2 2 2 2 2 2 2 2 2 2 2 2 2 2
left_child=1 23 3 16 6 7 20 18 -9 10 -5 12 13 -12 -13 -10 17 22 -6 -20 -3 -22 -2 29 -25 26 27 -26 -11 -1
right_child=2 4 -4 9 5 -7 -8 8 15 28 11 14 -14 -15 -16 -17 -18 -19 19 -21 21 -23 -24 24 25 -27 -28 -29 -30 -31
leaf_value=0.010741298704723292 0.0028885834946775603 -0.0059183527342213625 0.044699415588576416 0.0090631526686913259 -0.0022155405064776712 -0.012746482093610546 -0.031760522762698647 0.018938201228356887 -0.0047149866289671431 -0.0034108292235274203 0.044308102475442417 0.032438455159926209 0.046541569844430898 0.024586516685846521 -0.0026775779326870803 0.0050540979524884453 -0.0064769573404780852 -0.0093338626412008963 -0.0023099239709522368 0.0096220117072855216 0.022260562694010014 -0.00011373300044903238 0.013100602037656612 -0.025519431299978669 0.023488609418554404 0.0038664150353615052 -0.0050112934958739487 0.04303441995498701 0.018817360300106899 -0.0017651964417871797
leaf_weight=906 10.000000000000002 756 12.999999999999998 39 167 433 1332 14.999999999999998 36 20 15.999999999999998 17 14.999999999999998 59 21 11.999999999999998 57 15.999999999999998 169 138 11.999999999999998 50 9.9999999999999982 37 29 104 31 69 13.999999999999998 94
leaf_count=906 10 756 13 39 167 433 1332 15 36 20 16 17 15 59 21 12 57 16 169 138 12 50 10 37 29 104 31 69 14 94
internal_value=-0.00081648 -0.00140091 0.00754072 0.00639456 -0.00269231 -0.000824743 -0.00353488 0.00095903 0.00769841 0.00942786 0.0111677 0.0133594 0.0166667 0.013 0.00552631 0.00333333 -0.000161292 0.00611111 6.32899e-05 0.00167752 -0.00194377 0.00387097 0.015 0.00177165 0.00407407 0.00530043 0.0077907 0.0103061 0.000882352 0.00115
internal_weight=4697 4390 307 294 3120 970 2150 537 63 201 167 128 90 75 38 48 93 36 474 307 818 62 20 1270 270 233 129 98 34 1000
internal_count=4697 4390 307 294 3120 970 2150 537 63 201 167 128 90 75 38 48 93 36 474 307 818 62 20 1270 270 233 129 98 34 1000
is_linear=0
shrinkage=0.05


Tree=17
num_leaves=31
num_cat=0
split_feature=5 13 5 5 3 10 6 5 6 14 14 14 0 6 0 17 11 16 10 16 6 6 3 10 6 3 3 0 12 17
split_gain=9.46758 6.21609 3.57099 3.09339 2.86396 2.75771 2.72197 2.0486 1.84663 1.81878 2.31805 1.65163 1.48725 1.56481 1.20594 1.38067 1.14405 0.991768 1.10645 0.97442 0.915471 0.860215 0.859404 1.25447 2.23869 0.914074 0.96989 0.800918 0.80482 0.916744
threshold=0.32985000000000003 -157.39999999999995 0.11975000000000001 5.659650000000001 4.291500000000001 703.83500000000015 0.5042544677934423 20.036550000000002 0.46767516915543955 49516.825000000004 27147.795000000002 37215.920000000006 8.5000000000000018 0.37631896218916244 15.500000000000002 83.848366907275093 142.50000000000003 14.692800721215486 341.66500000000002 8.2832255730924356 0.36105886641662982 0.91164747982434269 2.6030000000000006 576.16500000000008 0.84998262709401085 0.062500000000000014 0.92250000000000021 16.500000000000004 37691.875000000007 85.772883465287549
decision_type=2 2 2 2 2 2 2 2 2 2 2 2 2 2 2 2 2 2 2 2 2 2 2 2 2 2 2 2 2 2
left_child=2 3 -1 6 7 14 8 20 12 10 -7 -10 13 -2 15 17 -6 -4 -19 -8 -3 -20 25 24 -24 27 -27 -22 -29 -30
right_child=1 4 5 -5 16 9 19 -9 11 -11 -12 -13 -14 -15 -16 -17 -18 18 21 -21 22 -23 23 -25 -26 26 -28 28 29 -31
leaf_value=0.027464479523417979 0.0071964073227861851 0.009641713232431336 0.037848333895869612 -0.037856761376831277 0.0082336865526253383 0.033117758777330378 0.0035184747061129916 -0.047062161090893277 0.0080771173966717631 0.026648538851353844 -0.0025976385392080682 0.029347821958261744 -0.0030079093457302305 0.0058992024934000319 -0.0013538001378066745 -0.00053032185699288805 0.045581972508152539 0.039846468304386769 0.012247949880545216 -0.0062263815100594569 -0.00019739799473624106 -0.012812042796842966 0.036319918293785738 -0.0021932193389103383 -0.001898918494606253 -0.016187996534835169 0.0037030729159920669 -0.00046864333917739931 0.023757142154118144 0.029495942353235605
leaf_weight=11.999999999999998 18 700 13.999999999999998 1103 10.000000000000002 12.000000000000002 17 154 17 18 19 18 62 36 41 22 13.999999999999998 13.999999999999998 15.000000000000002 1207 459 15.999999999999998 11.000000000000002 33 14.999999999999998 291 161 92 81 14.999999999999998
leaf_count=12 18 700 14 1103 10 12 17 154 17 18 19 18 62 36 41 22 14 14 15 1207 459 16 11 33 15 291 161 92 81 15
internal_value=-0.000848415 -0.0013004 0.0103005 -0.00298224 0.000746561 0.00845029 -0.0014 0.000541748 0.00493377 0.0184694 0.011129 0.015 0.00189655 0.00796296 0.00442623 0.00796296 0.0179167 0.0119492 0.00833333 -0.00218137 0.00100108 0.00306451 0.000138168 0.00601695 0.0142308 -0.000177435 -0.00190266 0.00102782 0.00377659 0.00697917
internal_weight=4697 4514 183 2478 2036 171 1375 2012 151 49 31 35 116 54 122 81 24 59 45 1224 1858 31 1158 59 26 1099 452 647 188 96
internal_count=4697 4514 183 2478 2036 171 1375 2012 151 49 31 35 116 54 122 81 24 59 45 1224 1858 31 1158 59 26 1099 452 647 188 96
is_linear=0
shrinkage=0.05


Tree=18
num_leaves=31
num_cat=0
split_feature=5 13 3 10 5 5 0 0 17 8 18 14 13 0 7 3 16 3 5 10 12 13 17 12 13 16 13 14 1 0
split_gain=7.95321 5.63732 3.55883 3.6853 3.02061 2.09108 2.00684 4.79596 1.68215 1.62543 1.08282 1.25513 1.11336 1.45976 2.23696 1.07567 1.32426 1.18217 1.41 1.15452 1.0225 0.945998 1.07463 0.816401 0.8 0.778202 1.8808 1.02978 1.62963 0.773657
threshold=0.40710000000000007 -157.39999999999995 15.4885 770.75000000000011 5.659650000000001 20.036550000000002 5.5000000000000009 14.500000000000002 74.16860399804294 3.5000000000000004 1.0000000180025095e-35 22869.565000000006 -3823.2499999999995 10.500000000000002 1.0000000180025095e-35 2.6030000000000006 23.154238048529937 0.062500000000000014 7.088750000000001 1241.2500000000002 72647.855000000025 -4324.744999999999 83.848366907275093 75492.72500000002 -4565.204999999999 9.5656601628159912 -29075.569999999996 28117.240000000002 4.5000000000000009 14.500000000000002
decision_type=2 2 2 2 2 2 2 2 2 2 2 2 2 2 2 2 2 2 2 2 2 2 2 2 2 2 2 2 2 2
left_child=2 4 3 8 9 15 -5 -8 -1 10 11 -2 25 14 -14 17 23 -3 19 -19 -15 -10 -23 29 -9 26 -13 28 -27 -17
right_child=1 5 -4 6 -6 -7 7 24 21 -11 -12 12 13 20 -16 16 -18 18 -20 -21 -22 22 -24 -25 -26 27 -28 -29 -30 -31
leaf_value=0.031441494570604349 -0.0056104490561153623 0.0093008803237145752 0.040675866806620858 0.0049405781627513412 -0.035963923307989712 -0.044709053036348617 0.021881079150225437 -0.011627280132560643 -0.00097314596063704519 -0.013990145081714792 -0.016657525712520539 0.009827839299796446 0.0077719364758998214 -0.010698065039533865 0.023754469583660107 0.017546031000199511 -0.0053788605556302944 -0.00023009162321326873 -0.026800928227585005 0.0090369856917911842 0.0070796828113626371 0.015612327549611735 -0.0090369518252622939 0.045078573331343623 0.032591608357770349 -0.0027479019641273097 -0.011024956683570543 -0.00041381700751642647 0.021623870232990946 0.029562448675495602
leaf_weight=18 200 1271 12.999999999999998 14.999999999999998 1103 154 23 10 82 314 295 19 23 31 11.999999999999998 23 17 346 165 11.999999999999998 9.9999999999999982 49 18 12.999999999999998 10 11.000000000000002 14.999999999999998 392 15.999999999999998 17
leaf_count=18 200 1271 13 15 1103 154 23 10 82 314 295 19 23 31 12 23 17 346 165 12 10 49 18 13 10 11 15 392 16 17
internal_value=-0.00088035 -0.00135569 0.00802521 0.00655555 -0.00297214 0.000599602 0.0174138 0.022907 0.00278443 -0.00137519 -0.000410157 0.000624141 0.00189981 0.0075 0.015 0.00106223 0.00714286 0.000824971 -0.00117591 0.000586591 0.00109756 0.00104027 0.00544776 0.0110377 0.005 0.000960264 0.00823529 0.000369927 0.00981481 0.0075
internal_weight=4697 4459 238 225 2441 2018 58 43 167 1338 1024 729 529 76 35 1864 70 1794 523 358 41 149 67 53 20 453 34 419 27 40
internal_count=4697 4459 238 225 2441 2018 58 43 167 1338 1024 729 529 76 35 1864 70 1794 523 358 41 149 67 53 20 453 34 419 27 40
is_linear=0
shrinkage=0.05


Tree=19
num_leaves=31
num_cat=0
split_feature=4 2 13 4 4 2 6 4 1 10 6 17 11 11 10 2 10 10 0 1 10 0 11 6 6 11 11 4 6 11
split_gain=7.80327 5.35535 4.00758 2.91168 2.67752 3.75869 2.37724 2.19999 1.90385 1.70667 1.48853 1.4652 1.41555 2.53506 1.36364 1.10469 1.05644 1.15531 1.24805 1.40649 0.871816 1.17895 1.76978 1.94318 3.87037 1.15705 1.25366 1.15236 0.816052 0.772193
threshold=15.3925 2.5000000000000004 -5116.7549999999992 3.6305000000000005 1.1845000000000001 1.5000000000000002 0.34521341642591102 0.31150000000000005 2.5000000000000004 816.50000000000011 0.77309914036148131 82.531614570409445 435.50000000000006 554.50000000000011 561.87500000000011 3.5000000000000004 849.83000000000015 505.83500000000009 6.5000000000000009 4.5000000000000009 381.14500000000004 10.500000000000002 173.50000000000003 0.59682312006573357 0.63534529503120474 494.50000000000006 375.50000000000006 3.5460000000000007 0.21964138010122763 142.50000000000003
decision_type=2 2 2 2 2 2 2 2 2 2 2 2 2 2 2 2 2 2 2 2 2 2 2 2 2 2 2 2 2 2
left_child=1 4 8 -3 5 -1 9 -7 11 -6 20 -2 15 -14 -4 16 17 18 19 -5 -8 22 -22 25 -25 26 -24 -26 -9 -20
right_child=2 3 14 12 6 7 10 28 -10 -11 -12 -13 13 -15 -16 -17 -18 -19 29 -21 21 -23 23 24 27 -27 -28 -29 -30 -31
leaf_value=0.0088840181300959293 0.022482383769459532 -0.023081723383981789 0.022966305497390743 0.0017526227218877398 0.0019487376917006435 -0.028677391467257476 0.042429619886026289 0.0028018002828265609 -0.0028811644512347734 0.03075068710417497 -0.00045514846611138804 0.005888793890946869 0.0067084178341502146 -0.0011298032679918832 0.042859644496562453 -0.0055858516116218211 0.01238872566871011 -0.0095830529504019168 -0.0010183781113419863 0.0060000765714126785 -0.020928499794250603 0.0058703132996465075 -0.0006972955901755559 0.025933267640933285 -8.1154679513433927e-05 -0.0032864481496613692 0.028812738760260644 0.030032923851828403 -0.00073914352873677728 0.01039711615707543
leaf_weight=1270 14.000000000000002 1633 10.000000000000002 11.000000000000002 15.000000000000002 554 19 14.999999999999998 18 9.9999999999999982 173 11.999999999999998 20 37 11.999999999999998 178 10.999999999999998 70 34 9.9999999999999982 20 95 14.000000000000002 10.999999999999998 16.000000000000004 24 11.999999999999998 10.999999999999998 357 10.999999999999998
leaf_count=1270 14 1633 10 11 15 554 19 15 18 10 173 12 20 37 12 178 11 70 34 10 20 95 14 11 16 24 12 11 357 11
internal_value=-0.00085906 -0.00110235 0.0162121 -0.0030397 0.000389907 -0.000309655 0.00404762 -0.00273218 0.0075 0.019 0.00310126 0.0161538 0.000890051 0.00815789 0.0336364 -0.000384617 0.00282313 0.00161765 0.00636364 0.0164286 0.00581081 0.00485222 0.00842592 0.0114773 0.02 0.005 0.0123077 0.00981481 0.000241934 0.00166667
internal_weight=4697 4631 66 2015 2616 2196 420 926 44 25 395 26 382 57 22 325 147 136 66 21 222 203 108 88 38 50 26 27 372 45
internal_count=4697 4631 66 2015 2616 2196 420 926 44 25 395 26 382 57 22 325 147 136 66 21 222 203 108 88 38 50 26 27 372 45
is_linear=0
shrinkage=0.05


Tree=20
num_leaves=31
num_cat=0
split_feature=5 2 5 5 11 16 14 6 3 14 11 16 16 10 13 14 14 5 10 5 11 16 14 13 14 11 11 6 16 10
split_gain=8.70443 5.12737 4.11627 2.81436 1.71939 1.57435 1.53938 1.45666 1.57703 1.44392 1.25 1.05384 0.871309 1.25 0.862564 0.716924 2.10563 1.35 1.02406 0.922164 0.84942 2.08379 3.29608 0.89634 0.775862 1.02012 0.752411 0.709433 0.67964 0.632775
threshold=0.15575000000000003 3.5000000000000004 20.036550000000002 0.83670000000000011 20.500000000000004 21.772941875618461 34426.325000000004 0.37954001472757881 9.5885000000000016 20590.875000000004 47.500000000000007 8.710414180480738 26.311912180493408 765.25000000000011 -5409.0999999999995 116941.46000000001 112753.32000000002 5.3347000000000007 1175.5000000000002 2.7833000000000001 98.500000000000014 10.984025864705421 52398.495000000003 -3823.2499999999995 74318.910000000018 83.500000000000014 187.00000000000003 0.080837461899968557 11.528603759013992 118.25000000000001
decision_type=2 2 2 2 2 2 2 2 2 2 2 2 2 2 2 2 2 2 2 2 2 2 2 2 2 2 2 2 2 2
left_child=5 2 3 7 29 6 -1 -2 11 -6 -10 14 -13 -14 -9 16 18 -18 20 -20 21 22 -11 -22 25 -23 -17 -25 -28 -5
right_child=1 -3 -4 4 9 -7 -8 8 10 15 -12 12 13 -15 -16 26 17 -19 19 -21 23 24 -24 27 -26 -27 28 -29 -30 -31
leaf_value=0.028421532598438159 0.018416315595957505 -0.018168482517751057 -0.047460057348702171 -0.00068051100132542519 -0.0066142283287188757 0.022084846745672303 -0.0023881852922313486 0.0005909572655533866 0.0074568086050995465 0.0053265831055182358 0.031578279945318768 0.0033517948074359575 -0.0017644466338460299 0.019398092148924032 0.044048131954708816 0.0052607049430751732 0.019074736069396907 0.02782007576263882 0.0063456740728357513 0.010061718947346894 -0.0030515994740738014 -0.0073469765189084603 0.012071739978957953 -0.027883166020326963 0.019394951173255605 0.025410098414353845 0.022026334025514765 0.0068416548659913385 -0.0095452202908648687 -0.017520328095958139
leaf_weight=14.000000000000002 10.999999999999998 1058 394 315 508 21 11.999999999999998 12 10.000000000000002 17.000000000000004 9.9999999999999982 326 10.000000000000002 9.9999999999999982 13 25 10.000000000000002 20 12.999999999999998 147 220 61 9.9999999999999982 41 14.999999999999998 10.999999999999998 23 664 174 469
leaf_count=14 11 1058 394 315 508 21 12 12 10 17 10 326 10 10 13 25 10 20 13 147 220 61 10 41 15 11 23 664 174 469
internal_value=-0.000876401 -0.00109528 -0.000182256 0.000421302 -0.000151295 0.0205319 0.0123077 0.00432836 0.00382353 0.000640632 0.0175 0.00308625 0.00236994 0.0125 0.013 0.00144383 0.00191619 0.015 0.00158882 0.0053125 0.0010154 0.00508772 0.0172222 0.000513512 0.00132184 -0.000833335 -0.00117117 0.00138298 -0.00220812 -0.0021301
internal_weight=4644 4597 3539 3145 2743 47 26 402 391 1959 20 371 346 20 25 1451 1229 30 1199 160 1039 114 27 925 87 72 222 705 197 784
internal_count=4644 4597 3539 3145 2743 47 26 402 391 1959 20 371 346 20 25 1451 1229 30 1199 160 1039 114 27 925 87 72 222 705 197 784
is_linear=0
shrinkage=0.05


Tree=21
num_leaves=31
num_cat=0
split_feature=3 5 2 4 5 10 2 5 17 6 5 6 10 12 14 12 6 12 17 14 14 15 4 17 14 12 9 14 14 3
split_gain=7.37079 4.7353 3.57625 2.25237 2.13324 3.98749 1.88572 1.96558 1.48327 1.40922 1.12803 1.24279 1.47398 1.25 1.07302 1.29771 1.00472 0.936459 0.956016 0.854948 1.64717 2.57263 2.64307 3.11296 2.0202 1.22544 0.816667 0.781347 3.06937 0.8
threshold=9.5885000000000016 20.036550000000002 3.5000000000000004 15.3925 1.4796000000000002 1241.2500000000002 1.5000000000000002 8.9396500000000021 87.628820165741658 0.53626198271711323 0.9668000000000001 0.74632612951603416 710.41500000000008 23881.090000000004 13911.720000000003 17595.155000000002 0.16930122515636434 26724.170000000002 74.881878734822564 44044.955000000009 22748.980000000003 1.0000000180025095e-35 3.5460000000000007 79.20761830183703 24404.775000000005 34847.850000000013 0.46450000000000008 50150.160000000011 52657.80000000001 0.48250000000000004
decision_type=2 2 2 2 2 2 2 2 2 2 2 2 2 2 2 2 2 2 2 2 2 2 2 2 2 2 2 2 2 2
left_child=1 2 4 -2 5 9 -6 8 16 14 11 12 -4 -14 -1 -16 -8 -17 -19 20 -11 22 -22 -24 -23 -26 -5 -18 29 -29
right_child=3 -3 10 26 6 -7 7 -9 -10 19 -12 -13 13 -15 15 17 27 18 -20 -21 21 24 23 -25 25 -27 -28 28 -30 -31
leaf_value=-0.00093407869207242289 0.019055810603761731 -0.052156154012726233 -0.011705450534945292 0.030243015350295784 0.0056453118301672657 0.02063125157975353 0.00037908034737882314 -0.024712680288229791 0.022186304426734461 -0.0010281944554328519 -0.022185983202270776 -0.0038214734803034612 0.0025537954793181331 0.00749354964499845 0.02495816127153324 -0.0053374243955644878 -0.0078622357890139535 0.030736728197653142 0.018103555117576671 -0.0011330108979711103 0.002368660631800969 0.010371800343981122 0.025975392211266376 0.0041912768209708779 -0.0077198705408869084 0.021121639501362494 0.023382513508519741 0.013389804317244944 -0.0010255387313197969 0.013314216720948078
leaf_weight=14.999999999999998 23 669 18 10.000000000000002 1275 23 9.9999999999999982 343 10.999999999999998 162 622 124 10.000000000000002 9.9999999999999982 22 14.999999999999998 521 10.999999999999998 42 237 20 10.999999999999998 15.000000000000002 11.999999999999998 69 19 20 10.000000000000002 285 9.9999999999999982
leaf_count=15 23 669 18 10 1275 23 10 343 11 162 622 124 10 10 22 15 521 11 42 237 20 11 15 12 69 19 20 10 285 10
internal_value=-0.000897934 -0.00111196 -0.000448752 0.0176415 0.000305926 0.00280089 -0.000375255 -0.00180672 -0.000513579 0.00207692 -0.00346939 0.000246912 0.00815789 0.0175 0.00738095 0.00944444 -0.00075359 0.00602941 0.00915094 0.00105504 0.00279221 0.00664383 0.0162766 0.0264815 0.00207071 -0.000454547 0.0266667 -0.000944311 0.00106557 0.02
internal_weight=4644 4591 3922 53 3138 673 2465 1190 847 650 784 162 38 20 105 90 836 68 53 545 308 146 47 27 99 88 30 826 305 20
internal_count=4644 4591 3922 53 3138 673 2465 1190 847 650 784 162 38 20 105 90 836 68 53 545 308 146 47 27 99 88 30 826 305 20
is_linear=0
shrinkage=0.05


Tree=22
num_leaves=31
num_cat=0
split_feature=4 5 7 11 5 8 6 13 10 16 6 14 14 16 14 5 6 11 16 4 14 16 4 11 14 3 17 6 11 17
split_gain=6.20852 4.51634 3.35991 3.03856 2.95386 1.44361 1.40833 1.24846 1.16768 1.15808 1.68981 0.98378 1.22117 1.05333 1.50771 1.01108 4.47422 1.12867 1.6788 1.74155 1.14477 1.48989 1.09511 0.883171 0.815602 0.800799 0.79023 0.87923 1.92893 2.64335
threshold=15.3925 20.036550000000002 1.0000000180025095e-35 16.000000000000004 0.78645000000000009 2.5000000000000004 0.774497172138635 -790.80499999999995 561.87500000000011 26.678607172480483 0.8879412649294407 39626.545000000006 43288.595000000008 9.2182299150233291 42991.865000000005 1.3987000000000003 0.49855605343556103 187.00000000000003 14.284933386254819 0.55550000000000022 83696.635000000024 23.316144429416017 1.8195000000000003 1032.0000000000002 116941.46000000001 0.043500000000000004 85.360255829708493 0.62559509089814569 397.50000000000006 78.748529731917486
decision_type=2 2 2 2 2 2 2 2 2 2 2 2 2 2 2 2 2 2 2 2 2 2 2 2 2 2 2 2 2 2
left_child=1 3 8 7 9 11 -4 -1 -2 10 26 -6 13 -13 -15 16 -14 18 19 -17 -20 -22 -18 -19 25 -25 27 28 29 -5
right_child=2 -3 6 4 5 -7 -8 -9 -10 -11 -12 12 15 14 -16 17 22 23 20 -21 21 -23 -24 24 -26 -27 -28 -29 -30 -31
leaf_value=-0.0126963663533649 0.018323256911469004 -0.049548346312089923 0.019803691145693112 0.038784982917944542 -0.0015172695397480283 -0.0074961092342257221 -0.00035590661753019567 -0.0013474593397743088 0.037435317239319442 0.011507619189055934 0.0095355771813731248 0.0093443086332942512 0.024002253974307834 0.0044283666969934087 0.021606733389762267 0.0076203323234076805 0.0072455647535297528 -0.0032024272313671653 -0.00099628496539995166 0.012689883492464006 0.011724692135682318 0.0082381335573218674 -0.0025632612721079085 0.014299344333475723 -0.019268470602173918 -0.013290965277147912 -0.0083462412237535182 0.0046798536136611179 0.0014140584785948933 -0.00091724636294309163
leaf_weight=892 14.999999999999998 669 9.9999999999999982 18 896 502 30 517 18 17 9.9999999999999982 10.999999999999998 12.999999999999998 51 10.999999999999998 18.000000000000004 9.9999999999999982 453 51 10.999999999999998 27 9.9999999999999982 37 107 45 17 22 100 42 13.999999999999998
leaf_count=892 15 669 10 18 896 502 30 517 18 17 10 11 13 51 11 18 10 453 51 11 27 10 37 107 45 17 22 100 42 14
internal_value=-0.0009733 -0.00120433 0.0134931 -0.000553563 0.000495386 -4.40541e-05 0.00375 -0.00240951 0.025303 0.00598655 0.00495146 0.000627827 0.00182339 0.0080137 0.00548387 0.00125782 0.0075 0.000751014 0.00525641 0.0156897 0.00181818 0.00851351 0.000319148 -9.64642e-05 0.00298816 0.00508064 0.00392857 0.00505747 0.00918919 0.0184375
internal_weight=4644 4571 73 3902 2493 2270 40 1409 33 223 206 1768 872 73 62 799 60 739 117 29 88 37 47 622 169 124 196 174 74 32
internal_count=4644 4571 73 3902 2493 2270 40 1409 33 223 206 1768 872 73 62 799 60 739 117 29 88 37 47 622 169 124 196 174 74 32
is_linear=0
shrinkage=0.05


Tree=23
num_leaves=31
num_cat=0
split_feature=5 2 5 5 14 6 5 13 10 16 8 16 7 14 12 10 4 6 2 5 16 14 4 14 13 10 9 10 4 6
split_gain=5.88828 4.88879 3.53199 2.36459 1.69697 1.59495 1.16531 1.15151 1.08438 1.85339 1.6461 2.11447 0.959524 0.932139 0.925231 0.818182 0.802544 2.60329 0.993984 1.32348 0.978958 1.13636 0.785274 1.57696 0.78321 0.762698 0.692786 1.27648 0.664689 0.67521
threshold=0.78645000000000009 2.5000000000000004 0.13360000000000002 20.036550000000002 57474.31500000001 0.75236132678326373 3.2001500000000003 -3498.1649999999995 703.83500000000015 26.082687979582577 2.5000000000000004 18.988015598719958 1.5000000000000002 20590.875000000004 23881.090000000004 811.87500000000011 1.1845000000000001 0.34521341642591102 1.5000000000000002 7.2521000000000013 9.5656601628159912 52398.495000000003 1.0885000000000002 51118.470000000008 -157.39999999999995 492.25000000000006 0.77500000000000013 215.75000000000003 2.2100000000000004 0.7553063309393897
decision_type=2 2 2 2 2 2 2 2 2 2 2 2 2 2 2 2 2 2 2 2 2 2 2 2 2 2 2 2 2 2
left_child=2 3 4 13 -1 8 22 -7 12 10 15 14 25 -2 -12 -10 18 -18 -15 20 21 -20 23 -3 -8 -4 27 -9 29 -19
right_child=1 6 5 -5 -6 7 24 26 9 -11 11 -13 -14 16 -16 -17 17 28 19 -21 -22 -23 -24 -25 -26 -27 -28 -29 -30 -31
leaf_value=0.025920535716060233 -0.0054348962231782249 -0.0025460909679997871 0.036845733772047314 -0.035842133708975689 0.00089895566241416931 -0.001234498855605457 -0.029819970157253683 0.018293022653707351 0.01988173601197411 0.016554036971461718 0.023996281483923965 0.0079783652999333605 -0.00024920937345094364 0.0073390443682756178 0.01269457632094982 -0.0011087557937231366 0.010663659519335645 0.012416649071222509 -0.00017569272052065583 -0.016639424607741485 -0.00041398242080343628 0.0081407176188985683 -0.0062117670283273491 0.022674717212731843 0.0064107462636363013 0.0065112091382479699 -0.0027391610717918658 0.007871896831851681 -0.012076165683611383 -0.00066287108147948049
leaf_weight=21 568 29 18 229 10.999999999999998 173 1097 10.999999999999998 18 9.9999999999999982 12.000000000000002 19 31 942 10.999999999999998 48 12.999999999999998 64 11.000000000000002 176 273 10.999999999999998 578 11.999999999999998 10.999999999999998 42 34 87 25 59
leaf_count=21 568 29 18 229 11 173 1097 11 18 10 12 19 31 942 11 48 13 64 11 176 273 11 578 12 11 42 34 87 25 59
internal_value=-0.000994833 -0.00164471 0.00388278 -0.000170815 0.02 0.00287938 -0.00366821 0.000573769 0.00624402 0.00940678 0.0075 0.0152381 0.00214286 0.00034547 0.0254348 0.00257576 0.000972045 0.00431677 0.00059094 -0.0012845 0.000762711 0.0109091 -0.00193053 0.0047561 -0.00463899 0.00583333 0.00409091 0.00622449 0.00243243 0.00394309
internal_weight=4644 4098 546 2371 32 514 1727 305 209 118 108 42 91 2142 23 66 1574 161 1413 471 295 22 619 41 1108 60 132 98 148 123
internal_count=4644 4098 546 2371 32 514 1727 305 209 118 108 42 91 2142 23 66 1574 161 1413 471 295 22 619 41 1108 60 132 98 148 123
is_linear=0
shrinkage=0.05


Tree=24
num_leaves=31
num_cat=0
split_feature=4 2 7 5 5 10 6 3 6 10 5 14 4 3 14 16 3 13 16 16 17 14 4 14 10 10 1 1 12 10
split_gain=5.72292 4.62376 2.90412 2.60717 2.34944 1.61616 1.40833 1.1985 1.33286 1.18833 1.61278 1.05861 0.942672 0.907805 1.03219 0.89537 0.877407 0.735811 0.7125 0.653307 2.40998 1.37619 0.652164 0.625486 0.70407 0.767938 1.31494 0.825023 0.574773 0.682648
threshold=15.3925 2.5000000000000004 1.0000000180025095e-35 20.036550000000002 1.8437500000000002 561.87500000000011 0.774497172138635 1.1775000000000002 0.39887612852775306 873.20000000000016 0.62320000000000009 46701.030000000006 2.2520000000000002 0.097500000000000017 20590.875000000004 8.710414180480738 0.23050000000000004 -157.39999999999995 13.510744003162833 11.145363282657547 77.102786433903034 11969.380000000003 1.7050000000000003 374089.58500000008 28.500000000000004 118.25000000000001 1.5000000000000002 4.5000000000000009 3306.7900000000004 1175.5000000000002
decision_type=2 2 2 2 2 2 2 2 2 2 2 2 2 2 2 2 2 2 2 2 2 2 2 2 2 2 2 2 2 2
left_child=1 3 5 7 9 -2 -4 13 11 22 -11 -9 -12 14 19 -10 -15 -6 -14 20 21 -1 -3 24 -16 26 -26 -28 -27 -30
right_child=2 4 6 -5 17 -7 -8 8 15 10 12 -13 18 16 23 -17 -18 -19 -20 -21 -22 -23 -24 -25 25 28 27 -29 29 -31
leaf_value=0.039904469261700617 0.016111067280092543 0.011102265560406869 0.018414588323411783 -0.034050027023526906 -0.024295571410415981 0.034538253809047466 -0.0005096271508509897 0.010875179498457749 0.037683029908914152 0.0076196431504144098 0.023535329402449109 0.012405449370008136 0.020969107270363746 -0.021998072698876801 -0.0080687799056884443 0.0072260169882716581 -0.00029147692192083702 0.0060902089504544892 -0.00068646584369320453 -0.0081532092310206538 -0.023427615874871934 0.0047118410364406227 -0.0023952894274266159 0.026865806276770699 -0.023190257339179628 0.0075367930306829787 0.033175154618654383 0.0078469697973842702 0.002376830901448794 0.010548212646942719
leaf_weight=10.000000000000002 14.999999999999998 13.999999999999998 9.9999999999999982 229 1378 18 30 12.000000000000002 11.999999999999998 20 9.9999999999999982 13.999999999999998 9.9999999999999982 166 211 297 325 10.999999999999998 38 348 44 13.999999999999998 508 14.999999999999998 20 20 17 18 656 154
leaf_count=10 15 14 10 229 1378 18 30 12 12 20 10 14 10 166 211 297 325 11 38 348 44 14 508 15 20 20 17 18 656 154
internal_value=-0.00108097 -0.00130278 0.0128082 9.295e-05 -0.00311463 0.0237879 0.00375 0.000588609 0.00335821 -0.000500001 0.00525641 0.0142308 0.00103448 0.000128839 0.000730189 0.00244336 -0.00174135 -0.00424406 -0.001875 -0.00139423 0.00308823 0.0158333 -0.00136015 0.00152565 0.00138686 0.00200565 0.00772727 0.0135714 0.0016265 0.00141975
internal_weight=4644 4571 73 2582 1989 33 40 2353 335 600 78 26 58 2018 1527 309 491 1389 48 416 68 24 522 1111 1096 885 55 35 830 810
internal_count=4644 4571 73 2582 1989 33 40 2353 335 600 78 26 58 2018 1527 309 491 1389 48 416 68 24 522 1111 1096 885 55 35 830 810
is_linear=0
shrinkage=0.05


Tree=25
num_leaves=31
num_cat=0
split_feature=5 5 16 2 16 5 5 10 2 14 4 14 5 14 15 0 14 3 3 6 11 5 5 14 14 16 16 6 10 6
split_gain=5.45187 3.91115 5.43254 4.07552 1.78838 1.70935 1.09479 1.9295 1.8391 1.43559 1.02826 1.74671 0.879716 0.912428 1.79622 2.41844 1.87188 1.29643 1.18974 0.761077 2.16648 0.839369 0.733172 1.16353 1.72756 0.823534 0.720545 0.654886 1.03434 0.97951
threshold=20.036550000000002 0.25580000000000008 10.930746146931492 2.5000000000000004 25.893810650023578 3.2001500000000003 2.6716000000000002 1241.2500000000002 1.5000000000000002 207388.72 1.0885000000000002 50692.345000000008 0.9668000000000001 51118.470000000008 1.0000000180025095e-35 11.500000000000002 25171.420000000002 0.59450000000000014 2.3685000000000005 0.38563791453075474 191.50000000000003 2.5306000000000006 8.7344000000000026 106075.15000000001 124341.93000000001 9.2182299150233291 25.960474334307751 0.74298955810291556 703.83500000000015 0.9856387455558393
decision_type=2 2 2 2 2 2 2 2 2 2 2 2 2 2 2 2 2 2 2 2 2 2 2 2 2 2 2 2 2 2
left_child=1 2 -1 6 27 10 7 19 26 22 11 -5 13 14 15 16 -12 -18 -17 20 -3 -21 23 25 -25 -10 -8 28 -4 -29
right_child=-2 3 4 5 -6 -7 8 -9 9 -11 12 -13 -14 -15 -16 18 17 -19 -20 21 -22 -23 -24 24 -26 -27 -28 29 -30 -31
leaf_value=0.031948913787878223 -0.043122179159138428 0.022556642514026757 7.619134884622597e-05 -0.0038945445356272632 0.0020624025655055439 -0.021719723267299901 0.0089987320832531689 0.021096609200209605 0.00070536938782048131 0.0073797320648710269 0.0022581674309802408 0.026612309062665124 -0.0068610597019797886 -0.0030683116170571565 -0.00095353006699954021 -0.014314402924097825 0.011861344016533579 0.0072461591178961827 0.025387628382595395 0.005027813624889718 0.00039328281438817664 0.017825503676257348 -0.021499729118243032 0.0058924217723984526 -0.033118736094471295 -0.0048762352610264067 -0.0052789859795890912 -0.0011018918891109615 0.024694717477868156 0.017124430105401121
leaf_weight=13.999999999999998 686 12.999999999999998 18 24 9.9999999999999982 673 1153 15.999999999999998 12.999999999999998 12.999999999999998 12.999999999999998 12.999999999999998 514 141 132 29 10.000000000000002 13.999999999999998 9.9999999999999982 435 31 17 221 13.000000000000002 10.999999999999998 261 138 40 14.999999999999998 29
leaf_count=14 686 13 18 24 10 673 1153 16 13 13 13 13 514 141 132 29 10 14 10 435 31 17 221 13 11 261 138 40 15 29
internal_value=-0.000879238 -0.000178484 0.00849206 -0.000458036 0.00482143 -0.0024253 0.000867236 0.00291016 0.000293471 -0.00218045 -0.001 0.00716216 -0.00134994 0.000587391 0.00269231 0.00881579 0.017973 0.02625 0.000128204 0.00235887 0.00863636 0.00174779 -0.00259152 -0.000973156 0.00958333 -0.00189781 0.00131293 0.00284314 0.00863636 7.24626e-05
internal_weight=4720 4034 126 3908 112 1573 2335 512 1823 532 900 37 863 349 208 76 37 24 39 496 44 452 519 298 24 274 1291 102 33 69
internal_count=4720 4034 126 3908 112 1573 2335 512 1823 532 900 37 863 349 208 76 37 24 39 496 44 452 519 298 24 274 1291 102 33 69
is_linear=0
shrinkage=0.05


Tree=26
num_leaves=31
num_cat=0
split_feature=5 2 5 16 10 13 2 5 13 5 5 16 4 11 11 0 14 10 11 10 5 6 13 16 11 16 10 6 5 6
split_gain=5.31262 3.62622 2.48594 1.9338 2.07082 2.05887 1.80138 2.05968 1.65229 1.6165 1.54952 1.2803 1.10121 1.0972 1.8909 2.2881 0.987676 1.4569 1.2967 0.806667 0.715889 2.40854 1.27528 0.678408 1.01012 0.624456 1.02938 0.600655 0.600148 0.598953
threshold=20.036550000000002 3.5000000000000004 0.83670000000000011 8.566852507932559 1130.5000000000002 -3764.8899999999994 1.5000000000000002 9.1764500000000009 -2314.1249999999995 0.46835000000000004 0.2788000000000001 22.32411955876859 15.3925 64.500000000000014 93.500000000000014 13.500000000000002 25171.420000000002 576.16500000000008 4.5000000000000009 643.75000000000011 1.4796000000000002 0.49855605343556103 -1.0000000180025095e-35 21.772941875618461 76.500000000000014 19.64238058865444 861.16500000000008 0.3492734673827988 1.7079500000000001 0.77748825229323681
decision_type=2 2 2 2 2 2 2 2 2 2 2 2 2 2 2 2 2 2 2 2 2 2 2 2 2 2 2 2 2 2
left_child=1 2 3 -1 5 -5 -4 13 11 -6 19 -7 16 27 15 -15 -10 18 -18 -3 21 22 -16 24 -20 -23 -27 -8 -12 -22
right_child=-2 10 6 4 9 8 7 -9 12 -11 28 -13 -14 14 20 -17 17 -19 23 -21 29 25 -24 -25 -26 26 -28 -29 -30 -31
leaf_value=0.02040382995457082 -0.040966070201181502 0.015882651412247022 0.006860037846900844 -0.00098405713159612613 0.021216701299995464 0.02282856654058334 0.0030823402168046786 -0.020806321081855768 -0.0010663088530448578 0.01412421789425161 -0.0011545847241513395 0.0047269080824017531 0.027864889661997978 -0.0032816179967954497 0.022896197978790587 0.01706301530368351 -0.033260769187267628 -0.00077178915094631463 0.010342363654651247 0.0014641127190525708 -0.0014922173280800485 -0.0013891431135411917 0.01258329390180624 0.013815281288781112 0.025824640090253689 -0.0085877951573632445 0.007180676013946629 -0.011385987817771486 -0.021456739242489475 0.005419729975557553
leaf_weight=18 686 10.000000000000002 1291 186 11.000000000000002 16.000000000000004 9.9999999999999982 353 65 17 254 10.999999999999998 12.999999999999998 14.000000000000002 14.000000000000002 15.999999999999998 9.9999999999999982 58 20.000000000000004 14.999999999999998 451 59 17 17 10.999999999999998 29 19 441 522 66
leaf_count=18 686 10 1291 186 11 16 10 353 65 17 254 11 13 14 14 16 10 58 20 15 451 59 17 17 11 29 19 441 522 66
internal_value=-0.000932205 -0.000240457 0.000505721 0.0039404 0.00327586 0.00237101 -5.3958e-05 -0.00123909 0.00563348 0.0164286 -0.00325219 0.0172222 0.00402062 -0.000202466 0.00105839 0.0133333 0.00301105 0.00577586 0.0113793 0.009 0.000496182 0.00369565 0.0159677 0.0147917 0.0191935 0.000140186 0.004375 -0.00211752 -0.00364691 -0.000357835
internal_weight=4720 4034 3233 453 435 407 2780 1489 221 28 801 27 194 1136 685 30 181 116 58 25 655 138 31 48 31 107 48 451 776 517
internal_count=4720 4034 3233 453 435 407 2780 1489 221 28 801 27 194 1136 685 30 181 116 58 25 655 138 31 48 31 107 48 451 776 517
is_linear=0
shrinkage=0.05


Tree=27
num_leaves=31
num_cat=0
split_feature=13 4 13 3 15 12 0 6 6 4 6 4 14 11 16 11 3 4 6 16 11 16 16 16 1 6 6 0 12 12
split_gain=4.6128 3.12627 2.1811 2.13724 1.7841 2.48593 1.42198 1.18154 1.53846 1.13914 1.06767 1.87761 2.73202 0.944261 0.942462 0.902564 0.87568 2.9011 0.874188 0.82805 0.816667 0.794275 0.844828 1.21826 0.797561 1.21752 1.14863 0.788005 0.854949 0.681481
threshold=-157.39999999999995 3.6305000000000005 -4481.8999999999987 4.291500000000001 1.0000000180025095e-35 12230.625000000002 9.5000000000000018 0.46418204096089305 0.99551775655557295 0.19550000000000003 0.75236132678326373 7.3535000000000013 33639.695000000007 67.500000000000014 8.9353235044786974 248.50000000000003 0.012500000000000002 0.28150000000000003 0.93337822731504161 10.518279477329328 421.00000000000006 15.178899352222233 22.053433297086823 21.474793701948645 4.5000000000000009 0.70956380138822828 0.41145270529597272 13.500000000000002 30943.855000000003 158905.46500000003
decision_type=2 2 2 2 2 2 2 2 2 2 2 2 2 2 2 2 2 2 2 2 2 2 2 2 2 2 2 2 2 2
left_child=1 9 10 16 5 -4 -7 -5 15 -1 11 -3 -13 -11 -12 -9 -2 -18 21 -6 -17 -19 23 24 25 26 -23 -21 -29 -15
right_child=3 2 4 7 19 6 -8 8 -10 13 14 12 -14 29 -16 20 17 18 -20 27 -22 22 -24 -25 -26 -27 -28 28 -30 -31
leaf_value=-0.039924307291597197 0.0065099517476663168 -0.0008201414431536991 -0.024102226095025377 0.029408205599713851 0.018414970680761943 0.0162508078627309 0.022548203874875723 -0.0097026949565924576 0.035370653549679651 -0.016487263495556008 0.0014251835198504409 0.0054955532579982402 0.01025934638723771 -0.0010250729703629548 -0.0018411213439568132 0.037291509713598694 -0.020951887179792985 -0.001577202056063781 -0.013595223040186953 -0.0029536326876907753 0.0084814810390227095 0.0068014258993323419 0.0035592941760936255 0.016612547535828581 -0.0026328934948159836 0.031400390016254123 -0.0023979831501945285 -0.0003877715089179254 0.010690639458059507 0.0075590064143010094
leaf_weight=646 1292 60 11.999999999999998 9.9999999999999982 12.999999999999998 18 15.999999999999998 22 12.999999999999998 771 12.999999999999998 9.9999999999999982 23 702 227 10.000000000000002 308 114 89 44 20 13.999999999999998 116 12.999999999999998 34 21 34 25 10.999999999999998 19
leaf_count=646 1292 60 12 10 13 18 16 22 13 771 13 10 23 702 227 10 308 114 89 44 20 14 116 13 34 21 34 25 11 19
internal_value=-0.00102754 -0.00243295 0.00125 0.000710899 0.00651079 0.0145652 0.0214706 0.009 0.00653846 -0.00324603 -0.000945947 0.00360215 0.0131818 -0.0024866 -0.00270833 0.00269231 0.000405404 -0.000962316 0.00166667 0.00252688 0.00833333 0.00280347 0.00448276 0.0075 0.00567961 0.00876811 0.004375 0.000624999 0.00611111 -0.00118585
internal_weight=4720 2610 472 2110 139 46 34 75 65 2138 333 93 33 1492 240 52 2035 743 435 93 30 346 232 116 103 69 48 80 36 721
internal_count=4720 2610 472 2110 139 46 34 75 65 2138 333 93 33 1492 240 52 2035 743 435 93 30 346 232 116 103 69 48 80 36 721
is_linear=0
shrinkage=0.05


Tree=28
num_leaves=31
num_cat=0
split_feature=5 2 5 16 10 5 13 13 5 7 16 6 13 9 14 1 6 10 10 3 14 5 2 5 1 0 5 17 10 13
split_gain=5.17517 3.47852 1.98672 2.04158 2.21813 1.6165 1.56996 1.97886 1.54952 1.80923 1.42222 1.39009 0.916032 1.12 1.12 1.23789 1.39211 0.98734 0.707136 1.76552 0.953675 0.623079 0.646754 0.844542 0.694886 0.876623 0.587933 0.614838 1.83408 1.13636
threshold=20.036550000000002 3.5000000000000004 0.83670000000000011 8.566852507932559 1130.5000000000002 0.46835000000000004 -3764.8899999999994 -1960.4849999999999 0.2788000000000001 2.5000000000000004 22.32411955876859 0.92455488397609131 -157.39999999999995 0.26800000000000007 21069.620000000006 1.5000000000000002 0.49086567276937748 163.25000000000003 385.75000000000006 3.3480000000000003 25171.420000000002 2.1641500000000007 1.5000000000000002 10.187650000000001 1.0000000180025095e-35 8.5000000000000018 4.8519000000000005 77.047895809778893 887.16500000000008 -10183.879999999997
decision_type=2 2 2 2 2 2 2 2 2 2 2 2 2 2 2 2 2 2 2 2 2 2 2 2 2 2 2 2 2 2
left_child=1 2 3 -1 6 -6 -5 10 9 -3 -8 12 13 14 -4 -16 -17 -15 19 -9 -21 -14 -23 24 25 -24 27 28 -19 -30
right_child=-2 8 11 4 5 -7 7 18 -10 -11 -12 -13 21 17 15 16 -18 26 -20 20 -22 22 23 -25 -26 -27 -28 -29 29 -31
leaf_value=0.019195078772158494 -0.037499342808201948 0.013809077352878465 -0.0040995118478306686 -0.00087530545753724837 0.01973179215162826 0.013080460145824075 0.020570881622830217 -0.021162615876563304 -0.010304255044384822 -0.0033846981341800748 0.0035029166462256208 -0.0094171308311843949 0.0078416002536803968 0.015444785210164017 -0.0074527496877271121 0.0002319982380700825 0.018793438180493772 -0.00053137749536056038 0.0045760216003633775 0.013419592980943185 0.031879546139585074 0.0068162883499596595 -0.03166040727628807 -0.025291998557473196 -0.0013698935421636892 0.0032010142744288896 -0.019054171657967377 -0.0014366054794811758 0.019452129206114388 0.020582698099450694
leaf_weight=18 686 13.000000000000002 20 186 11.000000000000002 17 18.000000000000004 15.999999999999998 776 11.999999999999998 11.999999999999998 569 132 10.999999999999998 11.999999999999998 18 20 83 146 11.000000000000002 18 1088 11.000000000000002 98 172 9.9999999999999982 268 246 11.000000000000002 10.999999999999998
leaf_count=18 686 13 20 186 11 17 18 16 776 12 12 569 132 11 12 18 20 83 146 11 18 1088 11 98 172 10 268 246 11 11
internal_value=-0.000985171 -0.000302431 0.000428393 0.0034989 0.00281609 0.0164286 0.00187961 0.00472851 -0.00325219 0.009 0.0166667 -7.19436e-05 0.00049525 -0.001 0.005 0.009 0.0134211 -0.00166667 0.0028534 0.00833333 0.0156897 0.00118795 0.00087382 -0.00121993 0.000699481 0.00928571 -0.00193053 -0.000584047 0.00261905 0.0154545
internal_weight=4720 4034 3233 453 435 28 407 221 801 25 30 2780 2211 700 70 50 38 630 191 45 29 1511 1379 291 193 21 619 351 105 22
internal_count=4720 4034 3233 453 435 28 407 221 801 25 30 2780 2211 700 70 50 38 630 191 45 29 1511 1379 291 193 21 619 351 105 22
is_linear=0
shrinkage=0.05


Tree=29
num_leaves=31
num_cat=0
split_feature=13 4 3 6 15 2 12 3 4 2 6 11 11 13 17 16 0 13 4 4 17 17 17 2 4 10 10 6 4 10
split_gain=3.97795 3.04644 1.84115 1.67589 1.75857 2.20823 2.1558 2.15451 1.31873 1.2394 1.1617 1.10533 1.2554 0.969697 0.957722 1.13131 1.96703 1.83144 1.11573 1.88571 0.955599 0.928846 1.53846 0.822341 2.58397 1.2319 0.754298 0.744212 0.740516 0.711761
threshold=-157.39999999999995 3.6305000000000005 4.291500000000001 0.8913612030563639 1.0000000180025095e-35 3.5000000000000004 37461.295000000006 0.18350000000000002 0.22450000000000003 2.5000000000000004 0.99551775655557295 142.50000000000003 320.50000000000006 -3631.6049999999996 83.371176059820414 16.676318483207044 6.5000000000000009 -19130.174999999996 0.47850000000000004 0.34650000000000003 87.567211109478265 75.082236477169076 72.984132124666615 1.5000000000000002 0.19950000000000004 1278.0000000000002 551.50000000000011 0.78087877267862127 23.702000000000002 825.29000000000008
decision_type=2 2 2 2 2 2 2 2 2 2 2 2 2 2 2 2 2 2 2 2 2 2 2 2 2 2 2 2 2 2
left_child=1 8 23 4 5 6 7 -3 -1 14 11 -4 -13 -7 15 16 17 -10 19 -17 27 22 -18 -2 -25 -26 -23 -11 -5 -6
right_child=2 3 10 28 29 13 -8 -9 9 20 -12 12 -14 -15 -16 18 21 -19 -20 -21 -22 26 -24 24 25 -27 -28 -29 -30 -31
leaf_value=-0.035728448600760902 0.0058507239496745052 0.0095762322847907123 -0.0086862862006430175 -0.0017054932864414591 -0.00076892094817259424 -0.0016081603847797551 -0.0051955729096948237 0.016910763136458173 0.01896261265293463 -0.0029944531744634743 0.032192743360874583 0.033322471739040842 0.020986661546305314 0.0066648286556961964 -0.0039164910583941144 -0.029291908131369712 -0.00081228665803555027 0.013418798348343801 -0.0033891471696543165 0.0065347551824051636 0.018719077493142784 0.016119061593347733 0.010469215777390017 -0.023473173680180617 0.0016288039221162957 0.01766764412173082 -0.0051342210718823729 -0.017173727053673045 0.0070883773998282832 0.0085646265541313108
leaf_weight=736 1291 13.000000000000002 24 254 85 22 13.999999999999998 15.999999999999998 10.000000000000002 412 12.999999999999998 11.999999999999998 26 10.999999999999998 73 11.000000000000002 10.000000000000002 12.999999999999998 96 9.9999999999999982 19 13.999999999999998 15.999999999999998 259 474 10.999999999999998 47 671 12.999999999999998 44
leaf_count=736 1291 13 24 254 85 22 14 16 10 412 13 12 26 11 73 11 10 13 96 10 19 14 16 259 474 11 47 671 13 44
internal_value=-0.000974577 -0.00227969 0.000639809 0.00135593 0.0047561 0.0107895 0.0182558 0.0260345 -0.00308232 -0.0021826 0.00833333 0.00548387 0.0107895 0.0010606 0.000666665 0.00226872 0.00590909 0.018913 -0.00115385 0.00928571 -0.00295826 0.00247126 0.0103846 0.000356264 -0.000967743 0.00118557 -0.000901641 -0.00315328 -0.00125468 0.00120155
internal_weight=4720 2610 2110 472 205 76 43 29 2138 1402 75 62 38 33 300 227 110 23 117 21 1102 87 26 2035 744 485 61 1083 267 129
internal_count=4720 2610 2110 472 205 76 43 29 2138 1402 75 62 38 33 300 227 110 23 117 21 1102 87 26 2035 744 485 61 1083 267 129
is_linear=0
shrinkage=0.05


Tree=30
num_leaves=31
num_cat=0
split_feature=5 5 11 5 4 5 12 0 17 17 13 13 13 7 16 5 2 0 4 13 13 3 16 0 12 4 4 16 16 13
split_gain=4.43827 2.97612 2.4694 1.90461 1.82874 1.37311 1.21775 1.0529 1.10845 1.01913 0.957743 1.86828 1.42795 0.944925 1.0477 0.925214 1.43911 0.830647 1.19982 0.821689 0.843951 1.10114 0.825714 0.833077 0.809551 0.766307 0.987561 0.755022 0.74684 0.741346
threshold=20.716550000000002 0.11975000000000001 33.500000000000007 0.78645000000000009 0.097500000000000017 3.6653000000000007 10565.685000000003 2.5000000000000004 85.772883465287549 87.651895103356949 -4481.8999999999987 -17247.639999999996 -1257.9299999999996 3.5000000000000004 17.581560083318418 1.1149500000000001 1.5000000000000002 12.500000000000002 0.60650000000000015 -25724.524999999998 -12481.659999999998 0.45100000000000007 24.412324950802734 10.500000000000002 23542.855000000003 0.93950000000000011 1.0595000000000001 25.960474334307751 26.914884604191748 -3498.1649999999995
decision_type=2 2 2 2 2 2 2 2 2 2 2 2 2 2 2 2 2 2 2 2 2 2 2 2 2 2 2 2 2 2
left_child=1 -1 15 7 27 6 -6 -4 10 17 11 13 -12 14 -9 19 -17 18 -8 -3 21 22 23 -21 -14 -20 -27 -5 -19 -22
right_child=-2 2 3 4 5 -7 9 8 -10 -11 12 -13 24 -15 -16 16 -18 28 25 20 29 -23 -24 -25 -26 26 -28 -29 -30 -31
leaf_value=0.014938851908344309 -0.034462394369027753 -0.0016842229449044498 -0.0087480708402186327 0.0082308707066061082 -0.0036625863072154187 -0.009750404084253898 0.011330920517093885 0.011569237656176692 -0.0089063689147508857 0.018687599785126227 0.013426619469849086 -0.00033743936169325112 0.0018389339956525115 0.00084828760471232902 -0.0067285034419525746 -7.203651422714364e-05 -0.019141759824474407 -0.0010916586307519321 -0.0085212646119684262 0.014814380208669981 -0.0030462792842138068 -0.0042267615193520647 -0.0082640707654039799 0.0072840979837790658 0.022134161786470527 0.0093133089740273928 0.0042057127382839812 -0.024283082095375483 0.025192923536160344 0.0034942296380890796
leaf_weight=14.999999999999998 655 87 27 897 137 627 9.9999999999999982 19 23 11.999999999999998 26 55 30 12.999999999999998 12.999999999999998 283 846 199 42 13.000000000000002 89 27 9.9999999999999982 11.999999999999998 56 13.999999999999998 183 115 12.999999999999998 153
leaf_count=15 655 87 27 897 137 627 10 19 23 12 26 55 30 13 13 283 846 199 42 13 89 27 10 12 56 14 183 115 13 153
internal_value=-0.00118166 -0.000563521 -0.000646243 0.000316606 -0.000153403 -0.00144301 0.0002459 0.00435114 0.00542553 0.0014482 0.0065566 0.003 0.00973214 0.0105556 0.0059375 -0.00223684 -0.0029628 0.00107375 0.00303213 -0.000140666 0.00108553 0.00629032 0.0121429 0.017 0.00662791 0.00232217 0.00362944 0.00142292 -0.00122642 -0.000247935
internal_weight=4701 4046 4031 2511 2249 1237 610 262 235 473 212 100 112 45 32 1520 1129 461 249 391 304 62 35 25 86 239 197 1012 212 242
internal_count=4701 4046 4031 2511 2249 1237 610 262 235 473 212 100 112 45 32 1520 1129 461 249 391 304 62 35 25 86 239 197 1012 212 242
is_linear=0
shrinkage=0.05


Tree=31
num_leaves=31
num_cat=0
split_feature=5 5 11 0 5 4 5 10 0 6 17 5 10 6 4 11 1 6 1 16 6 5 10 5 4 4 14 16 1 4
split_gain=4.66359 3.00719 2.63659 1.70693 1.45919 1.48548 1.43119 0.999071 0.989092 1.34422 1.25 0.841588 1.94712 1.07152 1.35367 2.49308 1.13184 0.832271 1.38889 0.980186 0.815772 0.784081 0.753193 1.06128 0.685802 1.16932 0.64139 1.4066 0.737961 1.18457
threshold=20.716550000000002 0.15575000000000003 33.500000000000007 12.500000000000002 0.78645000000000009 0.097500000000000017 10.354150000000002 188.37500000000003 2.5000000000000004 0.84179692743307044 80.189860868630731 0.25580000000000008 724.12500000000011 0.64973867425201048 3.3815000000000004 461.50000000000006 5.5000000000000009 0.66599201550779907 4.5000000000000009 16.749629993349679 0.16930122515636434 1.1149500000000001 404.16500000000002 0.30240000000000006 5.190500000000001 4.4535000000000009 221070.95000000004 24.552292371865907 5.5000000000000009 0.45950000000000008
decision_type=2 2 2 2 2 2 2 2 2 2 2 2 2 2 2 2 2 2 2 2 2 2 2 2 2 2 2 2 2 2
left_child=1 3 7 -1 8 17 20 -3 -4 11 -11 12 -10 14 15 -13 -16 -6 19 -19 -7 22 23 -9 25 -25 28 -28 -22 -30
right_child=-2 2 4 -5 5 6 -8 21 9 10 -12 13 -14 -15 16 -17 -18 18 -20 -21 26 -23 -24 24 -26 -27 27 -29 29 -31
leaf_value=0.015139079544241466 -0.032739274650576362 -0.00022305123198194588 -0.0083106672982076937 0.0073420801667979513 0.0050561825468462438 0.00018777757265455553 -0.020541128106202868 0.01423511424885017 -0.0013369092633329195 0.0057265332225720552 0.0071993797600728108 0.021824821607750088 0.022069938002409157 -0.00048205060474209487 0.00021764426268612108 -0.0064654473449466945 0.0043754168069695233 0.033517575821167968 -0.04091388493896396 0.024436506935796427 -0.0011760235544358451 -0.018442318647646543 -0.0021233932119498439 -0.011672938362538533 -0.0040350280133502328 0.013038031099603371 -0.00076867579668900027 0.0036691477831734629 0.0063798271064219869 0.0001868215656853634
leaf_weight=19 655 383 27 23 976 10.999999999999998 224 10.999999999999998 10.000000000000002 10.000000000000002 9.9999999999999982 12.000000000000002 15.999999999999998 77 65 10.999999999999998 10.999999999999998 13.000000000000002 11.999999999999998 10.999999999999998 812 788 257 29 28 9.9999999999999982 31 11.999999999999998 22 125
leaf_count=19 655 383 27 23 976 11 224 11 10 10 10 12 16 77 65 11 11 13 12 11 812 788 257 29 28 10 31 12 22 125
internal_value=-0.00108594 -0.0004523 -0.000591909 0.0128571 0.000404322 2.22202e-06 -0.00116007 -0.00224436 0.00403614 0.00513513 0.0175 0.00391089 0.0123077 0.00267045 0.00611111 0.0167391 0.00289474 0.00142292 0.00888889 0.0158333 -0.000360317 -0.00299644 -0.00097015 0.00333333 0.000970148 0.00525641 -0.000508983 0.00546512 -0.000776852 0.00248299
internal_weight=4701 4046 4004 42 2498 2249 1237 1506 249 222 20 202 26 176 99 23 76 1012 36 24 1013 1123 335 78 67 39 1002 43 959 147
internal_count=4701 4046 4004 42 2498 2249 1237 1506 249 222 20 202 26 176 99 23 76 1012 36 24 1013 1123 335 78 67 39 1002 43 959 147
is_linear=0
shrinkage=0.05


Tree=32
num_leaves=31
num_cat=0
split_feature=5 5 8 11 5 5 11 12 11 12 1 10 0 10 0 5 10 1 10 16 16 17 12 10 17 10 11 6 0 17
split_gain=4.43418 2.97546 2.36975 1.38614 0.908222 0.94377 0.867737 0.78761 0.974113 0.831187 0.796401 2.32823 1.08651 0.838531 1.5083 0.759008 1.02891 0.896361 0.913433 1.40937 0.760526 0.733417 1.19801 1.82088 1.30428 0.996976 1.25108 0.595238 0.594301 0.570968
threshold=20.036550000000002 0.11975000000000001 3.5000000000000004 28.500000000000004 0.78645000000000009 0.72945000000000015 1123.5000000000002 18902.125000000004 1444.5000000000002 122011.98500000002 4.5000000000000009 1254.5000000000002 3.5000000000000004 1224.2500000000002 12.500000000000002 0.94055000000000011 15.500000000000002 4.5000000000000009 656.33500000000015 23.511793370981461 10.659025143280719 78.748529731917486 25079.720000000005 604.58500000000015 76.577485099679038 887.16500000000008 602.50000000000011 0.61526034589143708 13.500000000000002 72.984132124666615
decision_type=2 2 2 2 2 2 2 2 2 2 2 2 2 2 2 2 2 2 2 2 2 2 2 2 2 2 2 2 2 2
left_child=1 -1 3 15 5 21 29 -8 9 10 13 -12 -13 14 -9 17 -17 -3 19 20 -19 22 27 -24 -25 -23 -27 -5 -15 -6
right_child=-2 2 -4 4 6 -7 7 8 -10 -11 11 12 -14 28 -16 16 -18 18 -20 -21 -22 25 23 24 -26 26 -28 -29 -30 -31
leaf_value=0.013590895453390359 -0.030890361390787931 -0.0014971348305106271 -0.0099370364318513357 0.015486739853735243 -0.014132038204532005 0.0086385743410034698 -0.0046152476616026991 0.037347142060066688 -0.034328762991061121 -0.020949695966230669 -0.027950814203885035 0.012427257053271388 0.015345225744643032 -0.0035029628478663736 -0.0008388905042482803 4.664343751362998e-05 -0.015102744190258741 0.0020928941739457099 -0.0060274308851635721 0.012837734518093497 0.0007328948633891965 -0.0029418787370804732 0.023432866072173097 -0.0048167976279140171 0.0080185000013667292 0.027283710246350398 -0.0047647123649950541 -0.00046185999326643759 0.020878729797405203 -1.5702007760394009e-06
leaf_weight=14.999999999999998 680 174 477 14.999999999999998 113 18 91 17.000000000000004 24 24 21 10.000000000000002 18 46 12.999999999999998 274 643 11.999999999999998 18 9.9999999999999982 45 82 9.9999999999999982 29 14.999999999999998 11.999999999999998 21 35 28 1711
leaf_count=15 680 174 477 15 113 18 91 17 24 24 21 10 18 46 13 274 643 12 18 10 45 82 10 29 15 12 21 35 28 1711
internal_value=-0.0011923 -0.000560807 -0.000644035 -0.000196941 0.000503611 0.00343882 0.000174857 0.00270548 0.00445274 0.00573446 0.0070915 0.0123469 0.0217857 0.00461538 0.0116667 -0.00159864 -0.00227372 0.000791505 0.005 0.00768657 0.00464912 0.00253425 0.00557692 0.0107407 0.00636364 -0.000217392 0.00712121 -1.19209e-09 0.00175676 -0.000230264
internal_weight=4701 4021 4006 3529 2353 237 2116 292 201 177 153 49 28 104 30 1176 917 259 85 67 57 219 104 54 44 115 33 50 74 1824
internal_count=4701 4021 4006 3529 2353 237 2116 292 201 177 153 49 28 104 30 1176 917 259 85 67 57 219 104 54 44 115 33 50 74 1824
is_linear=0
shrinkage=0.05


Tree=33
num_leaves=31
num_cat=0
split_feature=2 4 4 0 11 0 3 10 11 0 14 14 17 4 2 14 14 10 16 3 10 7 4 1 13 11 10 10 11 14
split_gain=3.20244 4.40853 2.69549 2.01337 1.98208 1.25009 1.12109 1.73018 0.982197 0.777695 0.786351 1.4632 0.97617 0.785347 0.841082 0.835011 1.16406 0.738796 0.70124 0.618412 0.914724 0.636954 1.29643 0.892857 0.609677 0.547363 0.902369 0.528487 3.10391 1.9303
threshold=1.5000000000000002 0.27200000000000008 15.3925 13.500000000000002 43.500000000000007 8.5000000000000018 1.0645000000000002 1241.2500000000002 53.500000000000007 2.5000000000000004 221070.95000000004 257151.65000000002 87.651895103356949 1.9845000000000004 3.5000000000000004 25612.985000000004 31972.280000000002 703.83500000000015 25.960474334307751 1.7940000000000003 350.50000000000006 1.0000000180025095e-35 2.9760000000000004 1.5000000000000002 -6756.7749999999987 299.50000000000006 892.33500000000015 846.46000000000015 498.50000000000006 46701.030000000006
decision_type=2 2 2 2 2 2 2 2 2 2 2 2 2 2 2 2 2 2 2 2 2 2 2 2 2 2 2 2 2 2
left_child=18 -2 4 5 19 17 8 27 -6 -10 12 -12 13 14 -11 -15 -17 -4 -1 -3 21 22 -21 -24 -5 -18 -27 -8 29 -29
right_child=1 2 3 24 6 -7 7 -9 9 10 11 -13 -14 15 -16 16 25 -19 -20 20 -22 -23 23 -25 -26 26 -28 28 -30 -31
leaf_value=0.0058594628566696538 -0.023185801468661244 -0.0096939816243582794 -0.00063370017449188585 -0.0013927961380535224 0.00036904652898679392 0.012399986573382656 0.0038791273489443864 0.016227340301965706 -0.0079189690314389657 -0.00021133567677273569 0.003561384852420987 -0.011157863383001912 0.018335501783991921 -0.0022090850363881251 -0.015902522033033141 0.017363677943574407 -0.00075111362488812256 0.015043021330137976 -0.014700585709227904 -0.030754078556409121 -0.0021978125812975374 -0.0032682943058244523 0.010072807459192602 0.016867402337182019 0.010774801466558827 0.0079441201331404403 -0.0034834312214479012 0.02313901738635089 0.00042265279852720175 0.0027033929496766912
leaf_weight=1145 1070 865 10.000000000000002 21.000000000000004 9.9999999999999982 12.999999999999998 215 13.999999999999998 116 410 10.999999999999998 21 9.9999999999999982 46 156 22 35 12.999999999999998 146 11.999999999999998 131 19 14.000000000000002 13.999999999999998 9.9999999999999982 18 15.999999999999998 15.000000000000002 92 10.999999999999998
leaf_count=1145 1070 865 10 21 10 13 215 14 116 410 11 21 10 46 156 22 35 13 146 12 131 19 14 14 10 18 16 15 92 11
internal_value=-0.00111785 -0.00192082 -0.000705129 0.0091791 -0.000996482 0.0172222 0.000377667 0.00278098 -0.000579795 -0.000760745 -0.000167786 0.0075 -0.000511923 -0.000732576 -0.00155477 0.00266423 0.00543956 0.0102174 0.0010031 -0.00258294 -1.19209e-09 0.00516949 0.00875 0.0146429 -0.000161292 0.00224638 0.0067647 0.00205706 0.00474576 0.02
internal_weight=4701 3410 2340 67 2273 36 1218 347 871 861 745 32 713 703 566 137 91 23 1291 1055 190 59 40 28 31 69 34 333 118 26
internal_count=4701 3410 2340 67 2273 36 1218 347 871 861 745 32 713 703 566 137 91 23 1291 1055 190 59 40 28 31 69 34 333 118 26
is_linear=0
shrinkage=0.05


Tree=34
num_leaves=31
num_cat=0
split_feature=5 5 2 11 14 12 14 14 14 4 12 11 4 11 11 11 12 10 14 10 4 0 17 5 0 13 10 14 14 4
split_gain=4.23411 2.9629 2.49924 1.19735 0.769142 1.26134 0.932029 1.11456 1.15553 3.0845 1.10861 0.911616 0.887792 0.822566 3.08063 0.799904 1.02162 1.30667 0.753733 0.749766 2.35187 0.741386 0.889802 0.727814 1.00336 1.53846 1.34442 0.87344 2.07071 1.30667
threshold=20.716550000000002 0.11975000000000001 3.5000000000000004 28.500000000000004 116941.46000000001 107475.10000000002 21069.620000000006 52657.80000000001 50150.160000000011 1.0215000000000003 65522.740000000013 306.50000000000006 4.4535000000000009 55.500000000000007 43.500000000000007 83.500000000000014 68536.150000000009 987.00000000000011 221070.95000000004 1151.5000000000002 1.3585000000000003 17.500000000000004 74.244221997566655 0.94055000000000011 2.5000000000000004 -428.35999999999996 347.29000000000002 13345.710000000001 47890.955000000009 5.9635000000000007
decision_type=2 2 2 2 2 2 2 2 2 2 2 2 2 2 2 2 2 2 2 2 2 2 2 2 2 2 2 2 2 2
left_child=1 -1 3 23 5 6 12 8 13 -10 -9 -7 -5 14 -8 -12 17 -17 -6 -15 -21 22 -18 24 25 -3 27 -26 29 -29
right_child=-2 2 -4 4 18 11 7 10 9 -11 15 -13 -14 19 -16 16 21 -19 -20 20 -22 -23 -24 -25 26 -27 -28 28 -30 -31
leaf_value=0.012212060353459448 -0.028398502775075087 0.015124689551303508 -0.0080486450043333792 -0.0045084361764737733 -0.0068086172636375609 0.03110783986851956 -0.017977581355288236 -0.0016465297141689626 0.011730823664178817 0.022143795186939735 0.012025346029596798 0.0074388258301347964 0.026621023183093478 0.0033579570110735934 0.01852598082114737 0.0017655419431807297 0.056055417261747259 0.011309200636689044 0.001800450914413053 0.0027570980266249634 0.01877560314239602 0.017912615105202669 -0.0031064341479045891 -0.0090474635919353379 -0.022462168149100934 -0.001834606613275531 -0.0022798029234627946 0.012879920658836081 -0.00096773564706683398 0.013068012677947081
leaf_weight=14.999999999999998 655 15.999999999999998 837 576 168 10.999999999999998 18.000000000000004 264 31 9.9999999999999982 12.999999999999998 25 21 672 10.999999999999998 15.000000000000002 23 9.9999999999999982 67 93 12.999999999999998 33 143 767 14.999999999999998 10.000000000000002 118 15.000000000000002 26 9.9999999999999982
leaf_count=15 655 16 837 576 168 11 18 264 31 10 13 25 21 672 11 15 23 10 67 93 13 33 143 767 15 10 118 15 26 10
internal_value=-0.00111785 -0.000514089 -0.000596627 4.07001e-05 0.000683355 0.00100404 0.000832476 0.00156041 0.00266509 0.0108537 -0.000309382 0.0102778 -0.000812397 0.00224907 0.0105172 0.00217299 0.00147321 0.011 -0.00202128 0.00194087 0.00584906 0.000276381 -0.00108434 -0.00141761 0.00119047 0.0103846 -0.000108697 0.00560606 0.00872549 0.019
internal_weight=4701 4046 4031 3194 2217 1982 1946 1349 848 41 501 36 597 807 29 237 224 25 235 778 106 199 166 977 210 26 184 66 51 25
internal_count=4701 4046 4031 3194 2217 1982 1946 1349 848 41 501 36 597 807 29 237 224 25 235 778 106 199 166 977 210 26 184 66 51 25
is_linear=0
shrinkage=0.05


Tree=35
num_leaves=31
num_cat=0
split_feature=5 11 5 11 10 4 5 0 0 5 1 11 12 0 6 6 1 4 0 0 6 5 5 2 10 0 6 9 17 17
split_gain=4.24486 2.31107 2.32874 3.74261 1.13059 1.12243 1.08919 1.12627 3.17531 3.23853 1.18833 1.64103 1.03424 1.35224 1.18519 0.935825 0.975469 0.874504 0.667103 0.811404 0.784314 0.660348 2.83854 0.893307 1.15266 1.58387 1.24448 0.683016 0.972222 0.668297
threshold=20.716550000000002 89.500000000000014 1.6067500000000001 1123.5000000000002 447.25000000000006 0.097500000000000017 10.354150000000002 6.5000000000000009 11.500000000000002 8.9396500000000021 1.5000000000000002 276.50000000000006 44734.19000000001 21.500000000000004 0.41145270529597272 0.66599201550779907 4.5000000000000009 15.3925 9.5000000000000018 7.5000000000000009 0.77748825229323681 0.94055000000000011 0.86680000000000013 2.5000000000000004 364.75000000000006 9.5000000000000018 0.98431925612681404 0.3665000000000001 83.470738569109699 79.976703519099956
decision_type=2 2 2 2 2 2 2 2 2 2 2 2 2 2 2 2 2 2 2 2 2 2 2 2 2 2 2 2 2 2
left_child=1 4 3 17 21 15 7 -7 9 10 11 -9 -10 14 -14 -4 -17 -3 19 -12 -20 22 27 24 29 -26 -27 28 -1 -23
right_child=-2 2 5 -5 -6 6 -8 8 12 -11 18 -13 13 -15 -16 16 -18 -19 20 -21 -22 23 -24 -25 25 26 -28 -29 -30 -31
leaf_value=0.022184484113674879 -0.02635242425999278 0.004231265888618648 0.0030821579112019211 0.015618523175552838 -0.0060184734286685693 -0.0086274157822372587 -0.022142800218098099 0.0066906329799562049 -0.006749195353034732 0.006426113426688005 0.0026478249798029944 0.0038697881352107882 0.015556631486406434 0.014660437713328579 -0.010393540884196211 0.031440360144946701 -0.0357336064213198 0.015873558917788196 0.00040796731742921721 -0.017426981665509055 0.0079858030312809809 0.0040869300426334132 0.012845184781648023 -0.011373851885723058 -0.020488838385451 0.0051134395428240045 0.012216779729743454 -0.0011418103784794529 -0.0084268971854021182 -0.015207349294373824
leaf_weight=18.000000000000004 670 416 917 14.999999999999998 847 238 219 12.000000000000002 264 9.9999999999999982 20 12.999999999999998 18 12.999999999999998 54 22 13.999999999999998 19 24 37 9.9999999999999982 241 10.999999999999998 240 20 13.000000000000002 9.9999999999999982 118 9.9999999999999982 209
leaf_count=18 670 416 917 15 847 238 219 12 264 10 20 13 18 13 54 22 14 19 24 37 10 241 11 240 20 13 10 118 10 209
internal_value=-0.00108815 -0.000481337 0.000546037 0.00377778 -0.00186241 -0.000225465 -0.00145923 -0.000511923 0.000894736 0.00769841 0.00534483 0.015 -0.00156161 0.00323529 0.000555554 0.000981111 0.00888889 0.00293103 0.00269231 -0.000614036 0.00823529 -0.000617979 0.00232484 -0.0012483 -3.04272e-05 0.0077907 0.0167391 0.000479451 0.0075 -0.000777779
internal_weight=4742 4072 2335 450 1737 1885 932 713 475 126 116 25 349 85 72 953 36 435 91 57 34 890 157 733 493 43 23 146 28 450
internal_count=4742 4072 2335 450 1737 1885 932 713 475 126 116 25 349 85 72 953 36 435 91 57 34 890 157 733 493 43 23 146 28 450
is_linear=0
shrinkage=0.05


Tree=36
num_leaves=31
num_cat=0
split_feature=5 4 2 5 16 11 5 11 4 6 10 11 6 11 6 3 12 12 3 11 12 6 16 16 6 3 5 12 11 10
split_gain=4.17049 2.25095 2.17371 1.67142 1.60973 1.38667 1.56345 1.04332 2.56607 1.00967 0.983126 2.22432 2.12404 0.895302 0.758128 0.631003 0.799592 1.11698 0.600386 0.741171 0.762412 1.24113 0.675677 1.58477 0.927178 0.585024 0.94697 0.581022 0.801282 0.578508
threshold=20.716550000000002 15.3925 2.5000000000000004 1.8437500000000002 11.40350362100485 12.500000000000002 1.6874000000000002 1123.5000000000002 1.3585000000000003 0.79818241087380304 846.46000000000015 498.50000000000006 0.84998262709401085 906.50000000000011 0.82733038545984983 0.32550000000000007 19398.790000000005 23542.855000000003 0.92250000000000021 6.5000000000000009 49483.985000000008 0.37954001472757881 22.053433297086823 21.419720258460668 0.92950794147245797 0.44450000000000006 4.3419500000000015 37051.845000000008 1189.0000000000002 449.76500000000004
decision_type=2 2 2 2 2 2 2 2 2 2 2 2 2 2 2 2 2 2 2 2 2 2 2 2 2 2 2 2 2 2
left_child=1 2 7 5 -3 -4 10 18 27 -6 29 12 -12 -13 15 -5 -17 -18 -1 -20 -21 -22 23 24 -23 26 -19 -9 -29 -7
right_child=-2 4 3 14 9 6 -8 8 -10 -11 11 13 -14 -15 -16 16 17 25 19 20 21 22 -24 -25 -26 -27 -28 28 -30 -31
leaf_value=-0.00064709625356841117 -0.025034803046993143 0.019949021861121317 -0.0031656595007674205 -0.010352534907164115 0.00878253915278592 0.0065059206437673711 0.017513670690384005 -0.00038171816669468797 0.015414527493170561 0.0015258610696378225 0.017914037356066764 -0.00087638746902071794 -0.0053289930265135125 0.0029700275952824979 -0.021104109523177081 -0.0095829765768354249 0.0067860625982146677 0.011470124196108935 -0.0048065792957604579 0.0061299075829878641 0.01954091323415345 -0.0012124532328545963 -0.0056662051209512756 0.03652598799479697 0.016105028475017071 -0.0013424512832569486 -0.011419927841655299 0.031792791748758487 0.011360603865094365 -0.00076850924637457841
leaf_weight=1705 670 13.999999999999998 275 361 18 47 19 135 10.999999999999998 39 16.000000000000004 53 9.9999999999999982 14.999999999999998 541 32 9.9999999999999982 10.000000000000002 48 203 13.999999999999998 43 25 9.9999999999999982 15.999999999999998 42 11.999999999999998 26 130 192
leaf_count=1705 670 14 275 361 18 47 19 135 11 39 16 53 10 15 541 32 10 10 48 203 14 43 25 10 16 42 12 26 130 192
internal_value=-0.00104597 -0.0004445 -0.000601101 -0.00200306 0.00838028 2.39223e-05 0.00210227 0.000367708 0.00311258 0.00464912 0.00130631 0.0056383 0.0180769 0.000882352 -0.00326389 -0.00178801 0.00160377 0.00445946 -3.39159e-05 0.00182451 0.00271704 0.00611111 0.00404255 0.0065942 0.00347458 0.00203125 0.00863636 0.00221649 0.00429487 -0.000397491
internal_weight=4742 4072 4001 1635 71 627 352 2366 302 57 333 94 26 68 1008 467 106 74 2064 359 311 108 94 69 59 64 22 291 156 239
internal_count=4742 4072 4001 1635 71 627 352 2366 302 57 333 94 26 68 1008 467 106 74 2064 359 311 108 94 69 59 64 22 291 156 239
is_linear=0
shrinkage=0.05


Tree=37
num_leaves=31
num_cat=0
split_feature=5 8 4 17 7 15 5 11 4 5 5 8 11 10 1 4 11 13 4 5 17 17 10 10 13 13 14 14 10 4
split_gain=3.97841 2.1355 2.38366 1.85413 1.80356 1.26614 1.05201 2.25157 1.81248 1.1744 0.755718 1.14553 0.841218 0.801515 0.734602 1.70093 1.21152 0.768131 0.662018 2.11465 0.945082 3.53571 0.804402 0.63552 0.819608 2.03169 0.844168 0.769945 0.761552 0.801515
threshold=20.716550000000002 3.5000000000000004 15.3925 82.531614570409445 2.5000000000000004 1.0000000180025095e-35 1.8854500000000003 1166.0000000000002 0.097500000000000017 12.704400000000001 1.6603500000000004 2.5000000000000004 72.500000000000014 636.12500000000011 5.5000000000000009 4.980500000000001 204.50000000000003 -3915.6499999999992 0.35600000000000004 5.8137500000000006 86.193061185826821 86.980054667095132 173.25000000000003 390.16500000000002 -19862.329999999998 -14030.539999999999 17388.905000000002 46148.370000000003 239.75000000000003 3.1290000000000004
decision_type=2 2 2 2 2 2 2 2 2 2 2 2 2 2 2 2 2 2 2 2 2 2 2 2 2 2 2 2 2 2
left_child=1 2 6 4 5 -4 7 10 -8 18 12 -12 23 -13 17 16 -16 -14 19 -10 -21 -22 -20 24 -1 -26 -27 28 -28 -30
right_child=-2 -3 3 -5 -6 -7 8 -9 9 -11 11 13 14 -15 15 -17 -18 -19 22 20 21 -23 -24 -25 25 26 27 -29 29 -31
leaf_value=-0.0012091850737133694 -0.023783062894643485 -0.008739339623554044 0.021290413508552208 -0.0026671596703999327 -0.0028345942979744162 0.013268273924182573 0.0029978146462029754 0.014479781849377406 0.009068437571197888 -0.025777175743621861 0.0060493307426177879 0.00067178293044302612 -0.0013261048638994989 0.016248083326925778 0.016266350333546443 0.010680365257529509 -0.001385997288164842 0.0064329768187930889 0.008859066477934897 -0.0029769000991054033 0.0064932239278258199 -0.021337278365222825 -0.005154581938240174 -0.0021099374542644096 0.0096253193733757195 -0.021350761077495863 0.0014121505242909644 -0.00057436316898009212 0.014297834610637938 0.019131840259376535
leaf_weight=38 670 489 12 18 9.9999999999999982 11 1265 12.999999999999998 10.999999999999998 260 40 10.000000000000002 133 11.999999999999998 14.999999999999998 11.999999999999998 34 199 19 248 13.999999999999998 22 783 272 9.9999999999999982 35 21 44 10.000000000000002 11.999999999999998
leaf_count=38 670 489 12 18 10 11 1265 13 11 260 40 10 133 12 15 12 34 199 19 248 14 22 783 272 10 35 21 44 10 12
internal_value=-0.00105652 -0.000469058 -4.6052e-05 0.0106863 0.0177273 0.0254348 -0.00020102 0.00126374 -0.000709383 -0.00197863 0.000964324 0.00629032 0.000568861 0.0154545 0.00225191 0.00729508 0.00316326 0.0013253 -0.00126254 0.000762711 -7.04237e-05 0.0075 -0.00200748 -0.000927603 0.00147059 0.00333333 0.00155738 0.0041954 0.00895349 0.0154545
internal_weight=4742 4072 3583 51 33 23 3532 910 2622 1357 897 62 835 22 393 61 49 332 1097 295 284 36 802 442 170 132 122 87 43 22
internal_count=4742 4072 3583 51 33 23 3532 910 2622 1357 897 62 835 22 393 61 49 332 1097 295 284 36 802 442 170 132 122 87 43 22
is_linear=0
shrinkage=0.05


Tree=38
num_leaves=31
num_cat=0
split_feature=5 8 4 6 11 14 5 11 10 11 5 10 16 16 14 13 13 12 6 5 15 10 4 10 12 12 13 6 12 10
split_gain=3.79087 1.70336 1.99632 1.63264 1.25642 1.02887 0.896439 1.09294 0.932005 0.873156 1.14464 0.864205 0.805881 1.5803 2.1245 1.43728 2.04167 0.716609 0.760433 0.876623 0.663228 0.83612 0.617294 0.609616 0.753938 0.94902 0.652703 0.770268 0.699278 0.722461
threshold=20.716550000000002 3.5000000000000004 15.3925 0.91750544075804841 142.50000000000003 21523.895000000004 0.76265000000000016 166.50000000000003 1151.5000000000002 602.50000000000011 0.72945000000000015 407.62500000000006 25.546059652740286 23.511793370981461 106075.15000000001 -8892.1699999999983 -19862.329999999998 84316.510000000009 0.74965706659407583 0.50855000000000017 1.0000000180025095e-35 438.83500000000009 3.3480000000000003 1254.5000000000002 1965.95 1134.4000000000003 -4980.6649999999991 0.27319236025812738 158905.46500000003 424.26500000000004
decision_type=2 2 2 2 2 2 2 2 2 2 2 2 2 2 2 2 2 2 2 2 2 2 2 2 2 2 2 2 2 2
left_child=1 2 4 -4 5 -1 7 -6 9 10 17 -5 13 -7 15 16 -15 18 22 -20 21 -17 -9 24 25 -8 27 -26 29 -29
right_child=-2 -3 3 11 6 12 23 8 -10 -11 -12 -13 -14 14 -16 20 -18 -19 19 -21 -22 -23 -24 -25 26 -27 -28 28 -30 -31
leaf_value=-0.013699899481210538 -0.022593909749911309 -0.0083023726423763437 0.016147393753188667 0.012297594414940684 0.052248152868982524 -0.00058974520135571988 -0.0028649461507476871 0.010240423745149864 0.014555347973510147 -0.0032802388445328278 0.010045906940544531 -0.0028326598653644758 -0.012512774231019833 -0.00375710906604963 0.009940107923313353 0.024281372372634117 0.010336142570351587 0.035266040819533252 0.019862751078755084 -0.00069767380513777947 -0.020885416059808603 -0.011483918504295709 -0.0020859114432867131 0.0073340573512538573 0.00023633438415964752 0.010740922474523467 0.00098618401990625674 0.0014067728450735961 0.0061122329932568453 -0.0065143251051113481
leaf_weight=436 670 489 19 9.9999999999999982 9.9999999999999982 842 14.999999999999998 9.9999999999999982 19 37 9.9999999999999982 22 146 12.000000000000002 10.999999999999998 13.000000000000002 11.999999999999998 9.9999999999999982 10.000000000000002 10.999999999999998 36 9.9999999999999982 62 213 13.999999999999998 17 1251 9.9999999999999982 15.999999999999998 299
leaf_count=436 670 489 19 10 10 842 15 10 19 37 10 22 146 12 11 13 12 10 10 11 36 10 62 213 14 17 1251 10 16 299
internal_value=-0.00106706 -0.000493616 -0.000115826 0.00970588 -0.000257646 -0.00134387 0.000561071 0.00393855 0.00298816 0.00166667 0.00384956 0.0028125 -0.000517561 2.13663e-05 0.00617021 0.00343373 0.01375 0.00228155 0.000913977 0.00928571 -0.000762713 0.00586956 -0.00152778 0.000231606 -9.86448e-05 0.0075 -0.000251574 -0.00219764 -0.00269231 -0.00322007
internal_weight=4742 4072 3583 51 3532 1518 2014 179 169 150 113 32 1082 936 94 83 24 103 93 21 59 23 72 1835 1622 32 1590 339 325 309
internal_count=4742 4072 3583 51 3532 1518 2014 179 169 150 113 32 1082 936 94 83 24 103 93 21 59 23 72 1835 1622 32 1590 339 325 309
is_linear=0
shrinkage=0.05


Tree=39
num_leaves=31
num_cat=0
split_feature=2 4 4 9 11 4 11 2 4 11 0 11 6 4 6 7 3 4 3 16 6 1 0 15 11 16 0 6 12 11
split_gain=2.38264 2.05 1.77693 1.53125 0.930437 1.19814 1.16321 1.01833 1.47627 0.979484 1.4359 0.963654 1.11499 0.963596 0.798174 1.05615 1.29182 0.775641 0.771878 1.43027 0.675309 0.892564 0.679082 1.11393 1.20276 0.700615 0.66746 0.633394 2.51895 0.659314
threshold=3.5000000000000004 16.073500000000003 3.2770000000000006 0.63350000000000006 142.50000000000003 1.9845000000000004 1075.5000000000002 1.5000000000000002 0.19550000000000003 196.50000000000003 8.5000000000000018 494.50000000000006 0.84179692743307044 2.2520000000000002 0.92239016771611393 1.0000000180025095e-35 1.7270000000000001 0.6605000000000002 2.6635000000000004 17.673938986617191 0.70154595133437869 4.5000000000000009 2.5000000000000004 1.0000000180025095e-35 657.50000000000011 13.581815866692851 13.500000000000002 0.38154222506261265 79465.275000000009 7.5000000000000009
decision_type=2 2 2 2 2 2 2 2 2 2 2 2 2 2 2 2 2 2 2 2 2 2 2 2 2 2 2 2 2 2
left_child=1 4 -2 -3 27 7 11 20 -9 10 -10 12 13 -7 15 16 -4 -12 -15 26 22 -22 23 24 -6 -25 -20 28 29 -1
right_child=2 3 14 -5 5 6 -8 8 9 -11 17 -13 -14 18 -16 -17 -18 -19 19 -21 21 -23 -24 25 -26 -27 -28 -29 -30 -31
leaf_value=0.0035402164930694912 -0.019514991354401302 0.01708795224264462 0.0091587040428019236 -0.00055458423644815511 0.02167973718767522 0.015582402457841767 0.013635632217330558 -0.013208238955165525 -0.0014594250403199833 -0.00035827980685504629 0.012584577558593359 -0.00079011157984108414 0.0080786880296383999 -0.00084357673216780898 -0.0021072511688610385 -6.1059245071707203e-05 0.001144236639491729 0.0039044452472036827 0.011582988209386887 -0.0087336821042048995 0.039071565261788128 -0.033648572848032202 0.00093687187559183887 0.03135313041784555 0.016875694192799526 -0.010373330853310518 0.029476132060072144 -0.0032535982864421312 0.02394724367813918 -0.0077380152162374238
leaf_weight=14.999999999999998 843 15.999999999999998 21 15.999999999999998 11.999999999999998 13.999999999999998 9.9999999999999982 402 13.999999999999998 562 12.000000000000002 117 11.999999999999998 64 133 76 18 12.999999999999998 18.000000000000004 21 13.000000000000002 11.999999999999998 771 23 29 56 9.9999999999999982 1321 19 79
leaf_count=15 843 16 21 16 12 14 10 402 14 562 12 117 12 64 133 76 18 13 18 21 13 12 771 23 29 56 10 1321 19 79
internal_value=-0.00102489 -0.000412217 -0.00307516 0.0121875 -0.000523627 0.000125857 0.00327068 -0.000310059 -0.00141077 0.000158069 0.00782051 0.00261719 0.00543165 0.00405512 0.00064516 0.00369565 0.0103846 0.015 0.00252212 0.0072449 0.000895195 0.009 0.000667788 0.00416667 0.0108537 0.000696201 0.0146429 -0.00151325 0.00207964 -0.0012766
internal_weight=4742 3651 1091 32 3619 2185 266 1919 1003 601 39 256 139 127 248 115 39 25 113 49 916 25 891 120 41 79 28 1434 113 94
internal_count=4742 3651 1091 32 3619 2185 266 1919 1003 601 39 256 139 127 248 115 39 25 113 49 916 25 891 120 41 79 28 1434 113 94
is_linear=0
shrinkage=0.05


Tree=40
num_leaves=31
num_cat=0
split_feature=5 4 2 13 5 4 15 3 17 6 4 3 14 12 14 17 17 6 6 17 17 17 6 6 4 16 14 14 5 13
split_gain=3.86845 2.38098 1.63898 1.40649 1.26813 0.834148 0.829179 1.96885 1.30512 1.10704 1.71592 1.80805 1.00833 0.876268 0.754473 0.822246 1.49699 1.92 1.24667 1.1 0.584135 0.58055 1.19742 1.35578 0.984615 0.843896 0.518386 1.9687 1.71875 0.997403
threshold=20.036550000000002 23.702000000000002 3.5000000000000004 -4481.8999999999987 1.7079500000000001 2.5390000000000001 1.0000000180025095e-35 4.7610000000000001 83.470738569109699 0.3492734673827988 0.44900000000000007 0.39750000000000008 31110.415000000005 30089.655000000002 20590.875000000004 75.963540571843865 77.632061548582314 0.99999523405763624 0.67076875939120606 76.909950872568942 78.142664594838735 79.843901630092844 0.46767516915543955 0.78087877267862127 2.6655000000000002 18.853015963731384 24404.775000000005 31972.280000000002 1.0968000000000002 -3631.6049999999996
decision_type=2 2 2 2 2 2 2 2 2 2 2 2 2 2 2 2 2 2 2 2 2 2 2 2 2 2 2 2 2 2
left_child=1 2 6 -3 5 -4 7 14 12 10 -8 -12 -9 -13 -1 -16 17 18 19 -17 -18 22 -22 25 -25 -24 -7 28 -28 -29
right_child=-2 3 4 -5 -6 26 9 8 -10 -11 11 13 -14 -15 15 16 20 -19 -20 -21 21 -23 23 24 -26 -27 27 29 -30 -31
leaf_value=-0.0038051714208360804 -0.021065763455780977 6.9645953307386578e-05 0.016057262680237716 0.012557582395158175 -0.015064218461648189 -0.011350644092928103 0.0028893758650379575 0.0226926684502404 -0.006037480132706028 -0.0018561425505010587 0.0049320541223524432 -0.0013019811458168098 0.010359747658610228 0.0099802534374840643 -0.001301259512802533 0.0078326041103979147 -0.0041851894928365474 0.022520465556973776 -0.013322734722515864 0.015777265042881225 -0.0084420251443906337 0.0037752844963214391 0.022974689034712628 -0.023436748239316491 0.0034982902521003088 0.015583972855041173 0.011629501702629491 -0.0020771150987962425 -0.0018572588054322509 0.0043774427802828302
leaf_weight=273 688 11.000000000000002 14.999999999999998 9.9999999999999982 503 67 437 11.999999999999998 13.999999999999998 1709 9.9999999999999982 12.000000000000002 20 17 198 18 44 9.9999999999999982 17 14.999999999999998 31 364 11.000000000000002 16.000000000000004 9.9999999999999982 13.999999999999998 22 154 9.9999999999999982 10.999999999999998
leaf_count=273 688 11 15 10 503 67 437 12 14 1709 10 12 20 17 198 18 44 10 17 15 31 364 11 16 10 14 22 154 10 11
internal_value=-0.00095193 -0.00036375 -0.000451166 0.0164286 -0.0025064 0.000197131 4.30492e-05 0.00118557 0.0113043 -0.000514875 0.00161765 0.0116667 0.016875 0.00534483 0.000729676 0.0015508 0.00254545 0.01 0.006 0.0116667 0.00163265 0.00217489 0.00597561 0.0106863 0.00269231 0.019 -0.000454547 0.000837562 0.0121875 -0.00136364
internal_weight=4743 4055 4034 21 782 279 3252 1067 46 2185 476 39 32 29 1021 748 550 60 50 33 490 446 82 51 26 25 264 197 32 165
internal_count=4743 4055 4034 21 782 279 3252 1067 46 2185 476 39 32 29 1021 748 550 60 50 33 490 446 82 51 26 25 264 197 32 165
is_linear=0
shrinkage=0.05


Tree=41
num_leaves=31
num_cat=0
split_feature=5 5 2 16 4 10 15 11 11 7 6 5 9 10 4 11 16 11 0 5 16 3 11 5 15 6 11 11 16 13
split_gain=3.75171 2.21776 2.07846 1.03576 1.64476 1.22792 1.82491 0.637494 1.54818 1.06667 0.785629 0.730335 1.60428 1.18788 0.689823 0.778346 1.46561 2.5427 2.21769 1.13768 1.29947 0.801515 0.626635 1.10841 0.619009 0.860772 0.80405 0.901845 1.02424 0.577404
threshold=20.036550000000002 0.32985000000000003 3.5000000000000004 11.40350362100485 11.649500000000002 703.83500000000015 1.0000000180025095e-35 43.500000000000007 55.500000000000007 1.5000000000000002 0.73221073747299015 0.78645000000000009 0.46450000000000008 758.41500000000008 1.6760000000000004 538.50000000000011 15.374806499409742 1026.5000000000002 12.500000000000002 3.2001500000000003 21.559942160464814 0.62650000000000017 12.500000000000002 2.7106000000000008 1.0000000180025095e-35 0.99999523405763624 113.50000000000001 316.00000000000006 26.164344738624663 -4389.5499999999984
decision_type=2 2 2 2 2 2 2 2 2 2 2 2 2 2 2 2 2 2 2 2 2 2 2 2 2 2 2 2 2 2
left_child=1 3 7 4 -1 -5 -7 -3 9 -9 29 12 -12 -14 15 19 -17 18 -18 20 21 -13 -4 24 25 26 -24 28 -28 -10
right_child=-2 2 22 5 -6 6 -8 8 10 -11 11 14 13 -15 -16 16 17 -19 -20 -21 -22 -23 23 -25 -26 -27 27 -29 -30 -31
leaf_value=-0.0010934664127390636 -0.02001247528299193 -0.0039771177529703732 -0.013891159672815677 1.5269805653250756e-06 0.020376068134141886 0.013800261466410897 0.00013280199076552975 0.0075494046605711048 -0.0019412546622492558 0.0010449334479972999 -0.020120628140236338 0.018093869439635132 0.048130641997092792 0.0074181794025337429 -0.00036562436502711221 -0.034794519448597731 0.018174904517179815 -0.019486669534688635 0.014265513342711001 -0.013268269018515223 -0.020149027560334178 0.0066155680549736754 -0.0068933011037262439 -0.013971773908822305 -0.00022488045565116746 0.016667841350726392 0.0074450224630891477 -0.0059604402551055964 0.00032237259319289348 0.00098640552054320434
leaf_weight=11.000000000000002 688 1010 351 113 14.999999999999998 18 23 20.000000000000004 346 9.9999999999999982 11.999999999999998 12.000000000000002 12.000000000000002 9.9999999999999982 43 21 13.000000000000002 11.999999999999998 11.999999999999998 71 11.999999999999998 9.9999999999999982 27 206 114 14.999999999999998 10.000000000000002 24 11.999999999999998 1490
leaf_count=11 688 1010 351 113 15 18 23 20 346 10 12 12 12 10 43 21 13 12 12 71 12 10 27 206 114 15 10 24 12 1490
internal_value=-0.00100464 -0.000425402 -0.000677421 0.005 0.0142308 0.00344156 0.0108537 -0.000105906 0.000389363 0.0116667 0.000226396 0.00291667 0.00970588 0.0177273 0.00179612 0.00328221 0.00793103 0.0139189 0.023 0.000714285 0.00823529 0.0154545 -0.00302372 -0.00169118 0.000940593 0.00409091 0.00184931 0.00586956 0.0131818 -0.000125274
internal_weight=4743 4055 3875 180 26 154 41 3116 2106 30 2076 240 34 22 206 163 58 37 25 105 34 22 759 408 202 88 73 46 22 1836
internal_count=4743 4055 3875 180 26 154 41 3116 2106 30 2076 240 34 22 206 163 58 37 25 105 34 22 759 408 202 88 73 46 22 1836
is_linear=0
shrinkage=0.05


Tree=42
num_leaves=31
num_cat=0
split_feature=5 2 5 5 8 5 4 5 6 2 4 4 4 17 0 12 17 16 10 10 4 4 9 13 16 12 4 10 4 16
split_gain=3.33135 1.95974 0.986245 0.914692 0.662677 1.22992 0.908176 0.637013 1.63127 0.744354 1.6758 0.736717 0.806588 0.597531 0.593353 0.821334 1.18751 0.837165 0.874304 1.10769 1.14286 0.8 0.590289 1.92224 0.99319 0.896732 0.585227 0.561571 0.534539 0.523838
threshold=20.036550000000002 3.5000000000000004 1.7079500000000001 0.11975000000000001 3.5000000000000004 0.30240000000000006 2.5810000000000008 0.83670000000000011 0.37954001472757881 1.5000000000000002 0.19550000000000003 2.2520000000000002 2.1945000000000001 85.360255829708493 15.500000000000002 6671.2450000000017 84.777884219555617 24.666106800795284 419.12500000000006 770.75000000000011 5.2980000000000009 4.7575000000000012 0.26800000000000007 -1130.9949999999997 18.606228099426705 11150.935000000001 15.3925 1151.5000000000002 0.49400000000000005 8.9353235044786974
decision_type=2 2 2 2 2 2 2 2 2 2 2 2 2 2 2 2 2 2 2 2 2 2 2 2 2 2 2 2 2 2
left_child=1 3 4 -1 5 -3 -7 8 -5 -9 -11 12 22 -8 26 -16 17 18 -17 20 -20 -21 23 24 25 -12 27 29 -26 -10
right_child=-2 2 -4 7 -6 6 13 9 14 10 11 -13 -14 -15 15 16 -18 -19 19 21 -22 -23 -24 -25 28 -27 -28 -29 -30 -31
leaf_value=0.0064247644532391089 -0.019011851518842337 0.0042108518827036713 -0.014204562398928235 0.016278140866639378 -0.0011039803901735739 0.015014573572724496 -0.00033537799474712 0.0026515665617819553 0.0020834798304772231 -0.021861558108461313 0.0031344823031738051 -0.0032797825904228601 0.011765034007876285 0.0089203724068549605 -0.0068902236054009915 0.00025685542597152851 -0.010882941351458559 -0.007222326772715163 0.035824170658946108 -0.005576861770190256 0.0004678450931146456 0.0028277635656077148 -0.00041371384041342441 -0.0064541428695775102 -0.0030392621820429875 0.0092019325218144765 0.016133743762019963 0.010926541239525887 0.02165150061882691 -0.0010387930921021084
leaf_weight=13.999999999999998 688 13.999999999999998 503 11.999999999999998 170 9.9999999999999982 81 1291 29 242 17 129 14.999999999999998 14.999999999999998 30 21 20 15.999999999999998 18 10.000000000000002 13.999999999999998 9.9999999999999982 987 77 12.999999999999998 18 12.999999999999998 13.999999999999998 19 233
leaf_count=14 688 14 503 12 170 10 81 1291 29 242 17 129 15 15 30 21 20 16 18 10 14 10 987 77 13 18 13 14 19 233
internal_value=-0.000983556 -0.000437732 -0.00266709 0.000104229 -0.000344829 0.0025 0.000660376 4.92599e-05 0.00181818 -0.000227921 -0.000978907 -0.000254903 0.000148341 -0.000833335 0.00130841 0.0039928 0.00600917 0.00848314 0.0107534 0.0142308 0.02 0.005 -4.42206e-06 0.00298611 0.0091791 0.015 1.72998e-05 -0.000471016 0.0028125 -0.000992368
internal_weight=4743 4055 793 3262 290 120 106 3248 440 2808 1517 1275 1146 96 428 139 109 89 73 52 32 20 1131 144 67 35 289 276 32 262
internal_count=4743 4055 793 3262 290 120 106 3248 440 2808 1517 1275 1146 96 428 139 109 89 73 52 32 20 1131 144 67 35 289 276 32 262
is_linear=0
shrinkage=0.05


Tree=43
num_leaves=31
num_cat=0
split_feature=5 2 5 8 5 15 6 5 6 13 17 17 17 6 14 14 1 4 10 11 6 1 5 11 13 14 10 10 10 14
split_gain=3.03491 1.79015 1.08653 1.0006 0.932366 0.700087 0.773811 0.705511 1.65485 1.12878 0.873986 1.73508 2.11429 1.03714 0.798189 1.18929 0.610896 0.996327 1.05495 0.91963 0.656116 1.40277 0.566932 0.841161 0.891846 0.542871 0.608325 0.653333 0.553014 0.602618
threshold=20.036550000000002 3.5000000000000004 0.30240000000000006 3.5000000000000004 0.11975000000000001 1.0000000180025095e-35 0.3492734673827988 0.37365000000000004 0.60961052103512769 -3399.9349999999999 75.963540571843865 77.102786433903034 76.909950872568942 0.7553063309393897 13697.710000000001 14437.015000000001 4.5000000000000009 0.44900000000000007 913.25000000000011 1313.5000000000002 0.29750883537381018 3.5000000000000004 2.8782500000000009 12.500000000000002 -96197.154999999984 33816.665000000008 385.75000000000006 316.25000000000006 90.335000000000022 34687.535000000011
decision_type=2 2 2 2 2 2 2 2 2 2 2 2 2 2 2 2 2 2 2 2 2 2 2 2 2 2 2 2 2 2
left_child=1 4 3 -3 -1 7 16 8 -6 -10 -9 12 13 -12 -13 -16 17 20 -19 -18 -7 -22 23 -4 -25 26 27 -17 -27 -30
right_child=-2 2 22 -5 5 6 -8 10 9 -11 11 14 -14 -15 15 25 19 18 -20 -21 21 -23 -24 24 -26 28 -28 -29 29 -31
leaf_value=0.0061035262305771621 -0.01806125894290022 0.0040003092885684951 -0.0060205518397797647 -0.00090431983363791044 0.018469025211312697 0.0030247449857466568 -0.0017662532603730464 -0.0042944484113609906 -0.00094496825728566469 0.015663380714245816 -0.011136224267819793 -0.010388118314877369 0.013326883657283437 0.018633105064134712 0.0081701817261567791 0.0023357460859573394 -0.0018478239824171912 -0.00071615365200889845 0.013663740918575926 0.012654728191095961 0.0063117801666151222 0.049795806822642494 -0.014843214513640755 0.013153310540948517 -6.4047243546279056e-05 -0.026352908906907297 -0.0030723860589538642 0.02936010301103123 0.015288556661015315 0.0072435996844396932
leaf_weight=13.999999999999998 688 14.000000000000002 185 15.999999999999998 15.999999999999998 218 1710 245 27.999999999999996 19.000000000000004 35 97 17 14.999999999999998 10.999999999999998 50 145 14.000000000000002 12.999999999999998 17 55 13.999999999999998 366 9.9999999999999982 202 36 148 9.9999999999999982 9.9999999999999982 325
leaf_count=14 688 14 185 16 16 218 1710 245 28 19 35 97 17 15 11 50 145 14 13 17 55 14 366 10 202 36 148 10 10 325
internal_value=-0.00105735 -0.000536376 -0.00266709 0.00666667 -1.83948e-05 -7.38928e-05 -0.000585546 0.000979283 0.00611111 0.00138298 0.000655654 0.00149867 0.0091791 0.004 0.000749635 0.00144068 0.00119748 0.00248408 0.0116667 -0.0012963 0.00162021 0.00586956 -0.00303408 -0.00172544 0.000424527 0.00113126 -0.000913463 0.00333333 0.00227763 0.00291045
internal_weight=4743 4055 793 30 3262 3248 2186 1062 63 47 999 754 67 50 687 590 476 314 27 162 287 69 763 397 212 579 208 60 371 335
internal_count=4743 4055 793 30 3262 3248 2186 1062 63 47 999 754 67 50 687 590 476 314 27 162 287 69 763 397 212 579 208 60 371 335
is_linear=0
shrinkage=0.05


Tree=44
num_leaves=31
num_cat=0
split_feature=5 2 5 12 12 15 3 14 17 17 11 5 16 10 4 10 11 11 11 10 17 12 17 15 15 17 5 0 12 11
split_gain=2.67555 1.56729 0.930043 0.790215 1.16919 0.755017 1.24226 2.30476 0.799693 0.83072 1.65923 0.697422 0.67528 0.64411 0.571429 0.535185 0.512606 0.507155 0.715277 0.658607 1.40355 0.635368 1.83286 0.488979 0.476154 0.646859 0.79071 1.70667 0.728814 0.465851
threshold=20.036550000000002 3.5000000000000004 2.8782500000000009 11283.605000000001 11469.940000000001 1.0000000180025095e-35 4.9935000000000009 27147.795000000002 75.963540571843865 77.047895809778893 13.500000000000002 0.19660000000000002 14.429080720646976 130.66500000000005 9.9675000000000029 688.12500000000011 12.500000000000002 162.00000000000003 196.50000000000003 163.25000000000003 73.572306740972735 2817.9800000000005 84.46086255746097 1.0000000180025095e-35 1.0000000180025095e-35 74.244221997566655 0.9668000000000001 7.5000000000000009 35265.67500000001 9.5000000000000018
decision_type=2 2 2 2 2 2 2 2 2 2 2 2 2 2 2 2 2 2 2 2 2 2 2 2 2 2 2 2 2 2
left_child=1 3 11 17 -5 6 8 -8 -6 10 -10 -3 -12 -2 -9 -14 -13 19 -19 20 -1 22 23 -20 25 -18 27 -27 -28 -11
right_child=13 2 -4 4 5 -7 7 14 9 29 12 16 15 -15 -16 -17 24 18 21 -21 -22 -23 -24 -25 -26 26 28 -29 -30 -31
leaf_value=0.0084326386742294146 0.00014215238195129377 0.0028842490141486894 -0.014101053787958714 0.013045445549843862 -0.0038850265448167236 -0.00074714710611640959 0.019075673338387097 0.012316718037836004 0.020363201817739755 -0.002497702854471377 -0.014891694778150886 -0.0035608525274078667 -0.0065863499264930464 -0.017233340742718987 -0.0030114395150367375 0.0066084217806381563 0.013672266014156454 0.012987783571487284 0.0040744082750520999 -0.0064816222964028912 -0.0028034605973644511 -0.0016514706072038147 0.0062423630766587669 -0.0044388664266596005 -0.00016716314774556731 0.016655672361209715 -0.012567666183802962 -0.0051909500140441657 0.0053616770884835577 0.005950440488055442
leaf_weight=10.999999999999998 11.999999999999998 12.999999999999998 366 11.999999999999998 201 1733 11.999999999999998 14.000000000000002 11.999999999999998 106 15.999999999999998 197 15.000000000000002 676 13.999999999999998 11.999999999999998 9.9999999999999982 11.999999999999998 17 257 50 256 10.999999999999998 35 123 10.000000000000002 43 14.999999999999998 15.999999999999998 466
leaf_count=11 12 13 366 12 201 1733 12 14 12 106 16 197 15 676 14 12 10 12 17 257 50 256 11 35 123 10 43 15 16 466
internal_value=-0.00109952 -0.000610359 -0.00260404 -0.000125691 0.00026215 0.00019031 0.00139401 0.01 0.00097826 0.00185805 0.00772727 -0.00101874 0.00313953 -0.00398256 0.00214286 0.00796296 -0.00137681 -0.00168721 -0.000317222 -0.00311321 0.00155738 -0.000768026 0.00373016 -0.000192309 0.000299538 0.00297872 0.00154762 0.009 -0.00161017 0.00129371
internal_weight=4743 4055 793 3262 2613 2601 868 40 828 627 55 427 43 688 28 27 414 649 331 318 61 319 63 52 217 94 84 25 59 572
internal_count=4743 4055 793 3262 2613 2601 868 40 828 627 55 427 43 688 28 27 414 649 331 318 61 319 63 52 217 94 84 25 59 572
is_linear=0
shrinkage=0.05


Tree=45
num_leaves=31
num_cat=0
split_feature=2 5 4 4 5 5 13 13 14 5 4 1 13 10 13 10 10 17 6 6 15 6 4 14 10 17 17 14 14 14
split_gain=2.86695 3.19356 1.9819 1.37358 1.25185 0.754431 0.838735 2.09689 0.652043 0.619768 0.992063 0.674603 0.599875 0.631676 0.672222 0.647761 1.77097 0.997403 0.766214 0.554915 0.538038 0.892875 1.12252 0.809816 1.4334 0.883464 1.45606 0.690127 0.66809 0.9515
threshold=2.5000000000000004 2.9247000000000001 1.0595000000000001 16.073500000000003 34.835950000000004 0.30240000000000006 -3399.9349999999999 -1757.9799999999998 13176.940000000002 25.836550000000003 0.072500000000000009 3.5000000000000004 -5683.2799999999997 364.75000000000006 -1324.0449999999998 664.83500000000015 740.08500000000015 78.635246285496464 0.64973867425201048 0.79818241087380304 1.0000000180025095e-35 0.3492734673827988 1.1660000000000001 83696.635000000024 298.16500000000002 81.912703579764226 84.82380432307275 374089.58500000008 35822.665000000008 30247.540000000005
decision_type=2 2 2 2 2 2 2 2 2 2 2 2 2 2 2 2 2 2 2 2 2 2 2 2 2 2 2 2 2 2
left_child=3 2 -2 4 9 6 19 -8 -7 20 11 -11 -10 14 -14 -15 17 -17 -18 -4 -1 22 23 28 -25 -26 -27 -23 29 -22
right_child=1 -3 5 -5 -6 8 7 -9 12 10 -12 -13 13 15 -16 16 18 -19 -20 -21 21 27 -24 24 25 26 -28 -29 -30 -31
leaf_value=0.0031129490325711865 0.016555585584489375 -0.016525529429852647 0.0074821245925575141 0.014309408809541322 -0.015068031398362509 -0.01705299820130526 0.011348230180149665 -0.0013103649226768816 -0.00093688909911488882 -0.0058905858968601238 0.0097803164635570927 0.0050135479725108298 0.017513630655729539 -0.0026170737686421267 -0.021743676926682644 0.00020902095788284965 0.01054322013822374 0.016452075972146606 -0.0017048893094018269 -0.00013170074468319218 0.001161907292224778 -0.0028039232891745964 0.0040866704639878461 0.054459810124390787 -0.0025229060702899736 0.038126854265394527 -0.0034329705242212277 0.010223388371832681 -0.0027216993313032472 0.033142398624790938
leaf_weight=764 11.999999999999998 1160 20 10.999999999999998 154 88 13.000000000000002 14.999999999999998 471 17 9.9999999999999982 18 18.000000000000004 116 11.999999999999998 10.000000000000002 23 10.999999999999998 63 42 179 1145 19 13.999999999999998 51 10.000000000000002 11.999999999999998 12.999999999999998 158 25
leaf_count=764 12 1160 20 11 154 88 13 15 471 17 10 18 18 116 12 10 23 11 63 42 179 1145 19 14 51 10 12 13 158 25
internal_value=-0.00100984 -0.00239634 -0.000185997 9.61527e-05 2.12425e-05 -0.000454547 0.00388889 0.0110714 -0.000935962 0.00029774 0.00611111 0.00214286 -0.00044199 0.00152174 0.00833333 0.00060538 0.00341121 0.0164286 0.000232557 0.00064516 0.000188283 -0.000325954 0.00151709 0.00101336 0.00534483 0.00253425 0.0109091 -0.00107081 -2.76255e-05 0.00186274
internal_weight=4674 2074 914 2600 2589 902 90 28 812 2435 45 35 724 253 30 223 107 21 86 62 2390 1626 468 449 87 73 22 1158 362 204
internal_count=4674 2074 914 2600 2589 902 90 28 812 2435 45 35 724 253 30 223 107 21 86 62 2390 1626 468 449 87 73 22 1158 362 204
is_linear=0
shrinkage=0.05


Tree=46
num_leaves=31
num_cat=0
split_feature=2 5 4 5 4 6 13 13 5 13 0 16 13 13 5 0 4 10 0 0 5 16 17 17 0 17 10 4 6 15
split_gain=2.73577 2.8935 1.38258 1.04232 1.04116 1.81078 0.54898 1.35285 1.11852 1.77963 0.472016 1.0072 0.571853 1.06798 0.653922 0.752885 1.63863 0.488889 0.437076 0.708341 1.28502 0.72951 0.935065 0.723588 0.8 0.711238 0.596875 2.03795 1.64335 1.3699
threshold=2.5000000000000004 3.2001500000000003 16.073500000000003 34.835950000000004 1.0885000000000002 0.83289841080907834 -3631.6049999999996 -3341.0799999999995 0.30240000000000006 -1757.9799999999998 12.500000000000002 9.2182299150233291 -11271.65 -13190.759999999998 0.25580000000000008 10.500000000000002 3.3480000000000003 882.75000000000011 22.500000000000004 18.500000000000004 24.526000000000003 8.9353235044786974 85.252946259673806 75.797459280394165 7.5000000000000009 72.604730492320087 1140.2500000000002 0.59250000000000014 0.62559509089814569 1.0000000180025095e-35
decision_type=2 2 2 2 2 2 2 2 2 2 2 2 2 2 2 2 2 2 2 2 2 2 2 2 2 2 2 2 2 2
left_child=2 4 3 18 5 -2 10 -8 9 -9 12 -12 13 14 -6 17 -17 -16 19 21 25 22 23 24 -1 -21 -23 -28 29 -29
right_child=1 -3 -4 -5 6 -7 7 8 -10 -11 11 -13 -14 -15 15 16 -18 -19 -20 20 -22 26 -24 -25 -26 -27 27 28 -30 -31
leaf_value=-0.005415833980244371 0.015450141776177302 -0.016304800051649238 0.01359393836906426 -0.014314629828444381 0.010930349355893654 -0.019136235530194647 0.020458464626522951 0.0087765012693078372 -0.00083414840095101582 -0.0012448466765430481 0.010601197494661728 -0.0024634133883425988 -0.00073958806564330905 0.0028954339730395493 -0.0024135374917178647 0.012789419231745381 -0.00089401505378523664 0.011991681002880257 -0.0073540278436076151 0.014844900859680127 0.010619354714210253 -0.00062291949940841674 0.030700177248320866 -0.0056562812564279266 0.029566462997910506 0.0050772978446203005 0.00083346080962337578 0.0078598476637213241 -0.0032831129641741445 0.0025070018037420864
leaf_weight=10.000000000000002 19 1107 10.999999999999998 154 11.999999999999998 21 18 12.000000000000002 212 14.999999999999998 19 278 151 15.999999999999998 147 11.000000000000002 18 18 114 9.9999999999999982 9.9999999999999982 1606 13.999999999999998 43 9.9999999999999982 370 212 10 12.999999999999998 13
leaf_count=10 19 1107 11 154 12 21 18 12 212 15 19 278 151 16 147 11 18 18 114 10 10 1606 14 43 10 370 212 10 13 13
internal_value=-0.00104194 -0.00239634 3.84603e-05 -3.66949e-05 -0.00039814 0.0075 -0.000738944 0.00122568 0.000230124 0.00981481 -0.00149254 -0.0029798 -0.000308312 0.00130631 0.000339805 -0.000360826 0.00706896 -0.00166667 0.000215605 0.000364066 0.00230769 -2.84838e-05 0.00474026 0.00214286 0.01 0.0018421 -0.000226538 0.00205645 0.0130556 0.021087
internal_weight=4674 2074 2600 2589 967 40 927 257 239 27 670 297 373 222 206 194 29 165 2435 2321 390 1931 77 63 20 380 1854 248 36 23
internal_count=4674 2074 2600 2589 967 40 927 257 239 27 670 297 373 222 206 194 29 165 2435 2321 390 1931 77 63 20 380 1854 248 36 23
is_linear=0
shrinkage=0.05


Tree=47
num_leaves=31
num_cat=0
split_feature=2 5 5 12 5 13 12 10 13 5 11 17 16 5 5 5 10 6 6 10 5 5 16 13 17 12 11 5 11 15
split_gain=2.59696 2.82411 1.0613 0.991623 0.830689 0.830432 0.974599 0.864786 1.96597 0.844376 0.799784 0.662168 0.63224 0.621948 0.552629 0.529784 1.5016 0.800637 1.17652 0.906928 0.747653 0.732551 0.786429 1.93772 0.530021 0.50876 1.21879 1.33356 1.12287 0.852588
threshold=2.5000000000000004 3.2001500000000003 34.835950000000004 12950.965000000002 3.0517000000000007 -3498.1649999999995 14000.685000000003 364.75000000000006 -1757.9799999999998 2.6716000000000002 12.500000000000002 87.498187369628923 8.9353235044786974 0.2899500000000001 0.25580000000000008 1.7079500000000001 1254.5000000000002 0.76441452472465132 0.72778430061614874 335.20000000000005 19.988200000000003 12.272750000000002 9.8904270537745465 -35416.364999999998 86.72402844670826 31194.870000000003 538.50000000000011 0.58145000000000013 234.50000000000003 1.0000000180025095e-35
decision_type=2 2 2 2 2 2 2 2 2 2 2 2 2 2 2 2 2 2 2 2 2 2 2 2 2 2 2 2 2 2
left_child=2 3 15 14 5 10 -7 8 -8 13 12 -12 -5 -9 -2 16 17 18 19 -1 21 22 23 -17 -19 29 27 -27 -29 -21
right_child=1 -3 -4 4 -6 6 7 9 -10 -11 11 -13 -14 -15 -16 20 -18 24 -20 25 -22 -23 -24 -25 -26 26 -28 28 -30 -31
leaf_value=0.018460333207961442 0.0092343783130384455 -0.015489560049066776 -0.013598898337022165 0.0013309151247165867 0.0015766561185741202 0.0076969049434353308 0.022182505399332964 0.0024230501955490175 -0.01478951251949881 0.022437805501524868 4.3061678218913376e-05 0.014598301845853215 -0.005071034657470423 -0.00058728527702105345 -0.0034860260573501647 0.0049897048082497859 0.012857792107773417 -0.0011698158562552577 0.031383705769291941 0.0084023772740522817 0.0020410391297969416 -0.020597258297561039 -0.0016721546399208675 -0.00035726540200149947 0.015238745034150803 -0.002834633728864458 -0.0023920644718357456 0.0052972514457799288 0.02945235202571608 -0.0038773431817773168
leaf_weight=11.999999999999998 19 1107 154 10.999999999999998 9.9999999999999982 10.999999999999998 11.000000000000002 12.999999999999998 13.999999999999998 9.9999999999999982 248 10.999999999999998 191 128 290 9.9999999999999982 15.999999999999998 168 9.9999999999999982 38 1373 121 473 38 15.999999999999998 18 39 19 20 75
leaf_count=12 19 1107 154 11 10 11 11 13 14 10 248 11 191 128 290 10 16 168 10 38 1373 121 473 38 16 18 39 19 20 75
internal_value=-0.00105263 -0.00237223 -1.19209e-09 -0.00039814 0.000699087 0.000478394 0.00328877 0.00238636 0.011 0.000960264 -0.000661606 0.0011776 -0.0030198 -3.54622e-05 -0.00273463 0.000253474 0.00184455 0.00126506 0.00322511 0.00246606 -8.68498e-05 -0.00149533 -0.000681383 0.00541667 -0.00119565 0.00169856 0.004375 0.00903509 0.0142308 -0.000575222
internal_weight=4674 2074 2600 967 658 648 187 176 25 151 461 259 202 141 309 2446 431 415 231 221 2015 642 521 48 184 209 96 57 39 113
internal_count=4674 2074 2600 967 658 648 187 176 25 151 461 259 202 141 309 2446 431 415 231 221 2015 642 521 48 184 209 96 57 39 113
is_linear=0
shrinkage=0.05


Tree=48
num_leaves=31
num_cat=0
split_feature=13 5 5 8 16 17 5 13 16 17 17 5 1 10 16 16 17 3 10 5 11 16 12 14 14 14 11 13 16 13
split_gain=2.27586 2.23066 0.884796 0.850784 0.76968 1.53399 0.993432 0.862564 0.736541 1.25203 1.03645 0.719732 0.770147 0.711534 0.918802 1.21273 2.36739 1.30667 0.729172 1.13636 0.694574 0.668633 0.730926 1.51981 0.650161 0.654421 0.892564 0.663717 0.886678 0.853336
threshold=-1.0000000180025095e-35 2.9247000000000001 34.835950000000004 2.5000000000000004 11.40350362100485 83.164403746052599 4.3419500000000015 -20405.089999999997 8.9353235044786974 85.252946259673806 75.797459280394165 25.836550000000003 3.5000000000000004 873.20000000000016 26.678607172480483 16.749629993349679 80.678335016360677 1.627 943.50000000000011 1.4385500000000002 598.50000000000011 25.45304184590162 12950.965000000002 16192.265000000001 116941.46000000001 96678.215000000011 14.500000000000002 -3498.1649999999995 13.581815866692851 -1557.4099999999996
decision_type=2 2 2 2 2 2 2 2 2 2 2 2 2 2 2 2 2 2 2 2 2 2 2 2 2 2 2 2 2 2
left_child=1 13 8 4 5 6 -3 -7 9 10 -2 -10 -13 21 15 16 17 -15 19 -17 -18 22 -1 -24 25 27 -27 -25 -29 -30
right_child=2 3 -4 -5 -6 7 -8 -9 11 -11 -12 12 -14 14 -16 18 20 -19 -20 -21 -22 -23 23 24 -26 26 -28 28 29 -31
leaf_value=-0.0019026808988791104 0.022050503706879606 0.0042530528458532444 -0.014412530001872877 -0.014908047995697392 -0.0065802044255583933 0.00067543311705738356 -0.015283383518751838 0.0034284645958008405 0.0004501619343197228 0.029142204172215282 -0.0061793233478461274 -0.0016747928140175283 0.0066474182936880483 0.011761879783962995 0.019682127667096625 -0.0035442616781399235 0.015246012630333176 0.0023312346832692829 -0.0026388552146973054 0.0028210475209747669 -0.000837507009157083 -0.0060151735915694544 0.015597320925999844 -0.00041321782557013305 -0.0013035572507254707 0.013909632825372598 -0.0016450855387108703 -0.0026388801401223969 0.0150844554664276 -6.9767669530598062e-05
leaf_weight=277 21 11.999999999999998 79 948 437 12.000000000000002 58 12.999999999999998 1878 11.999999999999998 46 12.000000000000002 13.999999999999998 15.000000000000002 11.999999999999998 11.000000000000002 14.999999999999998 9.9999999999999982 86 10.999999999999998 28 131 9.9999999999999982 279 95 13.000000000000002 11.999999999999998 40 56 31
leaf_count=277 21 12 79 948 437 12 58 13 1878 12 46 12 14 15 12 11 15 10 86 11 28 131 10 279 95 13 12 40 56 31
internal_value=-0.00105263 -0.00203293 0.000189136 -0.00331081 -0.00171053 0.00236842 -0.00142857 0.013 0.000395864 0.00512658 0.00246269 0.000199579 0.00846154 -0.000362192 0.00244681 0.00153409 0.0067647 0.019 -0.00175926 0.00636364 -0.000348838 -0.000921611 -0.000387455 0.000690297 0.000323193 0.00114849 0.009 0.000665023 0.00366142 0.00649425
internal_weight=4674 2612 2062 1480 532 95 70 25 1983 79 67 1904 26 1132 188 176 68 25 108 22 43 944 813 536 526 431 25 406 127 87
internal_count=4674 2612 2062 1480 532 95 70 25 1983 79 67 1904 26 1132 188 176 68 25 108 22 43 944 813 536 526 431 25 406 127 87
is_linear=0
shrinkage=0.05


Tree=49
num_leaves=31
num_cat=0
split_feature=2 5 12 14 4 16 4 5 11 12 5 6 11 12 6 1 14 12 10 14 10 10 12 17 17 6 6 14 12 10
split_gain=2.60765 2.1932 0.911226 1.47089 1.5221 1.12941 0.770036 0.713814 0.618912 0.689338 0.57449 0.49503 0.773439 1.38496 0.729867 0.929847 0.719338 0.876415 0.839296 1.16806 1.08776 0.802871 0.710526 0.983806 2.28462 0.702427 1.14709 0.691913 0.797966 0.790563
threshold=2.5000000000000004 3.2001500000000003 12950.965000000002 16192.265000000001 1.0885000000000002 16.82262501403476 16.073500000000003 34.835950000000004 79.500000000000014 25583.700000000004 0.25580000000000008 0.50982782969964602 53.500000000000007 79465.275000000009 0.46767516915543955 1.0000000180025095e-35 116153.35000000002 34504.125000000007 727.1450000000001 43288.595000000008 1224.2500000000002 825.29000000000008 38676.530000000006 75.697293322999613 83.022183844210659 0.59930313760241172 0.57486768869990013 47241.360000000008 48149.980000000003 981.50000000000011
decision_type=2 2 2 2 2 2 2 2 2 2 2 2 2 2 2 2 2 2 2 2 2 2 2 2 2 2 2 2 2 2
left_child=6 2 10 -4 5 -5 7 11 9 -9 -2 12 13 22 -14 -16 17 -13 25 -20 21 -21 23 -1 -25 26 -19 -17 -29 -30
right_child=1 -3 3 4 -6 -7 -8 8 -10 -11 -12 16 14 -15 15 27 -18 18 19 20 -22 -23 -24 24 -26 -27 -28 28 29 -31
leaf_value=-0.0049076461636325093 0.0081818453331909454 -0.01396967964682857 0.016683366657148899 0.013940614906882349 -8.4182386379594309e-05 0.0016203598153591522 0.012471614408696595 0.0025052883227847144 -0.013667529940791021 -0.015891262257454779 -0.0033986143010690246 -0.0013740918702239268 0.00012264492457544451 0.018142093650661655 0.042320210118560887 -0.0036616451397812628 -0.011809560753736174 0.0088033065807578952 0.017808969580994493 0.0067629937238768483 0.019243904420286163 -0.004543933616795272 -0.032649792491822531 0.01811144344578185 -0.027030286584468294 -0.00068287893400104062 0.033328350317744386 0.017418244585326616 -0.0086038038794655353 0.0074836923736989643
leaf_weight=11.999999999999998 19 1107 13.999999999999998 10.000000000000002 617 17 10.999999999999998 17 122 14.999999999999998 290 668 1034 10.999999999999998 13.999999999999998 59 141 35 18 10.999999999999998 10.999999999999998 58 19 15.000000000000002 10.999999999999998 263 15.999999999999998 9.9999999999999982 19.000000000000004 9.9999999999999982
leaf_count=12 19 1107 14 10 617 17 11 17 122 15 290 668 1034 11 14 59 141 35 18 11 11 58 19 15 11 263 16 10 19 10
internal_value=-0.00107403 -0.00239634 -0.000656671 0.000395136 4.65827e-05 0.0116667 -1.9232e-05 -7.53198e-05 -0.00337662 0.0028125 -0.00289644 0.000133469 0.000848434 0.00602941 0.000541011 0.004375 -0.000577397 -0.00013889 0.00167476 0.00571428 0.003125 0.0007971 0.00289474 0.0068421 0.0123077 0.000414012 0.00578431 0.00265306 0.00782051 0.00362069
internal_weight=4674 2074 967 658 644 27 2600 2589 154 32 309 2435 1214 68 1146 112 1221 1080 412 98 80 69 57 38 26 314 51 98 39 29
internal_count=4674 2074 967 658 644 27 2600 2589 154 32 309 2435 1214 68 1146 112 1221 1080 412 98 80 69 57 38 26 314 51 98 39 29
is_linear=0
shrinkage=0.05


Tree=50
num_leaves=31
num_cat=0
split_feature=2 5 4 6 5 0 10 5 13 13 14 14 0 5 10 14 14 5 6 0 11 11 6 0 0 14 14 11 3 5
split_gain=2.08333 2.08386 1.48234 0.65604 0.834055 0.666667 0.761905 0.652914 1.54779 2.16777 0.823747 0.887042 1.1544 2.41071 0.770029 0.65215 0.770084 0.567624 0.54697 0.543447 1.71875 0.54149 0.493798 0.436505 0.483516 0.987048 1.81087 0.9 0.628199 0.943171
threshold=2.5000000000000004 2.9480000000000004 1.0885000000000002 0.58720197628336834 8.5642500000000013 17.500000000000004 1010.0000000000001 0.30240000000000006 -3764.8899999999994 -1508.7599999999998 22025.810000000001 29460.475000000002 4.5000000000000009 0.76265000000000016 488.41500000000002 374089.58500000008 150897.06500000003 34.835950000000004 0.94204774094886667 18.500000000000004 93.500000000000014 888.50000000000011 0.23781528338322783 22.500000000000004 18.500000000000004 62275.270000000011 88939.220000000016 443.50000000000006 0.74600000000000011 2.5306000000000006
decision_type=2 2 2 2 2 2 2 2 2 2 2 2 2 2 2 2 2 2 2 2 2 2 2 2 2 2 2 2 2 2
left_child=15 2 -2 4 5 6 -3 8 -4 -10 -9 12 13 -12 18 16 17 23 -14 -19 -21 -13 -18 24 28 -26 -27 -28 -1 -30
right_child=1 3 7 -5 -6 -7 -8 10 9 -11 11 21 14 -15 -16 -17 22 19 -20 20 -22 -23 -24 -25 25 26 27 -29 29 -31
leaf_value=-0.00031744273036584948 0.014984684346436489 -0.01002453614450189 -7.9973267060617925e-05 -0.013944900296737166 -0.019303916152686493 0.011440295545572025 0.02128191163654565 -0.011708836020022411 0.0098434218932636364 -0.0018497267780095727 -0.010122916853912631 -0.0011443170956579735 0.041195347246620384 0.011606376871334232 -0.002269156229186511 0.01521575283980417 0.0012033598224737996 -0.013052195325554501 -0.00027100863634436922 0.0036185140389494519 -0.014128192618415051 0.0014785183509634983 -0.013929205036688914 -0.0071567832800828726 0.0015037376696164161 0.032482564207539651 -0.003000309092932054 0.021734334766503112 0.0022767218888554192 0.018246922690946191
leaf_weight=1525 19 42 66 965 126 18 11.999999999999998 213 17 14.999999999999998 10.000000000000002 488 12.000000000000002 13.999999999999998 45 17 15.999999999999998 114 9.9999999999999982 9.9999999999999982 22 14.999999999999998 115 99 308 23 30 14.999999999999998 313 11.999999999999998
leaf_count=1525 19 42 66 965 126 18 12 213 17 15 10 488 12 14 45 17 16 114 10 10 22 15 115 99 308 23 30 15 313 12
internal_value=-0.000994476 -0.00217298 -0.000400434 -0.00358126 -0.000959597 0.00333333 0.000555554 -0.000690609 0.00316326 0.0121875 -0.00115861 -0.000202021 0.00434066 0.01375 0.000970148 -5.53658e-05 -0.00011914 7.89142e-05 0.00863636 -0.00294521 0.0028125 -0.00102386 -0.00385496 0.000268816 0.000413296 0.00204787 0.0075 0.00166667 8.10799e-05 0.00207692
internal_weight=4706 2087 924 1163 198 72 54 905 98 32 807 594 91 24 67 2619 2602 2471 22 146 32 503 131 2325 2226 376 68 45 1850 325
internal_count=4706 2087 924 1163 198 72 54 905 98 32 807 594 91 24 67 2619 2602 2471 22 146 32 503 131 2325 2226 376 68 45 1850 325
is_linear=0
shrinkage=0.05


Tree=51
num_leaves=31
num_cat=0
split_feature=2 5 4 0 14 0 8 9 17 17 3 4 5 0 9 5 1 16 16 16 0 16 16 0 16 16 1 9 14 16
split_gain=2.15015 1.99926 1.50564 0.677931 0.668631 0.630866 0.71449 0.979969 1.03566 1.69639 1.22549 0.876296 1.63333 0.772193 0.609524 0.584736 0.792653 0.639489 0.696813 0.779862 0.565728 0.950108 1.81818 2.73986 0.900778 0.75169 0.615385 0.548701 0.91746 0.497035
threshold=2.5000000000000004 2.9480000000000004 1.0885000000000002 12.500000000000002 13176.940000000002 1.5000000000000002 2.5000000000000004 0.53550000000000009 81.388984370696846 78.186625943559719 0.15050000000000002 2.2520000000000002 1.8854500000000003 4.5000000000000009 0.7320000000000001 0.32985000000000003 3.5000000000000004 26.255854122217503 23.475815510071026 23.633781096530146 11.500000000000002 24.970970335076718 24.343465853010731 16.500000000000004 24.552292371865907 25.893810650023578 3.5000000000000004 0.84500000000000008 42327.725000000006 8.9353235044786974
decision_type=2 2 2 2 2 2 2 2 2 2 2 2 2 2 2 2 2 2 2 2 2 2 2 2 2 2 2 2 2 2
left_child=15 2 -2 4 -4 -6 -7 8 9 10 -8 12 -9 -10 -14 16 -1 18 29 -20 -21 22 -22 -24 -25 -23 -27 28 -18 -17
right_child=1 -3 3 -5 5 6 7 11 13 -11 -12 -13 14 -15 -16 17 27 -19 19 20 21 25 23 24 -26 26 -28 -29 -30 -31
leaf_value=-0.0007284979567745083 0.014235450129114664 -0.012141502553834319 -0.015123147181518163 -0.0014054561565821214 -0.0010650074407778734 -0.0011377052940076951 0.010503691140917476 0.015284950045979545 0.005565258607799271 0.009907359379045369 -0.0034071913011342464 -0.00071782004186241467 -0.0071321507253194853 -0.0062091425650798969 0.0049397527550825004 0.0019203519584695919 0.014323225545354524 -0.0051332823073626061 0.012496382992020733 -0.0013706455025702968 -0.0053166331070837042 -0.012318509826897904 0.015476301591912024 0.014747264161043553 -0.014170613101378749 -0.016284807715359877 0.026219241556629913 0.0010838193178140734 0.0034020438008810204 -0.0005014349061538099
leaf_weight=39 19 1163 50 421 87 74 9.9999999999999982 9.9999999999999982 10.999999999999998 19 24 135 16.000000000000004 34 13.999999999999998 106 10.000000000000002 252 17 139 36 49 14.999999999999998 12.000000000000002 17 13.000000000000002 12.999999999999998 15.999999999999998 18 1867
leaf_count=39 19 1163 50 421 87 74 10 10 11 19 24 135 16 34 14 106 10 252 17 139 36 49 15 12 17 13 13 16 18 1867
internal_value=-0.0010476 -0.00224485 -0.000508659 -0.000801106 0.000475205 0.00110599 0.00206052 0.00324176 0.0072449 0.0119811 0.00529412 0.000999999 0.0075 0.00166667 0.00166667 -9.35483e-05 0.00403614 -0.000228708 3.50251e-05 0.00223473 0.00163265 0.00370968 0.0075 0.0143182 0.00534483 -0.000333335 0.00653846 0.00863636 0.0128571 -0.000311709
internal_weight=4706 2087 924 905 484 434 347 273 98 53 34 175 40 45 30 2619 83 2536 2284 311 294 155 80 44 29 75 26 44 28 1973
internal_count=4706 2087 924 905 484 434 347 273 98 53 34 175 40 45 30 2619 83 2536 2284 311 294 155 80 44 29 75 26 44 28 1973
is_linear=0
shrinkage=0.05


Tree=52
num_leaves=31
num_cat=0
split_feature=2 5 5 5 10 5 16 10 17 6 7 8 17 7 5 0 16 0 6 6 17 17 10 16 5 0 17 6 11 6
split_gain=2.09161 1.31329 1.02569 1.74612 1.92667 0.775397 1.60043 1.11871 0.770174 0.611735 1.00833 0.721671 1.86667 0.597371 0.59569 0.496068 0.615928 0.855802 1.23457 1.52026 0.988512 0.971213 0.931276 0.816129 1.02546 1.46542 0.945676 0.809387 1.14263 0.802591
threshold=3.5000000000000004 7.3836000000000004 27.468850000000003 25.836550000000003 591.33500000000015 0.32985000000000003 10.930746146931492 887.16500000000008 74.054650106189129 0.60961052103512769 1.5000000000000002 2.5000000000000004 79.368806232129302 2.5000000000000004 0.56420000000000015 21.500000000000004 25.960474334307751 18.500000000000004 0.49086567276937748 0.18771689578098419 78.56048169039785 84.703454069630411 580.62500000000011 23.475815510071026 2.9247000000000001 12.500000000000002 73.915189919278546 0.305221618318473 443.50000000000006 0.61861742912186335
decision_type=2 2 2 2 2 2 2 2 2 2 2 2 2 2 2 2 2 2 2 2 2 2 2 2 2 2 2 2 2 2
left_child=2 9 3 5 -5 6 -1 8 -8 10 -2 12 -11 14 -7 16 17 23 19 -19 -21 27 -20 24 25 26 -16 -22 -29 -25
right_child=1 -3 -4 4 -6 13 7 -9 -10 11 -12 -13 -14 -15 15 -17 -18 18 22 20 21 -23 -24 29 -26 -27 -28 28 -30 -31
leaf_value=0.012792082486137522 0.0062449058946982107 -0.019938361092001672 -0.0096629405670186352 0.0098297980282778096 -0.0027519051016077992 -0.0019112629643821015 0.016415860347688455 0.0082322811924738035 -0.00091986441744266317 0.013791637361078947 -0.0026715246794211832 -0.0028656797096131546 -0.012291522777715228 -0.0019089211734958365 -0.0051921654849443055 -0.0033408386265788431 -0.0086086449341236156 -0.0061175772902406431 0.016046615774913894 0.0076001145262127746 0.037942559051816198 0.010628084075241385 -0.0094186105418139019 0.0097168702854990591 -0.0025458404288733662 -0.0030641015918974005 0.0076786937452266134 -0.0045850549859945714 0.028478782675753569 -0.0046241544945897347
leaf_weight=18 20 445 289 10.000000000000002 14.999999999999998 101 11.999999999999998 15.999999999999998 106 14.999999999999998 40 558 20 234 36 239 302 30 94 41 15.999999999999998 13.999999999999998 82 130 1317 146 238 11.000000000000002 18 93
leaf_count=18 20 445 289 10 15 101 12 16 106 15 40 558 20 234 36 239 302 30 94 41 16 14 82 130 1317 146 238 11 18 93
internal_value=-0.000994476 -0.00290528 -0.000412972 -0.000164207 0.013 -0.000264118 0.00322368 0.00134328 -0.000338984 -0.0014778 0.00333333 -0.00196459 0.005 -0.000432847 -0.000237278 -0.000101533 0.000101245 0.000383935 0.00284314 0.00653846 0.0095 0.0136441 0.000113635 -1.19209e-09 -0.000365574 0.00178571 0.0039416 0.0172222 0.0122414 0.00284753
internal_weight=4706 1098 3608 3319 25 3294 152 134 118 653 60 593 35 3142 2908 2807 2568 2266 306 130 100 59 176 1960 1737 420 274 45 29 223
internal_count=4706 1098 3608 3319 25 3294 152 134 118 653 60 593 35 3142 2908 2807 2568 2266 306 130 100 59 176 1960 1737 420 274 45 29 223
is_linear=0
shrinkage=0.05


Tree=53
num_leaves=31
num_cat=0
split_feature=2 3 13 13 14 14 14 12 14 14 3 13 15 10 12 0 10 13 11 17 0 14 14 12 17 17 13 0 0 9
split_gain=2.27145 0.71366 1.00347 2.49901 0.678379 0.895672 0.88237 0.740003 0.85874 0.75957 1.64736 0.845497 0.663433 0.741339 2.9037 2.06467 2.33864 1.13792 0.811334 0.740741 0.700296 2.19559 0.774732 2.07544 1.05 1.69967 1.69099 1.0744 0.652115 0.976293
threshold=3.5000000000000004 6.0635000000000003 -4481.8999999999987 -1508.7599999999998 374089.58500000008 116941.46000000001 20841.895000000004 112819.04500000001 52657.80000000001 50692.345000000008 0.48250000000000004 -4565.204999999999 1.0000000180025095e-35 435.41500000000002 19809.920000000002 9.5000000000000018 303.25000000000006 -4389.5499999999984 170.50000000000003 77.273522274847707 2.5000000000000004 37695.645000000011 32337.785000000003 30737.640000000003 84.580886455495047 81.912703579764226 -1508.7599999999998 12.500000000000002 4.5000000000000009 0.26800000000000007
decision_type=2 2 2 2 2 2 2 2 2 2 2 2 2 2 2 2 2 2 2 2 2 2 2 2 2 2 2 2 2 2
left_child=1 4 -3 -4 5 6 -1 8 9 12 11 -11 20 14 15 19 -17 -15 -19 -14 21 -8 23 24 25 26 27 -22 29 -16
right_child=-2 2 3 -5 -6 -7 7 -9 -10 10 -12 -13 13 17 28 16 -18 18 -20 -21 22 -23 -24 -25 -26 -27 -28 -29 -30 -31
leaf_value=-0.004175638981022336 -0.0058343806402435371 -0.001655981022721062 0.0086393704117041972 0.010352205422402644 0.0039128964864308053 -0.0071664067183720929 -0.00019069586133896156 0.014729470777076627 -0.00073737011833193268 0.02028251353900239 0.012394624365399657 -0.0092229637229747224 -0.016647647608031165 -0.0029083474560260957 0.029404704354552433 0.0071480093603661574 0.039017595987602322 -0.0071707356174982931 0.002760038417258429 0.018104559347155394 0.010307588526126156 0.016754036295103986 -0.00088193884014250339 0.035826462159887565 -0.0084333017945138564 0.025221788924715584 -0.0080440455276145784 0.00045130519685930332 -0.0044524612921798198 -0.00052963609993816451
leaf_weight=940 1098 24 9.9999999999999982 62 23 332 37 31 840 13.999999999999998 9.9999999999999982 32 15.000000000000002 164 19 15.000000000000002 12.999999999999998 78 333 11.999999999999998 12.000000000000002 19 210 11.999999999999998 35 12.999999999999998 64 15.999999999999998 181 42
leaf_count=940 1098 24 10 62 23 332 37 31 840 14 10 32 15 164 19 15 13 78 333 12 12 19 210 12 35 13 64 16 181 42
internal_value=-0.0010051 -0.000399114 0.00385417 0.00680555 -0.000515377 -0.000571798 -0.000312006 0.000232295 0.000123512 0.000906388 0.00660714 0.00260869 0.000658914 -0.000126148 0.00190236 0.0122727 0.0217857 -0.00117391 0.000231142 0.00240741 0.00229665 0.0075 0.00149171 0.00421053 0.0025 0.005 0.00260869 0.0128571 -0.000454547 0.00401639
internal_weight=4706 3608 96 72 3512 3489 3157 2217 2186 1346 56 46 1290 872 297 55 28 575 411 27 418 56 362 152 140 105 92 28 242 61
internal_count=4706 3608 96 72 3512 3489 3157 2217 2186 1346 56 46 1290 872 297 55 28 575 411 27 418 56 362 152 140 105 92 28 242 61
is_linear=0
shrinkage=0.05


Tree=54
num_leaves=31
num_cat=0
split_feature=5 5 16 6 4 5 5 5 16 5 17 4 0 0 17 0 5 6 4 17 5 14 5 5 16 10 9 17 14 16
split_gain=2.13742 1.21454 1.67042 1.26246 0.974423 1.51628 0.883486 0.733819 0.955042 0.761934 1.07179 0.755821 0.733518 0.859344 1.94283 2.45231 1.23628 0.727273 0.704871 1.03912 1.12439 1.14405 0.878761 1.38735 1.35758 0.758145 0.640327 0.898505 1.02703 0.628478
threshold=27.468850000000003 0.2788000000000001 10.930746146931492 0.60961052103512769 0.11250000000000002 26.461000000000002 12.704400000000001 22.098600000000001 18.548627363393539 4.5796500000000009 75.697293322999613 0.091500000000000012 1.0000000180025095e-35 7.5000000000000009 79.368806232129302 2.5000000000000004 3.8167000000000004 0.50163582138092322 0.35600000000000004 86.193061185826821 6.1934000000000013 13697.710000000001 2.9247000000000001 2.8433000000000006 20.394092077874213 254.37500000000003 0.63350000000000006 86.016578291762201 42991.865000000005 17.229783311889655
decision_type=2 2 2 2 2 2 2 2 2 2 2 2 2 2 2 2 2 2 2 2 2 2 2 2 2 2 2 2 2 2
left_child=1 2 -1 7 5 -5 18 9 -9 10 -3 -11 -12 14 15 -14 29 -18 19 20 -6 -22 23 -20 -25 -23 27 28 -16 -15
right_child=-2 3 -4 4 6 -7 -8 8 -10 11 12 -13 13 16 26 -17 17 -19 22 -21 21 25 -24 24 -26 -27 -28 -29 -30 -31
leaf_value=0.012226217095391076 -0.012154816280738371 -0.0025400873535139671 0.00054014918278138743 0.00041804784134841173 0.010187703121581017 0.0019609127566409703 -0.019737353084946757 0.0022827109756765828 0.013238993369300435 0.00042792943162256312 -0.002772219529053069 -0.0053647321498316121 -0.0010317806828830686 -0.0051994225897274218 -0.0019464555208011224 0.014114015306810009 0.0048436520071094852 0.010342407324617726 -0.00078774552750053648 0.0039219691779098691 0.0064531705988992265 0.0062719936636561648 -0.0087472516568092677 0.013583654231334858 -0.0017739154791821957 -0.0060872026076941354 -0.0025031798817552963 0.0023134608174198005 0.0034514637868727342 0.0021902563176328326
leaf_weight=17 484 93 131 352 12.999999999999998 9.9999999999999982 303 24 12.999999999999998 953 25 321 11.000000000000002 73 19 19 11.000000000000002 10.999999999999998 1005 15.999999999999998 14.999999999999998 9.9999999999999982 502 10.000000000000002 10.999999999999998 95 26 9.9999999999999982 18 105
leaf_count=17 484 93 131 352 13 10 303 24 13 953 25 321 11 73 19 19 11 11 1005 16 15 10 502 10 11 95 26 10 18 105
internal_value=-0.00102635 -0.000665563 0.00378378 -0.000827198 -0.00158412 0.000801104 -0.0020202 0.000196304 0.00716216 4.42466e-05 0.00188836 -0.00056515 0.00323171 0.00391089 0.00762136 0.0183333 0.002 0.0131818 -0.00157126 0.00171141 0.000263157 -0.00125 -0.00189136 -0.00105263 0.0116667 -0.00309524 0.00321918 0.00670213 0.00310811 0.000617976
internal_weight=4706 4222 148 4074 2342 362 1980 1732 37 1695 421 1274 328 303 103 30 200 22 1677 149 133 120 1528 1026 21 105 73 47 37 178
internal_count=4706 4222 148 4074 2342 362 1980 1732 37 1695 421 1274 328 303 103 30 200 22 1677 149 133 120 1528 1026 21 105 73 47 37 178
is_linear=0
shrinkage=0.05


Tree=55
num_leaves=31
num_cat=0
split_feature=5 11 15 11 10 16 14 14 16 14 13 10 1 13 10 12 0 13 14 10 4 16 10 13 17 16 1 16 11 1
split_gain=1.96815 1.5918 1.07605 2.25709 1.58501 1.39621 1.84639 2.24483 1.02904 0.961015 0.956277 0.930437 0.901926 1.50142 1.96865 1.01503 0.8 0.675828 1.14709 0.666225 1.66931 1.95556 0.770595 0.65674 1.02053 0.638661 0.731809 0.611496 0.820513 0.600962
threshold=27.468850000000003 89.500000000000014 1.0000000180025095e-35 191.50000000000003 720.50000000000011 14.692800721215486 51118.470000000008 49516.825000000004 25.039850217175594 11260.695000000002 -5683.2799999999997 163.25000000000003 2.5000000000000004 -5116.7549999999992 613.29000000000008 11469.940000000001 1.0000000180025095e-35 -2523.0249999999992 16192.265000000001 869.21500000000003 4.3575000000000008 16.82262501403476 877.41500000000008 -4980.6649999999991 77.843305031939579 10.294166568736451 4.5000000000000009 17.581560083318418 504.50000000000006 2.5000000000000004
decision_type=2 2 2 2 2 2 2 2 2 2 2 2 2 2 2 2 2 2 2 2 2 2 2 2 2 2 2 2 2 2
left_child=1 11 3 4 8 -5 7 9 -3 -7 -6 23 13 -11 -15 -14 -2 -16 -19 -4 22 -22 -21 24 -1 26 29 28 -8 -25
right_child=16 2 19 5 10 6 27 -9 -10 12 -12 -13 15 14 17 -17 -18 18 -20 20 21 -23 -24 25 -26 -27 -28 -29 -30 -31
leaf_value=0.016868458495714174 0.00079296863017779213 0.0012927302837713679 -0.0020707430982436796 -0.0040175292054911611 0.012203911431183347 -0.0130275469371358 0.010308494951556243 0.027079066458494623 0.012402256457125397 -0.0012619763335126816 0.0038770085231234876 -0.0025440130578233758 0.0031526546665107793 0.041175825099870417 0.0063763621440267124 0.0010921147462426767 -0.011489990869034284 0.02029963601730141 -0.00062284679388520782 0.01894700352003716 0.014900414046198152 0.000321038388319197 -0.00019036920372374902 0.0062437391172650326 0.00060341612667341575 -0.00222508210005383 -0.052255342287070627 -0.0068989541539688035 -0.0020099858435737544 0.042701658647658722
leaf_weight=9.9999999999999982 9.9999999999999982 54 972 235 11.000000000000002 46 12.999999999999998 10.999999999999998 12.999999999999998 22 9.9999999999999982 1395 19 14.999999999999998 9.9999999999999982 132 490 15.999999999999998 35 10.999999999999998 14.999999999999998 18 530 16.000000000000004 36 358 10.999999999999998 153 26 9.9999999999999982
leaf_count=10 10 54 972 235 11 46 13 11 13 22 10 1395 19 15 10 132 490 16 35 11 15 18 530 16 36 358 11 153 26 10
internal_value=-0.00103445 -0.000681657 0.000175326 0.00163824 0.00920454 0.000729876 0.00222891 0.00464052 0.00544776 0.00381356 0.0211905 -0.00178649 0.00504016 0.00877551 0.0121053 0.00261589 -0.004 0.00811475 0.00578431 -0.000601554 0.000749128 0.0116667 8.31781e-05 0.000215418 0.00586956 -0.000443039 0.00581081 -0.00161458 0.00397436 0.0103846
internal_weight=4703 4203 2367 821 88 733 498 306 67 295 21 1836 249 98 76 151 500 61 51 1546 574 33 541 441 46 395 37 192 39 26
internal_count=4703 4203 2367 821 88 733 498 306 67 295 21 1836 249 98 76 151 500 61 51 1546 574 33 541 441 46 395 37 192 39 26
is_linear=0
shrinkage=0.05


Tree=56
num_leaves=31
num_cat=0
split_feature=5 6 15 5 5 14 10 5 10 1 16 4 16 11 6 13 10 10 5 5 1 14 4 5 14 16 6 6 14 11
split_gain=1.71201 1.37928 0.753723 0.742667 1.37831 1.35737 1.53846 0.718841 0.824723 1.00833 1.06667 0.773855 0.712854 1.0653 0.93779 1.0303 1.5 0.75107 0.736147 0.87897 1.39163 1.06046 1.30428 0.76859 1.04072 0.635188 0.769436 0.82927 1.4345 0.880037
threshold=31.479700000000005 0.50163582138092322 1.0000000180025095e-35 1.8437500000000002 1.2166500000000002 42991.865000000005 897.50000000000011 3.0914500000000005 163.25000000000003 4.5000000000000009 18.319867440807009 0.11850000000000001 13.380518545247343 11.500000000000002 0.96771459547409189 -13484.829999999998 385.75000000000006 298.16500000000002 2.5028000000000001 2.9480000000000004 2.5000000000000004 17012.255000000005 0.46750000000000008 0.60910000000000009 28931.245000000006 23.511793370981461 0.92455488397609131 0.68368803644145537 14437.015000000001 243.50000000000003
decision_type=2 2 2 2 2 2 2 2 2 2 2 2 2 2 2 2 2 2 2 2 2 2 2 2 2 2 2 2 2 2
left_child=1 3 12 4 -1 6 -6 8 9 10 -4 -9 -3 -14 18 16 -16 -17 23 20 -20 22 -21 24 -15 26 27 -10 29 -29
right_child=-2 2 7 -5 5 -7 -8 11 25 -11 -12 -13 13 14 15 17 -18 -19 19 21 -22 -23 -24 -25 -26 -27 -28 28 -30 -31
leaf_value=0.0010098119638762991 -0.010923628307969287 -0.001982431848452192 0.016025035570928464 0.00027819792755629348 -0.019498120001920832 0.020028105585661263 0.014925802494044807 -0.0021875319263446494 -0.0015176318638635954 0.0092296706623229089 -0.0080372388728490556 -0.009274779497802697 -0.0028645850123304698 0.0097080042264186175 0.0058721806355349262 0.0098075791923584073 0.013024729648677406 -0.00033662171493945605 0.008521833583018756 0.0065367981806343199 -0.0048363997495234493 0.00020880380795272629 -0.0055111233005202655 -0.0019814776695393998 -0.00028204349210808941 -0.0071095644477374613 -0.0022502205032847388 0.01177208121967627 0.0010559235632924839 0.022461048023594467
leaf_weight=95 401 229 10.000000000000002 1175 16.000000000000004 15.999999999999998 9.9999999999999982 384 149 9.9999999999999982 20 774 283 10.999999999999998 12.000000000000002 9.9999999999999982 11.999999999999998 34 12.000000000000002 19 10.999999999999998 152 13.999999999999998 134 38 187 279 14.000000000000002 180 11.999999999999998
leaf_count=95 401 229 10 1175 16 16 10 384 149 10 20 774 283 11 12 10 12 34 12 19 11 152 14 134 38 187 279 14 180 12
internal_value=-0.00100255 -0.000711298 -0.00130435 0.000640243 0.00412409 0.0116667 0.00461538 -0.00185488 -0.000760745 0.00625 0.00166667 -0.00266839 -0.00015963 0.000592991 0.00208061 0.0075 0.0158333 0.00295454 0.00113811 0.00317308 0.0123913 0.00202703 0.0101515 -0.00117486 0.00418367 -0.00110232 -0.000347004 0.00119718 0.00325243 0.0142308
internal_weight=4703 4302 2990 1312 137 42 26 2019 861 40 30 1158 971 742 459 68 24 44 391 208 23 185 33 183 49 821 634 355 206 26
internal_count=4703 4302 2990 1312 137 42 26 2019 861 40 30 1158 971 742 459 68 24 44 391 208 23 185 33 183 49 821 634 355 206 26
is_linear=0
shrinkage=0.05


Tree=57
num_leaves=31
num_cat=0
split_feature=2 3 17 9 12 12 6 17 6 6 14 16 1 0 0 18 3 3 17 8 14 6 1 0 17 17 14 3 6 12
split_gain=1.66031 1.14969 1.04736 3.6385 0.708429 1.05934 1.42409 1.4283 1.26984 0.780239 0.908159 1.15116 1.42941 0.469615 0.662797 0.531144 0.615256 1.08799 0.941176 0.441722 0.349757 0.348349 0.346154 0.33485 0.657559 0.831041 0.690487 0.80712 1.60303 0.833333
threshold=2.5000000000000004 0.32550000000000007 87.427857198241739 0.46450000000000008 13649.285000000002 24834.525000000005 0.74965706659407583 82.827836732576756 0.66362495610394812 0.96955980160831967 20841.895000000004 23.267716765776367 2.5000000000000004 11.500000000000002 10.500000000000002 1.0000000180025095e-35 2.3685000000000005 0.86150000000000004 80.572803554687098 2.5000000000000004 62275.270000000011 0.99999523405763624 3.5000000000000004 16.500000000000004 84.24627631821248 83.919905445758971 10867.475 1.4345000000000001 0.53626198271711323 16347.780000000002
decision_type=2 2 2 2 2 2 2 2 2 2 2 2 2 2 2 2 2 2 2 2 2 2 2 2 2 2 2 2 2 2
left_child=23 2 -2 -4 -3 6 7 8 -6 -8 -11 12 -12 14 15 16 17 19 -19 -7 21 -15 -23 -1 25 26 -25 -28 -29 -30
right_child=1 4 3 -5 5 13 9 -9 -10 10 11 -13 -14 20 -16 -17 -18 18 -20 -21 -22 22 -24 24 -26 -27 27 28 29 -31
leaf_value=-0.00039616520586397292 -0.0054788462945345477 -0.0029363747512221759 0.0096664261070333636 -0.019323631525288203 -0.0029296143937346244 0.014233381706138368 -0.0033433725418018979 0.0069176931388463736 0.015234044431093004 -0.013993142805046694 0.010515406169649719 -0.014073501104646334 0.019556458092371314 -0.0022320895129813822 0.012244852953289337 -0.0026472571506279299 -0.0030958535488282667 0.010857163259087692 0.0016121079752538263 -0.0028127623402970196 -0.0049848659728380174 0.0019633690646412294 -0.0099138170079287793 -0.014081541253753646 -0.0037357095882522731 0.021604656917919723 0.00049884142245703862 0.019262539901311031 0.010294793526017747 -0.00059908826643072818
leaf_weight=1875 1338 164 11.999999999999998 35 18.000000000000004 10.999999999999998 54 12.999999999999998 9.9999999999999982 15.999999999999998 17 10.999999999999998 14.999999999999998 57 15.999999999999998 79 23 15.999999999999998 18 42 105 13.000000000000002 12.999999999999998 52 183 12.999999999999998 429 14.999999999999998 9.9999999999999982 30
leaf_count=1875 1338 164 12 35 18 11 54 13 10 16 17 11 15 57 16 79 23 16 18 42 105 13 13 52 183 13 429 15 10 30
internal_value=-0.000874975 -0.00192271 -0.00276173 0.00457447 -0.000288327 0.000575867 0.00409091 0.0120732 0.00571428 0.00119469 0.00516949 0.00895349 0.01375 -0.000801528 0.000853657 2.64538e-05 0.00227273 0.0041954 0.0111765 -0.00028302 -0.00260638 -0.000180724 0.00461538 -3.26057e-05 0.000874316 0.00173953 0.00143657 0.00202479 0.00772727 0.0025
internal_weight=4703 2096 1385 47 711 547 154 41 28 113 59 43 32 393 205 189 110 87 34 53 188 83 26 2607 732 549 536 484 55 40
internal_count=4703 2096 1385 47 711 547 154 41 28 113 59 43 32 393 205 189 110 87 34 53 188 83 26 2607 732 549 536 484 55 40
is_linear=0
shrinkage=0.05


Tree=58
num_leaves=31
num_cat=0
split_feature=2 4 7 14 14 11 14 8 15 14 14 0 14 17 14 10 10 17 12 17 10 14 1 10 2 14 9 17 10 11
split_gain=1.86395 1.37159 0.832488 0.733338 0.982813 1.33032 0.604478 0.586047 0.576055 0.907391 0.81094 0.84166 1.28216 1.87936 2.9959 0.938477 1.52 2.87571 0.972222 0.944721 0.928175 1.49337 2.31441 2.5311 0.833537 0.779299 0.738796 0.727273 0.67662 1.15562
threshold=3.5000000000000004 0.64600000000000013 1.5000000000000002 116941.46000000001 112753.32000000002 340.50000000000006 374089.58500000008 4.5000000000000009 1.0000000180025095e-35 13176.940000000002 57741.200000000004 10.500000000000002 23257.920000000002 77.014453936995181 26760.550000000007 442.58500000000009 653.75000000000011 82.870544436570654 36712.720000000008 80.857133682186017 447.25000000000006 32337.785000000003 3.5000000000000004 239.75000000000003 1.5000000000000002 14437.015000000001 0.84500000000000008 85.360255829708493 1010.0000000000001 783.00000000000011
decision_type=2 2 2 2 2 2 2 2 2 2 2 2 2 2 2 2 2 2 2 2 2 2 2 2 2 2 2 2 2 2
left_child=3 -2 7 4 8 -6 -5 -3 9 -1 11 12 25 14 -14 18 17 -17 -15 26 21 22 23 -13 -16 -11 -18 -19 -10 -30
right_child=1 2 -4 6 5 -7 -8 -9 28 10 -12 20 13 15 24 16 19 27 -20 -21 -22 -23 -24 -25 -26 -27 -28 -29 29 -31
leaf_value=-0.010447053427576835 -0.016751350364423157 0.001995464730309053 -0.0030951053118729935 -0.0058175845901784762 0.016436630671493056 -0.000381129736563316 0.0017235769515717737 -0.0022801864870105461 -0.0018502361281586479 0.0034304692748269618 -0.00048382680977631038 0.0086017827980397459 0.042819636591038539 -0.010615452545674963 0.035055660359253747 -0.00027278841085423105 0.018634036271864308 0.019517121504102033 0.016525005343006844 -0.0020881773894283321 -0.0006870809038304319 -0.0025790616343426766 -0.0083399001282183551 0.052170380763490537 -0.00091825056969222917 -0.0094528852492328889 0.003891342537772935 0.0095491707009548038 0.0071644232719032339 0.0010982071658316415
leaf_weight=146 437 215 407 335 25 26 25 35 1792 12.999999999999998 256 22 9.9999999999999982 42 14.000000000000002 19 13 11.000000000000002 18 40 254 53 34 15.999999999999998 12.999999999999998 72 10 10.999999999999998 28 311
leaf_count=146 437 215 407 335 25 26 25 35 1792 13 256 22 10 42 14 19 13 11 18 40 254 53 34 16 13 72 10 11 28 311
internal_value=-0.000906869 -0.00271481 -0.00127093 -0.000358826 -0.000121577 0.0067647 -0.0025 0.000999999 -0.000231396 0.000716962 0.0012975 0.00221804 0.00426573 0.00644278 0.0166216 0.00414634 0.00701923 0.0145122 -0.000833335 0.00214286 0.000672822 0.0042 0.00888889 0.0173684 0.00796296 -0.000882354 0.0102174 0.0268182 -0.000706242 0.00134218
internal_weight=4703 1094 657 3609 3249 51 360 250 3198 1067 921 665 286 201 37 164 104 41 60 63 379 125 72 38 27 85 23 22 2131 339
internal_count=4703 1094 657 3609 3249 51 360 250 3198 1067 921 665 286 201 37 164 104 41 60 63 379 125 72 38 27 85 23 22 2131 339
is_linear=0
shrinkage=0.05


Tree=59
num_leaves=31
num_cat=0
split_feature=5 7 4 15 6 6 5 5 15 13 2 12 12 1 17 6 1 12 10 10 10 17 5 10 10 6 17 12 17 9
split_gain=1.7971 1.06528 0.979885 0.881605 0.742516 1.26595 0.724128 1.02846 0.901635 0.68551 0.8 0.670306 0.846761 1.34825 1.40414 1.04749 1.66062 1.75394 0.963333 0.718274 0.957343 0.777273 0.748067 0.662727 0.693333 0.641349 1.07143 0.555556 0.547123 0.941604
threshold=20.716550000000002 2.5000000000000004 10.292000000000003 1.0000000180025095e-35 0.92736824687440256 0.92239016771611393 1.0402500000000001 0.72945000000000015 1.0000000180025095e-35 -86263.874999999985 3.5000000000000004 13649.285000000002 57971.37000000001 3.5000000000000004 87.567211109478265 0.53161112827105861 1.5000000000000002 16109.195000000002 653.75000000000011 411.25000000000006 298.16500000000002 83.164403746052599 16.342850000000002 7.5000000000000009 60.500000000000007 0.32443027275362329 81.035691449752292 27088.380000000001 82.827836732576756 0.77500000000000013
decision_type=2 2 2 2 2 2 2 2 2 2 2 2 2 2 2 2 2 2 2 2 2 2 2 2 2 2 2 2 2 2
left_child=1 2 3 9 5 -5 7 -3 -9 10 -1 -11 13 14 15 16 25 -18 -19 20 21 23 -21 -17 -25 -13 -27 -20 29 -4
right_child=-2 6 28 4 -6 -7 -8 8 -10 11 -12 12 -14 -15 -16 19 17 18 27 22 -22 -23 -24 24 -26 26 -28 -29 -30 -31
leaf_value=-0.00058608590235434974 -0.0096302735944409218 -0.00079985575031341614 0.0067347523494852672 -0.00053973696093079096 -0.0075551183492809301 0.014229903667256847 -0.005094398320683269 0.014191107286310602 0.00038642966649566046 -0.0015669568688838167 0.009820667053500905 -0.027938678679351705 -0.0010639434832201799 -0.00063716329187947333 0.011446245456629311 0.016211211676397004 0.035527366261302297 0.027465994558306336 -0.0062160650486371115 -0.001923211317755157 0.022804471833684004 -0.039789676475977323 0.002987529743612825 -0.016546504556490382 0.006958296835470364 0.034087641378055721 -0.016589495711753281 0.026612705667676942 -0.00068177142493431437 -0.00051948335291831062
leaf_weight=10.000000000000002 670 105 57 1654 582 11.999999999999998 402 12.999999999999998 28 251 9.9999999999999982 31 308 251 10.999999999999998 10.999999999999998 12.999999999999998 20 12.000000000000002 96 9.9999999999999982 19 12.999999999999998 13.000000000000002 11.999999999999998 14.000000000000002 9.9999999999999982 18 34 12.999999999999998
leaf_count=10 670 105 57 1654 582 12 402 13 28 251 10 31 308 251 11 11 13 20 12 96 10 19 13 13 12 14 10 18 34 13
internal_value=-0.000885606 -0.000487232 -0.000164994 -0.000312039 -0.000885233 -0.00034814 -0.0025365 0.000479451 0.00719512 0.000825242 0.01 0.000660376 0.0013225 0.00249097 0.00473597 0.00407534 0.00771186 0.013254 0.009 0.00160919 0.00576923 0.00318182 -0.000871561 0.0075 0.003 0.00136364 0.0075 0.00333333 0.00461538 0.00714286
internal_weight=4703 4033 3485 3381 2248 1666 548 146 41 1133 20 1113 862 554 303 292 118 63 50 174 65 55 109 36 25 55 24 30 104 70
internal_count=4703 4033 3485 3381 2248 1666 548 146 41 1133 20 1113 862 554 303 292 118 63 50 174 65 55 109 36 25 55 24 30 104 70
is_linear=0
shrinkage=0.05


Tree=60
num_leaves=31
num_cat=0
split_feature=2 5 16 14 11 11 4 10 14 16 5 1 10 0 11 4 13 5 12 5 4 13 11 14 0 14 12 4 4 0
split_gain=1.98216 1.71783 1.06438 0.738694 0.767535 2.80152 0.797212 1.51454 2.80167 0.93985 0.724944 0.718595 0.889292 0.689311 1.61141 0.624204 1.21 1.05739 0.785625 0.625812 0.580801 0.758859 0.711111 0.678906 0.747545 0.84471 0.833705 0.820986 1.60583 0.715857
threshold=2.5000000000000004 12.704400000000001 13.510744003162833 10358.335000000001 685.50000000000011 768.50000000000011 3.5460000000000007 404.16500000000002 30128.115000000002 14.009588202596001 34.835950000000004 5.5000000000000009 727.1450000000001 18.500000000000004 89.500000000000014 0.097500000000000017 -25724.524999999998 10.187650000000001 309571.88000000006 9.7030000000000012 4.2745000000000006 -21687.074999999997 7.5000000000000009 41195.900000000009 14.500000000000002 59590.81500000001 42354.480000000003 0.44900000000000007 0.34650000000000003 5.5000000000000009
decision_type=2 2 2 2 2 2 2 2 2 2 2 2 2 2 2 2 2 2 2 2 2 2 2 2 2 2 2 2 2 2
left_child=10 2 -2 -4 6 -6 -5 8 -8 -9 15 -11 -13 -12 -15 16 -1 19 -18 20 23 -22 -23 -17 25 26 29 28 -26 -25
right_child=1 -3 3 4 5 -7 7 9 -10 11 13 12 -14 14 -16 17 18 -19 -20 -21 21 22 -24 24 27 -27 -28 -29 -30 -31
leaf_value=0.0014262624636673868 -0.0034482409506725476 -0.015407526515043013 -0.015771593299313866 -0.00082340115525259884 0.010857518977919832 0.00030507219326576991 0.0072311755629385945 0.0028801382677396863 6.3115869804600586e-05 -0.00055555182411383625 -0.0089783073564769569 0.0039223054547411684 -0.0033146644486030247 0.0023018613526145297 -0.0095976410197839371 -0.002200963631931899 0.0018301555094788775 -0.012192795887060327 0.027451418418886049 0.0025483598502445766 -0.00056743316436539651 0.0032715949211705392 0.0080132949612563113 0.0027390793027763137 -0.0011153061491865522 -0.0023317474999819047 -0.0001339253971280806 0.00071785099274871171 0.0076447544552276847 0.002932996716822732
leaf_weight=10.999999999999998 442 573 70 656 9.9999999999999982 44 14.999999999999998 18 25 181 115 19.000000000000004 9.9999999999999982 9.9999999999999982 29 400 1311 196 13.999999999999998 11.999999999999998 21 18 72 20 15.000000000000002 172 55 96 10.999999999999998 19
leaf_count=11 442 573 70 656 10 44 15 18 25 181 115 19 10 10 29 400 1311 196 14 12 21 18 72 20 15 172 55 96 11 19
internal_value=-0.000643778 -0.00180078 -0.000906041 -3.81691e-05 0.000316972 0.00611111 -2.16462e-05 0.00227612 0.01125 0.000701753 0.000275316 -0.000238096 0.00706896 -0.00305195 0.00269231 0.000485058 0.00121257 -0.000392955 0.00107547 0.000323819 0.000172413 0.00355856 0.00555555 -0.00030457 0.00118557 -0.000300753 0.00351064 0.00442623 0.0123077 0.00910256
internal_weight=4660 2063 1490 1048 978 54 924 268 40 228 2597 210 29 154 39 2443 1336 1107 1325 911 899 111 90 788 388 266 94 122 26 39
internal_count=4660 2063 1490 1048 978 54 924 268 40 228 2597 210 29 154 39 2443 1336 1107 1325 911 899 111 90 788 388 266 94 122 26 39
is_linear=0
shrinkage=0.05


Tree=61
num_leaves=31
num_cat=0
split_feature=2 5 4 7 6 0 12 9 10 4 4 14 6 5 4 0 4 0 6 14 2 3 12 11 0 12 2 6 14 12
split_gain=1.84758 2.03777 0.943132 0.865385 0.846956 1.2632 2.1039 1.75 0.820707 0.769338 1.30607 1.01423 2.67273 0.870777 0.762947 1.55046 2.56175 2.069 1.94329 0.792692 0.732342 0.653358 0.583715 0.555122 0.527473 0.525865 0.592148 1.4178 1.62041 0.510946
threshold=1.5000000000000002 10.354150000000002 20.199500000000004 2.5000000000000004 0.5042544677934423 17.500000000000004 43095.395000000011 0.84500000000000008 688.12500000000011 0.35600000000000004 0.34650000000000003 13697.710000000001 0.77748825229323681 9.925200000000002 4.3575000000000008 7.5000000000000009 6.8725000000000014 3.5000000000000004 0.88157700852377452 107725.14000000001 3.5000000000000004 0.79700000000000015 19143.490000000002 7.5000000000000009 13.500000000000002 19636.725000000002 3.5000000000000004 0.60961052103512769 26760.550000000007 43095.395000000011
decision_type=2 2 2 2 2 2 2 2 2 2 2 2 2 2 2 2 2 2 2 2 2 2 2 2 2 2 2 2 2 2
left_child=-1 2 4 24 5 -2 8 -8 -7 10 11 12 -6 -13 22 16 17 21 -19 -18 29 -16 -11 -24 -4 -25 -27 -28 -29 -3
right_child=1 20 3 -5 9 6 7 -9 -10 14 -12 13 -14 -15 15 -17 19 18 -20 -21 -22 -23 23 25 -26 26 27 28 -30 -31
leaf_value=0.0021166128318619855 4.7709758212738573e-05 -0.0054098282278799157 0.0045081268692522295 -0.002508011568317496 -0.0088065364861540183 0.0036275137240628294 0.013713404359685578 0.019780016300705867 -0.0061651242062252254 -0.0034313649627504754 0.0080498002368764171 -0.0025155329621912963 0.018630009826444732 0.0029744477040317494 -0.0087351023573877928 -0.00023728486674546155 -0.0030015655952296463 0.0026906412846252809 0.0067728744280412985 0.0057184025389066936 -0.015061978549796374 0.0019276202283006799 -0.0066873657298716395 0.00081593968793094095 0.00099410807366657854 -0.0007360990636885368 0.0065529764144996588 0.012593901256897383 -0.001165382074264869 -0.0092241362010535496
leaf_weight=1257 285 493 12.000000000000002 9.9999999999999982 12.000000000000002 18 14 14 26 627 9.9999999999999982 87 9.9999999999999982 11.999999999999998 10.000000000000002 259 58 10.000000000000002 10.999999999999998 12.999999999999998 361 19 169 13.999999999999998 13.999999999999998 433 17 9.9999999999999982 164 211
leaf_count=1257 285 493 12 10 12 18 14 14 26 627 10 87 10 12 10 259 58 10 11 13 361 19 169 14 14 433 17 10 164 211
internal_value=-0.000751074 -0.00135616 -0.000530369 0.0075 -0.000655953 0.00158263 0.0075 0.0182143 0.000681817 -0.00106684 0.00263359 0.00119835 0.0109091 -0.000959597 -0.00133407 0.000657894 0.00533058 0.014 0.0259524 -0.000774649 -0.00316902 0.00534483 -0.00186193 -0.00097274 0.0123077 -0.000297807 -0.000512822 0.00180628 0.000459769 -0.00223011
internal_weight=4660 3403 2338 36 2302 357 72 28 44 1945 131 121 22 99 1814 380 121 50 21 71 1065 29 1434 807 26 638 624 191 174 704
internal_count=4660 3403 2338 36 2302 357 72 28 44 1945 131 121 22 99 1814 380 121 50 21 71 1065 29 1434 807 26 638 624 191 174 704
is_linear=0
shrinkage=0.05


Tree=62
num_leaves=31
num_cat=0
split_feature=2 5 4 16 16 14 4 11 17 12 0 2 3 13 4 5 13 16 11 16 3 2 14 14 9 12 14 16 16 7
split_gain=1.67364 1.77193 0.962823 0.938574 0.841875 1.64227 1.5 1.15679 1.14603 0.708075 0.790843 0.694007 0.803357 0.955635 0.84801 0.739404 0.799693 0.688606 0.763958 0.925629 0.965399 1.92594 0.791711 1.50932 2.72601 0.832242 1.18191 0.630954 0.931627 1.08112
threshold=3.5000000000000004 4.2718500000000006 22.131500000000003 24.911032000072755 24.136755219836942 79235.905000000013 0.34650000000000003 207.00000000000003 84.190453844111616 30737.640000000003 11.500000000000002 1.5000000000000002 4.291500000000001 -4324.744999999999 5.4400000000000004 0.30240000000000006 -1324.0449999999998 13.510744003162833 5.5000000000000009 15.918622883138529 0.53650000000000009 4.5000000000000009 22025.810000000001 30128.115000000002 0.58550000000000002 30943.855000000003 49516.825000000004 14.931015983914163 18.265762733935556 1.0000000180025095e-35
decision_type=2 2 2 2 2 2 2 2 2 2 2 2 2 2 2 2 2 2 2 2 2 2 2 2 2 2 2 2 2 2
left_child=3 2 17 4 11 7 -7 -6 9 -9 -11 -1 27 -14 -15 16 -16 -2 -19 20 21 -20 -21 24 -24 -25 -27 -13 29 -29
right_child=1 -3 -4 -5 5 6 -8 8 -10 10 -12 12 13 14 15 -17 -18 18 19 22 -22 -23 23 25 -26 26 -28 28 -30 -31
leaf_value=0.0033863914494137062 -0.0060843920448593117 -0.012053701318673267 0.0012384664925909773 -0.0029946598451260943 -0.0048726839776245291 0.0078506952590817608 0.0087057214015541645 -0.010833326211347883 0.012283848770674328 -0.012118253858223483 0.0119842952532749 -0.0014642213157418085 -0.0012512903481476179 0.016794370917599916 0.0095549753200583568 -0.003555591944798302 0.0073622062502735107 -0.011519285932635417 0.013684975070884267 -0.011281948148873677 -0.00059752386789473262 -0.00014647853988959542 -0.0011215271087672489 -0.013148225478020227 0.0064303838131734336 0.0036071173881463562 4.0959343924961764e-05 -0.00039385467696518358 -0.0010974828763813732 0.0027071214839832613
leaf_weight=1013 144 532 9.9999999999999982 555 69 12.000000000000002 11.999999999999998 19 18 12.000000000000002 10.999999999999998 757 24 9.9999999999999982 9.9999999999999982 15.999999999999998 43 70 17.000000000000004 81 15.999999999999998 12.999999999999998 15.000000000000002 51 12.999999999999998 18 92 213 608 186
leaf_count=1013 144 532 10 555 69 12 12 19 18 12 11 757 24 10 10 16 43 70 17 81 16 13 15 51 13 18 92 213 608 186
internal_value=-0.000654508 -0.00238806 -0.000370372 -0.000136568 0.000209362 0.00382353 0.0158333 0.00158915 0.00666667 0.00214286 0.00804348 1.73599e-05 -0.000554366 0.00373786 0.0063924 0.00442029 0.00726415 -0.000660379 0.000440413 0.00148734 0.00804348 0.0133333 0.000370369 0.00214286 0.0128571 0.000279502 0.00272727 -0.00080499 1.48945e-05 0.00189223
internal_weight=4660 1072 540 3588 3033 153 24 129 60 42 23 2880 1867 103 79 69 53 530 386 316 46 30 270 189 28 161 110 1764 1007 399
internal_count=4660 1072 540 3588 3033 153 24 129 60 42 23 2880 1867 103 79 69 53 530 386 316 46 30 270 189 28 161 110 1764 1007 399
is_linear=0
shrinkage=0.05


Tree=63
num_leaves=31
num_cat=0
split_feature=2 4 7 3 17 3 3 4 5 5 3 3 16 17 9 8 3 16 16 17 5 4 13 13 0 15 9 9 11 6
split_gain=1.51804 1.74231 0.772803 1.17024 1.48485 1.51515 0.731197 0.854666 0.688176 0.623272 1.35641 0.933707 0.54852 1.2586 1.03939 0.643161 0.54697 0.499775 1.079 0.783039 0.634497 0.698203 0.593211 0.727026 0.641766 0.65514 0.681502 0.672677 0.876623 0.695455
threshold=3.5000000000000004 3.4865000000000004 1.0000000180025095e-35 1.9800000000000002 83.848366907275093 1.2585000000000002 0.0055000000000000005 20.199500000000004 9.925200000000002 12.704400000000001 0.05050000000000001 0.028500000000000004 20.48183243048598 85.740439090763076 0.58550000000000002 2.5000000000000004 0.6905 21.969527098366171 21.59285286976024 78.186625943559719 0.69925000000000004 0.35600000000000004 -5116.7549999999992 -2646.4749999999995 3.5000000000000004 1.0000000180025095e-35 0.63350000000000006 0.84500000000000008 38.500000000000007 0.98169432450570493
decision_type=2 2 2 2 2 2 2 2 2 2 2 2 2 2 2 2 2 2 2 2 2 2 2 2 2 2 2 2 2 2
left_child=6 8 3 4 5 16 -1 9 12 10 11 -8 -2 15 -15 -14 -3 18 20 -20 22 -22 -12 -24 -25 26 -26 29 -29 -27
right_child=1 2 -4 -5 -6 -7 7 -9 -10 -11 17 -13 13 14 -16 -17 -18 -19 19 -21 21 -23 23 24 25 27 -28 28 -30 -31
leaf_value=0.0004400080289354122 -0.0043643009507922659 0.007864156055161808 -0.00012464541246619032 -0.0021906702224250923 -0.00037032562092411303 0.012023272435979393 -0.0043144877812619177 0.0026989632565353212 -0.013707358086290004 -0.0081562456482014035 -0.0011681335647505777 0.011162409656469661 0.0073276531304099753 -0.0055441639207407453 0.01028247376077129 -0.010838386191315344 -0.0015143704833906523 -0.0022302974853271418 -0.0022863740763000898 0.0036917561860794475 0.00228844845273172 -0.0015700719830318587 0.0082133230130367225 -0.0043351551042130204 0.013111730110242831 -0.0049973006817932404 0.0048105634043418893 -0.002320049001568267 0.025893482606033746 0.017462108720550776
leaf_weight=1829 304 12.000000000000002 165 31 10.999999999999998 10.999999999999998 17 15.999999999999998 366 454 43 18 14.999999999999998 10.000000000000002 10.999999999999998 126 9.9999999999999982 390 11.000000000000002 15.999999999999998 141 527 11.999999999999998 21 15 34 13 11.000000000000002 9.9999999999999982 9.9999999999999982
leaf_count=1829 304 12 165 31 11 11 17 16 366 454 43 18 15 10 11 126 10 390 11 16 141 527 12 21 15 34 13 11 10 10
internal_value=-0.000643778 -0.00229478 0.00145833 0.00566667 0.0109091 0.0162121 -0.000150503 -0.000878341 -0.00337741 -0.000983937 -0.00042281 0.00928571 -0.00210301 0.000246912 0.0116667 -0.0014539 0.00863636 -0.000693781 -2.31493e-05 0.00981481 -0.000340503 -0.00103294 0.00239645 0.00412698 0.00289474 0.00467742 0.0110714 0.00192308 0.00928571 -0.00159091
internal_weight=4660 1072 240 75 44 33 3588 1759 832 1743 1289 35 466 162 21 141 22 1254 864 27 837 668 169 126 114 93 28 65 21 44
internal_count=4660 1072 240 75 44 33 3588 1759 832 1743 1289 35 466 162 21 141 22 1254 864 27 837 668 169 126 114 93 28 65 21 44
is_linear=0
shrinkage=0.05


Tree=64
num_leaves=31
num_cat=0
split_feature=13 4 6 9 10 4 14 10 16 12 14 10 14 17 17 14 16 16 6 17 14 10 13 4 10 16 4 12 12 4
split_gain=1.14275 1.08974 0.829861 1.19971 0.875 0.692418 1.43459 0.948543 0.926937 0.660701 0.99329 1.00256 1.04793 0.778121 0.88366 0.688095 0.636692 1.03121 0.881559 0.77038 0.669386 0.850524 0.618171 0.607278 0.603304 0.58977 0.578202 0.635676 0.806667 0.57304
threshold=-1.0000000180025095e-35 0.21750000000000003 0.61861742912186335 1.0000000180025095e-35 710.41500000000008 0.35600000000000004 10627.450000000003 390.16500000000002 20.770541693754065 18092.315000000006 25744.280000000002 743.50000000000011 21523.895000000004 73.319708989284791 72.984132124666615 23137.610000000004 23.154238048529937 26.699773523443685 0.59101410862204518 78.142664594838735 25612.985000000004 1175.5000000000002 -2561.1849999999995 4.1945000000000006 145.75000000000003 8.3940074446148909 12.403 34254.415000000008 63183.685000000005 3.0835000000000004
decision_type=2 2 2 2 2 2 2 2 2 2 2 2 2 2 2 2 2 2 2 2 2 2 2 2 2 2 2 2 2 2
left_child=1 24 3 4 -3 6 -4 8 -8 -7 11 12 -11 14 -12 -14 20 18 19 -18 -5 22 -22 -21 -1 -26 -15 -28 -29 -2
right_child=29 2 5 16 -6 9 7 -9 -10 10 13 -13 15 26 -16 -17 17 -19 -20 23 21 -23 -24 -25 25 -27 27 28 -30 -31
leaf_value=0.00033213068503098732 2.5576710046210871e-05 0.0028188515752272094 0.0090475096637512957 -0.0034196929333413905 0.00087210398103205469 -0.0020592252341893199 -0.0071315241579018368 -0.0026334267978420389 0.0070604131225408999 -0.0092174802160064229 -0.0012843386353252435 -0.0039110128719769656 0.015872519003760528 -0.0013262932184259406 0.010416490694717237 0.0062694301619213057 -0.022582540005811381 -0.013101711144803652 0.0036526908284585319 0.0030614064042445862 -0.00044986376245071405 0.0059700847617464962 0.0041118590919463098 -4.7327807418529181e-05 0.0008912342235368291 -0.0097141577303707875 -0.00050445410694685761 0.0010291812417461644 2.6738274840067829e-05 0.0071431678718884943
leaf_weight=10.999999999999998 1939 13.999999999999998 12.999999999999998 82 18 609 18.000000000000004 78 12.999999999999998 15.999999999999998 36 18 14.999999999999998 612 14.999999999999998 20 13.999999999999998 21 11.999999999999998 21 169 13.999999999999998 18 10.999999999999998 19 689 11.999999999999998 10.000000000000002 14.999999999999998 108
leaf_count=11 1939 14 13 82 18 609 18 78 13 16 36 18 15 612 15 20 14 21 12 21 169 14 18 11 19 689 12 10 15 108
internal_value=-0.000633048 -0.00132606 -0.000696939 0.00134518 0.010625 -0.00123333 0.00237705 0.000504586 0.00790322 -0.00155298 -0.000578675 0.00514493 0.00872549 -0.00114286 0.00480392 0.0135714 0.000524861 0.00449367 0.00793103 0.00478261 -0.00058304 0.000970148 8.02127e-05 0.0090625 -0.00298331 -0.00316384 -0.00161017 0.00445946 0.009 0.000251586
internal_weight=4660 2613 1894 394 32 1500 122 109 31 1378 769 69 51 700 51 35 362 79 58 46 283 201 187 32 719 708 649 37 25 2047
internal_count=4660 2613 1894 394 32 1500 122 109 31 1378 769 69 51 700 51 35 362 79 58 46 283 201 187 32 719 708 649 37 25 2047
is_linear=0
shrinkage=0.05


Tree=65
num_leaves=31
num_cat=0
split_feature=2 17 17 10 10 1 10 13 5 4 12 12 17 10 17 17 8 4 13 4 4 3 3 3 12 17 17 13 13 4
split_gain=1.40034 0.750438 1.05478 2.55029 0.870871 1.00358 1.1361 0.838095 0.699839 1.03346 0.519274 0.623336 0.745926 0.8239 0.738769 1.18982 0.900779 1.76872 0.783185 1.61488 0.669681 1.4963 1.8992 0.795073 0.708686 0.639279 1.38205 0.617016 0.976596 1.35
threshold=4.5000000000000009 72.984132124666615 73.266472652803301 316.25000000000006 703.83500000000015 3.5000000000000004 905.83500000000015 -1.0000000180025095e-35 2.9247000000000001 1.9845000000000004 118714.14000000001 30737.640000000003 80.634262836990104 3.2500000000000004 85.252946259673806 85.973010088618636 2.5000000000000004 1.7610000000000003 -18379.704999999998 0.20650000000000002 2.8820000000000001 0.6905 0.033500000000000009 0.0055000000000000005 32002.205000000005 78.56048169039785 79.819298599348286 -86263.874999999985 -123179.43999999999 1.8195000000000003
decision_type=2 2 2 2 2 2 2 2 2 2 2 2 2 2 2 2 2 2 2 2 2 2 2 2 2 2 2 2 2 2
left_child=1 -1 3 -3 -5 -6 -7 -8 9 -2 11 14 13 -13 27 16 -16 -18 19 -17 23 22 -22 24 -15 -23 -27 28 -4 -30
right_child=8 2 10 4 5 6 7 -9 -10 -11 -12 12 -14 20 15 18 17 -19 -20 -21 21 25 -24 -25 -26 26 -28 -29 29 -31
leaf_value=-0.0072914783064578466 0.0021018680529089357 0.041880755653786017 -0.009931898605356022 -0.0040263682957222928 -0.005915508195517406 0.014706313627680779 -0.014522176712392011 0.0098099639735762731 -0.011970541284452666 -0.00088875868205527458 -0.0051410214157435706 0.049507355488567058 -0.00084349337891476736 0.027449555199861239 0.0039491995281272429 0.0028148701041017191 -8.5254564913616381e-05 0.006210364367915916 -0.0031875394875023272 -0.00028545822303747666 0.00073006670323010601 -0.00016779676380179563 0.0039434753695089166 -0.00079473398132885492 0.0039105313704887214 0.01029597749990652 -0.0081359657835645468 -0.0012294396566066453 0.0017571398374631225 0.009687060965044467
leaf_weight=288 9.9999999999999982 12.999999999999998 17 29 13.999999999999998 10.000000000000002 11 10 313 173 265 12.999999999999998 737 17 42 13.999999999999998 15.999999999999998 17 252 45 16.000000000000004 61 10.999999999999998 350 314 15.000000000000002 10.999999999999998 1660 20.000000000000004 9.9999999999999982
leaf_count=288 10 13 17 29 14 10 11 10 313 173 265 13 737 17 42 14 16 17 252 45 16 61 11 350 314 15 11 1660 20 10
internal_value=-0.000569754 -0.000278169 -0.000100252 0.00534483 0.00175676 0.00611111 0.011129 0.00452381 -0.00308468 -0.000628416 -0.000221626 -6.59715e-05 0.000695792 0.00174505 -0.000628286 0.00134715 0.007 0.0131818 -1.60784e-05 0.00516949 0.00154088 0.00508772 0.0153704 0.000947135 0.00270393 0.00189655 0.00846154 -0.00107499 0.00457447 0.01
internal_weight=4774 4278 3990 87 74 45 31 21 496 183 3903 3638 1545 808 2093 386 75 33 311 59 795 114 27 681 331 87 26 1707 47 30
internal_count=4774 4278 3990 87 74 45 31 21 496 183 3903 3638 1545 808 2093 386 75 33 311 59 795 114 27 681 331 87 26 1707 47 30
is_linear=0
shrinkage=0.05


Tree=66
num_leaves=31
num_cat=0
split_feature=2 5 3 5 14 14 0 5 16 16 5 5 17 4 3 12 3 13 4 16 16 12 0 17 12 16 14 14 17 0
split_gain=1.60399 1.84334 1.01217 0.92844 0.911273 1.16406 2.03266 1.17221 2.205 0.795091 0.779732 1.09006 4.07414 0.749278 0.821108 1.22563 0.675 0.67366 1.53846 0.656487 1.02541 1.43761 0.71877 2.06719 0.909784 1.03285 2.63885 0.945333 1.09578 1.01863
threshold=3.5000000000000004 1.2797500000000002 2.2165000000000004 0.25580000000000008 116941.46000000001 96678.215000000011 3.5000000000000004 5.659650000000001 24.221205388606588 12.622923270631448 34.835950000000004 22.098600000000001 86.79146885511868 3.8930000000000002 1.4795000000000003 32002.205000000005 2.9730000000000003 -83487.494999999981 1.4330000000000001 21.772941875618461 21.59285286976024 40861.825000000004 14.500000000000002 72.331359244633816 10944.880000000003 17.229783311889655 14816.650000000001 38784.450000000004 78.56048169039785 20.500000000000004
decision_type=2 2 2 2 2 2 2 2 2 2 2 2 2 2 2 2 2 2 2 2 2 2 2 2 2 2 2 2 2 2
left_child=4 2 3 -2 5 10 -7 8 16 -9 11 19 -13 -5 -15 -16 -8 18 -3 20 22 -22 -1 -24 -25 -26 -27 -28 -29 -30
right_child=1 17 -4 13 -6 6 7 9 -10 -11 -12 12 -14 14 15 -17 -18 -19 -20 -21 21 -23 23 24 25 26 27 28 29 -31
leaf_value=0.0011455809027028383 0.0093676811921843649 -0.015964129269034098 -0.0014161147378009497 0.006444142289500087 -0.0037441034786187795 0.038598332493165008 0.00018472478586096521 0.010905020567548704 0.0079585017334312721 -0.0084823071793829266 -0.0078845999890639808 0.0020412440088708006 0.0053586238480083743 -0.00015295543607232872 0.015369921091358594 -0.00038822699859741069 0.014999846472314147 -0.0093702785918209075 0.0092027079167922386 -0.0010792473041550457 0.00061399699608563998 0.021021130484905382 0.042212076249919607 -0.010349875307789606 -0.0027159393279441004 0.025621284315612669 -0.0063076563400248711 -0.015904968063066623 0.026013915870135712 -0.00045966750115985659
leaf_weight=1184 10.999999999999998 16.000000000000004 68 17 367 11.999999999999998 30 24 9.9999999999999982 74 201 110 11.999999999999998 122 11.000000000000002 11.999999999999998 9.9999999999999982 832 9.9999999999999982 899 26 9.9999999999999982 15.999999999999998 155 390 10.999999999999998 68 24 29 12.999999999999998
leaf_count=1184 11 16 68 17 367 12 30 24 10 74 201 110 12 122 11 12 10 832 10 899 26 10 16 155 390 11 68 24 29 13
internal_value=-0.000548807 -0.00222475 0.001639 0.00367052 -4.76202e-05 0.00021463 0.004375 0.00277027 0.009 -0.000408164 3.17543e-06 0.000208686 0.00483606 0.00271605 0.00155172 0.0102174 0.00375 -0.00331002 0.00461538 8.84837e-06 0.000529594 0.00888889 0.000370369 -0.000892352 -0.00130435 -0.000327104 0.00327586 0.00134328 0.00560606 0.0104762
internal_weight=4774 1099 241 173 3675 3308 160 148 50 98 3148 2947 122 162 145 23 40 858 26 2825 1926 36 1890 706 690 535 145 134 66 42
internal_count=4774 1099 241 173 3675 3308 160 148 50 98 3148 2947 122 162 145 23 40 858 26 2825 1926 36 1890 706 690 535 145 134 66 42
is_linear=0
shrinkage=0.05


Tree=67
num_leaves=31
num_cat=0
split_feature=2 5 13 5 16 5 5 10 5 1 11 11 12 12 6 14 13 0 14 13 6 5 6 12 14 14 12 14 0 11
split_gain=1.59774 1.2634 0.88014 0.8 0.613998 0.612391 0.825101 1.529 2.21215 1.12179 0.824426 1.04657 0.950521 1.19761 0.815508 1.79947 3.125 1.1235 1.13659 1.38931 0.894853 0.866512 0.77504 1.92533 0.921381 0.753119 0.949911 0.924736 0.890416 0.666737
threshold=3.5000000000000004 2.9247000000000001 -86263.874999999985 1.5880000000000003 8.2832255730924356 34.835950000000004 25.836550000000003 587.62500000000011 27.468850000000003 3.5000000000000004 142.50000000000003 191.50000000000003 18902.125000000004 10565.685000000003 0.66599201550779907 10627.450000000003 -997.51499999999999 12.500000000000002 51871.495000000003 -24483.179999999997 0.50982782969964602 22.098600000000001 0.46767516915543955 115085.80500000001 31500.860000000004 15400.660000000002 22557.560000000001 28117.240000000002 6.5000000000000009 6.5000000000000009
decision_type=2 2 2 2 2 2 2 2 2 2 2 2 2 2 2 2 2 2 2 2 2 2 2 2 2 2 2 2 2 2
left_child=5 2 3 -2 -3 6 10 8 -8 -10 -1 12 13 -12 20 16 -16 18 19 -17 21 22 -13 24 -24 -21 -27 -28 -29 -7
right_child=1 4 -4 -5 -6 29 7 -9 9 -11 11 14 -14 -15 15 17 -18 -19 -20 25 -22 -23 23 -25 -26 26 27 28 -30 -31
leaf_value=-0.00075807034845400091 -0.00032954732488699509 0.0010557649244524866 -0.00029473185310810652 0.0087425725209526271 -0.0096834814590645874 0.0023969012860269958 0.0092659346605645562 -0.0023788340215979992 -0.0062140984377219545 0.0026876970550481945 0.0029428793593540108 -0.00019629513973031082 0.001909842231316555 0.034496740385720828 0.019257955907434801 0.0081077261619213661 -0.016654834401937102 -0.0030058519445024107 -0.010121279860898261 0.010433925846250032 -0.001768253721367932 0.013886409612790904 -0.0066040768279452353 0.014183442031662342 0.012646688844289215 -0.0032953724005651804 0.018227150943845302 -0.0022455602700183828 0.01112723322087188 -0.0070255796671624057
leaf_weight=1368 10.000000000000002 11.999999999999998 422 9.9999999999999982 645 9.9999999999999982 10.999999999999998 63 14.000000000000002 11.999999999999998 17.000000000000004 970 75 13.999999999999998 15.999999999999998 9.9999999999999982 15.999999999999998 154 57 10.999999999999998 401 13.999999999999998 58 9.9999999999999982 67 30 11.999999999999998 22 21 222
leaf_count=1368 10 12 422 10 645 10 11 63 14 12 17 970 75 14 16 10 16 154 57 11 401 14 58 10 67 30 12 22 21 222
internal_value=-0.000643068 -0.00231574 -0.00024887 0.01 -0.00370624 -0.000142858 2.46866e-05 0.0045 0.0125676 0.00461538 -0.000109185 0.000544303 0.00537736 0.0127419 0.000270197 0.00244986 0.01375 0.00130915 0.00420245 0.00726415 -0.000230264 0.000495977 0.000339365 0.00388889 0.0022 0.00541667 0.00382353 0.00772727 0.00430232 -0.00262931
internal_weight=4774 1099 442 20 657 3675 3443 100 37 26 3343 1975 106 31 1869 349 32 317 163 106 1520 1119 1105 135 125 96 85 55 43 232
internal_count=4774 1099 442 20 657 3675 3443 100 37 26 3343 1975 106 31 1869 349 32 317 163 106 1520 1119 1105 135 125 96 85 55 43 232
is_linear=0
shrinkage=0.05


Tree=68
num_leaves=31
num_cat=0
split_feature=2 17 17 12 14 14 9 10 10 5 11 11 16 0 16 14 14 4 5 11 16 12 11 10 5 4 5 4 0 17
split_gain=1.41936 0.920746 1.31616 1.79985 0.751606 2.99789 1.84048 1.54002 2.53125 0.886215 0.691126 1.34289 2.25268 0.864205 0.773514 0.758404 1.18785 2.40833 0.705968 0.654955 0.725063 1.50367 2.63377 0.613695 0.605036 1.06991 0.60123 1.26061 0.8 0.56261
threshold=4.5000000000000009 72.984132124666615 73.266472652803301 67756.030000000013 119385.36000000002 112753.32000000002 0.46450000000000008 770.75000000000011 532.71000000000015 0.25580000000000008 243.50000000000003 257.50000000000006 13.467251184966097 20.500000000000004 25.152838904605233 25171.420000000002 26340.675000000003 2.1015000000000006 34.835950000000004 201.50000000000003 24.412324950802734 33550.210000000014 11.500000000000002 462.83500000000009 2.9247000000000001 1.9845000000000004 13.425050000000002 2.4590000000000001 11.500000000000002 82.622269562516095
decision_type=2 2 2 2 2 2 2 2 2 2 2 2 2 2 2 2 2 2 2 2 2 2 2 2 2 2 2 2 2 2
left_child=1 -1 3 26 5 10 -7 8 -8 -6 14 12 -12 -14 15 23 17 -17 29 20 -18 22 -22 -4 25 -2 27 28 -3 -13
right_child=24 2 4 -5 9 6 7 -9 -10 -11 11 18 13 -15 -16 16 19 -19 -20 -21 21 -23 -24 -25 -26 -27 -28 -29 -30 -31
leaf_value=-0.0063173487994192014 0.001591048183603901 0.00214725341670311 -0.00058784509317010491 0.027763549229702381 0.00060683571521176569 -0.0032177383579138578 0.01042842415359206 0.0071621882549613618 0.012346442317803689 -0.0074041244196876611 0.025727210405508079 -0.00023500617125354502 -0.010055571442328286 0.01871423604493936 -0.01145495960461366 0.00015147587470048276 -1.0004883372116368e-05 0.010426916239071488 -0.0076296928118213302 -0.0047113198528835297 -0.0041475746885579661 -0.00095250420874086776 0.0059692003384171684 -0.0066525680957156778 -0.010419326217685765 -0.00080895636962169588 -0.004575688930572989 -0.0016222009291561063 0.013675141774704788 0.0024228166234414581
leaf_weight=288 9.9999999999999982 10.000000000000002 347 18 12.999999999999998 22 15.999999999999998 25 15.999999999999998 358 9.9999999999999982 914 22 9.9999999999999982 245 30 804 9.9999999999999982 110 80 11.000000000000002 34 9.9999999999999982 271 313 173 36 12.999999999999998 9.9999999999999982 545
leaf_count=288 10 10 347 18 13 22 16 25 16 358 10 914 22 10 245 30 804 10 110 80 11 34 10 271 313 173 36 13 10 545
internal_value=-0.000653541 -0.000359982 -0.000162908 0.00591954 -0.00029849 -7.36139e-05 0.00955696 0.0142982 0.0215625 -0.00243935 -0.000293948 0.000462444 0.00928571 0.0028125 -0.000955484 -0.000554165 0.000311541 0.00875 0.000226258 -4.79245e-05 0.000355063 0.00590909 0.0164286 -0.00192557 -0.00318549 -0.000901641 0.00224638 0.00712121 0.015 0.000517477
internal_weight=4774 4278 3990 87 3903 3532 79 57 32 371 3453 1611 42 32 1842 1597 979 40 1569 939 859 55 21 618 496 183 69 33 20 1459
internal_count=4774 4278 3990 87 3903 3532 79 57 32 371 3453 1611 42 32 1842 1597 979 40 1569 939 859 55 21 618 496 183 69 33 20 1459
is_linear=0
shrinkage=0.05


Tree=69
num_leaves=31
num_cat=0
split_feature=2 5 17 17 10 10 10 0 6 10 10 17 17 10 0 1 12 13 13 13 5 10 11 5 6 0 11 17 11 0
split_gain=1.40978 1.02619 0.859562 0.941485 1.68652 0.791209 1.25641 0.709287 0.961538 0.566667 0.508069 0.693788 1.15484 0.995052 0.747692 0.538243 1.00526 0.554581 0.866995 0.675325 0.753573 0.546463 1.34379 0.524267 1.23614 0.929099 1.69572 1.64902 0.923061 1.50852
threshold=3.5000000000000004 2.9247000000000001 72.984132124666615 73.266472652803301 316.25000000000006 703.83500000000015 905.83500000000015 1.0000000180025095e-35 0.96388927485815512 1175.5000000000002 239.75000000000003 78.142664594838735 77.732331062107065 6.5000000000000009 12.500000000000002 1.5000000000000002 21691.170000000002 -2373.4399999999991 -1557.4099999999996 -157.39999999999995 0.60910000000000009 424.26500000000004 7.5000000000000009 3.6653000000000007 0.26652637152847491 6.5000000000000009 870.50000000000011 80.678335016360677 9.5000000000000018 3.5000000000000004
decision_type=2 2 2 2 2 2 2 2 2 2 2 2 2 2 2 2 2 2 2 2 2 2 2 2 2 2 2 2 2 2
left_child=2 -2 -1 4 -4 -6 -7 8 -3 -8 11 12 13 -5 -14 16 21 -18 -19 -20 -21 22 -12 24 -17 26 28 -28 29 -26
right_child=1 7 3 10 5 6 9 -9 -10 -11 15 -13 14 -15 -16 23 17 18 19 20 -22 -23 -24 -25 25 -27 27 -29 -30 -31
leaf_value=-0.0060867077815828386 -0.00018747319422317911 0.0014063976513019796 0.038962222279348153 0.022321218270254232 -0.012511010440795518 0.012207021219313503 -0.0032557904456175808 -0.0095566870686334265 -0.0054187590609560141 0.0084898990532570797 0.0077562695284614548 -0.0055023261788191315 0.031186421036601349 -0.0021889517061114212 -0.0015892637531647912 0.0064884971530050602 -0.00021625407366979269 0.009440098012520555 -0.0090358398803437583 0.023879147043171674 0.011612106453606566 -0.0014982937611234645 -0.0012409670800688085 -0.0014117922127641737 -7.4216909018076632e-06 -0.00053650643088298746 0.0043388447265316271 -0.00031719432482964183 -0.00019469663711265753 0.0076627802088599165
leaf_weight=251 442 13 12.999999999999998 32 24 11.999999999999998 17.000000000000004 631 13 9.9999999999999982 9.9999999999999982 387 12.000000000000002 145 12.999999999999998 19 121 10.999999999999998 22 14.999999999999998 271 213 43 1307 31 484 17 14.999999999999998 157 23
leaf_count=251 442 13 13 32 24 12 17 631 13 10 10 387 12 145 13 19 121 11 22 15 271 213 43 1307 31 484 17 15 157 23
internal_value=-0.000653541 -0.00222475 -0.000183675 2.33633e-05 0.00552631 0.00214286 0.00653846 -0.00347793 0.00461538 0.000555554 -0.000101554 -0.00143464 0.000940593 -0.000480227 0.011 0.000183036 0.00137394 0.00284091 0.00393417 0.00344156 0.00409091 -0.00105263 0.00349056 -0.000226499 0.000831098 0.000502062 0.00302469 0.01375 0.0013981 0.00703704
internal_weight=4774 1099 3675 3424 76 63 39 657 26 27 3348 589 202 177 25 2759 706 440 319 308 286 266 53 2053 746 727 243 32 211 54
internal_count=4774 1099 3675 3424 76 63 39 657 26 27 3348 589 202 177 25 2759 706 440 319 308 286 266 53 2053 746 727 243 32 211 54
is_linear=0
shrinkage=0.05


Tree=70
num_leaves=31
num_cat=0
split_feature=5 11 7 3 14 11 11 14 14 10 5 15 0 10 16 11 5 10 1 11 14 10 0 10 0 14 5 11 10 10
split_gain=1.3444 1.35637 0.725949 0.758259 0.684355 1.94445 0.79007 0.610941 1.10556 1.03939 0.530357 1.03022 0.498001 0.495012 0.84941 0.404482 0.403782 0.448587 0.594645 0.666667 1.45185 0.538462 0.658824 0.396744 0.736004 1.38462 0.386205 1.30952 0.376251 0.374498
threshold=31.479700000000005 12.500000000000002 1.0000000180025095e-35 0.56150000000000022 207388.72 191.50000000000003 749.50000000000011 116941.46000000001 115579.39000000001 857.87500000000011 0.8852000000000001 1.0000000180025095e-35 3.5000000000000004 6.5000000000000009 10.468562214339052 9.5000000000000018 0.18485000000000004 442.58500000000009 1.5000000000000002 6.5000000000000009 55184.970000000008 643.75000000000011 11.500000000000002 457.83500000000009 18.500000000000004 28632.465000000004 30.470800000000001 421.00000000000006 10.250000000000002 399.62500000000006
decision_type=2 2 2 2 2 2 2 2 2 2 2 2 2 2 2 2 2 2 2 2 2 2 2 2 2 2 2 2 2 2
left_child=1 2 3 13 7 -6 -7 8 26 -10 11 -9 -5 14 -1 -15 -14 18 -18 -20 -21 -19 -23 24 -2 -26 29 -28 -17 -3
right_child=23 4 -4 12 5 6 -8 10 9 -11 -12 -13 16 15 -16 28 17 21 19 20 -22 22 -24 -25 25 -27 27 -29 -30 -31
leaf_value=0.037507746539312554 -0.0082450372798124078 0.0013764824296547535 -0.0031218000774488625 -0.00080199719511832562 0.01583430658038712 -0.0027787907676649053 0.0054648116592429458 -0.021801978894508908 0.037568472764612816 -0.017190726231598202 -0.0096132739970176909 0.0014508593880319099 0.0016130904226308168 -0.013726432283129317 -0.0029552743570890822 0.031828115927800209 0.012467360600185558 -0.0046644973892432766 -0.0060603063521981852 0.014313335017359891 -0.010658108501751702 0.0057165104070758498 -0.0062741498734318448 -0.0076487685444050187 -0.0099352745743881386 0.0039567399761261763 -0.010766527469380404 0.003407475190100566 -0.0028193283961787715 -0.00015039557438112694
leaf_weight=9.9999999999999982 64 497 577 48 19 47 17 15 11.000000000000002 9.9999999999999982 192 13 11.999999999999998 255 96 10.999999999999998 20 65 27 15.000000000000002 11.999999999999998 18 17 302 13.000000000000002 12.999999999999998 11.000000000000002 9.9999999999999982 91 2210
leaf_count=10 64 497 577 48 19 47 17 15 11 10 192 13 12 255 96 11 20 65 27 15 12 18 17 302 13 13 11 10 91 2210
internal_value=-0.000665537 -0.000411467 -0.00178179 -0.000695841 0.000160549 0.00463855 0.000468749 3.53643e-05 0.000238267 0.0116667 -0.0025 0.00392857 0.00162393 -0.00186825 0.00113207 -0.0027591 0.0027957 0.00218391 0.00513513 0.00240741 0.00796296 -1.19209e-09 0.005 -0.00346939 -0.000555557 0.00653846 0.000150292 0.00690476 -9.80404e-05 9.78932e-05
internal_weight=4718 4326 1274 697 3052 83 64 2969 2749 21 220 28 234 463 106 357 186 174 74 54 27 100 35 392 90 26 2728 21 102 2707
internal_count=4718 4326 1274 697 3052 83 64 2969 2749 21 220 28 234 463 106 357 186 174 74 54 27 100 35 392 90 26 2728 21 102 2707
is_linear=0
shrinkage=0.05


Tree=71
num_leaves=31
num_cat=0
split_feature=5 11 17 6 17 11 16 6 11 11 9 2 17 11 17 16 11 16 7 4 0 9 0 11 14 14 7 5 0 11
split_gain=1.39569 0.912184 0.736005 1.75668 3.17462 1.14768 1.08347 1.06754 0.864745 0.889163 1.9716 0.801515 0.729694 0.665931 0.612975 1.23153 1.23588 0.867857 0.610558 0.999973 0.724119 1.73818 0.585484 0.540977 1.35172 2.17252 0.971957 0.905516 1.4546 1.83472
threshold=31.479700000000005 16.000000000000004 85.175661779010923 0.70154595133437869 85.904684297845009 127.00000000000001 17.508387833885873 0.80409364986332654 349.50000000000006 433.50000000000006 0.7320000000000001 3.5000000000000004 84.703454069630411 1233.5000000000002 84.030405154066656 24.343465853010731 914.00000000000011 24.970970335076718 1.0000000180025095e-35 20.199500000000004 1.0000000180025095e-35 0.63350000000000006 10.500000000000002 201.50000000000003 25612.985000000004 28117.240000000002 1.0000000180025095e-35 5.1987000000000014 18.500000000000004 30.500000000000004
decision_type=2 2 2 2 2 2 2 2 2 2 2 2 2 2 2 2 2 2 2 2 2 2 2 2 2 2 2 2 2 2
left_child=1 18 12 8 11 -6 -7 -8 -4 10 -10 -5 14 -11 23 16 -16 -17 19 -1 21 -20 -15 24 -3 -26 -25 28 29 -27
right_child=-2 2 3 4 5 6 7 -9 9 13 -12 -13 -14 22 15 17 -18 -19 20 -21 -22 -23 -24 26 25 27 -28 -29 -30 -31
leaf_value=-0.00068003167945961292 -0.0070933272731333475 -0.008745611970816301 -0.0014014117284296 0.018891629531795878 0.0070745085465027365 -0.014016191189876162 0.016462780322530363 -0.024182776716005869 0.0040539223029685467 -0.00026008525764118585 -0.0096185421754685137 0.0052714065604792248 -0.011396242490377914 0.028602242521425833 -0.0019999540227485422 0.0095478116318901806 0.020784509787978273 0.019277948254468113 0.005780725961398326 0.0014166273158149134 -0.0028708982856734178 -0.0091579387710502402 -0.00097123177143258472 4.3488655266481857e-05 0.0070952870676204332 0.0099496460343806992 -0.0011904053591788354 -0.0026486337885983802 0.011564045472645682 3.8466590818984462e-05
leaf_weight=844 392 137 158 10.000000000000002 18 40 17.000000000000004 9.9999999999999982 17 172 12.000000000000002 11.999999999999998 95 15.000000000000002 51 10.000000000000002 12.999999999999998 13.999999999999998 15.999999999999998 13.999999999999998 701 21 15.999999999999998 1154 18 18 439 135 31 118
leaf_count=844 392 137 158 10 18 40 17 10 17 172 12 12 95 15 51 10 13 14 16 14 701 21 16 1154 18 18 439 135 31 118
internal_value=-0.000612549 -0.000353677 0.000201464 0.00194165 0.00761682 0.00323529 0.000223879 0.00796296 0.000384614 0.00232759 0.0105172 0.0245455 -0.00018585 0.00115763 4.67608e-06 0.00409091 0.000468749 0.01375 -0.00130326 -0.000396272 -0.00235772 0.00445946 0.00790322 -0.000170733 0.00134573 0.003125 -0.000605776 0.0021192 0.00458084 0.00235294
internal_weight=4718 4326 2730 497 107 85 67 27 390 232 29 22 2233 203 2138 88 64 24 1596 858 738 37 31 2050 457 320 1593 302 167 136
internal_count=4718 4326 2730 497 107 85 67 27 390 232 29 22 2233 203 2138 88 64 24 1596 858 738 37 31 2050 457 320 1593 302 167 136
is_linear=0
shrinkage=0.05


Tree=72
num_leaves=31
num_cat=0
split_feature=2 4 16 16 2 10 4 14 14 15 16 16 1 17 17 14 6 12 14 14 17 17 17 10 10 11 14 12 12 10
split_gain=0.840243 1.50844 0.910393 1.02747 1.15652 0.902632 0.972222 0.882477 2.71413 0.964286 1.0859 0.744642 1.57984 1.42812 1.34804 1.13636 0.739488 1.19146 2.29404 0.705306 0.744527 2.29832 0.726923 0.689655 0.781773 0.650579 0.648177 1.23553 0.65762 0.608332
threshold=3.5000000000000004 0.40550000000000008 13.510744003162833 15.918622883138529 4.5000000000000009 478.41500000000002 2.3295000000000008 22025.810000000001 29460.475000000002 1.0000000180025095e-35 22.965071222083161 8.9353235044786974 5.5000000000000009 85.252946259673806 84.24627631821248 40509.295000000006 0.84998262709401085 35265.67500000001 50150.160000000011 374089.58500000008 73.628055274700344 73.74374821329242 79.31430202845344 816.50000000000011 696.25000000000011 1302.0000000000002 116941.46000000001 112819.04500000001 195289.64500000005 282.29000000000002
decision_type=2 2 2 2 2 2 2 2 2 2 2 2 2 2 2 2 2 2 2 2 2 2 2 2 2 2 2 2 2 2
left_child=11 -2 -3 4 5 -4 -7 -5 9 -9 -11 12 13 -1 15 -14 17 -10 -19 20 25 -22 -21 24 -20 -13 27 -23 -28 -18
right_child=1 2 3 7 -6 6 -8 8 16 10 -12 19 14 -15 -16 -17 29 18 23 22 21 26 -24 -25 -26 -27 28 -29 -30 -31
leaf_value=-0.0026343484259173638 -0.0097571510881603596 -0.0020407276390356443 0.014618201106684232 -0.0092000781513291354 -0.00014157967902751623 0.00020384228423820424 0.0084938993156149136 0.0098342373059388775 -0.0023342902510367679 -0.019059513424963731 0.010505080098013262 -0.004443739223263481 0.01216802300228159 0.019767662658613322 -6.9325620324058753e-05 0.0035168433759244868 0.00019525546179995358 0.0061885628714646382 -0.0032229628370067428 0.014742961331392818 0.019562762601301832 -0.00015708812044210206 -0.0096240554158547112 -0.0062686991436473639 0.0074451407320045241 0.0080707494465499779 -0.0064969379415510606 0.023714627602587038 0.0047463207808702244 -0.0064666960533355765
leaf_weight=112 345 210 9.9999999999999982 114 34 18.000000000000004 9.9999999999999982 13.999999999999998 53 15.000000000000002 12.999999999999998 362 11.000000000000002 14.999999999999998 11.999999999999998 10.999999999999998 10.999999999999998 12.999999999999998 14.000000000000002 15.000000000000002 13.999999999999998 2741 12.999999999999998 20 14.999999999999998 9.9999999999999982 248 25 53 167
leaf_count=112 345 210 10 114 34 18 10 14 53 15 13 362 11 15 12 11 11 13 14 15 14 2741 13 20 15 10 248 25 53 167
internal_value=-0.000612549 -0.00184015 -0.000554037 0.000566218 0.00611111 0.0121053 0.0075 -0.000322941 0.000970148 0.0128571 0.0075 -0.000249864 0.00307453 0.00051181 0.0126471 0.02 -0.00073379 0.0023913 0.00709677 -0.000403621 -0.00046771 -0.000212595 0.0075 0.00214286 0.00706896 -0.00258065 -0.000304859 -6.50771e-05 -0.00250831 -0.00275281
internal_weight=4718 1076 731 521 72 38 28 449 335 42 28 3642 161 127 34 22 293 115 62 3481 3453 3081 28 49 29 372 3067 2766 301 178
internal_count=4718 1076 731 521 72 38 28 449 335 42 28 3642 161 127 34 22 293 115 62 3481 3453 3081 28 49 29 372 3067 2766 301 178
is_linear=0
shrinkage=0.05


Tree=73
num_leaves=31
num_cat=0
split_feature=5 11 5 16 3 13 6 4 10 10 14 11 16 11 14 5 14 11 13 6 4 4 4 12 7 0 0 13 6 16
split_gain=1.3037 0.809713 0.855248 0.628141 0.60588 0.968926 0.708239 0.681231 0.524764 1.80556 0.52073 1.57057 1.02176 0.880037 0.630552 0.696911 0.597493 1.56429 0.490909 0.483871 0.445183 0.693006 0.760953 1.15057 0.508158 0.525271 1.46192 0.625108 0.501135 0.432895
threshold=31.479700000000005 12.500000000000002 0.61265000000000003 9.2182299150233291 0.46050000000000008 -3048.9349999999995 0.9856387455558393 13.319000000000001 309.25000000000006 231.58500000000001 185330.66000000003 191.50000000000003 10.518279477329328 64.500000000000014 119385.36000000002 0.40710000000000007 115579.39000000001 481.50000000000006 -13190.759999999998 0.91164747982434269 0.076500000000000012 0.33550000000000008 0.45950000000000008 14786.35 1.0000000180025095e-35 12.500000000000002 10.500000000000002 -641.57499999999993 0.85712979235977849 10.294166568736451
decision_type=2 2 2 2 2 2 2 2 2 2 2 2 2 2 2 2 2 2 2 2 2 2 2 2 2 2 2 2 2 2
left_child=1 2 4 -2 6 -6 19 -7 9 -5 14 13 -13 -12 16 -16 -3 -18 -8 -1 29 -22 23 -23 25 26 28 -28 -24 -4
right_child=3 10 20 8 5 7 18 -9 -10 -11 11 12 -14 -15 15 -17 17 -19 -20 -21 21 22 24 -25 -26 -27 27 -29 -30 -31
leaf_value=0.0002331216967252338 0.0010815836939733869 5.2147339785238656e-05 0.032702025401901022 -0.0075209603342014557 -0.0026087961564078129 0.00030229765147233228 0.0084074944632372001 0.00094388909667769249 -0.0071451734696609415 0.0044137874786421716 0.015422494890245273 0.0044371568043264364 -0.0030303941982715108 0.0048903672722089677 0.00052533883459173175 -0.012563541585963848 0.034502143529676926 -0.001893560697455949 0.00021576764471499272 -0.0028367417777633358 -0.013831322789620994 0.0181578557297149 0.0089148055430521705 -0.0015697884250552359 -0.0063369341728351895 -0.0070688085173419117 0.00055336021050970757 0.014102134031294879 -0.0012881307590593015 -0.0031381557914778192
leaf_weight=16.000000000000004 19 2728 21 26 55 54 12.000000000000002 12.999999999999998 337 9.9999999999999982 14.000000000000002 9.9999999999999982 69 11.999999999999998 9.9999999999999982 175 10.999999999999998 23 9.9999999999999982 14.999999999999998 229 9.9999999999999982 22 22 358 124 10 11 86 206
leaf_count=16 19 2728 21 26 55 54 12 13 337 10 14 10 69 12 10 175 11 23 10 15 229 10 22 22 358 124 10 11 86 206
internal_value=-0.000580756 -0.000330561 -0.00138933 -0.00334184 0.00185714 -8.19684e-05 0.00632075 0.00395522 -0.00379357 0.00194444 0.000111401 0.00357143 6.32899e-05 0.0142308 -1.18777e-05 -0.00283784 0.000177406 0.0067647 0.0131818 0.00145161 -0.00190628 -0.00241973 -0.00157854 0.0059375 -0.00197218 -0.000256918 0.00197674 0.0140476 -0.000370372 6.60781e-05
internal_weight=4718 4326 1274 392 175 122 53 67 373 36 3052 105 79 26 2947 185 2762 34 22 31 1099 872 643 32 611 253 129 21 108 227
internal_count=4718 4326 1274 392 175 122 53 67 373 36 3052 105 79 26 2947 185 2762 34 22 31 1099 872 643 32 611 253 129 21 108 227
is_linear=0
shrinkage=0.05


Tree=74
num_leaves=31
num_cat=0
split_feature=8 6 16 1 16 14 9 17 17 13 10 0 16 16 13 10 17 16 16 16 17 1 11 3 14 7 16 17 3 6
split_gain=0.819238 0.819947 0.703915 2.19703 1.32906 1.00462 0.892564 0.702428 1.36813 1.02434 0.662031 0.658211 0.576331 0.836394 1.48472 0.485689 0.482216 0.788198 1.55128 0.505125 0.723821 1.08401 0.720195 0.882012 0.718125 0.642475 0.591218 1.06098 1.07249 1.591
threshold=3.5000000000000004 0.94643766147104957 8.9353235044786974 5.5000000000000009 8.2832255730924356 16380.845000000001 0.7320000000000001 81.999985285330695 82.693113485720417 -4284.1949999999988 350.50000000000006 16.500000000000004 27.136262443735188 26.960747077310376 -1257.9299999999996 272.25000000000006 72.984132124666615 12.793862074891441 12.082154763860425 14.429080720646976 74.984826823696082 1.0000000180025095e-35 212.50000000000003 0.6905 34687.535000000011 2.5000000000000004 11.528603759013992 86.465896934952724 0.33750000000000008 0.91750544075804841
decision_type=2 2 2 2 2 2 2 2 2 2 2 2 2 2 2 2 2 2 2 2 2 2 2 2 2 2 2 2 2 2
left_child=2 7 3 5 -5 6 -1 10 -9 -10 -2 -11 13 16 -15 -7 17 18 -4 20 21 -18 23 24 -23 -26 27 -22 29 -29
right_child=1 -3 12 4 -6 15 -8 8 9 11 -12 -13 -14 14 -16 -17 19 -19 -20 -21 26 22 -24 -25 25 -27 -28 28 -30 -31
leaf_value=-0.0025226322508003392 0.001790852412844268 -0.010787642841983365 -0.0098146327339238559 0.0082489755989923648 0.0021298454847692855 0.058146561125124591 0.053139624100203821 0.0012420286198762511 -0.0081512427960803418 0.0035965818503212663 -0.0024210952527754285 0.0015766841755806386 -0.010294876730569042 0.0092276652363997846 -0.0017479530738805098 -0.0075866548570118616 0.011818725501888235 -0.0073476436530503847 0.040506682879082413 8.8815140146491359e-05 -0.0019194987581222169 0.0050472379607460205 -0.003452698630298465 -0.001267252532314246 0.025085551334297934 0.0089297862810152218 -0.0056691368196383944 0.0011417551908638475 -0.011192111944466005 0.0021309635805417068
leaf_weight=12 15.999999999999998 278 26 14.999999999999998 23 11.999999999999998 13 17 73 20.000000000000004 206 10.999999999999998 189 13.999999999999998 23 106 14.999999999999998 205 12.999999999999998 2382 396 19 48 19 17.000000000000004 10.999999999999998 486 27 14.999999999999998 10.999999999999998
leaf_count=12 16 278 26 15 23 12 13 17 73 20 206 11 189 14 23 106 15 205 13 2382 396 19 48 19 17 11 486 27 15 11
internal_value=-0.000570158 -0.00226248 -0.000313645 0.00273481 0.0134211 -0.000104896 0.009 -0.000626823 0.00243802 0.00028846 -0.0022973 0.00790322 -0.000454547 -0.000317951 0.00716216 -0.0020339 -0.000392955 -0.00254098 0.00397436 -0.00024086 -0.00114662 0.00236434 0.000701753 0.00409091 0.00776596 0.0128571 -0.00163102 -0.000322941 0.00632075 0.0107895
internal_weight=4718 621 4097 181 38 143 25 343 121 104 222 31 3916 3727 37 118 3690 244 39 3446 1064 129 114 66 47 28 935 449 53 38
internal_count=4718 621 4097 181 38 143 25 343 121 104 222 31 3916 3727 37 118 3690 244 39 3446 1064 129 114 66 47 28 935 449 53 38
is_linear=0
shrinkage=0.05


Tree=75
num_leaves=31
num_cat=0
split_feature=2 5 17 5 8 11 12 14 17 3 3 10 12 3 17 10 11 5 14 14 3 0 11 11 7 14 17 0 9 16
split_gain=1.23333 1.61414 1.14633 0.993552 1.60363 0.889459 0.874907 1.60648 2.57234 0.60474 0.835227 0.779142 1.07212 0.770427 0.881476 1.40149 0.59078 1.06667 0.578581 0.681589 0.664761 0.643986 1.13452 1.06929 3.14201 0.713298 1.08788 0.811147 0.563784 1.11299
threshold=3.5000000000000004 4.7490000000000014 72.984132124666615 0.30240000000000006 3.5000000000000004 18.500000000000004 35265.67500000001 65500.945000000007 83.565714302577604 3.2360000000000002 3.4090000000000003 390.16500000000002 9562.3750000000018 1.7270000000000001 73.266472652803301 321.83500000000009 521.50000000000011 19.988200000000003 116941.46000000001 30247.540000000005 1.627 18.500000000000004 18.500000000000004 180.50000000000003 1.5000000000000002 32337.785000000003 80.918654326016281 7.5000000000000009 0.26800000000000007 25.893810650023578
decision_type=2 2 2 2 2 2 2 2 2 2 2 2 2 2 2 2 2 2 2 2 2 2 2 2 2 2 2 2 2 2
left_child=2 3 -1 4 -2 -5 -7 8 -8 13 -11 12 -12 14 15 -4 -17 -18 19 -16 21 25 -23 24 -24 26 27 -21 -25 -30
right_child=1 -3 9 5 -6 6 7 -9 -10 10 11 -13 -14 -15 18 16 17 -19 -20 20 -22 22 23 28 -26 -27 -28 -29 29 -31
leaf_value=-0.006489823422546441 0.0081019455186389418 -0.0085042522705914524 0.039715315940023754 -0.0035458778022052699 4.0847444105142955e-06 -0.00051766748799359169 0.0048560673057303008 6.032317878692969e-05 -0.0062214206333922155 0.0097738652416751812 -0.0017941733200441297 2.1277396766748769e-05 0.012501152998775559 -0.0019908440922671139 -0.00097248694359169322 -0.011010254427618039 0.012206270004035799 -0.0022502541975604503 -0.0043123356624026913 0.021922062021883404 0.013392586437972497 -0.0056967485982658541 0.0021488131887521795 0.022877940266652835 0.0089367595359485241 -2.9721414236175157e-06 -0.0086237342703911948 0.005567427945986983 -0.0019338516698156111 0.042067215783785666
leaf_weight=236 10.000000000000002 528 10.999999999999998 324 19 146 14.000000000000002 51 11.999999999999998 15.999999999999998 10.999999999999998 138 27 161 1211 17 10.000000000000002 20 295 13.999999999999998 10.999999999999998 75 25 47 15.999999999999998 1106 25 29 114 11.999999999999998
leaf_count=236 10 528 11 324 19 146 14 51 12 16 11 138 27 161 1211 17 10 20 295 14 11 75 25 47 16 1106 25 29 114 12
internal_value=-0.000592899 -0.00205616 -0.000147506 -0.000225696 0.0087931 -0.00070384 0.00172646 0.00603896 0.0161538 8.69938e-05 0.0028125 0.00181818 0.00815789 -7.65876e-05 0.00010204 0.0062069 0.00244681 0.00666667 -1.67797e-05 0.000214152 0.000936227 0.000844155 0.00295848 0.00481308 0.0120732 0.000323679 0.00529412 0.0101163 0.00309248 0.00134921
internal_weight=4731 1104 3627 576 29 547 223 77 26 3391 192 176 38 3199 3038 58 47 30 2980 2685 1474 1463 289 214 41 1174 68 43 173 126
internal_count=4731 1104 3627 576 29 547 223 77 26 3391 192 176 38 3199 3038 58 47 30 2980 2685 1474 1463 289 214 41 1174 68 43 173 126
is_linear=0
shrinkage=0.05


Tree=76
num_leaves=31
num_cat=0
split_feature=5 17 5 12 12 16 8 7 16 0 0 17 16 16 16 5 6 5 6 5 12 16 17 16 1 0 6 6 13 5
split_gain=1.15191 0.936445 0.866169 0.942532 2.05372 0.816527 0.812411 1.14434 0.725388 2.03218 0.679936 1.20401 0.557943 0.930638 3.201 0.934497 1.86719 1.24554 0.721276 0.799508 0.676475 0.681763 1.68264 1.21905 0.845268 0.960812 1.01482 2.88233 2.45 1.37949
threshold=31.479700000000005 73.027561709967202 0.25580000000000008 17462.920000000002 8955.8150000000023 13.648264200788242 2.5000000000000004 3.5000000000000004 8.710414180480738 2.5000000000000004 17.500000000000004 78.56048169039785 25.152838904605233 24.527006845034837 24.552292371865907 2.5028000000000001 0.99217473619663388 4.5796500000000009 0.57744465616611473 1.6874000000000002 118714.14000000001 21.969527098366171 73.987735221409935 23.899500296942467 3.5000000000000004 21.500000000000004 0.94340546420872251 0.91876657388012706 -8003.9399999999996 1.8045500000000001
decision_type=2 2 2 2 2 2 2 2 2 2 2 2 2 2 2 2 2 2 2 2 2 2 2 2 2 2 2 2 2 2
left_child=1 -1 3 4 -3 6 7 8 9 -4 -5 -12 13 20 -15 -16 17 -17 19 -14 21 24 23 -23 25 26 27 -7 -29 -28
right_child=-2 2 5 10 -6 12 -8 -9 -10 -11 11 -13 18 14 15 16 -18 -19 -20 -21 -22 22 -24 -25 -26 -27 29 28 -30 -31
leaf_value=-0.0042923024392414006 -0.0058398576634472541 -2.503129747767108e-07 0.016890050251152252 -0.00071713930980562667 0.0077651010223139501 0.0045907432847524833 -0.0029601288897642035 0.0023433353125281975 -0.0017989868075004457 -7.0635203878516815e-05 -0.0074944608974033579 0.0036693430159647879 0.010780637482159638 0.018560158701548674 -0.010040516258453702 0.013191338658987717 0.013063834789626595 -0.0010588144600447034 -0.0053101048305390208 -3.952618279362739e-05 -0.0076682463637239772 -0.00027528054337664211 -0.0012515976279870145 0.025444393075600688 -4.5974975265317666e-05 -0.0071189194175741086 0.0099179229465755046 0.0084171111088278388 0.01501450863284713 -0.010288745343594101
leaf_weight=294 411 21 12.999999999999998 54 18 474 403 12.999999999999998 655 59 10.000000000000002 12.999999999999998 19 13.999999999999998 35 14.999999999999998 9.9999999999999982 63 359 207 150 14.000000000000002 425 9.9999999999999982 702 56 59 10.000000000000002 9.9999999999999982 135
leaf_count=294 411 21 13 54 18 474 403 13 655 59 10 13 19 14 35 15 10 63 359 207 150 14 425 10 702 56 59 10 10 135
internal_value=-0.000645742 -0.000405094 -0.000206161 0.00405172 0.0103846 -0.000332482 -0.00145669 -0.000472974 -0.000735902 0.00402778 0.000844155 0.00804348 0.000131911 0.000499541 0.00448905 0.00191057 0.00465909 0.00205128 -0.00123932 0.00097345 0.000232273 0.000488125 -0.00121381 0.0116667 0.0010166 0.00219086 0.00270349 0.00390688 0.0225 -0.000360826
internal_weight=4731 4320 4026 116 39 3910 1143 740 727 72 77 23 2767 2182 137 123 88 78 585 226 2045 1895 449 24 1446 744 688 494 20 194
internal_count=4731 4320 4026 116 39 3910 1143 740 727 72 77 23 2767 2182 137 123 88 78 585 226 2045 1895 449 24 1446 744 688 494 20 194
is_linear=0
shrinkage=0.05


Tree=77
num_leaves=31
num_cat=0
split_feature=2 5 0 17 4 14 14 8 15 3 14 1 0 17 17 0 5 13 17 0 13 3 3 11 11 5 10 13 13 11
split_gain=1.19043 1.19324 0.918696 0.80389 0.617314 0.790077 1.39947 0.736022 0.548718 0.756594 0.953256 0.572666 0.701065 2.68736 0.622071 0.615385 0.572839 0.613867 1.84417 0.786466 0.543137 0.564777 1.4501 0.950535 0.865766 0.718014 0.578571 0.548415 0.53575 0.557636
threshold=3.5000000000000004 4.7490000000000014 1.0000000180025095e-35 72.984132124666615 1.0595000000000001 22025.810000000001 22869.565000000006 3.5000000000000004 1.0000000180025095e-35 4.9935000000000009 26760.550000000007 5.5000000000000009 7.5000000000000009 82.063726726353948 81.724815560203936 13.500000000000002 1.1669000000000003 -24945.964999999993 85.904684297845009 15.500000000000002 -154940.06499999997 0.091500000000000012 0.063500000000000015 243.50000000000003 828.50000000000011 10.354150000000002 364.75000000000006 -37778.80999999999 -26633.499999999996 18.500000000000004
decision_type=2 2 2 2 2 2 2 2 2 2 2 2 2 2 2 2 2 2 2 2 2 2 2 2 2 2 2 2 2 2
left_child=3 4 -3 -1 7 -6 -7 -2 9 11 -11 16 13 -13 -14 -16 -5 18 19 -18 -10 22 27 26 -25 -23 -24 -22 -8 -30
right_child=1 2 -4 8 5 6 28 -9 20 10 -12 12 14 -15 15 -17 17 -19 -20 -21 21 25 23 24 -26 -27 -28 -29 29 -31
leaf_value=-0.0059507171294570548 -0.0058973003352352435 0.0002056837537089412 -0.0080675213904807998 -0.00063130772884769813 -0.0072157845696724735 0.0013619741748947397 -0.0010817355560366836 0.0045212251215601303 0.00168307633012945 0.0099880735227997203 0.0016004467901322367 0.014434213156406171 -0.0063451332060350729 -0.00073147183727114687 -0.0022586315697845252 0.016303964491067895 -0.00097678341077178329 0.00039918803851702185 0.0085551602006309607 0.0048313605595677852 -0.0015275642741362915 -0.00046446320586068844 0.0023040302752578602 0.010193724664775746 -0.0068891417755932178 -0.015927764623114984 -0.00097204381965962101 -5.9091426583753212e-05 -0.00025025558585931192 0.0022504090601687446
leaf_weight=236 15.000000000000002 14.999999999999998 513 125 136 10.999999999999998 127 15.999999999999998 13.999999999999998 15.999999999999998 35 17 36 26 13.000000000000002 12.999999999999998 44 803 9.9999999999999982 14.999999999999998 113 685 10.000000000000002 27 9.9999999999999982 133 18 1228 169 102
leaf_count=236 15 15 513 125 136 11 127 16 14 16 35 17 36 26 13 13 44 803 10 15 113 685 10 27 10 133 18 1228 169 102
internal_value=-0.000709154 -0.00214674 -0.00386364 -0.000271575 -0.000572918 -0.000963304 0.000134473 0.00629032 -7.52002e-05 0.000810927 0.0067647 0.000535389 0.00404762 0.00895349 0.00064516 0.00653846 0.000165495 0.000619265 0.00514493 0.00177966 -0.000531726 -0.000593526 1.42236e-05 0.00730769 0.0125676 -0.00163814 0.000357142 -0.0003393 -0.00035176 0.000904058
internal_weight=4731 1104 528 3627 576 545 409 31 3391 1153 51 1102 105 43 62 26 997 872 69 59 2238 2224 1406 65 37 818 28 1341 398 271
internal_count=4731 1104 528 3627 576 545 409 31 3391 1153 51 1102 105 43 62 26 997 872 69 59 2238 2224 1406 65 37 818 28 1341 398 271
is_linear=0
shrinkage=0.05


Tree=78
num_leaves=31
num_cat=0
split_feature=2 4 17 16 17 17 11 16 16 12 7 8 9 17 16 16 17 1 16 9 12 2 11 6 16 3 3 4 3 16
split_gain=1.0616 1.09262 0.796055 0.529334 1.501 1.85577 1.50693 0.649042 0.659925 0.811191 1.79848 0.68555 1.42398 0.633005 1.18564 0.984615 0.680488 0.606051 1.05824 0.95489 1.03091 0.573337 0.734783 0.55573 0.745101 0.685237 1.22232 0.783881 1.27357 1.4352
threshold=3.5000000000000004 0.20650000000000002 72.984132124666615 8.8275008826318047 75.797459280394165 85.252946259673806 572.50000000000011 13.648264200788242 21.969527098366171 2817.9800000000005 1.5000000000000002 2.5000000000000004 0.26800000000000007 73.987735221409935 24.666106800795284 23.511793370981461 73.10745568212127 3.5000000000000004 20.635765938815563 0.63350000000000006 36095.495000000003 2.5000000000000004 619.50000000000011 0.59682312006573357 23.401403790513367 0.022500000000000003 0.091500000000000012 0.36450000000000005 0.75400000000000011 25.152838904605233
decision_type=2 2 2 2 2 2 2 2 2 2 2 2 2 2 2 2 2 2 2 2 2 2 2 2 2 2 2 2 2 2
left_child=2 -2 -1 4 -4 -6 -7 -5 9 10 -9 21 -13 14 15 -10 -16 18 19 20 -14 -11 -23 24 -15 -26 -27 -28 29 -29
right_child=1 -3 3 7 5 6 -8 8 13 11 -12 12 17 23 16 -17 -18 -19 -20 -21 -22 22 -24 -25 25 26 27 28 -30 -31
leaf_value=-0.0056531812729842023 -0.0080201981900417454 -0.00045798477748378795 0.013755502809214951 -0.0013318839992272854 -0.0053059952695186929 0.016656056300561817 0.0051563928721739876 0.0051015534477827492 -0.013609755601603213 0.00051338902034442477 0.0002858181437224574 0.011782070512906428 0.0072762392173316235 -0.0071071790054584435 0.011866443171237369 0.019475600857341031 -0.015723503965387253 -0.00012127172789150385 0.012327013444791028 -0.0023485296290464593 -0.00060963061036225326 -0.0018117204074991709 0.004185269180900595 -0.0011498643638028529 -0.00031621208840069731 0.0092784887813390695 -0.010209172763459708 0.019410712329439236 -0.00017933957848633271 0.0013046868287472731
leaf_weight=236 295 809 19 859 83 11.000000000000002 9.9999999999999982 14.999999999999998 10.000000000000002 983 34 11.999999999999998 14.000000000000002 105 9.9999999999999982 15.999999999999998 31 107 15.999999999999998 58 10.999999999999998 115 9.9999999999999982 491 239 23 30 10.999999999999998 47 21
leaf_count=236 295 809 19 859 83 11 10 15 10 983 34 12 14 105 10 16 31 107 16 58 11 115 10 491 239 23 30 11 47 21
internal_value=-0.000698585 -0.00205616 -0.000285361 -8.99452e-05 0.00313008 0.00076923 0.0140476 -0.00021114 0.000209629 0.000927272 0.0072449 0.000693815 0.00325688 -0.000744682 0.00395522 0.0123077 -0.00134146 0.00228155 0.00510101 0.00283132 0.011 0.000189529 -0.003 -0.00107032 0.000147058 0.00119946 0.00409091 0.00188073 0.00449367 0.0121875
internal_weight=4731 1104 3627 3391 123 104 21 3268 2409 1375 49 1326 218 1034 67 26 41 206 99 83 25 1108 125 967 476 371 132 109 79 32
internal_count=4731 1104 3627 3391 123 104 21 3268 2409 1375 49 1326 218 1034 67 26 41 206 99 83 25 1108 125 967 476 371 132 109 79 32
is_linear=0
shrinkage=0.05


Tree=79
num_leaves=31
num_cat=0
split_feature=2 17 16 17 13 17 16 16 16 12 7 12 12 8 9 12 6 12 6 12 16 0 1 12 12 16 0 17 6 1
split_gain=0.971523 0.687702 0.529334 1.501 0.896236 1.1732 1.8 0.58659 0.679643 0.804627 1.79848 0.699436 0.781472 0.613551 1.249 0.928077 0.59876 0.555703 1.12697 0.651894 0.881857 0.82944 0.979604 1.02424 0.810122 1.79282 0.968884 0.743121 0.745836 0.554323
threshold=3.5000000000000004 72.984132124666615 8.8275008826318047 75.797459280394165 -35416.364999999998 85.252946259673806 8.3940074446148909 13.648264200788242 21.640784003550721 2817.9800000000005 1.5000000000000002 112819.04500000001 10391.170000000002 2.5000000000000004 0.26800000000000007 13225.535000000002 0.66599201550779907 27088.380000000001 0.15984014752857878 43607.335000000006 22.724911233596831 21.500000000000004 3.5000000000000004 101024.90000000001 38112.92500000001 24.552292371865907 17.500000000000004 75.082236477169076 0.4612823475049555 1.5000000000000002
decision_type=2 2 2 2 2 2 2 2 2 2 2 2 2 2 2 2 2 2 2 2 2 2 2 2 2 2 2 2 2 2
left_child=1 -1 3 -3 -5 -6 -7 -4 9 10 -9 12 16 29 -15 -16 -11 18 -10 20 -19 27 -23 -24 26 -26 -22 28 -21 -14
right_child=-2 2 7 4 5 6 -8 8 17 11 -12 -13 13 14 15 -17 -18 19 -20 21 24 22 23 -25 25 -27 -28 -29 -30 -31
leaf_value=-0.0053705222093349868 -0.0022406859141344253 0.013067727668754201 -0.0012652897992659292 0.0014933638261416388 -0.0078580070008857621 -0.00089299422885806513 0.022599770673428637 0.0048464757753936124 0.013257043348721199 -0.0071601367964445944 0.00027152723653633661 -0.0022452444887133328 0.011542358721232791 0.01119296698726111 0.0047469574754077119 0.0019681057875959168 0.00045311692949430985 -0.0060892889205647919 -0.0019598390879092867 0.037453201145398789 0.0032997269318936098 -0.0013705125514528206 0.044825939045170071 3.7591039748858949e-05 0.033188038775475312 0.00081243792967578866 -0.011368362014973172 -0.0034191536658285692 -0.00041616022546519643 0.00017412355879466949
leaf_weight=236 1104 19 859 9.9999999999999982 74 10.000000000000002 9.9999999999999982 14.999999999999998 27 85 34 120 211 11.999999999999998 14.999999999999998 131 84 30 468 17 83 26 10.000000000000002 11.999999999999998 12.999999999999998 21 32 329 32 602
leaf_count=236 1104 19 859 10 74 10 10 15 27 85 34 120 211 12 15 131 84 30 468 17 83 26 10 12 13 21 32 329 32 602
internal_value=-0.000666879 -0.000271575 -8.99452e-05 0.00313008 0.00076923 -0.000744682 0.01 -0.00021114 0.000188874 0.000958746 0.0072449 0.000714285 0.00109649 0.00164264 0.00449367 0.00321918 -0.00204142 -0.000727274 -0.0019697 0.000289255 0.00282123 -0.000774649 0.00541667 0.0131818 0.00439597 0.0111765 0.0023913 -0.00156085 0.00418367 0.00108856
internal_weight=4731 3627 3391 123 104 94 20 3268 2409 1309 49 1260 1140 971 158 146 169 1100 495 605 179 426 48 22 149 34 115 378 49 813
internal_count=4731 3627 3391 123 104 94 20 3268 2409 1309 49 1260 1140 971 158 146 169 1100 495 605 179 426 48 22 149 34 115 378 49 813
is_linear=0
shrinkage=0.05


Tree=80
num_leaves=31
num_cat=0
split_feature=5 16 0 6 7 14 3 3 14 14 11 9 14 6 16 16 15 4 6 11 14 17 0 14 4 16 9 6 16 0
split_gain=1.16591 1.04382 0.895045 1.37288 1.32549 0.80913 0.828996 0.787879 0.717754 0.696769 1.12411 1.09365 1.34646 1.39903 1.35011 1.69536 1.07332 0.936937 1.21905 0.832885 0.959526 0.908239 0.957672 1.45478 1.88462 1.31635 0.917337 3.31233 1.4625 0.93997
threshold=20.716550000000002 8.2832255730924356 20.500000000000004 0.6451013731094225 1.0000000180025095e-35 20841.895000000004 9.5885000000000016 0.046500000000000007 17581.900000000005 28117.240000000002 11.500000000000002 0.77500000000000013 27221.920000000002 0.46418204096089305 17.424092913661244 19.474052229850805 1.0000000180025095e-35 0.77150000000000019 0.29750883537381018 187.00000000000003 185330.66000000003 74.663399770288621 13.500000000000002 79235.905000000013 2.3295000000000008 15.4336665436453 0.7320000000000001 0.99217473619663388 24.343465853010731 2.5000000000000004
decision_type=2 2 2 2 2 2 2 2 2 2 2 2 2 2 2 2 2 2 2 2 2 2 2 2 2 2 2 2 2 2
left_child=5 -2 -3 4 7 6 8 -4 -1 11 -11 12 13 16 -15 -16 -7 18 -18 20 21 22 23 -12 -25 -24 29 -28 -29 -23
right_child=1 2 3 -5 -6 9 -8 -9 -10 10 19 -13 -14 14 15 -17 17 -19 -20 -21 -22 26 25 24 -26 -27 27 28 -30 -31
leaf_value=-0.0011736771493396324 0.0068428892910585189 -0.005584194623158633 -0.0074891229890277954 -0.0078220119051433078 0.0042599981065757006 0.023151877493599142 0.0054903207234821214 0.0061911084055797259 -0.013445821681091373 -0.0019448750580219232 -0.0046567582464768177 -0.0021796267835555785 0.0071058641970180528 -0.0014800553986431984 0.0066544181529124644 0.0011989131992325452 -0.0013348464450747262 -0.0030625499799404564 0.0085221649285904567 -0.00014859669242818055 0.0025592810516529649 0.0022740522067076561 0.031862914927972621 -0.00017698698432752773 0.0072340737283958763 -0.0032326520706423101 0.0006131476719584846 0.011884850339987754 0.0080951521711846528 -0.00080771272405274683
leaf_weight=872 17 552 13.000000000000002 42 9.9999999999999982 14.999999999999998 11.999999999999998 10.999999999999998 200 662 43 186 18 107 9.9999999999999982 85 14.000000000000002 12.999999999999998 9.9999999999999982 1278 28 34 16.000000000000004 13.000000000000002 12.999999999999998 9.9999999999999982 157 16.000000000000004 9.9999999999999982 257
leaf_count=872 17 552 13 42 10 15 12 11 200 662 43 186 18 107 10 85 14 13 10 1278 28 34 16 13 13 10 157 16 10 257
internal_value=-0.000544032 -0.00251938 -0.00285032 0.00223684 0.00970588 -0.000231676 -0.00140222 0.00333333 -0.00154851 0.000191985 -0.000132047 0.0019869 0.00400735 0.00307086 0.00118812 0.00552631 0.0103846 0.00581081 0.0116667 0.000493332 0.00203517 0.00159051 0.00605263 0.00297101 0.0123077 0.0142308 0.000696201 0.00346994 0.02 -0.00104811
internal_weight=4724 645 628 76 34 4079 1084 24 1072 2995 2537 458 272 254 202 95 52 37 24 1875 597 569 95 69 26 26 474 183 26 291
internal_count=4724 645 628 76 34 4079 1084 24 1072 2995 2537 458 272 254 202 95 52 37 24 1875 597 569 95 69 26 26 474 183 26 291
is_linear=0
shrinkage=0.05


Tree=81
num_leaves=31
num_cat=0
split_feature=5 0 14 5 10 3 14 11 10 6 12 12 5 0 10 10 11 17 10 10 17 10 14 14 14 5 5 2 14 14
split_gain=1.05922 1.29795 0.848424 1.40579 1.12508 0.842927 0.755662 0.699334 0.650139 0.946582 0.793651 0.637402 1.40197 1.59533 0.751553 0.57027 1.6343 1.94329 0.55163 1.8697 0.550984 0.5483 0.824614 0.535531 0.778151 2.29617 1.72669 0.499128 0.527713 0.483846
threshold=27.468850000000003 1.0000000180025095e-35 20841.895000000004 25.836550000000003 692.58500000000015 9.5885000000000016 17581.900000000005 1159.5000000000002 1343.0000000000002 0.21964138010122763 27332.945000000003 12750.445000000002 2.3197000000000005 5.5000000000000009 598.62500000000011 1019.5000000000001 867.50000000000011 80.391252939456763 309.25000000000006 254.37500000000003 81.912703579764226 1263.5000000000002 46701.030000000006 52657.80000000001 50692.345000000008 4.1683000000000012 1.2166500000000002 1.5000000000000002 16873.015000000003 185330.66000000003
decision_type=2 2 2 2 2 2 2 2 2 2 2 2 2 2 2 2 2 2 2 2 2 2 2 2 2 2 2 2 2 2
left_child=2 -2 5 7 -5 6 11 23 9 -9 -11 15 13 -13 -15 27 17 -17 19 -3 -10 -12 -23 24 -4 26 -26 -1 -29 -25
right_child=1 18 3 4 -6 -7 -8 8 20 10 21 12 -14 14 -16 16 -18 -19 -20 -21 -22 22 -24 29 25 -27 -28 28 -30 -31
leaf_value=0.00034771955516542537 0.0035739554845589678 -0.0053072447745550573 9.7620790830207002e-05 0.0071667914780337936 0.00047257419044169705 0.0052158046873080222 -0.012073339530227096 -0.0013766501307245528 -0.012601676905589571 0.0035143972556095 0.017247372110490527 0.0096831605348401961 -0.00070279059511458924 0.0081705391459709203 -0.0027615280522546516 -0.010025072730877377 -0.010816141247006073 0.0071078849328186748 -0.0056555435590281448 0.0031830571721138557 0.02052310744307391 0.030558640854067644 0.01649016848942958 -0.00051725467620566132 0.00023509165087825845 -0.019131750783355408 0.012412633387968408 -0.0067153140395983073 0.00024035670698158382 0.00064705424489076488
leaf_weight=120 9.9999999999999982 40 1477 10.000000000000002 12.999999999999998 11.999999999999998 217 40 58 11.999999999999998 41 11.999999999999998 196 18 28 11.000000000000002 76 9.9999999999999982 420 12.999999999999998 23 14.000000000000002 17 1184 13.999999999999998 33 18 427 21 139
leaf_count=120 10 40 1477 10 13 12 217 40 58 12 41 12 196 18 28 11 76 10 420 13 23 14 17 1184 14 33 18 427 21 139
internal_value=-0.000607537 -0.00282609 -0.00035487 7.59768e-05 0.0123913 -0.00151568 -0.00165493 -1.62878e-05 0.00280488 0.00508064 0.00809524 -0.00102829 0.00110236 0.00793103 0.00369565 -0.00184211 0.00170103 0.0140476 -0.00320296 0.00160377 -0.000679014 0.00611111 0.011129 -0.000218151 0.000415044 0.00576923 0.0153125 -0.00244718 -0.00321429 -0.000956161
internal_weight=4724 483 4241 3093 23 1148 1136 3070 205 124 84 919 254 58 46 665 97 21 473 53 81 72 31 2865 1542 65 32 568 448 1323
internal_count=4724 483 4241 3093 23 1148 1136 3070 205 124 84 919 254 58 46 665 97 21 473 53 81 72 31 2865 1542 65 32 568 448 1323
is_linear=0
shrinkage=0.05


Tree=82
num_leaves=31
num_cat=0
split_feature=5 14 5 14 2 0 10 13 16 16 5 16 5 16 1 5 16 13 16 10 16 11 17 10 17 1 10 13 14 14
split_gain=0.834482 0.748171 0.971615 0.84164 0.686713 1.03561 0.677258 0.66091 0.967104 1.52504 1.64103 2.32008 0.607171 0.628205 0.654779 0.588994 0.571629 0.529669 0.489414 0.793381 0.574185 1.25022 0.480876 0.618313 0.486271 1.20351 1.28419 0.990476 0.65 0.577286
threshold=27.468850000000003 20841.895000000004 25.836550000000003 17581.900000000005 2.5000000000000004 20.500000000000004 692.58500000000015 -37778.80999999999 24.613871942694654 24.412324950802734 0.76265000000000016 24.552292371865907 36.613600000000012 20.124932683531799 3.5000000000000004 0.37365000000000004 8.981309587003576 -3162.6999999999994 26.823791791033752 14.500000000000002 27.136262443735188 574.50000000000011 83.63590748947685 2.2500000000000004 82.531614570409445 4.5000000000000009 750.25000000000011 -1.0000000180025095e-35 97443.22500000002 124341.93000000001
decision_type=2 2 2 2 2 2 2 2 2 2 2 2 2 2 2 2 2 2 2 2 2 2 2 2 2 2 2 2 2 2
left_child=1 3 7 17 5 12 -4 15 9 22 -11 -12 13 14 -2 -3 -6 -1 -10 -20 21 -21 23 -9 29 27 -27 -26 -29 -25
right_child=4 2 6 -5 16 -7 -8 8 18 10 11 -13 -14 -15 -16 -17 -18 -19 19 20 -22 -23 -24 24 25 26 -28 28 -30 -31
leaf_value=-0.0068461882897773137 2.1135294162379169e-06 0.00049134231531889 0.0068084519041321043 -0.011492927021819805 0.0012380042155974089 0.003531652090007182 0.00044894548091961307 0.043551466659572879 -0.0041579450576336137 -0.0033581450872315743 0.015898288167776536 -0.010315814827950935 -0.0037624366574502037 -0.0078570038034668829 0.0056131660253846876 -0.0010200262499572485 -0.0068746800445648728 -0.0001545267263004426 0.0038972549340767155 -0.0013487312326454469 -0.01093334805914584 0.013875622130491256 -0.00056283326820692878 0.00077315964601823049 -0.0017641634752358381 0.018086811354961065 -0.0034787878238779543 0.0061662011542651766 0.028751991868100887 -0.0038768333948053808
leaf_weight=252 15.000000000000002 24 10.000000000000002 218 13.999999999999998 19 12.999999999999998 15.999999999999998 282 11.999999999999998 15.999999999999998 11.000000000000002 133 12.999999999999998 10.999999999999998 326 278 678 10.999999999999998 30 108 13.999999999999998 576 1381 40 17.000000000000004 10.999999999999998 49 15.999999999999998 130
leaf_count=252 15 24 10 218 14 19 13 16 282 12 16 11 133 13 11 326 278 678 11 30 108 14 576 1381 40 17 11 49 16 130
internal_value=-0.000649874 -0.000425608 -2.10164e-05 -0.00151568 -0.00261905 -0.000287959 0.0102174 -9.77211e-05 0.00016544 0.000582416 0.0103846 0.0172222 -0.00151163 0.00397436 0.00846154 -0.00214286 -0.00414384 -0.000860216 -0.00196629 0.000214723 -0.000723685 0.00409091 0.000411448 0.000843372 0.000748174 0.00364662 0.0128571 0.00119047 0.005 0.00049305
internal_weight=4724 4241 3093 1148 483 191 23 3070 2720 2275 39 27 172 39 26 350 292 930 445 163 152 44 2236 1660 1644 133 28 105 65 1511
internal_count=4724 4241 3093 1148 483 191 23 3070 2720 2275 39 27 172 39 26 350 292 930 445 163 152 44 2236 1660 1644 133 28 105 65 1511
is_linear=0
shrinkage=0.05


Tree=83
num_leaves=31
num_cat=0
split_feature=5 0 11 0 9 10 12 14 13 11 10 12 10 4 9 2 9 6 9 15 4 12 15 14 6 11 10 0 11 10
split_gain=0.820387 1.02424 2.03478 0.670583 1.3182 0.578646 0.550762 0.59327 0.679259 0.812872 1.79019 1.27703 1.00453 1.07508 0.985304 0.544433 0.544163 0.642857 0.540864 0.513986 0.503278 0.744424 0.538048 0.97971 0.711736 0.586081 0.581028 0.55714 0.520953 0.617521
threshold=21.121850000000006 1.0000000180025095e-35 193.50000000000003 20.500000000000004 0.77500000000000013 955.66500000000008 30737.640000000003 52657.80000000001 -1677.2849999999996 302.50000000000006 786.50000000000011 40411.900000000009 288.50000000000006 3.7855000000000003 0.63350000000000006 5.5000000000000009 0.18350000000000002 0.59366224745844598 0.77500000000000013 1.0000000180025095e-35 3.0835000000000004 86687.025000000009 1.0000000180025095e-35 155188.72500000003 0.99217473619663388 1174.5000000000002 543.50000000000011 16.500000000000004 14.500000000000002 462.83500000000009
decision_type=2 2 2 2 2 2 2 2 2 2 2 2 2 2 2 2 2 2 2 2 2 2 2 2 2 2 2 2 2 2
left_child=6 2 -2 16 5 -5 15 8 9 12 -11 -12 -8 -14 -15 -1 17 -3 -9 -19 22 -22 23 24 25 -20 -25 -24 -29 -30
right_child=1 3 -4 4 -6 -7 7 18 -10 10 11 -13 13 14 -16 -17 -18 19 20 -21 21 -23 27 26 -26 -27 -28 28 29 -31
leaf_value=-0.00036422246495038205 -0.0053141860727479936 -0.0046568539156776603 0.0084245629447633474 -0.0067833230300945917 0.0047538197464181012 0.0045947501185524906 0.0010782889783629271 -0.0004918277062864368 0.00060478131845173588 0.007978133483546956 -0.003304847549888198 0.0098192011500334731 -0.0021163798585648766 -3.9628170892957704e-05 0.0080169968547387869 -0.0066309971413794555 -0.0052916672562870791 -0.0063181068209448828 -0.00050849949461352628 0.0015431947100360039 -0.00015226950751181482 0.010066903303927633 -0.0053689008713253853 0.0045507422856743409 0.013434601015793616 0.016876201416314927 0.018808615013775624 -0.013818703413895274 0.035796206864865718 0.0023578379856117188
leaf_weight=2093 13.000000000000002 18 9.9999999999999982 53 10.999999999999998 9.9999999999999982 11.999999999999998 739 500 15.999999999999998 21 15.999999999999998 106 13.999999999999998 19 79 494 11 84 13 21 19 231 11.000000000000002 10.999999999999998 20 11.999999999999998 14.999999999999998 15.999999999999998 36
leaf_count=2093 13 18 10 53 11 10 12 739 500 16 21 16 106 14 19 79 494 11 84 13 21 19 231 11 11 20 12 15 16 36
internal_value=-0.00063929 -0.00231438 0.00804348 -0.00270492 0.00175676 -0.00103175 -0.000380104 0.000237101 0.00139204 0.00382353 0.00915094 0.00310811 0.00195364 0.000755394 0.00863636 -0.000925416 -0.0033209 0.00214286 -0.0004321 0.0075 0.000882352 0.00625 0.000389907 0.00297101 0.00108696 -0.000192309 0.0123913 -0.00080537 0.00320895 0.00557692
internal_weight=4724 633 23 610 74 63 4091 1919 704 204 53 37 151 139 33 2172 536 42 1215 24 476 40 436 138 115 104 23 298 67 52
internal_count=4724 633 23 610 74 63 4091 1919 704 204 53 37 151 139 33 2172 536 42 1215 24 476 40 436 138 115 104 23 298 67 52
is_linear=0
shrinkage=0.05


Tree=84
num_leaves=31
num_cat=0
split_feature=5 16 0 10 11 9 6 15 14 14 4 4 13 11 6 6 16 6 14 14 8 16 16 13 13 4 16 0 14 3
split_gain=0.910472 1.02294 0.895618 1.42736 0.847756 0.546484 0.662791 0.513986 0.467266 0.888666 0.596898 1.8487 0.631416 0.919477 0.811546 1.83783 0.707007 0.876812 2.19431 0.646998 1.08225 0.594123 0.939062 0.838165 0.718301 0.728359 0.851351 0.83103 0.90405 1.76471
threshold=21.121850000000006 8.2832255730924356 20.500000000000004 331.41500000000002 456.50000000000006 0.18350000000000002 0.59366224745844598 1.0000000180025095e-35 20590.875000000004 17581.900000000005 4.1945000000000006 4.980500000000001 -238.10499999999999 349.50000000000006 0.87569839808730077 0.92950794147245797 13.510744003162833 0.7706575174056054 10627.450000000003 11344.450000000003 2.5000000000000004 24.911032000072755 24.136755219836942 -36432.464999999989 -36432.464999999989 2.3295000000000008 9.5656601628159912 11.500000000000002 115242.77500000001 1.8320000000000001
decision_type=2 2 2 2 2 2 2 2 2 2 2 2 2 2 2 2 2 2 2 2 2 2 2 2 2 2 2 2 2 2
left_child=8 -2 5 -4 -5 6 -3 -8 9 10 12 -12 13 -1 -14 -16 -15 19 -19 -18 -21 22 24 -24 25 26 -10 -27 -29 -30
right_child=1 2 3 4 -6 -7 7 -9 21 -11 11 -13 14 16 15 -17 17 18 -20 20 -22 -23 23 -25 -26 27 -28 28 29 -31
leaf_value=-0.0092128918198313738 0.0066061145193479186 -0.0044897410824619541 0.0030810196957203255 -0.0064421929456539677 0.0054678809489797737 -0.0047892290019283133 -0.0060022014798976394 0.0014660349745342039 0.0020256363020219738 -0.012371509376730193 0.0018857761967628083 9.4905437640510461e-05 -0.0010525234455403428 -0.0050091066820214204 0.019423569758947413 0.00093134005641843992 -0.0097490842375104469 0.0066365088416122141 -0.0069502492646314742 -0.016048007334069334 0.0016947426100541374 -0.0019450411917330561 0.0011867813081552568 0.0057185880921129363 0.00014291825620175091 -0.00071213407023040895 -0.0059266353389561439 -0.00064223645863609831 0.0017065215828394977 -0.0017744987138334717
leaf_weight=283 17 19 9.9999999999999982 52 11.999999999999998 499 11 13 9.9999999999999982 181 13.999999999999998 69 335 28 12.999999999999998 76 25 10.000000000000002 12.999999999999998 10 11 455 18 109 2147 48 175 34 17.000000000000004 9.9999999999999982
leaf_count=283 17 19 10 52 12 499 11 13 10 181 14 69 335 28 13 76 25 10 13 10 11 455 18 109 2147 48 175 34 17 10
internal_value=-0.000628706 -0.00239337 -0.00272727 0.00243243 -0.000312501 -0.00343174 0.00197674 0.0075 -0.00035566 -0.00125468 -0.000603158 0.00343373 -0.0010199 -0.0025 0.000306603 0.00455056 0.00170103 0.00442029 0.0123913 0.000434781 0.00690476 -3.80429e-05 0.000257008 0.00444882 3.89173e-05 -0.00227891 -0.00418919 0.000963302 0.00483606 0.0116667
internal_weight=4724 633 616 74 64 542 43 24 4091 1068 887 83 804 380 424 89 97 69 23 46 21 3023 2568 127 2441 294 185 109 61 27
internal_count=4724 633 616 74 64 542 43 24 4091 1068 887 83 804 380 424 89 97 69 23 46 21 3023 2568 127 2441 294 185 109 61 27
is_linear=0
shrinkage=0.05


Tree=85
num_leaves=31
num_cat=0
split_feature=13 4 16 3 4 0 4 12 8 9 6 6 6 11 16 6 16 13 1 15 12 11 3 12 12 3 12 3 3 8
split_gain=0.621292 1.52758 0.751546 0.652366 0.761089 1.04554 1.24414 1.34373 1.25441 1.02102 1.04044 1.16447 0.635628 0.599066 0.756387 0.874025 1.23188 1.82484 1.96591 1.44557 0.891532 1.15942 1.25 0.646552 0.665369 0.594671 0.933417 0.683723 0.870851 0.783427
threshold=-238.10499999999999 0.21750000000000003 8.3940074446148909 2.8065000000000002 3.6975000000000002 8.5000000000000018 5.2980000000000009 45135.520000000011 2.5000000000000004 1.0000000180025095e-35 0.61251804751134376 0.49086567276937748 0.99551775655557295 6.5000000000000009 13.510744003162833 0.90660233321009687 24.970970335076718 -16684.454999999998 3.5000000000000004 1.0000000180025095e-35 95571.180000000008 367.00000000000006 0.26800000000000007 39827.580000000009 7650.7350000000015 2.6635000000000004 95571.180000000008 0.091500000000000012 0.083500000000000019 2.5000000000000004
decision_type=2 2 2 2 2 2 2 2 2 2 2 2 2 2 2 2 2 2 2 2 2 2 2 2 2 2 2 2 2 2
left_child=1 2 -1 4 9 6 7 8 -6 10 11 -3 -8 -11 -15 20 17 18 19 -17 -16 22 -22 24 -19 27 -27 28 -2 -29
right_child=25 3 -4 -5 5 -7 12 -9 -10 13 -12 -13 -14 14 15 16 -18 23 -20 -21 21 -23 -24 -25 -26 26 -28 29 -30 -31
leaf_value=0.0035773209375542878 0.00020549640535412326 0.00097381095482061784 -0.0048633015455350863 -0.0012489492782232067 3.9984787418985608e-05 -6.9106900297143624e-05 -0.00013283508160367966 -0.0002177903932248784 0.0046856623655268529 -0.0077509388740746024 0.00022516793366157315 0.0022644520864275801 0.0017713758597669379 -0.0031451965937452429 -0.00050800786810447209 0.009045272419225767 -0.012202672533817752 -0.002933559873749885 0.00091854430853979905 0.0060293101624523662 0.0043624788411242002 -0.0073377728374846313 0.010265926938053539 -0.011166379494550927 0.0012887308923597096 0.0045344404239440811 0.022425104664133652 -0.0013669376129823733 0.0078458457462938277 0.01144069656335301
leaf_weight=15.999999999999998 1444 17.000000000000004 683 149 11.999999999999998 202 50 19 25 239 61 11.999999999999998 23 290 539 11.000000000000002 60 26 26 17 12.000000000000002 15.999999999999998 18 29 61 116 19 556 9.9999999999999982 12.999999999999998
leaf_count=16 1444 17 683 149 12 202 50 19 25 239 61 12 23 290 539 11 60 26 26 17 12 16 18 29 61 116 19 556 10 13
internal_value=-0.000692728 -0.00121125 -0.00321173 -0.00048067 -0.000212466 0.00194864 0.00546512 0.0110714 0.0166216 -0.000711298 0.00444444 0.0122414 0.00116438 -0.00105655 -0.000565612 0.000214723 0.00282609 0.005 0.0125926 0.0217857 -0.000811967 0.00586956 0.0116667 0.00146552 0.00362069 -6.48761e-05 0.00314815 -0.000279289 0.000295735 -0.00174868
internal_weight=4771 2613 699 1914 1765 331 129 56 37 1434 90 29 73 1344 1105 815 230 170 54 28 585 46 30 116 87 2158 135 2023 1454 569
internal_count=4771 2613 699 1914 1765 331 129 56 37 1434 90 29 73 1344 1105 815 230 170 54 28 585 46 30 116 87 2158 135 2023 1454 569
is_linear=0
shrinkage=0.05


Tree=86
num_leaves=31
num_cat=0
split_feature=5 4 5 5 9 5 4 11 17 0 6 10 4 0 11 3 14 11 4 6 17 1 14 0 4 13 14 6 6 4
split_gain=1.13254 0.710857 1.83174 1.68565 1.66792 1.44038 0.561586 0.602265 0.543617 0.993334 0.764428 0.676617 0.836482 0.973563 0.590105 1.01146 0.537031 0.471046 1.13143 0.435514 2.41678 0.824661 0.470588 0.430662 0.580335 1.08225 0.41141 0.465156 1.39654 0.906588
threshold=31.479700000000005 0.091500000000000012 12.704400000000001 27.084700000000002 0.84500000000000008 12.490550000000001 23.702000000000002 8.5000000000000018 80.326964886771023 1.0000000180025095e-35 0.97195042873871573 681.58500000000015 4.918000000000001 12.500000000000002 3.5000000000000004 0.6905 10358.335000000001 1211.5000000000002 0.59250000000000014 0.99644405699742566 78.073145762213471 3.5000000000000004 35225.19000000001 2.5000000000000004 0.13450000000000004 -460.37499999999994 10627.450000000003 0.92239016771611393 0.92455488397609131 0.36450000000000005
decision_type=2 2 2 2 2 2 2 2 2 2 2 2 2 2 2 2 2 2 2 2 2 2 2 2 2 2 2 2 2 2
left_child=1 3 5 19 -5 6 7 8 -3 -10 -11 12 14 -14 15 -12 -9 26 -19 -1 21 22 -21 24 25 -4 -18 -28 -29 -30
right_child=-2 2 23 4 -6 -7 -8 16 9 10 11 -13 13 -15 -16 -17 17 18 -20 20 -22 -23 -24 -25 -26 -27 27 28 29 -31
leaf_value=-0.00022193444552162908 -0.0041139479250903522 -0.0035634192461141546 0.0072409642189494366 0.0051767876800588994 -0.004386534932255633 0.0054559261320534609 0.00019313026950421497 -0.0055542038068566611 0.0043227824963093077 -0.0071974604807321157 -0.013093513208190084 -0.01113963962980773 0.0018792554365574883 -0.00039057441635059704 -0.017933261374150845 0.0097509743434752594 0.0053155774227740069 -0.002252960815182236 0.0045860784318628488 0.051150578728810306 -0.011131192626703765 0.028928869593475928 0.0060430460978099319 -0.0096820506568660175 -0.0056327078387936984 -0.011739110814180331 -9.1009946270584428e-05 0.016484901089185121 0.0025256098303210526 0.00025687007663531395
leaf_weight=1207 396 303 11 19 13.999999999999998 10.999999999999998 19 147 19 97 19 32 14.000000000000002 14.999999999999998 39 14.999999999999998 14.999999999999998 11.000000000000002 13.999999999999998 17 80 18 17 418 50 10 1363 9.9999999999999982 22 349
leaf_count=1207 396 303 11 19 14 11 19 147 19 97 19 32 14 15 39 15 15 11 14 17 80 18 17 418 50 10 1363 10 22 349
internal_value=-0.000671768 -0.000440001 -0.000870797 0.000502914 0.0116667 -0.000326175 -0.000405515 -0.000471016 -0.00192586 -0.000200001 -0.0011039 0.00134328 0.00333333 0.0105172 0.000479451 0.00529412 -5.43772e-05 0.000184976 0.007 0.000227781 0.00295454 0.0113462 0.0067647 -0.00367076 -7.04237e-05 0.00690476 8.81171e-05 1.72006e-05 0.00156168 0.00106469
internal_weight=4771 4375 3003 1372 33 2514 2503 2484 553 250 231 134 102 29 73 34 1931 1784 25 1339 132 52 34 489 71 21 1759 1744 381 371
internal_count=4771 4375 3003 1372 33 2514 2503 2484 553 250 231 134 102 29 73 34 1931 1784 25 1339 132 52 34 489 71 21 1759 1744 381 371
is_linear=0
shrinkage=0.05


Tree=87
num_leaves=31
num_cat=0
split_feature=4 13 4 14 11 17 15 17 9 6 4 17 3 6 14 17 17 16 11 16 17 6 6 3 14 14 4 3 17 6
split_gain=0.594887 0.609904 1.44068 0.611913 0.888433 2.57857 0.557586 1.73344 2.70903 1.26437 1.67617 1.2932 1.76641 1.20072 1.66535 0.864268 0.662268 0.585211 0.746408 0.718673 0.985245 1.01074 2.75722 0.814545 0.596298 3.05659 1.30179 0.544444 0.505368 0.526042
threshold=23.702000000000002 -157.39999999999995 0.19950000000000004 14816.650000000001 367.00000000000006 82.622269562516095 1.0000000180025095e-35 87.427857198241739 0.46450000000000008 0.98431925612681404 0.40550000000000008 74.663399770288621 0.33450000000000008 0.49086567276937748 31500.860000000004 85.360255829708493 86.043075348383766 15.612276924953298 906.50000000000011 13.648264200788242 75.509946997295643 0.79818241087380304 0.9358377798968549 0.35850000000000004 23137.610000000004 22025.810000000001 4.7575000000000012 1.2165000000000001 85.498383823981541 0.75236132678326373
decision_type=2 2 2 2 2 2 2 2 2 2 2 2 2 2 2 2 2 2 2 2 2 2 2 2 2 2 2 2 2 2
left_child=1 2 -1 4 -4 -6 7 9 -9 13 -11 12 -12 14 -5 27 17 18 19 28 -21 -22 -23 -24 25 26 -19 -13 29 -8
right_child=-2 -3 3 6 5 -7 16 8 -10 10 11 15 -14 -15 -16 -17 -18 24 -20 20 21 22 23 -25 -26 -27 -28 -29 -30 -31
leaf_value=-0.0042338960018972679 0.00018347375602899472 -0.00011673897456203222 -0.0069843196951525927 0.016195421843920959 -0.0063798763867014821 0.0058481659419977461 0.0011752348933440106 0.0083308810269010769 -0.017890084217599429 0.0022950425876152947 0.0043169834695496205 -0.0082897179952695372 -0.0016547972067722458 -0.00034505622213780609 -0.00055836859668938167 0.003878950532437404 -0.0060242004796518958 -0.013950998872642898 0.0018581944911640056 -0.00083649518189794596 -7.4516350876272023e-05 0.014911390332134011 -0.015916588953768778 0.0077374397650867765 -0.00089770121929769349 0.019028182056949342 0.00065050070371596943 0.012924088889197733 0.0032336167947264747 -0.005330773120723312
leaf_weight=656 19 2134 240 12.999999999999998 40 15.999999999999998 105 13.000000000000002 9.9999999999999982 12.999999999999998 13.000000000000002 60 11.999999999999998 359 34 15.999999999999998 127 70 19 28 22 13.999999999999998 14.000000000000002 10.999999999999998 495 17 9.9999999999999982 11.999999999999998 14.999999999999998 164
leaf_count=656 19 2134 240 13 40 16 105 13 10 13 13 60 12 359 34 16 127 70 19 28 22 14 14 11 495 17 10 12 15 164
internal_value=-0.000671768 -0.000707072 -0.00121849 -0.000540266 -0.00263514 0.00303571 -0.000168068 0.00112612 0.0145652 0.000545112 0.00492063 0.0029646 0.013 -0.000812809 0.00670213 0.000113635 -0.000814583 -0.000376017 0.00112245 0.000630026 0.00455056 0.00811475 0.0129487 0.003 -0.00136824 0.00221649 -0.001875 -0.00222222 -0.000598593 -0.00109666
internal_weight=4771 4752 2618 1962 296 56 1666 555 23 532 126 113 25 406 47 88 1111 984 392 373 89 61 39 25 592 97 80 72 284 269
internal_count=4771 4752 2618 1962 296 56 1666 555 23 532 126 113 25 406 47 88 1111 984 392 373 89 61 39 25 592 97 80 72 284 269
is_linear=0
shrinkage=0.05


Tree=88
num_leaves=31
num_cat=0
split_feature=5 4 5 5 5 9 4 12 13 10 10 4 17 10 5 4 17 9 10 0 10 6 13 13 4 10 6 4 0 12
split_gain=1.13254 0.707621 1.614 2.26495 0.917688 1.68421 1.47593 0.635946 0.588832 0.564956 0.544568 1.30416 1.13297 1.31734 0.724955 1.4379 1.04436 2.36308 0.976846 0.781865 1.06416 0.861923 0.749245 0.990325 1.22199 0.864286 0.793651 0.74398 1.79791 0.717142
threshold=31.479700000000005 0.097500000000000017 12.704400000000001 12.490550000000001 27.084700000000002 0.63350000000000006 0.087500000000000008 8955.8150000000023 -89387.064999999988 239.75000000000003 731.41500000000008 13.319000000000001 83.120394419996543 561.87500000000011 5.9767500000000009 0.36450000000000005 87.427857198241739 0.46450000000000008 656.33500000000015 16.500000000000004 288.50000000000006 0.99551775655557295 -199.85999999999999 -6670.5899999999992 3.7855000000000003 714.87500000000011 0.70956380138822828 4.5345000000000004 5.5000000000000009 75492.72500000002
decision_type=2 2 2 2 2 2 2 2 2 2 2 2 2 2 2 2 2 2 2 2 2 2 2 2 2 2 2 2 2 2
left_child=1 4 3 7 6 -6 -1 8 -3 -9 11 14 13 -13 15 -11 18 -18 19 21 -21 29 23 25 26 -20 -25 -23 -29 -17
right_child=-2 2 -4 -5 5 -7 -8 9 -10 10 -12 12 -14 -15 -16 16 17 -19 22 20 -22 27 -24 24 -26 -27 -28 28 -30 -31
leaf_value=0.00016539162735420591 -0.00370746936939295 0.00037251301824382192 -0.0088309094602761224 0.0052280148864156696 0.0049237852447840532 -0.0061364681253612543 0.0070590076182549047 -0.0015684948987561361 -0.00087078598294583877 0.0066949054364940147 -0.00025439315460677991 0.00037847814043507304 -0.010368235415820493 0.0096369220377363757 -0.0021757228821874274 -0.0019713577691018737 0.0079143369755560189 -0.0059861509161280536 -0.0049398814218744626 0.0068077006294359962 0.00092963853135681347 -0.0026755792339684201 -0.00069913799022310714 0.014906961391236335 0.0081387142895369153 0.0030954418701999785 -0.00040678478899632887 0.0034730568215514557 0.0002805401309928784 0.0013205948628650101
leaf_weight=1331 396 15.999999999999998 478 10.999999999999998 19 19 13.999999999999998 121 542 9.9999999999999982 728 16.000000000000004 9.9999999999999982 14.999999999999998 185 310 13.000000000000002 11.999999999999998 42 10.999999999999998 172 101 41 13.999999999999998 10.999999999999998 18 18 11.999999999999998 26 59
leaf_count=1331 396 16 478 11 19 19 14 121 542 10 728 16 10 15 185 310 13 12 42 11 172 101 41 14 11 18 18 12 26 59
internal_value=-0.000671768 -0.000440001 -0.000872327 -0.000365952 0.000495299 0.00815789 0.000278809 -0.000465443 -0.00195341 -3.85616e-05 0.00018092 0.000885035 0.00963415 0.0143548 0.000545023 0.00114942 0.000930231 0.011 0.000628741 -0.000151955 0.00265027 -0.00116142 0.004375 0.00665048 0.0124419 0.0025 0.0075 0.00219424 0.00815789 -0.00242548
internal_weight=4771 4375 2992 2514 1383 38 1345 2503 558 1945 1824 1096 41 31 1055 870 860 25 835 691 183 508 144 103 43 60 32 139 38 369
internal_count=4771 4375 2992 2514 1383 38 1345 2503 558 1945 1824 1096 41 31 1055 870 860 25 835 691 183 508 144 103 43 60 32 139 38 369
is_linear=0
shrinkage=0.05


Tree=89
num_leaves=31
num_cat=0
split_feature=5 8 6 11 5 17 12 0 5 4 13 0 4 1 0 17 4 4 3 10 4 10 4 0 11 6 17 1 12 12
split_gain=1.05959 0.727672 0.713305 1.00901 0.487825 1.25 0.368646 0.740741 0.364564 0.565156 0.372088 0.586691 1.07143 0.339394 0.32333 0.297436 0.296589 1.32979 0.617554 0.564447 0.519966 1.79927 1.22828 0.865385 0.583418 0.396756 2.05834 0.475342 0.428253 0.391344
threshold=31.479700000000005 3.5000000000000004 0.61861742912186335 67.500000000000014 30.470800000000001 80.391252939456763 90468.860000000015 13.500000000000002 4.7490000000000014 1.0755000000000001 -4481.8999999999987 8.5000000000000018 4.1255000000000015 2.5000000000000004 22.500000000000004 85.175661779010923 0.097500000000000017 0.19950000000000004 0.086500000000000007 154.83500000000001 0.24650000000000002 474.12500000000006 0.21750000000000003 3.5000000000000004 1211.5000000000002 0.99644405699742566 78.073145762213471 3.5000000000000004 35265.67500000001 12950.965000000002
decision_type=2 2 2 2 2 2 2 2 2 2 2 2 2 2 2 2 2 2 2 2 2 2 2 2 2 2 2 2 2 2
left_child=1 4 3 -3 14 -6 -2 -8 9 -4 -11 12 -12 -5 16 -13 18 -18 25 -19 21 22 -21 -23 29 -1 27 28 -27 -22
right_child=6 2 8 13 5 -7 7 -9 -10 10 11 15 -14 -15 -16 -17 17 19 -20 20 24 23 -24 -25 -26 26 -28 -29 -30 -31
leaf_value=-0.00013559292254356357 -0.0036174045717663919 -0.0053996732759826471 0.007195016396954074 0.00086460661146988815 -0.006818230950835562 0.001486657021192392 0.0042653633855682495 -0.0070624851154437078 -0.0043047580315513211 -0.00052647470799614996 -0.010791712606570882 -0.0078810085362182782 0.0046017406358551021 0.010644711138149453 -0.0017736034868409 0.0002674028281188224 -0.0084497639923139679 -0.00091327238005494608 0.0067271265202908798 8.2150252150568415e-05 -0.00032638851962894344 0.0031674058062161753 0.0054819865303528878 -0.0025938793993801777 0.0025000095701364399 0.048590617159730183 -0.0093141696733964226 0.027479993481162535 0.0076201196296355952 6.1931195657222981e-05
leaf_weight=1164 369 15.999999999999998 9.9999999999999982 10.000000000000002 10.000000000000002 9.9999999999999982 12.000000000000002 14.999999999999998 189 245 14.000000000000002 29 9.9999999999999982 10.999999999999998 175 9.9999999999999982 378 74 11.999999999999998 17 527 12.999999999999998 15.999999999999998 52 18 17 75 18 15.999999999999998 1239
leaf_count=1164 369 16 10 10 10 10 12 15 189 245 14 29 10 11 175 10 378 74 12 17 527 13 16 52 18 17 75 18 16 1239
internal_value=-0.000755608 -0.00053143 -0.00224265 0.00445946 -0.000288438 0.0075 -0.00323232 0.00240741 -0.00273176 -0.00169811 -0.00207792 0.00134921 0.0075 0.0116667 -0.000329311 -0.0024359 -0.000228274 -0.000565554 0.000376343 -4.0901e-05 0.000127523 0.00367347 0.0131818 -0.00115385 -6.72658e-05 0.000271317 0.00293651 0.0106863 0.00712121 -0.000158552
internal_weight=4771 4375 544 37 3831 20 396 27 507 318 308 63 24 21 3811 39 3636 2334 1302 1956 1882 98 33 65 1784 1290 126 51 33 1766
internal_count=4771 4375 544 37 3831 20 396 27 507 318 308 63 24 21 3811 39 3636 2334 1302 1956 1882 98 33 65 1784 1290 126 51 33 1766
is_linear=0
shrinkage=0.05


Tree=90
num_leaves=31
num_cat=0
split_feature=2 14 14 17 5 8 5 11 14 6 12 6 11 11 14 12 7 15 13 5 13 14 11 14 14 14 11 12 12 8
split_gain=0.933701 0.708823 1.9311 1.21557 1.74661 2.79503 0.722759 0.708893 0.813923 0.68044 0.730059 1.65692 0.974412 0.688794 1.07577 0.699278 0.816587 0.643216 1.21218 0.605793 1.82826 0.703603 1.08539 1.42711 2.58834 0.975071 0.890344 0.600612 1.39991 0.794045
threshold=5.5000000000000009 116941.46000000001 112753.32000000002 73.572306740972735 1.0131500000000002 2.5000000000000004 35.282150000000009 142.50000000000003 21523.895000000004 0.91164747982434269 22165.345000000005 0.92736824687440256 1.5000000000000002 6.5000000000000009 23257.920000000002 5040.2550000000001 2.5000000000000004 1.0000000180025095e-35 -24945.964999999993 29.296000000000003 -790.80499999999995 60882.345000000008 196.50000000000003 25612.985000000004 33140.170000000006 48925.405000000006 147.50000000000003 55237.830000000009 30333.435000000001 3.5000000000000004
decision_type=2 2 2 2 2 2 2 2 2 2 2 2 2 2 2 2 2 2 2 2 2 2 2 2 2 2 2 2 2 2
left_child=1 2 6 -4 -5 -6 7 8 -1 -10 11 -11 -13 -14 -15 -16 -17 18 -12 21 -21 22 23 26 -25 -26 -9 28 -20 -30
right_child=-2 -3 3 4 5 -7 -8 19 9 10 17 12 13 14 15 16 -18 -19 27 20 -22 -23 -24 24 25 -27 -28 -29 29 -31
leaf_value=-0.0046648169667470813 -0.0062126563730390862 -0.0011224966529600759 -0.026772766861512667 -0.0020787761406806048 0.0037551488929101623 0.014562344100793415 -0.0032742148590896728 0.017703085491801617 -0.00057757472316156044 0.0044657182354905919 0.0071893372334529901 0.0016317099114429021 -0.00087620335694701436 0.020500789603536178 -0.009770022962077813 -0.0001097520809762955 0.0040610937069093843 -0.0012351949489817667 -0.0027121917583949563 -0.0028968756229392125 0.0059802604807328392 -0.001324093145036592 0.00038570218443045537 0.021263776796793338 -0.00066364740896614411 0.012122619060405956 -0.0086424574455306429 -0.0060559480777915842 0.0066483421394036568 -0.0098255957749938533
leaf_weight=572 181 471 15.999999999999998 19 32 13.999999999999998 269 12.999999999999998 495 13.999999999999998 13.999999999999998 11.999999999999998 58 13.999999999999998 28 33 24 339 43 32 12.999999999999998 389 1444 17 27 11.999999999999998 34 44 52 9.9999999999999982
leaf_count=572 181 471 16 19 32 14 269 13 495 14 14 12 58 14 28 33 24 339 43 32 13 389 1444 17 27 12 34 44 52 10
internal_value=-0.00064942 -0.000509443 -0.000297577 0.00734568 0.0103846 0.0156522 -0.000452275 -0.0002719 -0.00100457 -0.000254238 0.000766422 0.00346994 0.00210059 0.00105095 0.00358586 0.00147059 0.00464912 -0.000219125 0.00236196 0.000376071 0.00611111 0.000242767 0.000720749 0.00567961 0.0110714 0.00397436 -0.000744682 0.00104027 0.00309524 0.00790322
internal_weight=4735 4554 4083 81 65 46 4002 3733 1752 1180 685 183 169 157 99 85 57 502 163 1981 45 1936 1547 103 56 39 47 149 105 62
internal_count=4735 4554 4083 81 65 46 4002 3733 1752 1180 685 183 169 157 99 85 57 502 163 1981 45 1936 1547 103 56 39 47 149 105 62
is_linear=0
shrinkage=0.05


Tree=91
num_leaves=31
num_cat=0
split_feature=5 11 5 11 2 0 5 0 16 12 6 1 6 5 10 16 3 14 11 6 6 3 0 16 6 12 12 14 5 12
split_gain=0.862464 0.655977 0.524842 1.19472 0.491724 0.47361 1.18519 1.07971 1.04099 1.23446 0.845148 0.960784 1.07244 1.43027 1.0304 0.96 0.806914 0.618655 0.663944 0.980719 1.71626 0.584758 0.744048 0.550287 1.18577 0.561832 0.518693 0.754486 1.92604 0.702662
threshold=31.479700000000005 67.500000000000014 29.296000000000003 429.50000000000006 2.5000000000000004 19.500000000000004 24.526000000000003 21.500000000000004 22.709933633127608 9562.3750000000018 0.20477425329877361 5.5000000000000009 0.49086567276937748 6.4600000000000009 913.25000000000011 12.475767864052324 1.2900000000000003 66186.695000000022 138.50000000000003 0.62559509089814569 0.69619281195212601 3.3480000000000003 10.500000000000002 26.380218818232503 0.47617402030728689 151596.51500000004 12950.965000000002 16380.845000000001 2.1969000000000007 5040.2550000000001
decision_type=2 2 2 2 2 2 2 2 2 2 2 2 2 2 2 2 2 2 2 2 2 2 2 2 2 2 2 2 2 2
left_child=1 -1 5 -4 -2 17 7 8 9 -7 -11 12 14 16 15 -12 -14 26 19 -19 -21 -20 -23 25 -25 -9 29 28 -28 -3
right_child=4 2 3 -5 -6 6 -8 23 -10 10 11 -13 13 -15 -16 -17 -18 18 21 20 -22 22 -24 24 -26 -27 27 -29 -30 -31
leaf_value=-0.00045252958198211822 -0.00059162924195840121 0.00081225859852993043 -0.0047094606803776418 0.005681247456696196 -0.004688976088296287 -0.0086690125267085347 0.0060128588514790186 -0.0043307522168214785 -0.0025605197131173749 -0.0044020925348144174 0.060577053440461083 -0.00716208013760012 0.0086747829723126633 -0.014704132486907074 0.027071608162976282 0.0013539279552928034 0.012608931228022636 -0.0032912960482854568 -0.0023238937061237216 0.015107743174533499 -0.00095875129485650801 0.021354838053728457 -0.0063317176482104547 -0.0047557193905575649 0.015955534356410065 0.016853462202369451 0.011341192192957259 0.00071743150226416877 0.0023988621284586216 -0.001042745159086766
leaf_weight=1795 166 141 17.000000000000004 12.999999999999998 231 29 10.999999999999998 176 62 17 10.000000000000002 14.999999999999998 17.000000000000004 21 10.999999999999998 14.999999999999998 10.999999999999998 29 514 15.000000000000002 15.999999999999998 14.000000000000002 9.9999999999999982 12.000000000000002 10.999999999999998 10.999999999999998 14.999999999999998 960 66 304
leaf_count=1795 166 141 17 13 231 29 11 176 62 17 10 15 17 21 11 15 11 29 514 15 16 14 10 12 11 11 15 960 66 304
internal_value=-0.000628301 -0.00042416 9.24093e-05 0.00666667 -0.00285894 1.39264e-05 0.00152681 0.00110048 0.00365384 0.0059589 0.00824786 0.01 0.0120588 0.0072449 0.0186111 0.013 0.0146429 -0.000297506 -0.00165552 0.00333333 0.00951613 -0.0022119 0.00541667 -0.00142857 0.00586956 -0.0023262 0.000248989 0.000859749 0.00549383 -0.00117978
internal_weight=4735 4338 2543 30 397 2513 429 418 208 146 117 100 85 49 36 25 28 2084 598 60 31 538 24 210 23 187 1486 1041 81 445
internal_count=4735 4338 2543 30 397 2513 429 418 208 146 117 100 85 49 36 25 28 2084 598 60 31 538 24 210 23 187 1486 1041 81 445
is_linear=0
shrinkage=0.05


Tree=92
num_leaves=31
num_cat=0
split_feature=5 16 9 1 4 5 5 5 0 4 0 15 16 16 10 16 10 5 12 1 14 4 14 12 3 16 16 12 10 3
split_gain=0.650014 1.12813 0.622163 1.56406 0.525769 1.44319 0.994378 0.964921 1.19263 1.23614 0.707644 0.727869 1.13264 1.07225 0.629915 0.564946 0.545157 1.25467 1.27424 0.767435 3.55542 0.945737 1.32044 0.8 0.656757 0.583333 1.25577 0.496656 0.476279 0.462636
threshold=31.479700000000005 8.5054604148702779 0.18350000000000002 1.5000000000000002 0.11450000000000002 12.704400000000001 12.490550000000001 25.836550000000003 18.500000000000004 0.06950000000000002 7.5000000000000009 1.0000000180025095e-35 17.817508853946588 16.558874482170577 239.75000000000003 9.1600478010937145 404.16500000000002 9.925200000000002 25829.205000000005 1.5000000000000002 101497.13000000002 3.1290000000000004 30128.115000000002 14667.250000000002 0.48250000000000004 20.635765938815563 15.836786397739321 12052.560000000003 799.58500000000015 5.4480000000000013
decision_type=2 2 2 2 2 2 2 2 2 2 2 2 2 2 2 2 2 2 2 2 2 2 2 2 2 2 2 2 2 2
left_child=4 -2 3 -3 7 6 14 10 9 -9 11 12 13 28 29 -13 17 19 -19 20 25 -21 23 -23 -24 26 -16 -11 -1 -6
right_child=1 2 -4 -5 5 -7 -8 8 -10 27 -12 15 -14 -15 16 -17 -18 18 -20 21 -22 22 24 -25 -26 -27 -28 -29 -30 -31
leaf_value=0.0088025951648299152 0.0039059896198359472 0.0055443942228440386 -0.0033594201403920848 -0.0033824238220251535 -0.0026841921940324279 -0.0080644285183761703 0.0042650588028151715 0.0020938452792609234 0.0049055207416482125 0.0012985618548703838 -0.0010310696566747395 0.017435619671273241 -0.0019706568192106168 0.016329699511220458 -0.011752500775802914 -0.00040520769434225913 -0.00020411752758822763 0.0031208810638094979 -0.0017187768397248307 -0.0034543398121587919 0.010768731537148314 7.1876675839435957e-05 0.0001520584345878564 0.010453095376600288 -0.0013574438298734057 -0.0022333443385263315 0.0085342057648305786 -0.0010983405191471243 0.017121447618965249 0.0004233152725075808
leaf_weight=25 10.999999999999998 9.9999999999999982 349 27 133 406 13.999999999999998 19 14.999999999999998 12.999999999999998 938 18 66 18 22 274 2033 12.000000000000002 9.9999999999999982 146 10.999999999999998 10.000000000000002 9.9999999999999982 9.9999999999999982 27 27 13.999999999999998 33 18 15.999999999999998
leaf_count=25 11 10 349 27 133 406 14 19 15 13 938 18 66 18 22 274 2033 12 10 146 11 10 10 10 27 27 14 33 18 16
internal_value=-0.00067054 -0.00260705 -0.003057 0.00310811 -0.000493316 -0.000880732 -0.000430863 0.000288795 0.005625 0.00269231 -2.57934e-05 0.00168258 0.00484252 0.0097541 -0.000505846 0.000308218 -0.000304461 0.00168896 0.0131818 0.000776172 0.00513513 -0.000812809 0.00464912 0.015 -0.000945947 0.000555554 0.00472222 -0.00173913 0.00546512 -0.00365772
internal_weight=4735 397 386 37 4338 2901 2495 1437 80 65 1357 419 127 61 2481 292 2332 299 22 277 74 203 57 20 37 63 36 46 43 149
internal_count=4735 397 386 37 4338 2901 2495 1437 80 65 1357 419 127 61 2481 292 2332 299 22 277 74 203 57 20 37 63 36 46 43 149
is_linear=0
shrinkage=0.05


Tree=93
num_leaves=31
num_cat=0
split_feature=2 4 10 12 14 4 3 14 3 17 11 6 11 4 14 4 12 16 16 6 6 16 17 12 16 14 12 12 16 6
split_gain=0.541708 0.619287 0.882968 0.406214 0.881051 1.7073 2.34314 0.63168 0.604853 0.594213 1.55847 1.8544 1.56773 1.18577 0.835971 1.32254 0.462963 0.448095 0.691808 0.585303 0.734215 0.922905 1.27321 0.588404 0.576084 0.691993 0.530303 0.404579 0.363209 0.356633
threshold=5.5000000000000009 3.5835000000000004 653.75000000000011 12750.445000000002 16570.725000000002 0.9235000000000001 1.1290000000000002 19971.395000000004 0.088500000000000009 84.190453844111616 276.50000000000006 0.62956987220585414 508.50000000000006 1.7930000000000004 32337.785000000003 0.66750000000000009 16109.195000000002 18.988015598719958 18.853015963731384 0.18434383165736767 0.30819817843945146 15.836786397739321 82.622269562516095 32002.205000000005 13.004166075385935 39471.225000000013 27088.380000000001 15000.765000000001 27.873833326371962 0.34172086052332584
decision_type=2 2 2 2 2 2 2 2 2 2 2 2 2 2 2 2 2 2 2 2 2 2 2 2 2 2 2 2 2 2
left_child=3 -2 -3 9 5 8 -7 -6 16 29 14 -12 -13 -14 -11 -16 -5 18 19 -9 21 24 23 -23 25 26 -21 -8 -19 -1
right_child=1 2 -4 4 7 6 27 17 -10 10 11 12 13 -15 15 -17 -18 28 -20 20 -22 22 -24 -25 -26 -27 -28 -29 -30 -31
leaf_value=0.00075026667013268023 -0.0061402319089891742 0.0015755524676966618 -0.0046775030583155785 0.0026099718909518006 -0.0050266423359334161 0.011962052372399001 -0.0014487511910025183 -0.0019676783931095701 -0.0091592740202553289 -0.0055273833241687199 -0.00046252118258249814 0.008077964939218335 0.0055767363989865483 -0.0074669896407769613 0.00118641069266925 -0.0014300751770824666 0.011048899433751147 -0.00063877167954464907 0.029413881493183226 0.0051021153229729027 1.4144420239040891e-05 0.019429598722797328 -0.0064979703263680216 0.0081712410711943604 -0.0057854339688542845 0.00032747427155016377 0.025728758915992057 0.011128303015572215 0.0042815491829361202 -0.0016070296978398192
leaf_weight=92 137 14.999999999999998 29 96 227 12.999999999999998 15.000000000000002 115 37 110 52 15.999999999999998 11.000000000000002 11.999999999999998 19 20 11.999999999999998 1363 15.999999999999998 11.000000000000002 1350 12.000000000000002 9.9999999999999982 17 37 51 9.9999999999999982 12.999999999999998 18 799
leaf_count=92 137 15 29 96 227 13 15 115 37 110 52 16 11 12 19 20 12 1363 16 11 1350 12 10 17 37 51 10 13 18 799
internal_value=-0.00065998 -0.00334254 0.00181818 -0.000553361 -0.000281918 0.00306451 0.0120732 -0.000474206 0.00051724 -0.00137489 0.000833332 0.00598901 0.0142308 0.00586956 -0.00231544 0.00397436 0.00240741 -0.000282393 0.000279311 0.000176688 0.000440586 0.00378378 0.0103846 0.0156897 0.00142202 0.00402778 0.0116667 0.00392857 -0.000944969 -0.0019697
internal_weight=4735 181 44 4554 3423 186 41 3237 145 1131 240 91 39 23 149 39 108 3010 1629 1613 1498 148 39 29 109 72 21 28 1381 891
internal_count=4735 181 44 4554 3423 186 41 3237 145 1131 240 91 39 23 149 39 108 3010 1629 1613 1498 148 39 29 109 72 21 28 1381 891
is_linear=0
shrinkage=0.05


Tree=94
num_leaves=31
num_cat=0
split_feature=5 4 5 16 6 16 12 13 10 10 3 3 5 4 17 16 6 5 12 4 17 6 4 16 17 10 17 7 17 4
split_gain=0.825187 0.624971 1.70588 0.593465 0.598082 0.642727 0.94697 0.556915 1.23345 2.34624 0.594735 0.661172 0.533885 0.51368 0.736465 1.20883 1.31471 1.10739 3.01042 0.74862 0.729265 0.62255 1.15201 1.07762 1.14606 0.565711 1.18681 0.536932 0.512447 0.964286
threshold=40.10840000000001 0.11450000000000002 12.704400000000001 26.203756285920978 0.18771689578098419 23.899500296942467 35265.67500000001 -13190.759999999998 521.12500000000011 303.25000000000006 0.014500000000000001 0.041500000000000009 12.490550000000001 3.2770000000000006 81.912703579764226 15.178899352222233 0.27615796044395718 8.9396500000000021 11469.940000000001 0.24050000000000002 85.857016736466306 0.94204774094886667 0.46750000000000008 16.937300224302344 87.380406902994352 1140.2500000000002 79.20761830183703 1.5000000000000002 74.984826823696082 3.5460000000000007
decision_type=2 2 2 2 2 2 2 2 2 2 2 2 2 2 2 2 2 2 2 2 2 2 2 2 2 2 2 2 2 2
left_child=1 3 12 4 5 -1 -7 8 9 -6 -10 -12 13 14 -3 19 -17 21 -19 -16 25 -18 -23 -24 -25 28 -27 -20 29 -15
right_child=-2 2 -4 -5 7 6 -8 -9 10 -11 11 -13 -14 20 15 16 17 18 27 -21 -22 22 23 24 -26 26 -28 -29 -30 -31
leaf_value=-0.0027624527553611203 -0.0038208007917067688 -0.00079083357508022097 -0.0068913257307062457 -0.0044735002876620956 -5.4654758005861863e-05 0.0092668575524370144 -0.029219840656344344 0.0009078993883356451 -0.0016254839506704617 0.0046100322132220824 0.0041173154506128403 -0.0010346000591949572 0.0040982683319313647 0.017081857986535557 0.0015381019191542844 0.007249393651825301 -0.00026551884651335791 0.0052870873873086593 -0.010344170284878136 -0.0028348182465291055 -0.0012828945973176516 0.0086327908453321563 0.0075469608713840293 -0.010771309359384501 0.0054975784215136429 0.0031361763048872505 -0.0013647248222797416 0.0023521375866898085 2.2862006148441578e-06 0.00033454393702739364
leaf_weight=210 128 1153 472 166 19 12.000000000000002 9.9999999999999982 1143 37 15.999999999999998 13.000000000000002 13.999999999999998 13.999999999999998 18 14.999999999999998 17 271 15.999999999999998 21 223 67 9.9999999999999982 15.999999999999998 59 9.9999999999999982 12.000000000000002 13.999999999999998 10.999999999999998 440 108
leaf_count=210 128 1153 472 166 19 12 10 1143 37 16 13 14 14 18 15 17 271 16 21 223 67 10 16 59 10 12 14 11 440 108
internal_value=-0.00064942 -0.000539398 -0.000972364 0.000243901 0.000563092 -0.00176724 0.00636364 0.000998389 0.00459596 0.0121429 0.000468749 0.00611111 -0.000450903 -0.000505846 -0.00093853 0.000381165 0.00196056 0.00140096 0.00854167 -0.00247899 0.000690439 0.00046448 0.00394737 0.00205882 -0.000652175 0.00125 0.00846154 -0.000312501 0.000918727 0.00373016
internal_weight=4735 4607 2967 1640 1474 232 22 1242 99 35 64 27 2495 2481 1822 669 431 414 48 238 659 366 95 85 69 592 26 32 566 126
internal_count=4735 4607 2967 1640 1474 232 22 1242 99 35 64 27 2495 2481 1822 669 431 414 48 238 659 366 95 85 69 592 26 32 566 126
is_linear=0
shrinkage=0.05


Tree=95
num_leaves=31
num_cat=0
split_feature=4 4 4 6 3 16 1 6 3 3 7 9 14 16 4 15 4 17 3 16 1 6 3 6 12 4 9 4 4 16
split_gain=0.709595 0.755212 1.6162 0.995926 1.73706 0.813377 0.7139 0.688579 0.742532 0.522745 0.514215 0.745053 1.04872 1.54706 1.28205 1.83203 1.03226 0.872727 0.657847 0.699221 0.533658 0.501349 1.11818 0.962035 0.954141 1.13071 0.732601 0.487801 0.71417 0.824176
threshold=0.05050000000000001 0.93950000000000011 0.96000000000000008 0.37631896218916244 0.48250000000000004 22.279283682283978 2.5000000000000004 0.14487727120583918 0.040500000000000008 0.0015000000000000002 1.0000000180025095e-35 0.53550000000000009 49367.580000000009 18.606228099426705 2.3510000000000004 1.0000000180025095e-35 5.2980000000000009 79.368806232129302 6.9600000000000009 21.724326767167415 1.0000000180025095e-35 0.68901159587551308 0.39750000000000008 0.85422367612093286 49483.985000000008 1.6760000000000004 0.63350000000000006 6.5410000000000013 11.097000000000003 17.581560083318418
decision_type=2 2 2 2 2 2 2 2 2 2 2 2 2 2 2 2 2 2 2 2 2 2 2 2 2 2 2 2 2 2
left_child=7 -2 -3 4 -4 10 -6 -1 9 -9 21 12 20 14 15 -14 -16 -17 19 -13 -12 22 -5 24 25 -23 -26 -25 29 -29
right_child=1 2 3 5 6 -7 -8 8 -10 -11 11 18 13 -15 16 17 -18 -19 -20 -21 -22 23 -24 27 26 -27 -28 28 -30 -31
leaf_value=-0.0033921565031784424 -0.0020438220848328021 0.012878785831360713 0.0028655272182936636 0.004610488186224079 0.0088259480099502855 -0.0011339863316564352 -0.00044654988992844623 0.0010252411824044527 0.002814908825919081 -0.0020945876843930719 0.0089236992737033102 -0.0006064285604597229 0.0082660009472421987 -0.0024818973492800518 -0.00038723086030191859 0.0057415195095887562 5.3254504190355612e-05 -0.018383175226157535 0.00025792788253768017 0.00053422412429832773 -0.0027809630528051817 0.01785847597278091 -0.00148456839964984 -0.0013148529977410903 -0.0041931465933858622 0.0089920061435773187 0.018530230517050435 0.000748671341487351 -0.0010734928151350691 0.0040971516126378634
leaf_weight=169 1684 13.999999999999998 9.9999999999999982 9.9999999999999982 11.999999999999998 461 26 1155 25 91 10.999999999999998 318 20 33 31 10.000000000000002 18 11.999999999999998 9.9999999999999982 9.9999999999999982 137 23 147 169 25 40 13.999999999999998 14.000000000000002 19 11.999999999999998
leaf_count=169 1684 14 10 10 12 461 26 1155 25 91 11 318 20 33 31 10 18 12 10 10 137 23 147 169 25 40 14 14 19 12
internal_value=-0.000856238 -0.0012614 -0.00048568 -0.000634423 0.00645833 -0.000854923 0.00157895 6.94433e-05 0.000468134 0.000296949 -0.000106188 -0.00106557 0.000882352 0.00427419 0.00763736 0.0140476 0.00214286 0.00409091 -0.00263314 -0.00301829 -0.00195946 0.00113108 -0.00117835 0.00227848 0.00627451 0.0100794 0.000128204 0.000373831 0.005 0.0103846
internal_weight=4730 3290 1606 1592 48 1544 38 1440 1271 1246 1083 610 272 124 91 42 49 22 338 328 148 473 157 316 102 63 39 214 45 26
internal_count=4730 3290 1606 1592 48 1544 38 1440 1271 1246 1083 610 272 124 91 42 49 22 338 328 148 473 157 316 102 63 39 214 45 26
is_linear=0
shrinkage=0.05


Tree=96
num_leaves=31
num_cat=0
split_feature=2 3 4 0 17 10 10 4 4 12 17 9 14 14 0 14 11 4 8 12 14 5 5 10 14 17 5 10 5 3
split_gain=0.782124 0.834816 0.603979 0.769231 0.602949 0.8131 0.848214 0.601844 1.95529 0.66758 0.857246 0.510671 0.586957 0.494925 1.9088 0.553689 0.434357 0.742456 1.42917 0.429792 0.838095 0.423752 1.1 0.419572 0.872727 0.410947 0.395621 0.414726 0.512121 0.54697
threshold=1.5000000000000002 0.037500000000000006 0.091500000000000012 2.5000000000000004 81.668042120980459 931.25000000000011 573.60500000000013 0.93950000000000011 0.96000000000000008 2381.2350000000001 81.818883815782996 0.15500000000000003 21069.620000000006 68636.580000000016 6.5000000000000009 40243.105000000003 16.000000000000004 1.0420000000000003 2.5000000000000004 17323.020000000004 13176.940000000002 0.30240000000000006 0.22080000000000002 1241.2500000000002 40509.295000000006 73.628055274700344 0.30240000000000006 643.75000000000011 0.23745000000000002 6.6010000000000009
decision_type=2 2 2 2 2 2 2 2 2 2 2 2 2 2 2 2 2 2 2 2 2 2 2 2 2 2 2 2 2 2
left_child=-1 11 3 -3 19 6 -6 9 -9 10 -4 12 -2 14 -14 -16 26 18 -18 20 -5 22 -13 -23 -25 -19 27 28 -10 -30
right_child=1 2 7 4 5 -7 -8 8 16 -11 -12 21 13 -15 15 -17 17 25 -20 -21 -22 23 -24 24 -26 -27 -28 -29 29 -31
leaf_value=0.00065381174208246136 -0.0016234684355489013 0.0039046505837881623 -0.00090002245769522688 -0.0058287471926820739 0.0050655286171463962 0.004695679043790175 -0.004795389822816196 0.013502958403366409 -0.0012309486460416149 -0.0026460513453562561 0.0050880084362018001 -0.00067152111852208062 -0.0014554463703513234 -0.00019977203111711954 0.0028153321881793456 0.0032631381643626204 -0.0027536710629424903 -0.00037738143069996602 0.013626888584938355 -0.0046452262363481638 0.0019344851719191724 -0.0017667201488576444 0.003705932315572643 -0.0055922558569859206 0.0012217687536401922 0.00021961016906642744 -0.00096099519524756841 0.001039482185463446 0.0044772606455218507 -7.441074748809905e-06
leaf_weight=1261 27 12.999999999999998 23 11.000000000000002 15.999999999999998 10.999999999999998 19 11.999999999999998 33 895 11.999999999999998 22 18 28 11.000000000000002 11.999999999999998 16.000000000000004 51 13.999999999999998 50 9.9999999999999982 1041 18 12.000000000000002 9.9999999999999982 519 530 12.999999999999998 10.000000000000002 11.999999999999998
leaf_count=1261 27 13 23 11 16 11 19 12 33 895 12 22 18 28 11 12 16 51 14 50 10 1041 18 12 10 519 530 13 10 12
internal_value=-0.000792813 -0.00118046 -0.000616741 0.00269231 0.00141026 0.00586956 0.00214286 -0.000817758 -8.26458e-05 -0.00177419 0.005 -0.00224771 0.00125 0.00369565 0.00719512 0.0167391 -0.000283808 0.000666665 0.00833333 -0.00147887 0.00452381 -0.00255213 0.0025 -0.00274224 0.00409091 0.000263157 -0.00123746 0.00235294 0.000454544 0.00636364
internal_weight=4730 3469 2270 130 117 46 35 2140 1210 930 35 1199 96 69 41 23 1198 600 30 71 21 1103 40 1063 22 570 598 68 55 22
internal_count=4730 3469 2270 130 117 46 35 2140 1210 930 35 1199 96 69 41 23 1198 600 30 71 21 1103 40 1063 22 570 598 68 55 22
is_linear=0
shrinkage=0.05


Tree=97
num_leaves=31
num_cat=0
split_feature=2 3 6 16 10 16 0 1 17 17 1 1 10 6 16 17 10 16 1 10 12 12 14 12 17 0 17 17 0 17
split_gain=0.710191 0.714358 0.601893 0.501627 0.490109 0.56619 0.46541 1.18893 0.463046 0.891719 0.462261 0.438075 0.427022 1.13446 0.984615 0.490165 0.60847 0.549076 0.458182 0.409203 0.395894 0.522573 0.376984 1.5666 0.667191 0.770147 0.389868 0.490586 0.920479 0.546871
threshold=1.5000000000000002 0.027500000000000004 0.13877274185305047 27.796279195711499 1263.5000000000002 25.546059652740286 1.0000000180025095e-35 4.5000000000000009 72.984132124666615 73.078719956340478 1.0000000180025095e-35 4.5000000000000009 13.500000000000002 0.73221073747299015 19.399145007203128 79.31430202845344 7.5000000000000009 18.319867440807009 2.5000000000000004 1289.0000000000002 55764.725000000006 42354.480000000003 75993.330000000002 103924.04500000001 81.140685236505462 12.500000000000002 84.448320426317807 83.283465335784669 16.500000000000004 81.249422815693578
decision_type=2 2 2 2 2 2 2 2 2 2 2 2 2 2 2 2 2 2 2 2 2 2 2 2 2 2 2 2 2 2
left_child=2 6 -1 4 10 19 7 -2 -3 -10 -4 12 15 22 -15 16 17 18 -12 -6 21 -21 26 -24 -25 -26 27 29 -29 -14
right_child=1 8 3 -5 5 -7 -8 -9 9 -11 11 -13 13 14 -16 -17 -18 -19 -20 20 -22 -23 23 24 25 -27 -28 28 -30 -31
leaf_value=-0.0040101151873050481 -0.0029119867107906591 -0.0049062818026162766 -0.0068041818369489531 0.010995923267988414 0.028395235011748468 0.034096927827640115 -0.00070090429751011878 0.00070021811405224297 0.0064151806575248275 -0.00024162002934606018 -0.010380027970244652 -0.0022206320363070023 0.0057425070604869123 0.03316492638892151 -0.019686592562809219 -0.019336440244340673 -0.011091833064141238 0.014414827944361467 0.053002965339742282 0.0034810763256559033 -0.004922182998079061 0.019890196965388331 0.036500503041179966 -0.01923553734093349 -0.0043349238505972602 0.025113755413385615 -0.012422354959798793 -0.0028904192399406949 0.032695442494524461 -0.020563676599335688
leaf_weight=140 39 151 141 12.999999999999998 12.999999999999998 18 1038 15.999999999999998 14.999999999999998 2210 14.000000000000002 288 173 16.000000000000004 9.9999999999999982 64 32 17 10.999999999999998 49 33 10.999999999999998 25 40 14.000000000000002 11.999999999999998 66 17.000000000000004 9.9999999999999982 34
leaf_count=140 39 151 141 13 13 18 1038 16 15 2210 14 288 173 16 10 64 32 17 11 49 33 11 25 40 14 12 66 17 10 34
internal_value=-0.000782242 -0.00115163 0.00023394 0.000619981 0.000505414 0.00346774 -0.00220952 0.00227273 -0.000664984 -0.000483147 0.000132113 0.000575325 0.0013964 0.00219424 0.0123077 -0.00101449 0.00175676 0.00571428 0.000999999 0.00207547 0.000913977 0.00333333 0.00152174 0.00434066 0.000303029 0.00653846 0.000666665 0.00162393 0.00796296 0.0007971
internal_weight=4730 3469 1261 1121 1108 124 1093 55 2376 2225 984 843 555 417 26 138 74 42 25 106 93 60 391 91 66 26 300 234 27 207
internal_count=4730 3469 1261 1121 1108 124 1093 55 2376 2225 984 843 555 417 26 138 74 42 25 106 93 60 391 91 66 26 300 234 27 207
is_linear=0
shrinkage=0.05


Tree=98
num_leaves=31
num_cat=0
split_feature=17 5 11 4 7 14 17 1 1 14 12 9 12 2 16 11 12 16 11 10 12 14 12 12 15 2 11 17 5 16
split_gain=0.687436 0.732367 0.668011 0.826224 0.60091 0.532898 1.16445 1.08523 2.02922 1.37987 0.857428 0.978173 0.983048 1.05875 1.06724 1.4026 0.883929 0.772319 1.17993 0.8 0.72842 0.533333 0.530387 1.14914 0.799174 0.504188 1.0219 0.500433 0.491391 0.470067
threshold=73.027561709967202 28.711350000000003 12.500000000000002 23.702000000000002 2.5000000000000004 34687.535000000011 73.828575214367078 4.5000000000000009 2.5000000000000004 79235.905000000013 5235.6500000000005 0.58550000000000002 32752.180000000004 3.5000000000000004 17.581560083318418 113.50000000000001 3671.2400000000002 8.710414180480738 435.50000000000006 623.62500000000011 35265.67500000001 95643.815000000017 36095.495000000003 27641.950000000004 1.0000000180025095e-35 2.5000000000000004 5.5000000000000009 78.981127301190554 24.526000000000003 9.8153903669835785
decision_type=2 2 2 2 2 2 2 2 2 2 2 2 2 2 2 2 2 2 2 2 2 2 2 2 2 2 2 2 2 2
left_child=-1 2 3 -2 5 17 7 8 9 -7 16 22 -13 20 21 -16 -8 18 19 -4 -14 -15 23 -12 -25 26 -3 -17 -6 -22
right_child=1 25 4 -5 28 6 10 -9 -10 -11 11 12 13 14 15 27 -18 -19 -20 -21 29 -23 -24 24 -26 -27 -28 -29 -30 -31
leaf_value=-0.00082463199447665016 -0.00124269975968864 0.0050609891265892453 0.014120193710081242 0.00030729817857034364 -0.00057530479802527846 -0.02003757623566163 4.7356592708371429e-05 -0.0038946744970190456 0.011887396595423467 0.017020514650296609 -0.00036455570658472857 -0.0014344459059875119 0.021155415065763128 0.0043234502200180788 0.0024801196451150333 0.0025055481605292984 0.0033611183038801591 -0.00060325654908390805 -0.0014204804068989503 0.011131861326040222 -0.011393346312474668 -0.0020079761895820817 -0.001370305396215169 0.0035616875567789767 0.011122262371992616 -0.00383927566130875 -0.0016611247804845916 -0.00061387988651603529 0.0023343327738735869 0.0068339175158922544
leaf_weight=323 1164 9.9999999999999982 10.000000000000002 11.999999999999998 324 17.000000000000004 28 25 15.999999999999998 10.999999999999998 52 49 13.999999999999998 15.000000000000002 11.999999999999998 10.000000000000002 15.999999999999998 1104 26 9.9999999999999982 28 14.999999999999998 499 14.999999999999998 19 251 169 10.999999999999998 18 457
leaf_count=323 1164 10 10 12 324 17 28 25 16 11 52 49 14 15 12 10 16 1104 26 10 28 15 499 15 19 251 169 11 18 457
internal_value=-0.000761101 -0.000597914 -0.000385971 -0.00138606 3.39153e-05 0.000307034 0.000996943 0.00731884 0.0120455 0.00392857 0.00064516 0.000392975 0.00179214 0.00238434 0.00849206 0.014697 0.0075 -0.000478262 0.00586956 0.015 0.00161323 0.00166667 -0.00106838 0.00255814 0.00970588 -0.00255814 -0.000530727 0.00690476 -0.00192983 0.00128866
internal_weight=4730 4407 3977 1176 2801 2459 1309 69 44 28 1240 1196 611 562 63 33 44 1150 46 20 499 30 585 86 34 430 179 21 342 485
internal_count=4730 4407 3977 1176 2801 2459 1309 69 44 28 1240 1196 611 562 63 33 44 1150 46 20 499 30 585 86 34 430 179 21 342 485
is_linear=0
shrinkage=0.05


Tree=99
num_leaves=31
num_cat=0
split_feature=0 5 5 14 2 11 5 0 14 5 14 14 7 4 16 2 3 11 11 16 16 4 11 16 16 11 13 0 14 0
split_gain=0.708412 1.3712 0.848437 0.651116 0.605084 0.78727 0.600177 1.73666 0.559989 0.690789 1.85606 1.13424 0.478467 0.54452 0.761157 0.790171 0.770147 0.733472 0.432435 0.700133 1.03601 0.412857 0.406124 0.385947 0.582348 0.86507 0.794913 0.513833 0.360728 0.745614
threshold=1.0000000180025095e-35 28.415100000000006 27.468850000000003 374089.58500000008 2.5000000000000004 5.5000000000000009 25.836550000000003 18.500000000000004 58798.525000000001 0.94055000000000011 44788.655000000006 25744.280000000002 2.5000000000000004 9.9675000000000029 11.40350362100485 3.5000000000000004 2.4765000000000006 12.500000000000002 13.500000000000002 12.159601949487113 24.221205388606588 11.097000000000003 627.50000000000011 9.8153903669835785 10.211985346426284 796.00000000000011 -2994.5799999999995 2.5000000000000004 6553.8400000000011 15.500000000000002
decision_type=2 2 2 2 2 2 2 2 2 2 2 2 2 2 2 2 2 2 2 2 2 2 2 2 2 2 2 2 2 2
left_child=1 8 3 6 5 -4 12 -8 9 10 -1 22 13 17 -15 21 -17 -2 -13 -20 -21 -16 -11 27 25 26 -25 -19 29 -26
right_child=2 -3 4 -5 -6 -7 7 -9 -10 11 -12 18 -14 14 15 16 -18 23 19 20 -22 -23 -24 24 28 -27 -28 -29 -30 -31
leaf_value=0.0061263937733521852 -0.0040636164864112324 0.0046095505850293787 0.0046582435062991713 0.0032112441442536804 -0.0039087976761087023 -0.001301005819071509 -0.005765519285444734 0.0042518456176644463 -0.0037880173343846921 -0.010647597737739687 -0.019141333607440403 0.015014592802542207 -0.00053705479649114845 0.0083797343482293028 0.0066350970553992819 0.0071542174864248536 -0.00016786241389895226 0.00045036630933301006 0.0039144141975590886 -0.010331687746492324 0.016198625978062174 -0.0008295158794234315 0.02054543320114411 0.0021596105921155963 0.00577903946657641 0.022943943800620668 -0.0030055424723601839 -0.0035855551714551871 -0.00010687940950228788 -0.0046918187141449805
leaf_weight=12.000000000000002 889 9.9999999999999982 11.999999999999998 30 293 188 27 10.999999999999998 67 56 9.9999999999999982 12.999999999999998 546 17 13.999999999999998 14.000000000000002 11.999999999999998 19 12.999999999999998 32 9.9999999999999982 50 17 17 40 10.999999999999998 20 185 2078 17
leaf_count=12 889 10 12 30 293 188 27 11 67 56 10 13 546 17 14 14 12 19 13 32 10 50 17 17 40 11 20 185 2078 17
internal_value=-0.000771671 0.001875 -0.000913142 -0.000671755 -0.00287018 -0.000750001 -0.000727251 0.00552631 0.00108696 0.00266871 0.0109091 0.00138298 -0.000787733 -0.000566067 0.00294392 0.00111111 0.00846154 -0.000680709 0.00602941 0.00409091 0.00095238 -0.001875 -0.00294521 -0.000224132 -2.97767e-05 0.00541667 0.00175676 -0.00230392 -0.000152226 0.00377193
internal_weight=4730 240 4490 3997 493 200 3967 38 230 163 22 141 3929 3383 107 90 26 3276 68 55 42 64 73 2387 2183 48 37 204 2135 57
internal_count=4730 240 4490 3997 493 200 3967 38 230 163 22 141 3929 3383 107 90 26 3276 68 55 42 64 73 2387 2183 48 37 204 2135 57
is_linear=0
shrinkage=0.05


Tree=100
num_leaves=31
num_cat=0
split_feature=6 6 0 16 0 14 6 16 12 10 17 10 12 16 16 14 17 12 12 14 14 0 1 17 16 16 17 13 2 10
split_gain=0.66203 0.667502 0.920411 1.14926 1.78639 2.54656 1.38462 0.737583 0.976596 0.75933 0.611181 0.796596 0.673478 1.26147 0.658442 0.565476 0.504606 0.500433 0.487044 0.472913 1.92333 1.09211 1.87135 1.15062 0.942429 0.859799 0.846561 0.659041 0.509046 0.530411
threshold=0.36105886641662982 0.20036456910036901 18.500000000000004 21.640784003550721 21.500000000000004 22370.155000000002 0.29374882498389837 25.039850217175594 48753.165000000001 492.25000000000006 74.465584777488957 1362.5000000000002 75492.72500000002 13.004166075385935 22.6737425601994 42746.445000000007 72.984132124666615 53467.600000000013 82701.155000000013 119385.36000000002 106075.15000000001 13.500000000000002 5.5000000000000009 78.981127301190554 11.145363282657547 24.844238868594761 78.258596914576728 -35900.274999999994 5.5000000000000009 524.25000000000011
decision_type=2 2 2 2 2 2 2 2 2 2 2 2 2 2 2 2 2 2 2 2 2 2 2 2 2 2 2 2 2 2
left_child=1 7 10 4 5 -4 -7 18 9 -9 12 -12 13 -3 -13 -6 -2 -17 -1 20 28 22 23 -22 26 -23 -21 -28 -18 -30
right_child=16 2 3 -5 15 6 -8 8 -10 -11 11 14 -14 -15 -16 17 19 -19 -20 24 21 25 -24 -25 -26 -27 27 -29 29 -31
leaf_value=-0.0029186795016155351 -0.0027490894009367384 0.028918265921070215 0.00039674821783744279 -0.003344939494915905 -0.0070374250519192527 0.028969192733057033 0.036130633981682592 -0.0037876063269972719 -0.0038691868427316312 0.018813198719849367 -0.0010778516478266206 0.031573963517668294 0.051376821883264867 -0.0030997858978333956 -0.036432724120444737 0.0066826196450684829 -0.00024292370395471625 -0.0048157345724756245 0.016915610082376908 -0.0077582801967690327 0.0084160136850309816 -0.0044603436218417641 0.0044970849853485382 -0.00081073088293602416 -0.0034609543255785797 0.0053057724633810864 0.00209834838704058 0.007232301541540526 0.00077722526946598684 -0.0049620793001157902
leaf_weight=206 236 10.999999999999998 17 34 19 13.000000000000002 12.999999999999998 11.000000000000002 17 19 330 11.000000000000002 11.999999999999998 41 9.9999999999999982 10.000000000000002 2970 10.999999999999998 48 14.999999999999998 15.999999999999998 41 11.999999999999998 29 296 10.999999999999998 9.9999999999999982 17.000000000000004 25 121
leaf_count=206 236 11 17 34 19 13 13 11 17 19 330 11 12 41 10 10 2970 11 48 15 16 41 12 29 296 11 10 17 25 121
internal_value=-0.000574267 0.00070228 0.00176692 0.00568376 0.00885542 0.0159302 0.0257692 -0.0011794 0.00457447 0.01 0.000662649 -0.000156696 0.00515625 0.00269231 0.00928571 0.00125 -0.000854173 0.00690476 -0.0022441 -0.000705867 -0.000519381 0.00600917 0.0107895 0.00611111 -0.00248521 0.00076923 0.00452381 0.00981481 -0.000747755 -0.00363014
internal_weight=4632 833 532 117 83 43 26 301 47 30 415 351 64 52 21 40 3799 21 254 3563 3225 109 57 45 338 52 42 27 3116 146
internal_count=4632 833 532 117 83 43 26 301 47 30 415 351 64 52 21 40 3799 21 254 3563 3225 109 57 45 338 52 42 27 3116 146
is_linear=0
shrinkage=0.05


Tree=101
num_leaves=31
num_cat=0
split_feature=2 5 14 14 14 14 5 1 14 16 0 14 16 10 1 3 6 16 10 16 5 5 9 6 16 16 10 4 1 5
split_gain=0.698372 0.531933 0.47415 0.95807 0.60635 1.83358 2.31819 1.13636 0.941625 0.835701 1.65025 0.824767 1.99875 0.685206 1.0859 0.597012 0.671078 0.52933 0.573882 0.521198 0.478172 1.04121 0.467308 0.465239 0.796925 0.405706 0.401834 0.466667 0.348347 0.460131
threshold=5.5000000000000009 40.10840000000001 116941.46000000001 112753.32000000002 37695.645000000011 43288.595000000008 20.395050000000001 2.5000000000000004 42991.865000000005 10.518279477329328 10.500000000000002 40243.105000000003 23.043918486343479 6.5000000000000009 3.5000000000000004 0.052500000000000005 0.48299836391235146 24.911032000072755 1362.5000000000002 8.566852507932559 35.282150000000009 30.470800000000001 0.63350000000000006 0.55165182538763469 11.145363282657547 8.9353235044786974 524.25000000000011 1.3585000000000003 3.5000000000000004 1.0402500000000001
decision_type=2 2 2 2 2 2 2 2 2 2 2 2 2 2 2 2 2 2 2 2 2 2 2 2 2 2 2 2 2 2
left_child=1 2 3 4 -1 6 8 -8 9 10 -6 12 28 14 -7 16 -5 18 19 -15 21 25 -17 24 -4 -21 27 -2 29 -11
right_child=26 -3 23 15 5 13 7 -9 -10 11 -12 -13 -14 17 -16 22 -18 -19 -20 20 -22 -23 -24 -25 -26 -27 -28 -29 -30 -31
leaf_value=-0.00056297194041610556 -0.0052404721875596409 -0.0028075999200932096 0.017712076016056979 0.0016016947868863129 0.0028837318290143052 -0.024727953287204358 0.0019260735871857153 0.0046691447707888 0.017255677314125487 -0.00030030181398111959 -0.0087416880315590775 -0.0015679336118396673 0.038448363603706438 -0.0090114117971310907 0.045170701732488189 -0.00024918872032340548 0.0077073273819559156 -0.0033497467416616802 0.0096290144938042457 0.00079467785326513317 -0.0026715376931639927 0.0031320655481610299 0.011386090094345 -0.0020193456595606692 -0.00026096663373686578 4.718233373431929e-06 -0.0046938935778365887 0.0015320227775206066 -0.0021670586769052072 0.011517540921542963
leaf_weight=2179 14.000000000000002 102 10.999999999999998 17 19.000000000000004 15.000000000000002 11.000000000000002 10.999999999999998 14.999999999999998 10.999999999999998 11.999999999999998 79 9.9999999999999982 52 12.999999999999998 24 14.999999999999998 229 18 14.999999999999998 61 17 14.999999999999998 275 153 1010 151 15.999999999999998 28 34
leaf_count=2179 14 102 11 17 19 15 11 11 15 11 12 79 10 52 13 24 15 229 18 15 61 17 15 275 153 1010 151 16 28 34
internal_value=-0.000574267 -0.000450462 -0.000366752 -0.000191817 -0.000298256 0.000421686 0.00456522 0.02 0.00293269 0.00199482 0.00951613 0.000555554 0.00403614 -0.000244756 0.0075 0.00556338 0.010625 -0.000399431 2.98368e-05 -0.000108226 0.000122392 0.000374279 0.00141026 -0.00192483 0.000182926 0.000170731 -0.00361879 0.00166667 0.00116438 0.00388889
internal_weight=4632 4451 4349 3910 3839 1660 230 22 208 193 31 162 83 1430 28 71 32 1402 1173 1155 1103 1042 39 439 164 1025 181 30 73 45
internal_count=4632 4451 4349 3910 3839 1660 230 22 208 193 31 162 83 1430 28 71 32 1402 1173 1155 1103 1042 39 439 164 1025 181 30 73 45
is_linear=0
shrinkage=0.05


Tree=102
num_leaves=31
num_cat=0
split_feature=2 16 16 1 14 6 11 17 14 9 4 6 4 3 11 16 4 6 14 17 17 1 11 3 17 17 17 14 16 14
split_gain=0.568418 0.515111 0.672914 1.88431 0.511322 0.477187 1.80387 1.36111 1.65183 0.876018 0.635113 0.471021 0.581919 0.470868 0.604396 0.700962 0.419672 0.382865 0.697168 0.900256 0.464144 0.731847 0.572511 0.471429 0.409699 0.36534 0.686615 1.87362 0.679112 1.20262
threshold=5.5000000000000009 24.613871942694654 24.527006845034837 3.5000000000000004 20841.895000000004 0.686041344726108 72.500000000000014 84.46086255746097 12385.195000000002 0.26800000000000007 0.11250000000000002 0.99789296830572416 4.918000000000001 0.75400000000000011 538.50000000000011 16.191943278646733 6.5410000000000013 0.19274027206601979 48925.405000000006 84.24627631821248 86.859879635012661 3.5000000000000004 627.50000000000011 0.20150000000000004 80.391252939456763 76.774911719938231 77.047895809778893 33816.665000000008 23.633781096530146 71250.075000000012
decision_type=2 2 2 2 2 2 2 2 2 2 2 2 2 2 2 2 2 2 2 2 2 2 2 2 2 2 2 2 2 2
left_child=1 2 4 -4 5 -1 10 9 -9 -8 -7 12 -12 14 -11 -16 -2 18 19 24 -19 -22 23 -23 -3 28 27 -27 -6 -30
right_child=16 17 3 -5 25 6 7 8 -10 13 11 -13 -14 -15 15 -17 -18 20 -20 -21 21 22 -24 -25 -26 26 -28 -29 29 -31
leaf_value=-0.0037648482541420727 -0.0044935642491017933 0.0074978896394728295 -0.0017940377551831665 0.013484787773849004 -0.0003417317551597885 0.0011775796532965633 0.002294850283392985 0.0073966982862921533 -0.0068408253564490838 -0.0046336592193003947 -0.0060552782565104109 -0.0065189562165761652 0.002005583598011815 0.014288831717206846 -0.0018902787201777339 0.005214150840273343 0.00018481978414430539 -0.0021415727319456478 -0.014794996465670602 -0.0035700767216192602 -0.0080377403286874382 -0.0010560872442440708 0.0086141208561041592 0.0042270872887461624 0.01751379834265631 0.011309971069551929 9.4417450582037489e-05 -0.0052697655500010716 -0.0022924207828272439 0.0059227014857892689
leaf_weight=441 154 13.000000000000002 24 9.9999999999999982 811 79 12.999999999999998 17.000000000000004 10.999999999999998 44 121 153 14.999999999999998 14.999999999999998 16.000000000000004 9.9999999999999982 27 670 20 10.999999999999998 20 11.000000000000002 11.999999999999998 9.9999999999999982 9.9999999999999982 19 1796 42 20 17
leaf_count=441 154 13 24 10 811 79 13 17 11 44 121 153 15 15 16 10 27 670 20 11 20 11 12 10 10 19 1796 42 20 17
internal_value=-0.000595856 -0.000484162 -0.0002368 0.0067647 -0.000302199 -0.00131016 -0.000242916 0.00492063 0.0146429 0.00214286 -0.00201087 -0.00309689 -0.000955884 0.000294116 -0.00142857 0.00461538 -0.00334254 -0.0016538 0.00240741 0.0067647 -0.00195712 0.00254717 0.00712121 0.00214286 0.0123913 4.62095e-05 0.000438879 0.00565574 -0.00081368 0.00581081
internal_weight=4632 4451 3674 34 3640 935 494 126 28 98 368 289 136 85 70 26 181 777 54 34 723 53 33 21 23 2705 1857 61 848 37
internal_count=4632 4451 3674 34 3640 935 494 126 28 98 368 289 136 85 70 26 181 777 54 34 723 53 33 21 23 2705 1857 61 848 37
is_linear=0
shrinkage=0.05


Tree=103
num_leaves=31
num_cat=0
split_feature=16 11 4 7 9 13 16 13 4 16 16 13 9 4 0 0 0 3 4 16 6 6 9 3 4 16 3 3 0 2
split_gain=0.491484 0.567538 1.23928 0.536031 1.7554 1.04277 2.27273 0.887236 0.514286 0.485217 1.06175 1.11133 1.65236 1.08387 0.85103 0.563329 0.550691 1.17956 1.46776 0.954944 1.04103 1.49678 1.1036 0.66234 0.694144 0.566667 0.485261 0.814545 0.471219 0.437879
threshold=25.152838904605233 113.50000000000001 5.9635000000000007 1.0000000180025095e-35 1.0000000180025095e-35 -32230.204999999998 17.424092913661244 -3823.2499999999995 0.13750000000000004 17.321621853172775 17.817508853946588 -10183.879999999997 0.7320000000000001 3.7855000000000003 19.500000000000004 11.500000000000002 9.5000000000000018 0.32550000000000007 0.85050000000000014 23.267716765776367 0.70154595133437869 0.81115194921972866 0.46450000000000008 0.048500000000000008 0.082500000000000018 21.474793701948645 0.10450000000000001 1.3090000000000004 21.500000000000004 2.5000000000000004
decision_type=2 2 2 2 2 2 2 2 2 2 2 2 2 2 2 2 2 2 2 2 2 2 2 2 2 2 2 2 2 2
left_child=3 -2 -3 9 5 6 29 8 -7 -1 14 12 13 -12 15 26 23 -18 -19 20 -20 -22 -23 24 -13 -24 -11 -28 -6 -5
right_child=1 2 -4 4 28 7 -8 -9 -10 10 11 16 -14 -15 -16 -17 17 18 19 -21 21 22 25 -25 -26 -27 27 -29 -30 -31
leaf_value=-0.00030894066374628049 -0.0042193908139448169 -0.00036460966850404325 0.00039547693292581534 0.0011860411406718805 -0.00042700643600087615 0.0028102996496023607 -0.0018660800673005224 0.0024961026223622174 -0.001274634815340962 0.017020780196436432 -0.0037105286029595879 -0.0011576463592603027 0.015773918995912222 0.0027102907710275428 0.013324221764178535 -0.0031727714350549344 -0.00022500863752267813 0.0080261197185285803 -0.00034811723098798015 -0.004352633703087791 0.024370685579791405 0.020820002573754232 -0.0056760476577160032 -0.0022991711996656317 0.0037522290704887912 0.025093647314696876 -0.010068381601678795 0.0063704684178239809 -0.0052733390048463925 0.0045408163443417292
leaf_weight=1296 293 377 17 12 1366 18 22 9.9999999999999982 45 22 21.000000000000004 198 14.999999999999998 9.9999999999999982 9.9999999999999982 27 379 27 35 49 10.999999999999998 9.9999999999999982 17.000000000000004 192 15.999999999999998 9.9999999999999982 14.000000000000002 10.999999999999998 92 10
leaf_count=1296 293 377 17 12 1366 18 22 10 45 22 21 198 15 10 10 27 379 27 35 49 11 10 17 192 16 10 14 11 92 10
internal_value=-0.000563473 -0.00179767 -0.000558377 -0.000348544 -0.00106349 0.00482906 0.0109091 0.00116438 -0.00103175 0.000126581 0.000912476 0.000454544 0.00804348 0.00145161 0.00630952 0.00445946 8.47446e-05 0.00113383 0.00474843 0.00257576 0.00584337 0.010625 0.00581081 -0.00130542 0.000607475 0.000555554 0.00776596 0.003 -0.00153635 0.0222727
internal_weight=4632 687 394 3945 1575 117 44 73 63 2370 1074 990 46 31 84 74 944 538 159 132 83 48 37 406 214 27 47 25 1458 22
internal_count=4632 687 394 3945 1575 117 44 73 63 2370 1074 990 46 31 84 74 944 538 159 132 83 48 37 406 214 27 47 25 1458 22
is_linear=0
shrinkage=0.05


Tree=104
num_leaves=31
num_cat=0
split_feature=5 11 16 2 3 16 12 8 10 10 8 3 5 5 0 12 10 14 16 5 6 12 0 16 0 12 10 12 9 0
split_gain=0.628311 0.507129 0.602509 0.57047 0.484948 0.476819 0.474648 1.05661 1.186 0.527155 0.464001 1.17037 2.54653 1.34349 1.06838 1.61635 0.725129 0.657644 0.606294 0.45 0.448276 0.428606 1.4359 0.436195 0.590669 1.03741 1.3123 0.810542 1.05153 0.707843
threshold=40.10840000000001 11.500000000000002 25.677365405941256 4.5000000000000009 13.428000000000003 25.45304184590162 26724.170000000002 3.5000000000000004 710.41500000000008 12.500000000000002 2.5000000000000004 0.51050000000000006 3.0517000000000007 2.5685500000000006 15.500000000000002 63183.685000000005 462.83500000000009 42991.865000000005 15.02549722040605 8.5642500000000013 0.86381464487138782 27641.950000000004 7.5000000000000009 17.817508853946588 16.500000000000004 36712.720000000008 609.75000000000011 74077.170000000027 0.84500000000000008 21.500000000000004
decision_type=2 2 2 2 2 2 2 2 2 2 2 2 2 2 2 2 2 2 2 2 2 2 2 2 2 2 2 2 2 2
left_child=1 2 4 6 5 -1 -3 9 20 -8 21 12 13 14 15 -12 18 19 -14 -18 -9 22 -11 24 -23 26 -26 -27 -29 -30
right_child=-2 3 -4 -5 -6 -7 7 8 -10 10 11 -13 16 -15 -16 -17 17 -19 -20 -21 -22 23 -24 -25 25 27 -28 28 29 -31
leaf_value=-0.00070591497041973565 -0.0027561996652832599 -0.00019932898991167929 -0.0042816838045160776 -0.001982890568576473 0.003238095298980859 0.0010980420963887904 0.021666380325353479 0.0030260828597667862 0.0043887308051869037 0.01637312750486376 0.0032876841022814931 -0.0005764321957986518 -0.0067262839559344813 0.011985060462399395 -0.014507250213880274 0.0082049713361646761 -0.0011326039993680343 -0.0037360994454152877 0.015070035836106561 0.0037666997584622319 -0.00031319609153856862 -0.00011765443510029073 -0.0043382864448465253 -0.00075860872485184394 0.036345285135353664 -0.00049371167095659993 0.00045222747570746401 -0.0057933066659554564 0.025240389248611286 -0.014353887555027499
leaf_weight=1013 120 1465 151 215 9.9999999999999982 15.999999999999998 12.999999999999998 16.000000000000004 17 13.000000000000002 16.000000000000004 87 11.000000000000002 13.999999999999998 9.9999999999999982 9.9999999999999982 10.000000000000002 98 14.999999999999998 9.9999999999999982 12.999999999999998 417 13.999999999999998 672 21 78 23 30 24 9.9999999999999982
leaf_count=1013 120 1465 151 215 10 16 13 16 17 13 16 87 11 14 10 10 10 98 15 10 13 417 14 672 21 78 23 30 24 10
internal_value=-0.000595856 -0.000500888 -0.00138656 -0.000183626 -0.000957653 -0.00106414 -1.12661e-05 0.000572471 0.00804348 0.000357142 0.000274794 0.00211744 0.00427835 0.014 0.00888889 0.0142308 0.000902777 -0.000762713 0.00846154 0.0075 0.00189655 -0.000122889 0.00611111 -0.000254903 0.000721392 0.00306451 0.00977273 0.000985914 0.00515625 0.0111765
internal_weight=4632 4512 1190 3322 1039 1029 3107 1642 46 1596 1583 281 194 50 36 26 144 118 26 20 29 1302 27 1275 603 186 44 142 64 34
internal_count=4632 4512 1190 3322 1039 1029 3107 1642 46 1596 1583 281 194 50 36 26 144 118 26 20 29 1302 27 1275 603 186 44 142 64 34
is_linear=0
shrinkage=0.05


Tree=105
num_leaves=31
num_cat=0
split_feature=8 17 0 17 12 4 4 14 13 16 9 17 0 0 4 0 12 0 13 14 2 3 14 3 3 17 0 1 17 3
split_gain=0.52562 0.486325 0.505736 0.438223 0.399526 0.55481 1.5364 1.12491 0.85103 0.904923 0.736296 1.2203 0.863931 0.788069 0.683442 0.960532 0.674609 0.705961 0.964623 0.649351 0.647348 0.684361 0.747437 0.641359 1.01312 0.961289 0.87786 1.74167 1.09783 0.949451
threshold=4.5000000000000009 72.984132124666615 22.500000000000004 73.027561709967202 10391.170000000002 0.9235000000000001 0.96000000000000008 17474.430000000004 -3048.9349999999995 19.830958086599626 0.3665000000000001 87.567211109478265 6.5000000000000009 12.500000000000002 1.7610000000000003 18.500000000000004 11650.165000000003 2.5000000000000004 -96197.154999999984 96678.215000000011 3.5000000000000004 0.19050000000000003 47646.030000000006 0.52850000000000008 0.34350000000000008 75.451243216579996 5.5000000000000009 2.5000000000000004 77.763709986148882 2.1285000000000003
decision_type=2 2 2 2 2 2 2 2 2 2 2 2 2 2 2 2 2 2 2 2 2 2 2 2 2 2 2 2 2 2
left_child=1 -1 3 -3 -5 20 -7 8 -8 -10 11 12 -9 16 15 -14 -12 -18 -19 -16 -6 -22 -23 24 25 -20 27 -25 -29 -30
right_child=-2 2 -4 4 5 6 7 10 9 -11 13 -13 14 -15 19 -17 17 18 23 -21 21 22 -24 26 -26 -27 -28 28 29 -31
leaf_value=-0.0016440393181480506 -0.003584330866269394 0.00045350271778731482 -0.0026964548771003898 -0.00041024367139143498 -8.4593905676916961e-05 0.0069885733373358273 0.0021033356053045912 -0.0010120553329764556 0.0087852164629038075 -9.8849043881127439e-05 0.00052933192865840264 0.0063417972768500313 0.00429875966537908 -0.0010513259427193096 -5.0067895166853011e-05 0.011952050761977868 -0.0079422588575429436 0.00069673805285811461 0.0045830256984488952 0.0032157295566061445 -0.0024233766987635081 -0.0050071596866213784 0.00093873959605207744 -0.0039381582331304166 0.016013401871575416 0.00023111158332848777 -0.00074547383756842832 -0.0038660397065726597 0.0083789623050055159 0.0061100678283106868
leaf_weight=291 156 14.999999999999998 172 819 1947 12.999999999999998 9.9999999999999982 55 42 32 10.999999999999998 9.9999999999999982 30 307 77 10.999999999999998 111 11.999999999999998 11.999999999999998 10.999999999999998 246 19 13.999999999999998 30 9.9999999999999982 57 118 12.999999999999998 15.000000000000002 12.999999999999998
leaf_count=291 156 15 172 819 1947 13 10 55 42 32 11 10 30 307 77 11 111 12 12 11 246 19 14 30 10 57 118 13 15 13
internal_value=-0.000543921 -0.000445502 -0.000309548 -0.000197046 -0.000228679 2.16975e-05 0.000999999 0.000775075 0.00630952 0.00445946 0.000260242 0.00298969 0.00206522 -0.000486602 0.00430232 0.00963415 0.000970148 0.000626597 0.00196428 0.00181818 -0.000417791 -0.00267025 0.00409091 0.00134328 0.00512658 0.00297101 -0.000238096 0.00415493 0.0108537 0.0164286
internal_weight=4679 4523 4232 4060 4045 3226 1000 987 84 74 903 194 184 709 129 41 402 391 280 88 2226 279 33 268 79 69 189 71 41 28
internal_count=4679 4523 4232 4060 4045 3226 1000 987 84 74 903 194 184 709 129 41 402 391 280 88 2226 279 33 268 79 69 189 71 41 28
is_linear=0
shrinkage=0.05


Tree=106
num_leaves=31
num_cat=0
split_feature=5 0 16 5 13 9 3 6 10 5 7 5 16 9 10 13 9 16 5 17 17 5 9 6 5 1 3 14 14 16
split_gain=0.797288 0.979743 0.842519 0.784693 1.53509 0.72811 0.938473 0.550568 0.547898 0.444304 0.961867 1.07901 0.768254 0.670476 0.720543 0.560211 0.530303 0.526893 0.515828 0.544932 0.762353 0.815449 0.756083 1.18681 0.554256 0.471429 0.451586 0.479234 2.11615 0.742274
threshold=27.468850000000003 1.0000000180025095e-35 8.3940074446148909 25.836550000000003 -11553.939999999997 0.18350000000000002 0.041500000000000009 0.20477425329877361 1140.2500000000002 0.30240000000000006 2.5000000000000004 0.2899500000000001 11.40350362100485 0.63350000000000006 411.25000000000006 -26127.449999999993 0.7320000000000001 21.492295497215871 5.8137500000000006 74.809588413285283 72.785229391660792 1.6603500000000004 1.0000000180025095e-35 0.88443463252382204 5.1987000000000014 3.5000000000000004 2.1285000000000003 16008.520000000002 16192.265000000001 24.844238868594761
decision_type=2 2 2 2 2 2 2 2 2 2 2 2 2 2 2 2 2 2 2 2 2 2 2 2 2 2 2 2 2 2
left_child=3 -2 -3 7 -5 6 -4 -1 -7 10 11 12 16 14 -14 18 -9 -16 19 20 -11 25 23 -21 -24 -22 27 -17 -29 -30
right_child=1 2 5 4 -6 8 -8 9 -10 15 -12 -13 13 -15 17 26 -18 -19 -20 22 21 -23 24 -25 -26 -27 -28 28 29 -31
leaf_value=-0.0013366278307079566 0.0032782090408691508 0.0019718260989003812 -0.0022465573591117518 0.0028199368648587041 -0.0044673699429195668 -0.0025162179418034792 0.0047083012557531129 0.0036467712464776621 0.00086091438772065891 -0.00035152581979421119 -0.00054790543543800716 0.0018350099605328844 0.0062390870371055347 -0.00044736034319312122 -0.0042971999946626134 -0.0010372145653416377 0.00013982760313221756 0.0030637770783282156 -0.0021454032094825274 0.0021715348250738124 0.0016723194357655333 0.0043335980999280434 -0.00074382365397524213 -0.00027356673984434794 0.00012912789718056889 -0.0011983899536125745 -0.00137806784041489 0.022463091688407016 0.00033988512596101023 -0.0020533514107288725
leaf_weight=295 11.999999999999998 13.999999999999998 31 13.999999999999998 24 396 12.999999999999998 10 23 15.999999999999998 36 9.9999999999999982 11.999999999999998 50 30 603 11 12.999999999999998 150 14.000000000000002 10 12.999999999999998 274 11.999999999999998 10.999999999999998 11 207 10.999999999999998 1960 393
leaf_count=295 12 14 31 14 24 396 13 10 23 16 36 10 12 50 30 603 11 13 150 14 10 13 274 12 11 11 207 11 1960 393
internal_value=-0.000533235 -0.00244376 -0.00279874 -0.000310264 0.0068421 -0.00316415 0.00295454 -0.000375724 -0.00380668 -0.000216491 0.00226744 0.00419118 0.00293651 0.00119047 0.005 -0.00033243 0.0116667 0.00197674 -0.00186889 -0.000844877 0.004 0.00823529 -0.0016238 0.00653846 -0.00236842 0.00214286 -8.50674e-05 7.24626e-05 0.0003934 0.000291117
internal_weight=4679 489 477 4190 38 463 44 4152 419 3857 172 136 126 105 55 3685 21 43 511 361 50 34 311 26 285 21 3174 2967 2364 2353
internal_count=4679 489 477 4190 38 463 44 4152 419 3857 172 136 126 105 55 3685 21 43 511 361 50 34 311 26 285 21 3174 2967 2364 2353
is_linear=0
shrinkage=0.05


Tree=107
num_leaves=31
num_cat=0
split_feature=5 5 13 16 4 3 11 9 17 16 0 6 11 11 17 13 17 10 13 6 14 10 11 16 10 0 16 17 11 16
split_gain=0.651771 0.784693 1.53509 0.765744 0.575728 1.07373 0.705973 0.631598 0.70259 0.876623 0.487799 0.464572 0.553166 1.06522 1.35758 0.944383 0.769407 0.721972 1.6722 1.81926 1.40649 0.85485 0.807334 1.60656 1.65635 1.67112 0.700397 0.665943 0.647876 0.635709
threshold=27.468850000000003 25.836550000000003 -11553.939999999997 8.3940074446148909 0.072500000000000009 0.040500000000000008 1011.5000000000001 0.26800000000000007 82.622269562516095 18.265762733935556 20.500000000000004 0.20477425329877361 243.50000000000003 252.50000000000003 80.239892924063327 -21687.074999999997 78.56048169039785 684.75000000000011 -3102.7599999999998 0.66926125433659944 21069.620000000006 887.16500000000008 921.50000000000011 17.229783311889655 1089.0850000000003 15.500000000000002 25.677365405941256 79.20761830183703 201.50000000000003 27.873833326371962
decision_type=2 2 2 2 2 2 2 2 2 2 2 2 2 2 2 2 2 2 2 2 2 2 2 2 2 2 2 2 2 2
left_child=1 11 -3 -2 5 6 10 -7 -9 -10 -5 -1 26 14 -14 -15 -17 18 19 20 -18 -19 23 -23 25 -25 28 -20 -13 -28
right_child=3 2 -4 4 -6 7 -8 8 9 -11 -12 12 13 15 -16 16 17 21 27 -21 -22 22 -24 24 -26 -27 29 -29 -30 -31
leaf_value=-0.0012697964391725543 0.0018732347939553621 0.0026789400216157685 -0.0042440014457735906 -0.001960119851509489 -0.0034597989500650276 0.0044728861929654576 0.00086942466772242796 -0.00017401455844079096 0.0032930821868320465 -0.0020129405234871741 7.9781463191624935e-05 -8.2426939616957903e-05 0.026725152861331303 -0.00058330675733345584 -0.022506316541509089 -0.00043315569827509124 0.00067990069854742096 -0.0017533602795526061 0.016707354049554712 -0.011956020334686096 0.014854128797269404 -2.2770412634400743e-05 0.00047849374444190995 3.5314388451655514e-05 0.017233590706625775 0.010802448307998272 -0.0074879586623692804 0.012338532069451486 -0.0014177051880195322 0.0050047137513672298
leaf_weight=295 13.999999999999998 13.999999999999998 24 169 211 12.999999999999998 9.9999999999999982 36 10.000000000000002 10.999999999999998 14.999999999999998 1854 10.000000000000002 219 10.999999999999998 611 10.000000000000002 188 9.9999999999999982 11.999999999999998 10.999999999999998 61 231 33 9.9999999999999982 18 257 171 129 10.999999999999998
leaf_count=295 14 14 24 169 211 13 10 36 10 11 15 1854 10 219 11 611 10 188 10 12 11 61 231 33 10 18 257 171 129 11
internal_value=-0.000511863 -0.000310264 0.0068421 -0.00223926 -0.00257895 -0.00102273 -0.00293815 0.00428571 0.00201754 0.00928571 -0.00364131 -0.000375724 -0.000229454 0.000479451 0.0116667 0.000331229 0.000819911 0.00188742 0.00434579 0.014697 0.0235714 0.000914971 0.00236544 0.00565574 0.0113934 0.0077451 -0.00073523 0.00245856 -0.000410995 -0.00313433
internal_weight=4679 4190 38 489 475 264 194 70 57 21 184 4152 3857 1606 21 1585 1366 755 214 33 21 541 353 122 61 51 2251 181 1983 268
internal_count=4679 4190 38 489 475 264 194 70 57 21 184 4152 3857 1606 21 1585 1366 755 214 33 21 541 353 122 61 51 2251 181 1983 268
is_linear=0
shrinkage=0.05


Tree=108
num_leaves=31
num_cat=0
split_feature=5 16 14 5 13 2 3 3 1 14 5 14 1 3 6 13 5 12 17 5 5 16 15 12 17 17 10 6 3 12
split_gain=0.60764 0.850561 1.74415 0.776858 1.53509 0.72034 0.669899 0.584101 0.69 0.549152 0.736022 0.546986 0.672814 0.66163 1.00833 0.477727 1.25 0.487552 0.602144 1.76043 3.14241 1.24926 0.429223 0.799711 0.495582 0.754032 0.892966 0.823911 1.3334 1.12539
threshold=27.468850000000003 9.6930899118086646 95295.450000000026 25.836550000000003 -11553.939999999997 2.5000000000000004 0.040500000000000008 0.047500000000000007 3.5000000000000004 374089.58500000008 3.4137000000000004 116941.46000000001 1.5000000000000002 0.24850000000000003 0.59366224745844598 -89387.064999999988 3.1538000000000004 11283.605000000001 83.164403746052599 8.2165000000000017 10.187650000000001 24.527006845034837 1.0000000180025095e-35 112819.04500000001 77.763709986148882 78.786003315798936 996.50000000000011 0.96771459547409189 0.51050000000000006 22948.850000000002
decision_type=2 2 2 2 2 2 2 2 2 2 2 2 2 2 2 2 2 2 2 2 2 2 2 2 2 2 2 2 2 2
left_child=3 2 -2 9 -5 6 -3 -8 -9 11 -11 15 13 -13 -15 16 -1 18 -17 -20 -21 -22 23 -19 -24 26 27 28 29 -26
right_child=1 5 -4 4 -6 -7 7 8 -10 10 -12 12 -14 14 -16 17 -18 22 19 20 21 -23 24 -25 25 -27 -28 -29 -30 -31
leaf_value=0.00084482390484345209 -0.0029209237863035056 -0.0012533440277783421 0.0016059513571166683 0.0025449930205349823 -0.0040318013734849112 -0.0027537937825559992 0.0034633402574810804 -0.0041060745912826846 0.0039309718294152163 -0.00041479852419645525 0.01280369685928593 -0.0027961061507950891 -0.0036941272133423349 0.014208253236174681 5.5156096552513772e-05 -0.00075443683556235014 -0.001585461377877125 0.00037821274578122915 -0.00018092677892981248 0.0041327435650906413 -0.0031840814749753 0.00060271999471719732 -0.0013941356628130305 0.015159535188194873 0.014346631086791451 -0.0001273933282699862 -0.0087236433951131728 -0.010561165543416944 0.0084037378249665756 -4.6991235342377447e-05
leaf_weight=10.000000000000002 26 121 14.999999999999998 13.999999999999998 24 265 13.999999999999998 23 25 15.000000000000002 15.999999999999998 65 271 9.9999999999999982 30 635 9.9999999999999982 942 166 12.999999999999998 49 10.999999999999998 733 9.9999999999999982 17 1029 24 23 21 52
leaf_count=10 26 121 15 14 24 265 14 23 25 15 16 65 271 10 30 635 10 942 166 13 49 11 733 10 17 1029 24 23 21 52
internal_value=-0.000469119 -0.00213702 0.0047561 -0.000274464 0.0068421 -0.00276786 -0.000355192 0.00387097 0.00125 -0.000339597 0.00629032 -0.00038947 -0.00220745 0.00119047 0.00625 -0.000206944 0.0075 -0.000248323 -0.00128147 0.000857739 0.00732877 0.0025 6.83959e-05 0.000934873 -0.000365983 0.000274441 0.00375912 0.00561947 0.00777778 0.00442029
internal_weight=4679 489 41 4190 38 448 183 62 48 4152 31 4121 376 105 40 3745 20 3725 874 239 73 60 2851 952 1899 1166 137 113 90 69
internal_count=4679 489 41 4190 38 448 183 62 48 4152 31 4121 376 105 40 3745 20 3725 874 239 73 60 2851 952 1899 1166 137 113 90 69
is_linear=0
shrinkage=0.05


Tree=109
num_leaves=31
num_cat=0
split_feature=14 16 4 8 3 0 10 10 14 4 8 2 9 1 14 9 11 12 14 1 14 11 1 10 2 16 13 14 3 3
split_gain=0.570626 0.60148 0.589967 0.434317 0.444794 0.352362 0.331912 1.03952 1.14264 1.58825 1.24929 0.8699 0.866092 1.62976 1.26 0.960466 1.92373 0.843896 0.839858 0.816074 1.13071 1.50693 0.980335 0.768829 0.671665 0.654779 0.581315 0.728053 0.538576 0.758021
threshold=12211.165000000003 8.981309587003576 1.5830000000000002 4.5000000000000009 1.0510000000000004 22.500000000000004 438.83500000000009 239.75000000000003 42327.725000000006 3.8930000000000002 2.5000000000000004 3.5000000000000004 0.15500000000000003 3.5000000000000004 20590.875000000004 0.84500000000000008 8.5000000000000018 25079.720000000005 34426.325000000004 1.5000000000000002 101497.13000000002 83.500000000000014 1.0000000180025095e-35 564.20000000000016 5.5000000000000009 20.635765938815563 -115415.94499999999 53080.760000000002 0.022500000000000003 0.22450000000000003
decision_type=2 2 2 2 2 2 2 2 2 2 2 2 2 2 2 2 2 2 2 2 2 2 2 2 2 2 2 2 2 2
left_child=1 2 -1 5 -5 6 7 -2 9 12 -11 -12 13 14 -9 -14 -17 -16 -18 20 22 -22 -10 24 -8 -24 -21 28 -28 -30
right_child=3 -3 -4 4 -6 -7 23 8 19 10 11 -13 15 -15 17 16 18 -19 -20 26 21 -23 25 -25 -26 -27 27 -29 29 -31
leaf_value=-0.0017392755953770116 -0.00060773962409733321 -0.0026275858360662388 0.017067880754931555 -0.0041480780271813565 6.0164012525148564e-05 -0.00258912564719916 -0.0011289292166763679 -0.0057963704807011632 -0.0022440586252360124 0.0039450505443818021 0.028989179536328732 0.0040815112450347637 -0.0010060476234829141 -0.030228728046322789 0.02593509122461081 0.0077416027511084014 -0.0011015204743941309 0.015181122837063774 0.004689687351406624 0.00023123210345693583 0.010809638428006901 0.0027507230387394557 0.022235157047226034 3.3867109900605573e-06 0.0012341822142141836 0.00028302612310920813 -0.00095431675032437216 -0.0040385966506796545 0.0072634517179021437 -0.00057012876926715382
leaf_weight=13.000000000000002 566 500 9.9999999999999982 117 14.999999999999998 173 519 9.9999999999999982 43 13.999999999999998 13 10 125 21 11.000000000000002 18 58 13.999999999999998 9.9999999999999982 9.9999999999999982 11.000000000000002 9.9999999999999982 11.000000000000002 2140 14.999999999999998 14.999999999999998 23 156 11.000000000000002 17
leaf_count=13 566 500 10 117 15 173 519 10 43 14 13 10 125 21 11 18 58 14 10 10 11 10 11 2140 15 15 23 156 11 17
internal_value=-0.000479805 -0.00203633 0.00586956 -0.000283928 -0.00310606 -0.000191353 -9.2185e-05 0.000607475 0.00203764 0.00421053 0.0139189 0.021087 0.00286517 0.00839286 0.015 0.0013981 0.00546512 0.021 0.00161765 -0.000114008 0.00388889 0.0140476 0.0007971 -0.000400151 -0.00209738 0.00846154 -0.00177419 -0.002343 0.00284314 0.0075
internal_weight=4679 523 23 4156 132 4024 3851 1177 611 304 37 23 267 56 35 211 86 25 68 307 90 21 69 2674 534 26 217 207 51 28
internal_count=4679 523 23 4156 132 4024 3851 1177 611 304 37 23 267 56 35 211 86 25 68 307 90 21 69 2674 534 26 217 207 51 28
is_linear=0
shrinkage=0.05


Tree=110
num_leaves=31
num_cat=0
split_feature=16 1 5 12 12 0 10 6 9 1 5 10 11 11 1 10 14 5 16 16 11 6 6 14 14 7 12 16 16 5
split_gain=0.644378 3.10205 0.789051 0.649498 0.967805 0.755556 1.10882 0.867366 0.527696 1.38536 0.509024 2.12515 1.59514 0.975469 1.75152 0.446161 0.400202 0.869605 1.76626 0.661224 0.550787 0.802566 1.03259 1.05472 1.25404 2.18788 0.798258 0.711484 2.39121 0.688715
threshold=8.2832255730924356 5.5000000000000009 31.479700000000005 105977.21500000001 94488.410000000018 12.500000000000002 770.75000000000011 0.79818241087380304 0.18350000000000002 1.5000000000000002 25.836550000000003 364.75000000000006 429.50000000000006 740.00000000000011 4.5000000000000009 1175.5000000000002 62608.545000000006 0.5414000000000001 12.159601949487113 24.136755219836942 243.50000000000003 0.66599201550779907 0.67076875939120606 10627.450000000003 8116.0650000000014 1.0000000180025095e-35 11150.935000000001 24.221205388606588 24.552292371865907 1.6874000000000002
decision_type=2 2 2 2 2 2 2 2 2 2 2 2 2 2 2 2 2 2 2 2 2 2 2 2 2 2 2 2 2 2
left_child=1 -1 3 4 10 6 7 -6 9 -4 16 -12 -13 14 -14 -10 20 18 -18 -20 26 27 -23 24 -24 -26 -2 -22 -29 -30
right_child=2 -3 8 -5 5 -7 -8 -9 15 -11 11 12 13 -15 -16 -17 17 -19 19 -21 21 22 23 -25 25 -27 -28 28 29 -31
leaf_value=-0.0035966900950018203 -0.0012095481072838632 0.0047427592691972132 0.0031316590490163194 -0.0026122191170720021 0.013675816498280133 -0.0021582646917258533 -8.0654692990779836e-05 0.010269155966582887 -0.0020353640691360905 -0.0027082063339447984 0.00161022701218153 -0.0054253278708199931 0.0037644035688360698 -0.0037273070379623754 -0.0047465503062523 0.00044229312258581169 0.00078014675239129272 -0.002029306189115804 -0.0014261828491370016 0.0028549362111139702 -0.0007086303967262414 0.0040757071193319328 0.0052818431198096982 0.00048824878247876911 -4.2269787119928384e-05 0.02087252459777067 -4.2112813528660554e-05 0.017314759151159376 0.004316560313988858 -0.00061090428692820603
leaf_weight=45 503 19 10.999999999999998 416 15.000000000000002 40 19 10.999999999999998 337 28 12.999999999999998 65 12.000000000000002 13.999999999999998 9.9999999999999982 14.999999999999998 10.999999999999998 628 35 13.999999999999998 787 10.999999999999998 29 264 12.000000000000002 9.9999999999999982 1138 14.999999999999998 26 160
leaf_count=45 503 19 11 416 15 40 19 11 337 28 13 65 12 14 10 15 11 628 35 14 787 11 29 264 12 10 1138 15 26 160
internal_value=-0.000607894 0.004375 -0.000676491 -0.000479099 -0.000275899 0.005 0.00944444 0.0161538 -0.00282609 0.00269231 -0.000395263 0.00289474 0.000445543 0.00888889 0.0154545 -0.0034375 -0.000498217 -0.0015843 0.00416667 0.00010204 -0.000245348 0.000517503 0.00266871 0.00214286 0.00872549 0.0177273 -0.000856186 -0.000192309 0.00246269 0.000913977
internal_weight=4713 64 4649 4258 3842 85 45 26 391 39 3757 114 101 36 22 352 3643 688 60 49 2955 1314 326 315 51 22 1641 988 201 186
internal_count=4713 64 4649 4258 3842 85 45 26 391 39 3757 114 101 36 22 352 3643 688 60 49 2955 1314 326 315 51 22 1641 988 201 186
is_linear=0
shrinkage=0.05


Tree=111
num_leaves=31
num_cat=0
split_feature=2 4 10 12 12 3 11 6 6 11 4 11 4 13 12 16 17 12 12 10 10 17 9 17 11 11 6 6 10 17
split_gain=0.593716 0.643661 1.1192 0.468842 0.987971 0.925231 0.779221 0.575143 1.27159 0.770147 0.413577 0.660463 0.871978 0.849234 0.629843 0.587228 0.857843 1.0272 0.490478 1.03187 0.879222 0.745178 0.545561 0.666734 1.4652 2.46154 0.532467 1.23981 0.916017 0.707274
threshold=5.5000000000000009 3.5835000000000004 653.75000000000011 105977.21500000001 94488.410000000018 0.070500000000000021 47.500000000000007 0.82373251108434509 0.50779981791224837 685.50000000000011 3.6975000000000002 3.5000000000000004 5.7745000000000006 -2646.4749999999995 55764.725000000006 25.677365405941256 84.030405154066656 29030.910000000003 33550.210000000014 778.10000000000014 796.19500000000005 85.857016736466306 0.18350000000000002 86.193061185826821 276.50000000000006 632.50000000000011 0.34172086052332584 0.305221618318473 961.37500000000011 75.173654396316437
decision_type=2 2 2 2 2 2 2 2 2 2 2 2 2 2 2 2 2 2 2 2 2 2 2 2 2 2 2 2 2 2
left_child=3 -2 -3 4 10 7 -7 8 9 -6 14 12 -12 -14 18 -13 17 -17 22 -20 -21 -22 23 26 -25 -26 27 -1 -29 -28
right_child=1 2 -4 -5 5 6 -8 -9 -10 -11 11 15 13 -15 -16 16 -18 -19 19 20 21 -23 -24 24 25 -27 29 28 -30 -31
leaf_value=4.6066875439938114e-05 -0.0036293840836262047 0.00027508402475825375 -0.0050867298685606079 -0.0022969220483067053 -0.0040811055235363504 0.0090188665382860324 -0.0044288648720207579 -0.0044949912081760678 0.011576092920698097 0.027205951300153599 0.0030092634032398793 -7.7051096440840073e-05 -0.0031305486680592745 0.019874865822448542 -0.0024009749403864442 0.0002278574060302888 -0.00085400777129832441 0.0014185132195548571 -0.00047093399580246223 0.015284427202956245 0.0032063046616962972 -0.0047318781246752251 -0.00060991457427214592 -0.022975535821606705 0.028886281268201048 -0.01835730147759208 0.0029668661303989775 0.019546350723099116 0.021932252885752221 -0.00228226615279141
leaf_weight=90 143 12.999999999999998 30 428 14.000000000000002 13.999999999999998 30 10.999999999999998 10.999999999999998 11.999999999999998 21 364 28 10.999999999999998 539 23 13.999999999999998 10.999999999999998 501 14.999999999999998 223 29 1833 15.999999999999998 13.000000000000002 12.999999999999998 40 11.000000000000002 9.9999999999999982 202
leaf_count=90 143 13 30 428 14 14 30 11 11 12 21 364 28 11 539 23 14 11 501 15 223 29 1833 16 13 13 40 11 10 202
internal_value=-0.000618503 -0.0033871 0.00197674 -0.00050475 -0.000340328 0.00478261 -0.000454547 0.00958333 0.0125676 0.00653846 -0.00045795 0.000932202 0.00583333 0.00141026 -0.000643566 0.000218445 0.00541667 0.00970588 -0.000360482 0.000729165 0.0032397 0.00253968 -0.000736087 0.000949366 0.00690476 0.0142308 0.000240792 0.00310811 0.0140476 -0.00107438
internal_weight=4713 186 43 4527 4099 92 44 48 37 26 4007 472 60 39 3535 412 48 34 2996 768 267 252 2228 395 42 26 353 111 21 242
internal_count=4713 186 43 4527 4099 92 44 48 37 26 4007 472 60 39 3535 412 48 34 2996 768 267 252 2228 395 42 26 353 111 21 242
is_linear=0
shrinkage=0.05


Tree=112
num_leaves=31
num_cat=0
split_feature=5 14 14 2 14 5 5 2 0 10 7 2 10 5 0 15 12 14 1 1 14 14 15 5 14 12 6 11 6 0
split_gain=0.805731 0.894114 1.3587 0.5 0.434411 0.5482 0.542301 2.69655 2.41495 1.92308 0.407793 0.558671 1.66948 0.528247 1.05388 0.55796 0.73759 0.504695 0.720372 0.798891 1.17102 0.499011 0.444342 0.49484 0.657311 1.12508 0.729293 0.672222 0.429005 0.889588
threshold=31.479700000000005 106075.15000000001 129419.00000000001 2.5000000000000004 119385.36000000002 0.30240000000000006 25.836550000000003 3.5000000000000004 18.500000000000004 591.33500000000015 1.0000000180025095e-35 3.5000000000000004 987.00000000000011 20.716550000000002 11.500000000000002 1.0000000180025095e-35 12230.625000000002 16873.015000000003 4.5000000000000009 1.5000000000000002 15400.660000000002 116153.35000000002 1.0000000180025095e-35 4.6487500000000006 25744.280000000002 13816.210000000001 0.94204774094886667 106.50000000000001 0.31269541249832372 2.5000000000000004
decision_type=2 2 2 2 2 2 2 2 2 2 2 2 2 2 2 2 2 2 2 2 2 2 2 2 2 2 2 2 2 2
left_child=4 -2 -3 -4 6 -6 10 8 9 -8 11 13 22 15 -15 16 -1 18 19 -18 -21 -12 -13 24 25 -24 27 -26 29 -19
right_child=1 2 3 -5 5 -7 7 -9 -10 -11 21 12 -14 14 -16 -17 17 28 -20 20 -22 -23 23 -25 26 -27 -28 -29 -30 -31
leaf_value=-0.0058619836856715892 -0.0018501308201392961 0.0039462073504524181 0.00062810200359665657 -0.0035743519629167727 0.00012233272161304965 -0.004157216634736359 0.0017981121352091776 -0.0053121024820205675 0.0050405227466402049 -0.00093400592331966651 -0.00024966461008120119 -0.00067762203207662566 0.0048677357659444786 0.011469114240490672 -0.0097410076299429636 -0.00099231267253873127 -0.0054658026839852214 0.0098150078811629262 -0.0033059730523637611 0.0055608731573942461 0.021328065397095898 0.00114329405607118 0.00039482761185740143 -0.00027633197948028648 0.0071690934398674884 0.0041751852424885081 -0.00080463867098140823 -0.0019777912552033268 0.0017238274367871597 -0.0036395522670973862
leaf_weight=94 351 9.9999999999999982 11.999999999999998 24 17 404 15.999999999999998 56 10.999999999999998 36 1372 71 14.999999999999998 13.999999999999998 24 1389 18 18 20 18.000000000000004 10.999999999999998 9.9999999999999982 13.000000000000002 84 18.000000000000004 9.9999999999999982 36 11.999999999999998 404 125
leaf_count=94 351 10 12 24 17 404 16 56 11 36 1372 71 15 14 24 1389 18 18 20 18 11 10 13 84 18 10 36 12 404 125
internal_value=-0.000703375 -0.00285894 0.00369565 -0.000833335 -0.000505099 -0.00203088 -0.000340181 0.00298319 0.0100794 0.00557692 -0.000444916 -5.01265e-05 0.00214286 -0.00031616 0.00552631 -0.000422033 0.000720338 0.00135179 0.00544776 0.00882979 0.0139655 -0.0011288 0.00114754 0.00251445 0.00511236 0.0123913 0.00257576 0.00833333 0.00085009 -0.0015035
internal_weight=4713 397 46 36 4316 421 3895 119 63 52 3776 2394 259 2135 38 2097 708 614 67 47 29 1382 244 173 89 23 66 30 547 143
internal_count=4713 397 46 36 4316 421 3895 119 63 52 3776 2394 259 2135 38 2097 708 614 67 47 29 1382 244 173 89 23 66 30 547 143
is_linear=0
shrinkage=0.05


Tree=113
num_leaves=31
num_cat=0
split_feature=5 16 12 14 14 11 5 12 5 4 5 16 16 13 10 0 5 10 6 0 6 11 7 4 8 12 11 0 10 5
split_gain=0.744511 0.665274 0.428178 0.544443 0.922156 0.766501 0.678131 1.58762 1.00804 1.20593 0.639522 1.48254 1.31701 1.0576 0.968805 1.33185 1.91925 0.948355 0.887891 1.10059 0.952381 0.865385 1.24219 0.743376 0.606061 0.564423 0.608417 0.68544 1.215 0.527683
threshold=31.479700000000005 8.5054604148702779 105977.21500000001 21069.620000000006 29460.475000000002 1338.5000000000002 20.036550000000002 12385.195000000002 21.438450000000007 0.076500000000000012 11.588200000000002 9.6930899118086646 10.937054897647139 -19333.264999999996 758.41500000000008 13.500000000000002 3.6653000000000007 604.58500000000015 0.33397743760765614 1.5000000000000002 0.305221618318473 170.50000000000003 1.5000000000000002 4.5345000000000004 2.5000000000000004 94488.410000000018 1064.0000000000002 12.500000000000002 768.4100000000002 4.0388500000000009
decision_type=2 2 2 2 2 2 2 2 2 2 2 2 2 2 2 2 2 2 2 2 2 2 2 2 2 2 2 2 2 2
left_child=2 -2 3 5 10 -1 25 -8 24 -10 12 -12 -5 23 15 17 21 -15 19 -13 -21 22 -17 -14 -9 -6 27 28 -27 -16
right_child=1 -3 -4 4 6 -7 7 8 9 -11 11 18 13 14 29 16 -18 -19 -20 20 -22 -23 -24 -25 -26 26 -28 -29 -30 -31
leaf_value=-0.0013906948116507332 0.0031987755639503257 -0.0016990215548479974 -0.0021996430136628797 -0.0056606402528884305 -0.00023251279432052433 0.014315676692422098 0.0024050090747919604 -7.1516967813143362e-06 0.0021828214696444047 -0.0045311945511571656 0.013128283204995997 0.0021608347946140446 0.00076589492248710855 -1.6281821030280813e-05 -0.0012873772671273733 0.0010045960780218483 0.019010487644544452 0.0081753784642142665 -0.0075979036872048647 -0.0027794165618304275 0.023166528957121749 -0.011647877297412441 -0.00095967883939687768 0.0071211528156914228 0.0011381493169417244 0.010538377207669333 0.027800448965286346 -0.014956245866286117 -0.00030998689483768452 0.003333159148259698
leaf_weight=1121 9.9999999999999982 387 416 49 1988 30 14.999999999999998 12.000000000000002 13.999999999999998 94 19 10.999999999999998 19.000000000000004 76 48 15.000000000000002 10.999999999999998 20 139 60 9.9999999999999982 9.9999999999999982 10.999999999999998 9.9999999999999982 9.9999999999999982 25 9.9999999999999982 33 14.999999999999998 25
leaf_count=1121 10 387 416 49 1988 30 15 12 14 94 19 11 19 76 48 15 11 20 139 60 10 10 11 10 10 25 10 33 15 25
internal_value=-0.000660939 -0.002733 -0.000470344 -0.000307693 7.45714e-05 -0.00122068 -0.00037455 0.00293103 0.00115384 -0.000833335 0.00194184 2.09193e-05 0.0035034 0.005 0.0037963 0.00618881 0.0130851 0.0028125 -0.00113636 0.00302469 0.000714285 0.0075 0.0123077 0.0139655 0.0109091 -0.000605989 0.00343373 0.00184931 0.00625 -0.000890412
internal_weight=4713 397 4316 3900 2749 1151 2216 145 130 108 533 239 294 245 216 143 47 96 220 81 70 36 26 29 22 2071 83 73 40 73
internal_count=4713 397 4316 3900 2749 1151 2216 145 130 108 533 239 294 245 216 143 47 96 220 81 70 36 26 29 22 2071 83 73 40 73
is_linear=0
shrinkage=0.05


Tree=114
num_leaves=31
num_cat=0
split_feature=2 5 12 12 6 11 6 10 5 12 12 12 0 10 14 6 6 11 5 5 12 0 14 14 10 12 14 11 5 0
split_gain=0.803781 0.379807 0.323855 0.416493 0.632258 0.580645 1.48185 0.404255 0.304222 0.542014 0.273928 0.48583 0.668892 0.914094 0.477794 1.08333 0.395932 0.812369 0.700579 1.35758 0.306442 0.72288 0.448986 0.965151 1.44231 0.757425 0.697585 0.682901 0.500433 0.434107
threshold=5.5000000000000009 40.10840000000001 1134.4000000000003 1965.95 0.40821147886019171 243.50000000000003 0.686041344726108 404.16500000000002 1.7079500000000001 57458.455000000009 105977.21500000001 94488.410000000018 8.5000000000000018 770.75000000000011 374089.58500000008 0.87010673863494847 0.75884037878910704 173.50000000000003 7.8209000000000009 1.4385500000000002 10391.170000000002 15.500000000000002 27221.920000000002 41195.900000000009 415.75000000000006 3856.1650000000004 8557.1650000000027 273.00000000000006 3.9636500000000003 6.5000000000000009
decision_type=2 2 2 2 2 2 2 2 2 2 2 2 2 2 2 2 2 2 2 2 2 2 2 2 2 2 2 2 2 2
left_child=1 2 7 4 -4 -6 -7 -1 9 -2 11 20 13 -13 16 -16 17 18 19 -12 21 22 26 24 -24 28 29 -26 -25 -5
right_child=8 -3 3 10 5 6 -8 -9 -10 -11 14 12 -14 -15 15 -17 -18 -19 -20 -21 -22 -23 23 25 27 -27 -28 -29 -30 -31
leaf_value=0.00096579121792863447 -8.2023463424813996e-05 -0.0013950702333860182 0.0014303735988420712 -0.002024506349529154 -0.00063423026018765956 -0.00094675008190379755 0.0063858305078158184 -0.004803210345965505 -0.0032740381432171195 0.00037282558432688768 -0.002131952990369041 0.006948884395274732 0.0007373384462680912 -0.00091440906580679538 -0.0047090904849854901 0.014806059556812468 -0.0062467370323644328 -0.0019755311551080171 -7.3479854016568393e-05 0.01410612080310221 -9.6951425322100267e-05 -0.0032913907445389391 0.0072097324698945052 -0.0040057317184371615 -0.0057770447315589456 -0.00019933004914023485 -0.0015881800249399093 0.0032918393233882294 0.00066185492259421817 0.0064685319081169814
leaf_weight=18 31 104 9.9999999999999982 68 31 15.000000000000002 15.999999999999998 76 145 9.9999999999999982 11.000000000000002 19 59 12.999999999999998 13.000000000000002 11.999999999999998 139 209 31 9.9999999999999982 3034 230 12.999999999999998 11.000000000000002 23 59 207 15.999999999999998 9.9999999999999982 70
leaf_count=18 31 104 10 68 31 15 16 76 145 10 11 19 59 13 13 12 139 209 31 10 3034 230 13 11 23 59 207 16 10 70
internal_value=-0.000703375 -0.00057102 -0.000500793 -0.000437747 0.00333333 0.00145161 0.00629032 -0.00340426 -0.00392473 -0.000121952 -0.000501528 -0.000367955 0.00324176 0.0090625 -0.00170588 0.005 -0.002125 -0.000977013 0.00461538 0.0116667 -0.000455762 -0.00139321 -0.00028302 0.00219697 0.0075 -0.00125 -0.00123189 0.00269231 0.00690476 0.00152174
internal_weight=4713 4527 4423 4329 72 62 31 94 186 41 4257 3832 91 32 425 25 400 261 52 21 3741 707 477 132 52 80 345 39 21 138
internal_count=4713 4527 4423 4329 72 62 31 94 186 41 4257 3832 91 32 425 25 400 261 52 21 3741 707 477 132 52 80 345 39 21 138
is_linear=0
shrinkage=0.05


Tree=115
num_leaves=31
num_cat=0
split_feature=5 5 9 6 3 12 4 4 4 6 11 4 0 16 5 4 4 6 16 7 12 16 16 0 16 6 6 16 6 16
split_gain=0.663172 0.921471 1.42198 1.80556 1.9303 0.94365 0.904838 1.21836 1.57389 1.44048 0.654415 0.96 0.651229 0.872589 0.631625 0.581338 1.61926 1.78135 1.45628 0.664336 0.732744 0.550876 1.29247 1.20227 0.603104 0.735538 1.31401 0.738265 0.711076 1.08547
threshold=2.9247000000000001 2.5685500000000006 0.46450000000000008 0.90223728699552352 0.52850000000000008 7418.6450000000013 0.11450000000000002 0.22450000000000003 0.24050000000000002 0.83689328067367275 1.5000000000000002 0.44900000000000007 6.5000000000000009 13.510744003162833 40.10840000000001 0.30250000000000005 0.35600000000000004 0.7553063309393897 22.724911233596831 2.5000000000000004 48753.165000000001 23.224345624141524 22.536004551694877 16.500000000000004 12.426423582572022 0.58720197628336834 0.59930313760241172 12.723748191375018 0.96771459547409189 16.042629409629665
decision_type=2 2 2 2 2 2 2 2 2 2 2 2 2 2 2 2 2 2 2 2 2 2 2 2 2 2 2 2 2 2
left_child=1 21 3 4 -3 -4 14 -8 9 -9 11 -10 -12 -14 -2 -15 17 -17 -19 20 -18 22 24 -24 -1 -26 -27 -28 -29 -30
right_child=6 2 5 -5 -6 -7 7 8 10 -11 12 -13 13 15 -16 16 19 18 -20 -21 -22 -23 23 -25 25 26 27 28 29 -31
leaf_value=-0.0005143844662073595 8.3858185025124029e-05 0.0054688627569224844 0.019729996084284912 -0.011767093620775862 0.0012713177713273578 -0.0060724216917560879 -0.0036642574850964311 0.002088751028514343 -0.0077590755017495601 0.0047303913291064856 -0.0045953959591732403 0.0016253321996068709 -0.0037141520429314957 -0.0076736015698902014 -0.0014554605580015341 0.003569728217771545 0.0010264897332092832 0.016929214954006771 0.00033306922745401571 -0.0027240050205558511 -0.0019626046424233157 -0.00049380804434940087 7.1476759870229732e-05 0.017114803501211858 -0.00059263945320520844 0.0057660796241293033 0.012945526585430238 -2.8906164460590651e-05 0.0060321193206448482 0.00048741813767730477
leaf_weight=287 1628 15.000000000000002 9.9999999999999982 9.9999999999999982 10.999999999999998 59 538 16.000000000000004 10.000000000000002 11.999999999999998 246 14.999999999999998 188 51 112 24 194 10.000000000000002 10.999999999999998 48 72 361 22 9.9999999999999982 147 9.9999999999999982 18 325 59 142
leaf_count=287 1628 15 10 10 11 59 538 16 10 12 246 15 188 51 112 24 194 10 11 48 72 361 22 10 147 10 18 325 59 142
internal_value=-0.000387257 0.000484521 0.005 0.0130556 0.02 0.0007971 -0.000795277 -0.00172474 -0.000596434 0.0110714 -0.000972383 0.007 -0.00120853 -0.000317727 -2.87368e-05 0.000975609 0.00168524 0.0105556 0.0211905 0.000414012 0.00139098 0.000141201 0.000735293 0.010625 0.000414979 0.00120542 0.00203971 0.00170956 0.00136882 0.00370647
internal_weight=4661 1486 105 36 26 69 3175 1435 897 28 869 25 844 598 1740 410 359 45 21 314 266 1381 1020 32 988 701 554 544 526 201
internal_count=4661 1486 105 36 26 69 3175 1435 897 28 869 25 844 598 1740 410 359 45 21 314 266 1381 1020 32 988 701 554 544 526 201
is_linear=0
shrinkage=0.05


Tree=116
num_leaves=31
num_cat=0
split_feature=7 4 3 11 17 1 14 10 13 17 0 0 6 17 17 16 0 10 10 16 0 16 17 1 16 12 13 10 14 6
split_gain=0.75165 0.852491 0.932789 0.74059 0.705133 0.817677 0.780891 0.695524 1.41498 1.33268 1.31334 0.81 0.8 0.597373 1.00685 1.2 0.767808 0.738368 0.581028 0.566667 0.558745 0.933047 1.55921 1.03059 0.704923 0.790843 0.536246 0.752688 0.550789 0.550088
threshold=2.5000000000000004 9.9675000000000029 0.16450000000000004 243.50000000000003 83.283465335784669 4.5000000000000009 30819.885000000006 488.41500000000002 -12813.814999999997 84.190453844111616 10.500000000000002 15.500000000000002 0.94340546420872251 86.72402844670826 86.990186041879227 20.394092077874213 12.500000000000002 861.16500000000008 633.62500000000011 13.25401773052304 20.500000000000004 16.937300224302344 78.320181240537849 3.5000000000000004 13.467251184966097 35685.430000000008 -89387.064999999988 781.75000000000011 77523.835000000006 0.79060933428659741
decision_type=2 2 2 2 2 2 2 2 2 2 2 2 2 2 2 2 2 2 2 2 2 2 2 2 2 2 2 2 2 2
left_child=1 3 -3 -1 5 6 -4 8 9 11 -11 -2 -13 20 15 -15 17 19 -7 -16 26 22 23 -22 25 -24 27 -5 29 -28
right_child=7 2 4 13 -6 18 -8 -9 -10 10 -12 12 -14 14 16 -17 -18 -19 -20 -21 21 -23 24 -25 -26 -27 28 -29 -30 -31
leaf_value=-0.00055271652106868589 -5.6013770210960325e-05 0.0051801388983777931 0.004018581747748556 -0.0063080781825128555 -0.002220811141478189 0.0067167450501737537 -0.00071249595029039938 -0.00076339680927974918 -0.0058180116472120909 0.0029505798747589142 0.00084640242566529945 0.0047139459198771222 -0.0010690099876630014 0.022657071849686322 0.0033281630755832487 -0.0057951518034050249 -0.0024529951101451316 0.012333364439498107 0.00011998256014846463 -0.011491060427726485 0.017239562798672729 -0.00050450984044143399 -0.0032877228126347783 -0.0057313078030888816 0.023768228210628892 0.021664533836727565 -0.00010361047585472909 0.0013300981937610988 -0.0013245429462484691 0.0055865012663047879
leaf_weight=1968 80 18 17 10.000000000000002 26 12.000000000000002 33 486 75 11.000000000000002 15.999999999999998 10.000000000000002 9.9999999999999982 15.000000000000002 10.000000000000002 14.999999999999998 51 19 10.999999999999998 17 15.999999999999998 126 12.000000000000002 31 17 10.999999999999998 1119 21 308 90
leaf_count=1968 80 18 17 10 26 12 33 486 75 11 16 10 10 15 10 15 51 19 11 17 16 126 12 31 17 11 1119 21 308 90
internal_value=-0.00049453 -0.000230306 0.00397436 -0.000357885 0.00207071 0.00458904 0.000999999 -0.00202035 0.000445543 0.00366142 0.0135185 0.000999999 0.01 0.000349575 0.00366142 0.0116667 0.00118557 0.00586956 0.0123913 0.000555554 0.000110731 0.00251174 0.00649425 0.000319148 0.01375 0.00804348 -0.000219639 0.00629032 -0.000352671 0.000128204
internal_weight=4661 3973 117 3856 99 73 50 688 202 127 27 100 20 1888 127 30 97 46 23 27 1761 213 87 47 40 23 1548 31 1517 1209
internal_count=4661 3973 117 3856 99 73 50 688 202 127 27 100 20 1888 127 30 97 46 23 27 1761 213 87 47 40 23 1548 31 1517 1209
is_linear=0
shrinkage=0.05


Tree=117
num_leaves=31
num_cat=0
split_feature=7 13 0 13 10 13 10 2 17 11 17 13 11 3 11 10 12 12 0 16 0 16 17 16 17 5 16 12 0 0
split_gain=0.614128 0.677836 0.728173 0.610689 1.12597 0.804989 1.12398 0.71875 1.17092 0.767687 0.534011 0.97043 0.504759 1.21752 0.641711 0.492696 0.394448 0.381874 0.638021 0.816667 0.441322 0.372801 1.05 0.462541 0.655005 0.647075 0.664196 0.745687 0.564282 0.784149
threshold=1.5000000000000002 -89387.064999999988 11.500000000000002 -19130.174999999996 765.25000000000011 -21687.074999999997 478.41500000000002 2.5000000000000004 85.772883465287549 409.00000000000006 83.371176059820414 -29075.569999999996 677.00000000000011 0.063500000000000015 740.00000000000011 724.12500000000011 388204.16000000009 151596.51500000004 17.500000000000004 16.82262501403476 22.500000000000004 8.2832255730924356 79.927397436919406 14.284933386254819 74.948510387905415 31.479700000000005 15.294817651973943 13816.210000000001 16.500000000000004 6.5000000000000009
decision_type=2 2 2 2 2 2 2 2 2 2 2 2 2 2 2 2 2 2 2 2 2 2 2 2 2 2 2 2 2 2
left_child=1 2 -1 4 5 7 -7 8 9 -2 15 -12 -5 14 -14 -9 17 20 -19 -20 21 22 -3 -23 -25 26 27 -26 29 -29
right_child=3 16 -4 12 -6 6 -8 10 -10 -11 11 -13 13 -15 -16 -17 -18 18 19 -21 -22 23 -24 24 25 -27 -28 28 -30 -31
leaf_value=-0.00031276428831192044 2.8358464504976833e-06 0.0039312567798809629 0.0011079711661614903 -0.0014263613325636458 -0.00044271588166096536 0.005446550487796826 3.2010523990783685e-05 -0.00036883055896915016 0.00040743504418875432 0.010045815055506184 3.182930995265648e-05 0.0028237740900408145 0.0018544338047630409 0.0033288477473224481 -0.0022821066243281654 0.0023843284937709631 0.012532235582305852 -0.0079966507195235442 0.018483446059976438 -0.014598164259897795 -0.0020354153024222852 -0.00058522572419465594 -0.0060747792891449699 -0.0018831627444780737 -0.0050056120616271188 -0.0016021346904881305 0.00046506250385064407 0.00068086383242523755 0.0072245125266585872 0.0088524849638043929
leaf_weight=19 76 20 14.999999999999998 712 176 18 20 173 12.999999999999998 9.9999999999999982 50 11.999999999999998 10.999999999999998 15.999999999999998 40 11.999999999999998 15.999999999999998 98 10.000000000000002 20 146 883 14.999999999999998 420 19 131 1465 11.000000000000002 19 14.999999999999998
leaf_count=19 76 20 15 712 176 18 20 173 13 10 50 12 11 16 40 12 16 98 10 20 146 883 15 420 19 131 1465 11 19 15
internal_value=-0.000623258 -0.000258881 0.0067647 -0.00152726 -0.000267858 0.00125 0.00815789 0.000491328 0.00409091 0.00197674 -0.000951418 0.00306451 -0.00243261 0.00171642 -0.00205882 -0.0022973 -0.00033151 -0.000369806 -0.00304688 0.00333333 -0.000260815 -0.000130088 0.005 -0.000190686 0.000216345 0.000662649 0.000951601 0.0059375 0.00944444 0.0142308
internal_weight=4661 3322 34 1339 560 384 38 346 99 86 247 62 779 67 51 185 3288 3272 128 30 3144 2998 35 2963 2080 1660 1529 64 45 26
internal_count=4661 3322 34 1339 560 384 38 346 99 86 247 62 779 67 51 185 3288 3272 128 30 3144 2998 35 2963 2080 1660 1529 64 45 26
is_linear=0
shrinkage=0.05


Tree=118
num_leaves=31
num_cat=0
split_feature=14 13 5 5 12 16 2 14 9 7 16 16 4 17 14 14 16 16 16 14 14 17 12 5 0 1 2 16 14 1
split_gain=0.650895 0.730229 0.640832 1.3878 1.79698 0.611671 0.593197 0.442856 0.639659 0.688566 1.0084 2.01667 0.45 0.427913 0.438956 1.02614 0.404004 0.900393 0.715763 0.658109 1.92637 1.55152 0.621776 1.36477 0.840094 1.08889 0.615385 0.538776 0.421031 0.807692
threshold=21523.895000000004 -1324.0449999999998 27.468850000000003 25.836550000000003 26434.465000000004 8.3940074446148909 2.5000000000000004 10627.450000000003 0.46450000000000008 2.5000000000000004 18.548627363393539 14.931015983914163 0.47850000000000004 86.560096289444317 40509.295000000006 37491.270000000011 10.818559597151788 10.062635602121558 14.692800721215486 16570.725000000002 16008.520000000002 81.45195825214843 10944.880000000003 20.716550000000002 15.500000000000002 2.5000000000000004 1.5000000000000002 8.8275008826318047 13176.940000000002 2.5000000000000004
decision_type=2 2 2 2 2 2 2 2 2 2 2 2 2 2 2 2 2 2 2 2 2 2 2 2 2 2 2 2 2 2
left_child=1 7 3 -2 -5 -4 13 8 -1 10 11 12 -10 14 15 -7 17 27 -18 20 22 -22 -20 24 28 -26 -19 -3 -24 -30
right_child=2 16 5 4 -6 6 -8 -9 9 -11 -12 -13 -14 -15 -16 -17 18 26 19 -21 21 -23 23 -25 25 -27 -28 -29 29 -31
leaf_value=-0.0040686834857620218 -3.4776791012256944e-05 0.0069677343966921103 0.0030103823288620516 0.0036327974141846277 -0.00055194961832945159 -0.0015889531013576225 -0.0020353599762662363 -0.002083588607506712 -0.0029655662513969031 -0.0017065546282928048 -0.0010165442737630618 0.0058196593421322926 0.0076649906717332046 0.00049222777196114272 -0.00020038345687423823 0.0034172301342912958 -0.0050330741666562142 0.048875449494151173 -0.0029650384070328776 -0.006223148072698967 0.0034238756512261002 0.023626892967618742 -0.012563534284978892 0.0077504987267104086 0.015991445204958037 0.0014422947954966148 0.0022099541847388003 -0.010962355212090198 -0.013410610794315332 0.013949260206852483
leaf_weight=50 2987 31 9.9999999999999982 11.000000000000002 17 29 226 392 10.000000000000005 33 21 9.9999999999999982 9.9999999999999982 9.9999999999999982 88 11.999999999999998 153 13.000000000000002 174 157 12.000000000000002 9.9999999999999982 42 12.999999999999998 12.000000000000002 18 12.999999999999998 45 24 28
leaf_count=50 2987 31 10 11 17 29 226 392 10 33 21 10 10 10 88 12 153 13 174 157 12 10 42 13 12 18 13 45 24 28
internal_value=-0.000612531 -0.0015775 -0.000250739 -8.29307e-06 0.0110714 -0.0022 -0.00253425 -0.0030038 -0.000522389 0.00214286 0.00578431 0.0116667 0.0025 3.597e-05 -0.000736435 0.00353658 -0.000570471 0.00235294 -0.00103422 -0.000102042 0.00115615 0.0154545 0.000144693 0.00266423 0.00104839 0.00833333 0.0103846 -0.000394738 -0.0012766 0.00173077
internal_weight=4661 1271 3390 3015 28 375 365 526 134 84 51 30 20 139 129 41 745 102 643 490 333 22 311 137 124 30 26 76 94 52
internal_count=4661 1271 3390 3015 28 375 365 526 134 84 51 30 20 139 129 41 745 102 643 490 333 22 311 137 124 30 26 76 94 52
is_linear=0
shrinkage=0.05


Tree=119
num_leaves=31
num_cat=0
split_feature=5 16 17 11 0 16 12 11 11 12 12 16 16 0 16 5 16 11 0 11 4 5 13 11 8 17 3 4 17 17
split_gain=0.660363 0.649239 0.453893 0.817491 1.54 0.575343 1.08864 1.08122 1.10793 1.07409 0.926577 1.21108 1.11154 0.952381 0.866867 0.758851 1.26923 0.724508 0.762052 1.34992 0.627312 1.43643 1.9545 1.125 1.55274 0.802652 0.634575 0.836951 0.727116 2.23769
threshold=31.479700000000005 8.5054604148702779 78.364680716677654 1420.5000000000002 17.500000000000004 13.770475124015402 48149.980000000003 344.50000000000006 921.50000000000011 45135.520000000011 12052.560000000003 19.226194251275214 17.229783311889655 14.500000000000002 14.810079678401861 0.30240000000000006 11.145363282657547 856.50000000000011 4.5000000000000009 619.50000000000011 0.23350000000000004 6.1934000000000013 -2768.3699999999994 55.500000000000007 3.5000000000000004 87.567211109478265 0.11850000000000001 0.6605000000000002 82.891220787018185 81.912703579764226
decision_type=2 2 2 2 2 2 2 2 2 2 2 2 2 2 2 2 2 2 2 2 2 2 2 2 2 2 2 2 2 2
left_child=2 -2 -1 5 -5 15 7 20 9 10 11 12 -9 -13 -12 16 -4 18 19 -16 -7 25 23 24 -23 26 27 -22 29 -28
right_child=1 -3 3 4 -6 6 -8 8 -10 -11 14 13 -14 -15 17 -17 -18 -19 -20 -21 21 22 -24 -25 -26 -27 28 -29 -30 -31
leaf_value=-0.00041685830025382119 0.0028598632124189503 -0.0013305621375013924 0.0048573371107494207 0.028379475127961025 -0.049792272026543946 -0.0027225110663180721 -0.0012643527710130597 0.0022817116602296518 -0.0002422665542786319 0.010153004117628938 0.027300409321006316 -0.015602507322589138 0.0044293647540173432 0.0068613991947241689 0.0023308355110129284 -0.00058698251585609341 -0.013780026393039003 0.015760398738250518 -8.346973534276946e-05 0.0075894401646615 0.00034133139604560023 0.018114178534097733 -0.0054995720933187263 -1.342537391148779e-05 0.00044117914769896762 0.0054707488425073635 -3.8926229461286106e-05 -0.00050651154016777007 -0.00021975922210187108 0.0072124608620409356
leaf_weight=1781 9.9999999999999982 382 13.000000000000002 14.000000000000002 10.999999999999998 252 556 10.000000000000002 121 14.999999999999998 11.999999999999998 16.000000000000004 15.999999999999998 13.999999999999998 19.000000000000004 722 10.999999999999998 9.9999999999999982 133 10.999999999999998 13.999999999999998 11.000000000000002 23 11.999999999999998 12.999999999999998 14.999999999999998 120 162 118 44
leaf_count=1781 10 382 13 14 11 252 556 10 121 15 12 16 16 14 19 722 11 10 133 11 14 11 23 12 13 15 120 162 118 44
internal_value=-0.000612531 -0.00257653 -0.000432187 4.0181e-06 0.009 -8.72931e-05 0.000416423 0.00128768 0.00348806 0.00535156 0.00454357 0.0101786 0.0180769 0.00333333 0.00283784 -0.00124665 0.0075 0.00193641 0.00113497 0.00833333 0.000229591 0.00120301 0.00855932 0.0158333 0.0220833 0.000285411 -8.73374e-05 -0.00244318 0.00138298 0.00353658
internal_weight=4661 392 4269 2488 25 2463 1717 1161 377 256 241 56 26 30 185 746 24 173 163 30 784 532 59 36 24 473 458 176 282 164
internal_count=4661 392 4269 2488 25 2463 1717 1161 377 256 241 56 26 30 185 746 24 173 163 30 784 532 59 36 24 473 458 176 282 164
is_linear=0
shrinkage=0.05


Tree=120
num_leaves=31
num_cat=0
split_feature=2 11 14 11 4 4 14 13 16 16 5 4 9 5 3 9 6 14 16 9 4 11 6 11 11 14 14 11 4 16
split_gain=0.688422 0.48413 0.692212 0.91262 0.792194 1.34837 0.911372 0.776792 0.814655 1.29183 1.06543 1.40149 2.1246 2.09766 1.38205 1.11154 0.8 0.708039 0.66045 0.604912 0.591553 1.02087 0.590861 1.11538 0.578571 0.565473 1.06689 0.613723 0.727273 0.546821
threshold=5.5000000000000009 12.500000000000002 34687.535000000011 180.50000000000003 1.5305000000000002 1.6760000000000004 39090.480000000003 -7499.3549999999987 26.437817893341421 24.552292371865907 12.272750000000002 2.3510000000000004 0.63350000000000006 3.2001500000000003 0.21850000000000003 0.77500000000000013 0.67436197871083436 155188.72500000003 8.710414180480738 0.77500000000000013 2.1460000000000004 456.50000000000006 0.75884037878910704 433.50000000000006 72.500000000000014 65500.945000000007 58798.525000000001 1.5000000000000002 0.44900000000000007 21.640784003550721
decision_type=2 2 2 2 2 2 2 2 2 2 2 2 2 2 2 2 2 2 2 2 2 2 2 2 2 2 2 2 2 2
left_child=1 19 18 7 -5 -6 -7 8 9 10 11 12 13 16 -15 -13 -4 -9 22 -1 21 -8 23 -3 -14 26 27 28 -21 -29
right_child=-2 2 3 4 5 6 20 17 -10 -11 -12 15 24 14 -16 -17 -18 -19 -20 25 -22 -23 -24 -25 -26 -27 -28 29 -30 -31
leaf_value=-0.0015416014609750924 -0.0022796642862133489 0.022136409807076807 0.0015748074377245555 -0.00044896338614246618 0.015320854784529214 0.0074186677586824817 0.0021811364601404047 -5.2732507081482282e-05 -0.0064674536686017249 0.0039531931721554529 -0.0006510700143516129 -0.00047290831721205542 -0.00052923109940155829 0.0020119143218195637 -0.0054549484278473689 0.0025016708289384002 0.0068445860246543581 0.0097379786149938974 -0.00070225581887511392 -0.002472840728634843 -0.0001100575786617974 -0.00013471135362167955 -0.0033604350321729546 -0.00024107408509851919 0.015500653729150469 -0.0029665471085346361 0.055013992330285415 0.0010270518302278996 0.0015114208064142998 -0.0037391953542587441
leaf_weight=842 190 19 10.000000000000002 1048 12.999999999999998 12.999999999999998 10.000000000000002 261 21 13.999999999999998 50 52 18.000000000000004 15.000000000000002 10.999999999999998 12.999999999999998 9.9999999999999982 15.999999999999998 1444 11.000000000000002 152 19 13.999999999999998 28 9.9999999999999982 89 11.999999999999998 188 10.999999999999998 75
leaf_count=842 190 19 10 1048 13 13 10 261 21 14 50 52 18 15 11 13 10 16 1444 11 152 19 14 28 10 89 12 188 11 75
internal_value=-0.00073627 -0.000611496 -0.000292856 0.000381548 -0.000338647 0.00248792 0.0014433 0.00218563 0.004375 0.00534483 0.00425926 0.00651079 0.0112162 0.0178261 0.00846154 0.00115384 0.03 0.000415161 -0.00107974 -0.00145766 0.000524861 0.00706896 0.00401639 0.00670213 0.000357142 0.000181346 0.00122896 0.000614034 0.00863636 -5.70354e-05
internal_weight=4679 4489 3261 1756 1255 207 194 501 224 203 189 139 74 46 26 65 20 277 1505 1228 181 29 61 47 28 386 297 285 22 263
internal_count=4679 4489 3261 1756 1255 207 194 501 224 203 189 139 74 46 26 65 20 277 1505 1228 181 29 61 47 28 386 297 285 22 263
is_linear=0
shrinkage=0.05


Tree=121
num_leaves=31
num_cat=0
split_feature=0 2 4 0 0 0 13 7 10 11 12 16 4 9 0 12 14 12 16 0 4 12 7 1 10 10 10 2 10 11
split_gain=0.463209 0.484067 1.12909 0.564257 0.539267 1.04356 2.69841 0.685058 1.14672 1.94329 1.00647 0.744651 0.628977 0.682828 0.833333 0.413709 0.367014 0.848485 0.331238 1.452 1.20858 1.15103 0.360139 0.460062 0.78914 0.986622 1.20733 2.535 1.30667 0.760862
threshold=22.500000000000004 3.5000000000000004 0.39250000000000007 18.500000000000004 3.5000000000000004 4.5000000000000009 -10642.539999999999 1.0000000180025095e-35 857.87500000000011 525.50000000000011 86687.025000000009 12.082154763860425 2.1015000000000006 0.77500000000000013 13.500000000000002 1628.9350000000002 106075.15000000001 103924.04500000001 8.9353235044786974 2.5000000000000004 4.4535000000000009 27332.945000000003 2.5000000000000004 1.5000000000000002 239.75000000000003 838.16500000000008 770.75000000000011 2.5000000000000004 799.58500000000015 3.5000000000000004
decision_type=2 2 2 2 2 2 2 2 2 2 2 2 2 2 2 2 2 2 2 2 2 2 2 2 2 2 2 2 2 2
left_child=1 18 16 4 -4 6 -6 8 11 -10 15 -7 13 14 -13 -9 -3 -18 19 21 -21 -1 23 24 -20 26 29 28 -28 -26
right_child=-2 2 3 -5 5 7 -8 10 9 -11 -12 12 -14 -15 -16 -17 17 -19 22 20 -22 -23 -24 -25 25 -27 27 -29 -30 -31
leaf_value=0.0078399788784837259 -0.0019478637057393671 -0.0018055143363537775 -0.0062892423262983126 -0.0016199534109245226 0.0041737777797327931 0.0024941216114617785 -0.00077182309787024515 0.00019242324262949839 0.011250036706099233 -0.00046510976450270632 0.0015166005208779171 -0.010684331300934817 -0.0047610937451149906 0.015295774582008962 0.00092038041429293139 -0.00089071395236496641 0.0038650991655304074 -0.0030143661180773596 -0.0043012090684271141 -0.0020574237325879457 0.0046072404008541791 -0.00017623118549198424 -0.00016773185610555262 -0.00037398143639109899 0.0045712556965442413 -0.0012905481676362524 0.021505598381432678 -0.0095852731294048133 0.0037990018981907802 0.00117510538143114
leaf_weight=12.000000000000002 203 298 142 113 18 14.999999999999998 17 19 10.000000000000002 10.999999999999998 14.999999999999998 27 41 9.9999999999999982 18 276 11.999999999999998 21 188 112 12.999999999999998 12.999999999999998 265 2183 26 201 10.000000000000002 14.999999999999998 14.999999999999998 360
leaf_count=12 203 298 142 113 18 15 17 19 10 11 15 27 41 10 18 276 12 21 188 112 13 13 265 2183 26 201 10 15 15 360
internal_value=-0.000693525 -0.000587579 -0.00151929 -0.000423498 0.000169627 0.000974842 0.00928571 0.000316741 0.00333333 0.0140476 -0.000967743 0.00130631 -0.000312501 0.00318182 0.000555554 -0.00161017 -0.0039426 0.0010606 -0.000297394 0.002 -0.000200001 0.013 -0.000403005 -0.000246832 0.00076687 0.00161882 0.00298122 0.01125 0.021 0.00212435
internal_weight=4679 4476 1063 732 619 477 35 442 132 21 310 111 96 55 45 295 331 33 3413 150 125 25 3263 2998 815 627 426 40 25 386
internal_count=4679 4476 1063 732 619 477 35 442 132 21 310 111 96 55 45 295 331 33 3413 150 125 25 3263 2998 815 627 426 40 25 386
is_linear=0
shrinkage=0.05


Tree=122
num_leaves=31
num_cat=0
split_feature=11 14 16 0 12 11 9 10 0 12 17 11 17 14 17 4 10 11 8 16 4 4 4 3 13 13 14 17 9 4
split_gain=0.534812 0.850674 0.729566 1.77788 0.7016 1.41176 0.937042 1.14467 0.673907 0.610906 0.627745 0.609223 0.595852 0.508044 0.727389 0.727273 0.498844 0.476428 0.475626 0.438625 0.41872 0.636977 0.418493 1.48912 0.978763 1.13799 0.833273 0.850583 0.801515 0.698464
threshold=11.500000000000002 27221.920000000002 27.796279195711499 11.500000000000002 9562.3750000000018 204.50000000000003 0.63350000000000006 431.12500000000006 18.500000000000004 28363.980000000003 87.498187369628923 117.50000000000001 85.555341417161443 29460.475000000002 82.313754596022818 0.85050000000000014 699.87500000000011 1434.5000000000002 2.5000000000000004 27.136262443735188 1.6385000000000003 0.10650000000000001 0.49900000000000005 0.52850000000000008 -50343.964999999989 -34859.32499999999 120454.57500000001 74.984826823696082 0.63350000000000006 1.7050000000000003
decision_type=2 2 2 2 2 2 2 2 2 2 2 2 2 2 2 2 2 2 2 2 2 2 2 2 2 2 2 2 2 2
left_child=12 8 4 -4 5 6 11 -8 17 10 13 18 16 14 -6 -16 -1 -2 -3 22 21 -7 -11 24 -24 -26 27 28 -27 -29
right_child=1 2 3 -5 9 20 7 -9 -10 19 -12 -13 -14 -15 15 -17 -18 -19 -20 -21 -22 -23 23 -25 25 26 -28 29 -30 -31
leaf_value=-0.00052482472438545344 -0.00049210947144176639 0.001098901079247631 0.0079227716980703831 -0.0097108557310431019 -0.0030095379211016807 0.00083751789822724765 0.0076506290279276983 -0.0097284517210140739 -0.0024235354102784563 -0.00036000123075674741 0.0013096488423152348 0.001974476699922702 -0.0042157983059439965 -0.00060241213845239688 -0.0006613948162462359 0.0096047962886038427 -0.0021168567322627828 0.030863470901345613 -0.00011919003000069907 -0.0066625136133362656 0.00052580158863515397 -0.00065905056546185573 -0.0002076339915669834 -0.00024920848732263266 0.0041254867509555575 0.0051526677287140436 -0.0027204498550648763 0.0037990128971006178 0.0024999071538371674 -9.4713604427025208e-05
leaf_weight=915 931 11.000000000000002 10.000000000000002 15.999999999999998 30 19 17 20 289 1102 9.9999999999999982 9.9999999999999982 170 236 11.000000000000002 10.999999999999998 144 9.9999999999999982 11.999999999999998 58 25 59 39 352 13.999999999999998 12.000000000000002 18 81 9.9999999999999982 37
leaf_count=915 931 11 10 16 30 19 17 20 289 1102 10 10 170 236 11 11 144 10 12 58 25 59 39 352 14 12 18 81 10 37
internal_value=-0.000768328 -0.000449277 0.000135134 0.00846154 3.64619e-05 0.00309248 0.00857143 0.00310811 -0.00150407 -0.000225137 -0.00231544 0.014697 -0.00166396 -0.00274306 0.00173077 0.00863636 -0.00122285 -0.000855474 0.0102174 0.000136389 -0.000631069 -0.0024359 0.000285284 0.00139431 0.00471564 0.00633721 0.00512658 0.00642857 0.0154545 0.00474576
internal_weight=4679 3450 2220 26 2194 173 70 37 1230 2021 298 33 1229 288 52 22 1059 941 23 1723 103 78 1665 563 211 172 158 140 22 118
internal_count=4679 3450 2220 26 2194 173 70 37 1230 2021 298 33 1229 288 52 22 1059 941 23 1723 103 78 1665 563 211 172 158 140 22 118
is_linear=0
shrinkage=0.05


Tree=123
num_leaves=31
num_cat=0
split_feature=2 5 3 4 10 10 0 17 17 11 5 0 17 17 5 4 3 11 10 7 17 6 16 6 11 5 0 0 3 5
split_gain=0.49621 0.983147 0.457373 0.559061 0.874907 0.894868 1.50693 0.933057 2.03677 0.643899 1.18681 0.54 0.409938 0.637681 0.372058 1.24001 1.02443 0.494382 0.86069 2.37978 1.05686 0.404763 1.38 0.6 0.530458 0.445025 0.824246 1.39074 0.886447 0.604535
threshold=3.5000000000000004 12.704400000000001 2.3685000000000005 3.4865000000000004 740.08500000000015 678.20000000000016 11.500000000000002 81.999985285330695 82.782543005460965 1.5000000000000002 4.5796500000000009 8.5000000000000018 74.984826823696082 73.505577810867365 19.988200000000003 0.19550000000000003 0.063500000000000015 7.5000000000000009 576.16500000000008 1.0000000180025095e-35 75.285336263053424 0.27615796044395718 17.581560083318418 0.19274027206601979 956.50000000000011 8.0510000000000019 16.500000000000004 6.5000000000000009 0.097500000000000017 3.7424000000000004
decision_type=2 2 2 2 2 2 2 2 2 2 2 2 2 2 2 2 2 2 2 2 2 2 2 2 2 2 2 2 2 2
left_child=14 2 3 9 5 7 -7 12 -9 10 -2 -10 13 -5 15 -1 -16 -18 19 -19 -20 22 -17 -24 25 29 27 -27 -29 -23
right_child=1 -3 -4 4 -6 6 -8 8 11 -11 -12 -13 -14 -15 16 21 17 18 20 -21 -22 24 23 -25 -26 26 -28 28 -30 -31
leaf_value=-0.013936197148422405 -0.016228427564981083 -0.0017271642662471968 -0.0023832070327911487 -0.0027315262351527442 -0.00044719964655367313 0.0043788399179027588 5.8920151012214349e-05 0.0027613365150978742 0.0021003221671979325 -0.00056699727342840987 0.0010749125664094937 -0.0085715357950704434 -0.0155285615189142 0.0024146896587830253 -0.00021672099215375233 -0.00035883610530184121 -0.01013620643185819 0.00094286490737246164 0.0077592531540218168 -0.0076116988812810205 -0.00033569725381781196 -7.7439436140948615e-06 0.00021915737992401747 0.0065972222555154142 -0.0017015864717636953 -0.0066758391292250537 -0.0040724416706992153 0.0057538463149508154 0.001874041942611232 -0.0031088628000075129
leaf_weight=251 12.000000000000002 331 57 11.000000000000002 63 11.000000000000002 9.9999999999999982 10.999999999999998 10.000000000000002 518 13.999999999999998 14.999999999999998 33 11.999999999999998 1579 23 10.999999999999998 11 14.999999999999998 12 51 1071 12.000000000000002 14.999999999999998 85 37 38 28 24 308
leaf_count=251 12 331 57 11 63 11 10 11 10 518 14 15 33 12 1579 23 11 11 15 12 51 1071 12 15 85 37 38 28 24 308
internal_value=-0.00073627 -0.00166065 -0.000688547 -0.000347223 0.00210227 0.00473451 0.0140476 0.00260869 0.00888889 -0.00113971 0.00653846 0.000999999 -0.00142857 0.00369565 -0.000449455 -0.000930234 9.23157e-05 0.005 0.00623595 0.0145652 0.00333333 -0.000429617 0.004 0.0116667 -0.000568826 -0.000351927 0.00248031 0.00511236 0.0103846 -0.000612764
internal_weight=4679 1108 777 720 176 113 21 92 36 544 26 25 56 23 3571 1892 1679 100 89 23 66 1641 50 27 1591 1506 127 89 52 1379
internal_count=4679 1108 777 720 176 113 21 92 36 544 26 25 56 23 3571 1892 1679 100 89 23 66 1641 50 27 1591 1506 127 89 52 1379
is_linear=0
shrinkage=0.05


end of trees

feature_importances:
hop_velocity=404
stolen_amount=340
victim_lat=337
terminal_readiness=291
elapsed_hours_since_first_tx=290
avg_account_age_days=290
min_account_age_days=279
victim_lon=274
as_of_hour=227
last_hop_amount=222
amount_trend=168
time_since_last_hop_hours=157
n_hops_observed=119
as_of_day_of_week=98
dormant_account_ratio=77
urban=50
n_split_events=49
n_unique_banks_seen=45
is_final_snapshot=3

parameters:
[boosting: gbdt]
[objective: quantile]
[metric: quantile]
[tree_learner: serial]
[device_type: cpu]
[data_sample_strategy: bagging]
[data: ]
[valid: ]
[num_iterations: 300]
[learning_rate: 0.05]
[num_leaves: 31]
[num_threads: 0]
[seed: 0]
[deterministic: 0]
[force_col_wise: 0]
[force_row_wise: 0]
[histogram_pool_size: -1]
[max_depth: -1]
[min_data_in_leaf: 10]
[min_sum_hessian_in_leaf: 0.001]
[bagging_fraction: 0.8]
[pos_bagging_fraction: 1]
[neg_bagging_fraction: 1]
[bagging_freq: 5]
[bagging_seed: 3]
[bagging_by_query: 0]
[feature_fraction: 0.8]
[feature_fraction_bynode: 1]
[feature_fraction_seed: 2]
[extra_trees: 0]
[extra_seed: 6]
[early_stopping_round: 0]
[early_stopping_min_delta: 0]
[first_metric_only: 0]
[max_delta_step: 0]
[lambda_l1: 0]
[lambda_l2: 0]
[linear_lambda: 0]
[min_gain_to_split: 0]
[drop_rate: 0.1]
[max_drop: 50]
[skip_drop: 0.5]
[xgboost_dart_mode: 0]
[uniform_drop: 0]
[drop_seed: 4]
[top_rate: 0.2]
[other_rate: 0.1]
[min_data_per_group: 100]
[max_cat_threshold: 32]
[cat_l2: 10]
[cat_smooth: 10]
[max_cat_to_onehot: 4]
[top_k: 20]
[monotone_constraints: ]
[monotone_constraints_method: basic]
[monotone_penalty: 0]
[feature_contri: ]
[forcedsplits_filename: ]
[refit_decay_rate: 0.9]
[cegb_tradeoff: 1]
[cegb_penalty_split: 0]
[cegb_penalty_feature_lazy: ]
[cegb_penalty_feature_coupled: ]
[path_smooth: 0]
[interaction_constraints: ]
[verbosity: -1]
[saved_feature_importance_type: 0]
[use_quantized_grad: 0]
[num_grad_quant_bins: 4]
[quant_train_renew_leaf: 0]
[stochastic_rounding: 1]
[linear_tree: 0]
[max_bin: 255]
[max_bin_by_feature: ]
[min_data_in_bin: 3]
[bin_construct_sample_cnt: 200000]
[data_random_seed: 1]
[is_enable_sparse: 1]
[enable_bundle: 1]
[use_missing: 1]
[zero_as_missing: 0]
[feature_pre_filter: 1]
[pre_partition: 0]
[two_round: 0]
[header: 0]
[label_column: ]
[weight_column: ]
[group_column: ]
[ignore_column: ]
[categorical_feature: ]
[forcedbins_filename: ]
[precise_float_parser: 0]
[parser_config_file: ]
[objective_seed: 5]
[num_class: 1]
[is_unbalance: 0]
[scale_pos_weight: 1]
[sigmoid: 1]
[boost_from_average: 1]
[reg_sqrt: 0]
[alpha: 0.9]
[fair_c: 1]
[poisson_max_delta_step: 0.7]
[tweedie_variance_power: 1.5]
[lambdarank_truncation_level: 30]
[lambdarank_norm: 1]
[label_gain: ]
[lambdarank_position_bias_regularization: 0]
[eval_at: ]
[multi_error_top_k: 1]
[auc_mu_weights: ]
[num_machines: 1]
[local_listen_port: 12400]
[time_out: 120]
[machine_list_filename: ]
[machines: ]
[gpu_platform_id: -1]
[gpu_device_id: -1]
[gpu_device_id_list: ]
[gpu_use_dp: 0]
[num_gpu: 1]

end of parameters

pandas_categorical:[]
