tree
version=v4
num_class=1
num_tree_per_iteration=1
label_index=0
max_feature_idx=18
objective=quantile
feature_names=as_of_hour as_of_day_of_week n_hops_observed time_since_last_hop_hours elapsed_hours_since_first_tx hop_velocity terminal_readiness n_split_events n_unique_banks_seen dormant_account_ratio avg_account_age_days min_account_age_days last_hop_amount amount_trend stolen_amount urban victim_lat victim_lon is_final_snapshot
feature_infos=[0:23] [0:6] [1:7] [0:29.155999999999999] [0.050000000000000003:46.603999999999999] [0.075399999999999995:100] [0:1] [0:10] [1:6] [0:1] [1:1499] [1:1499] [0.5:763818.12] [-730803.28000000003:0] [1420.8699999999999:763818.12] [0:1] [8.0446861591973473:27.983601839147571] [72.043009303426118:87.997072099734439] [0:1]
tree_sizes=2954 2993 3036 2990 3019 3098 2981 2981 3048 3071 3029 3084 3069 3049 3103 3033 2966 3020 2989 3064 3059 3081 3071 3068 3136 2992 3035 3057 3008 3133 3034 3025 3011 3143 3078 3071 3027 3088 3036 3081 3066 3031 3047 3097 3094 3108 3023 3028 3116 3063 2990 3035 3118 3107 3058 3077 3006 3062 3047 3110 3072 3091 3099 3087 3066 3051 3020 3051 2995 3060 3063 3088 3113 3116 3062 3091 3099 3033 3031 3098 3083 3150 3114 3104 3080 3041 3114 3084 3058 3070 3120 3066 3129 3096 3152 3109 3091 3068 3112 2998 3102 3089 3134 3100 3067 3138 3062 3136 3043 3116 3014 3068 3079 3053 3058 3077 3061 3053 3074 3079 3096 3090 3074 3045 3028 3102 3083 3165 3061 3037 3097 3083

Tree=0
num_leaves=31
num_cat=0
split_feature=5 4 5 4 5 11 18 4 4 14 5 4 14 14 4 14 16 6 4 4 4 16 3 12 7 3 4 16 4 6
split_gain=61.4992 130.177 11.5012 56.3127 20.2492 8.53814 7.31335 3.72223 3.69584 2.93378 2.47592 3.13384 2.56608 2.20119 1.8585 2.50326 1.79505 1.64571 1.62348 1.49362 1.40254 1.39486 1.11756 1.15779 1.0984 1.12508 0.938889 0.904348 0.862564 0.8
threshold=20.036550000000002 0.10350000000000001 8.4051500000000008 0.10350000000000001 13.681000000000003 134.50000000000003 1.0000000180025095e-35 0.21750000000000003 0.17650000000000002 13911.720000000003 27.084700000000002 0.11850000000000001 71250.075000000012 115242.77500000001 0.19750000000000004 25485.300000000007 22.709933633127608 0.37954001472757881 0.11850000000000001 0.25550000000000006 0.29650000000000004 24.752702741538716 0.083500000000000019 32422.360000000004 1.0000000180025095e-35 0.10850000000000001 0.42450000000000004 19.64238058865444 0.15850000000000003 0.98431925612681404
decision_type=2 2 2 2 2 2 2 2 2 2 2 2 2 2 2 2 2 2 2 2 2 2 2 2 2 2 2 2 2 2
left_child=2 -2 -1 -4 6 9 8 27 16 -6 11 -3 -13 -14 15 -7 17 -5 -11 22 -9 24 -20 -24 25 -17 -22 -8 -25 -28
right_child=1 10 3 4 5 14 7 20 -10 18 -12 12 13 -15 -16 21 -18 -19 19 -21 26 -23 23 28 -26 -27 29 -29 -30 -31
leaf_value=0.14842195984070233 0.13601229265332221 0.1349219746894251 0.13979159146547318 0.13299357839483641 0.13082089746492176 0.13161382168910798 0.13155728902752067 0.13570781694538289 0.13631336838006974 0.1350980311645239 0.13184414495921409 0.13112151864916086 0.13292287341967282 0.13137292674256867 0.13658193835721474 0.1324391335244858 0.13309900611802472 0.13489741571315778 0.1307873886078596 0.13159351971920705 0.13201656044782892 0.13248193041524961 0.13079217558876466 0.13371677153617956 0.13716202678052303 0.13449350332180376 0.1342198385779424 0.13251122339546251 0.13117382034737254 0.13650779712908753
leaf_weight=2230 385 10.999999999999998 1277 9.9999999999999982 18 19 13.000000000000002 13.999999999999998 177 10.999999999999998 164 89 14.000000000000002 9.9999999999999982 11.999999999999998 10.000000000000002 12.999999999999998 25 52 12.999999999999998 15.999999999999998 15.999999999999998 22 13.000000000000002 14.999999999999998 12.999999999999998 10 9.9999999999999982 11.999999999999998 10
leaf_count=2230 385 11 1277 10 18 19 13 14 177 11 164 89 14 10 12 10 13 25 52 13 16 16 22 13 15 13 10 10 12 10
internal_value=0.135377 0.121385 0.137713 0.134741 0.120939 0.109652 0.129499 0.115747 0.13396 0.102107 0.0959602 0.101292 0.0988117 0.113321 0.122169 0.119172 0.121655 0.127548 0.0993477 0.0975475 0.123405 0.124664 0.0954552 0.101043 0.129878 0.123013 0.118182 0.0991003 0.108405 0.125405
internal_weight=4704 673 4031 1801 524 226 298 73 225 141 288 124 113 24 85 73 48 35 123 112 50 54 99 47 38 23 36 23 25 20
internal_count=4704 673 4031 1801 524 226 298 73 225 141 288 124 113 24 85 73 48 35 123 112 50 54 99 47 38 23 36 23 25 20
is_linear=0
shrinkage=1


Tree=1
num_leaves=31
num_cat=0
split_feature=5 4 5 4 5 4 6 6 4 16 5 4 14 4 6 14 6 5 16 6 6 12 14 4 4 5 6 5 17 0
split_gain=50.476 126.626 10.8631 40.5279 33.8892 8.69133 4.99025 3.72706 3.71672 3.42246 2.55895 3.13384 2.56608 2.37466 2.34152 2.20119 1.97543 1.79399 1.45442 1.46926 2.42569 1.37911 1.36952 1.4861 2.20872 2.16667 1.88462 0.942672 0.872727 0.722194
threshold=20.036550000000002 0.10950000000000001 5.9767500000000009 0.10950000000000001 13.681000000000003 0.19550000000000003 0.53161112827105861 0.90660233321009687 0.26050000000000006 24.221205388606588 27.084700000000002 0.11850000000000001 71250.075000000012 0.15350000000000003 0.78731502833974354 115242.77500000001 0.7052206656093386 16.893600000000003 11.084175788043236 0.49086567276937748 0.59101410862204518 32422.360000000004 19971.395000000004 0.43550000000000005 0.29650000000000004 10.742750000000003 0.99999523405763624 6.6258500000000007 82.827836732576756 20.500000000000004
decision_type=2 2 2 2 2 2 2 2 2 2 2 2 2 2 2 2 2 2 2 2 2 2 2 2 2 2 2 2 2 2
left_child=2 -2 -1 -4 5 7 9 18 13 -6 11 -3 29 17 -7 -14 -15 21 -5 -20 -21 -8 -16 24 -24 26 -26 -25 -22 -13
right_child=1 10 3 4 6 14 8 -9 -10 -11 -12 12 15 16 22 -17 -18 -19 19 20 28 -23 23 27 25 -27 -28 -29 -30 -31
leaf_value=0.014556122483638559 0.00031774755567312297 -0.00045853812185126381 0.0041675978153944016 -0.0038079722225666055 -0.00091425669212236854 0.002797925993800163 -0.001501874309033155 -0.0035984434853136918 -0.0012512379659073351 -0.0035980979404922247 -0.0034387748167149347 -0.0040927695336643952 -0.0023576843281159321 -0.0036882587348036331 0.00012904545846346426 -0.0038301336713648703 -0.0043864667040245968 -0.00033526003170703537 0.014256392177160258 -0.0030544924532112938 0.0054100101441144945 -0.0013357047001847611 0.00035772286888449277 -0.0014085215701671039 -0.0042547931494610605 -0.0010088938714631456 -0.0021819858987967219 0.0001289313286542887 -0.0021601652348807181 -0.0028014724298354651
leaf_weight=2036 407 10.999999999999998 1287 17 34 216 23 18 18 10.999999999999998 142 76 14.000000000000002 18 60 9.9999999999999982 78 15.999999999999998 26 13.999999999999998 12.000000000000002 18 22 9.9999999999999982 13 12.999999999999998 13 48 9.9999999999999982 12.999999999999998
leaf_count=2036 407 11 1287 17 34 216 23 18 18 11 142 76 14 18 60 10 78 16 26 14 12 18 22 10 13 13 13 48 10 13
internal_value=0.000142432 -0.0125334 0.00225874 -0.000363408 -0.00997175 -0.00272358 -0.0264815 -0.016134 -0.0303801 -0.0116667 -0.0393609 -0.0341129 -0.0365929 -0.0329085 0.00056962 -0.0220833 -0.0377083 -0.0248246 -0.0114557 -0.00790323 -0.0144444 -0.0303659 -0.00365922 -0.00676471 -0.0122131 -0.019359 -0.0276923 -0.00103448 -0.00409091 -0.0405056
internal_weight=4704 673 4031 1995 708 492 216 97 171 45 266 124 113 153 395 24 96 57 79 62 36 41 179 119 61 39 26 58 22 89
internal_count=4704 673 4031 1995 708 492 216 97 171 45 266 124 113 153 395 24 96 57 79 62 36 41 179 119 61 39 26 58 22 89
is_linear=0
shrinkage=0.05


Tree=2
num_leaves=31
num_cat=0
split_feature=5 2 5 5 2 5 11 5 2 11 5 2 11 14 5 5 3 13 10 2 8 5 10 0 5 13 2 17 5 12
split_gain=49.1315 66.0117 20.5083 10.9138 41.5801 32.2883 9.35004 8.48785 12.1101 5.57333 4.89471 9.09656 4.59389 3.87859 3.46732 2.27802 3.14682 1.89544 1.8417 1.66185 1.60714 1.57527 1.60364 1.50026 1.47692 1.42013 1.87729 1.35641 1.27333 1.19728
threshold=20.036550000000002 3.5000000000000004 51.524450000000009 5.8975500000000007 1.5000000000000002 12.272750000000002 134.50000000000003 27.468850000000003 2.5000000000000004 893.50000000000011 37.527500000000011 5.5000000000000009 16.000000000000004 13911.720000000003 9.1764500000000009 13.681000000000003 0.14750000000000002 -14719.639999999998 1089.0850000000003 4.5000000000000009 3.5000000000000004 15.260950000000003 538.16500000000008 13.500000000000002 25.395100000000003 -1.0000000180025095e-35 4.5000000000000009 77.557528608347113 6.0405500000000005 18281.025000000005
decision_type=2 2 2 2 2 2 2 2 2 2 2 2 2 2 2 2 2 2 2 2 2 2 2 2 2 2 2 2 2 2
left_child=3 7 10 -1 -5 12 13 8 -2 17 18 20 14 -7 28 16 -15 -8 -3 -16 -12 29 -23 -24 27 26 -17 -10 -6 -19
right_child=1 2 -4 4 5 6 9 -9 24 -11 11 -13 -14 15 19 25 -18 21 -20 -21 -22 22 23 -25 -26 -27 -28 -29 -30 -31
leaf_value=0.014184646582287304 0.00047502061165869276 -0.0038381068144083966 0.00053979670667736316 0.0039592179246246808 -0.00095056128502132994 -0.0040778767036326628 0.0019552184131434633 0.00077661564387381118 -0.0011244722788780151 -0.0017821919780061438 4.0990019217133912e-05 -0.0031074842582813748 0.0021188290402527079 -0.0015790960002300234 -0.0035183267505275681 -0.0041670715641372539 -0.0022101249583603017 0.003612241752812031 -0.001720724009533609 -0.00082020164098264576 -0.00071367373388963185 -0.0020020894296910335 -0.0034631547280392703 -0.0027887400303488255 -0.00041798254575724366 -0.0011989737455405881 -0.0036610457029051763 -0.0013771622489684686 9.1058552120801523e-06 -0.001815111952202746
leaf_weight=2022 55 171 36 1272 13.999999999999998 24 27 293 14.999999999999998 17 18.000000000000004 26 301 13.000000000000002 37 89 9.9999999999999982 15.999999999999998 9.9999999999999982 14.999999999999998 9.9999999999999982 10.999999999999998 14.000000000000002 10.999999999999998 14.999999999999998 22 11.999999999999998 24 71 33
leaf_count=2022 55 171 36 1272 14 24 27 293 15 17 18 26 301 13 37 89 10 16 10 15 10 11 14 11 15 22 12 24 71 33
internal_value=4.67689e-05 -0.0124591 -0.0315314 0.00213471 -0.000475361 -0.00992537 -0.022592 0.00039801 -0.0115138 -0.0124419 -0.0369149 -0.0237037 -0.00127854 -0.0302941 -0.00886861 -0.0333562 -0.018913 -0.00839286 -0.0408564 -0.0190385 -0.00392857 -0.0120588 -0.02 -0.027 -0.0283333 -0.0360569 -0.0385644 -0.0334615 -0.00264706 -0.00622449
internal_weight=4704 673 271 4031 2009 737 299 402 109 129 235 54 438 170 137 146 23 112 181 52 28 85 36 25 54 123 101 39 85 49
internal_count=4704 673 271 4031 2009 737 299 402 109 129 235 54 438 170 137 146 23 112 181 52 28 85 36 25 54 123 101 39 85 49
is_linear=0
shrinkage=0.05


Tree=3
num_leaves=31
num_cat=0
split_feature=5 4 5 2 5 11 4 4 11 11 14 4 16 5 14 4 16 13 4 13 5 14 4 11 11 14 5 5 15 10
split_gain=45.1318 123.843 9.99566 38.9761 28.839 10.0629 5.36735 5.88149 4.59389 4.56775 4.5375 3.56378 2.96659 2.47261 2.55343 2.20068 2.05878 1.74818 1.80706 1.6992 1.60742 1.5 1.27513 1.29711 3.2 1.09247 1.28106 1.00227 0.96787 0.910753
threshold=20.036550000000002 0.11450000000000002 5.8975500000000007 1.5000000000000002 12.272750000000002 134.50000000000003 0.21750000000000003 0.15650000000000003 16.000000000000004 986.50000000000011 14816.650000000001 0.21750000000000003 13.648264200788242 23.097550000000002 71250.075000000012 0.11850000000000001 22.279283682283978 -2258.4699999999998 0.42450000000000004 -14719.639999999998 6.0405500000000005 32337.785000000003 0.19950000000000004 572.50000000000011 796.00000000000011 41195.900000000009 15.260950000000003 16.893600000000003 1.0000000180025095e-35 513.83500000000015
decision_type=2 2 2 2 2 2 2 2 2 2 2 2 2 2 2 2 2 2 2 2 2 2 2 2 2 2 2 2 2 2
left_child=2 -2 -1 -4 8 6 7 10 11 16 -6 -5 -8 14 -3 -15 25 18 -13 -18 -20 -12 23 -10 -25 26 -7 -23 -22 -21
right_child=1 13 3 4 5 9 12 -9 22 -11 21 17 -14 15 -16 -17 19 -19 20 29 28 27 -24 24 -26 -27 -28 -29 -30 -31
leaf_value=0.013475414253172936 0.00021425757726877302 -0.0034493341153886132 0.0037612570283934474 -0.003365264532823516 0.0026970546453909477 0.00080950405943263401 -0.0037377921510209303 -0.0039916023188329161 0.0050335681848961344 -0.0016930823791058371 -0.0012928688065676963 -0.0035220594955981395 -0.00051658057247443926 -0.00042353823198350987 -0.003243509205262154 -0.0036248764472129693 3.7238800000061193e-06 0.0020274756065700853 -0.0011922621934023882 -0.001806291002542334 -0.0014375964532115924 -0.0015693451016887368 0.0025520882420975196 -0.0037414267538594514 0.0080234662289124653 0.001251805299606952 -0.0023238268119195045 -0.0015906458940037949 0.00014081792795980329 -0.0034423324002014217
leaf_weight=2022 424 48 1272 17 11.999999999999998 23 13.999999999999998 73 29 13.999999999999998 15.999999999999998 25 23 9.9999999999999982 19 172 10.999999999999998 35 10.999999999999998 10.000000000000002 9.9999999999999982 22 252 10.000000000000002 9.9999999999999982 29 21 9.9999999999999982 39 21
leaf_count=2022 424 48 1272 17 12 23 14 73 29 14 16 25 23 10 19 172 11 35 11 10 10 22 252 10 10 29 21 10 39 21
internal_value=0.000195578 -0.0117905 0.00219673 -0.000301145 -0.00945047 -0.0214214 -0.0294118 -0.0340977 -0.00127854 -0.0108915 -0.0225 -0.00886861 -0.0125676 -0.0397791 -0.0315672 -0.0428022 -0.0076087 -0.00583333 -0.00970588 -0.0164286 -0.005 -0.029375 0.00217608 -0.00520408 -0.015 -0.00253425 -0.0075 -0.023125 -0.00112245 -0.0224194
internal_weight=4704 673 4031 2009 737 299 170 133 438 129 60 137 37 249 67 182 115 120 85 42 60 48 301 49 20 73 44 32 49 31
internal_count=4704 673 4031 2009 737 299 170 133 438 129 60 137 37 249 67 182 115 120 85 42 60 48 301 49 20 73 44 32 49 31
is_linear=0
shrinkage=0.05


Tree=4
num_leaves=31
num_cat=0
split_feature=5 4 5 4 5 11 4 14 11 13 6 4 5 14 4 4 16 13 4 16 13 6 6 6 4 5 5 6 5 4
split_gain=45.2912 117.176 10.3993 40.4538 27.9194 10.8886 4.65377 4.06077 3.85853 3.8002 3.02238 2.68366 2.63508 2.55343 2.53363 2.7872 2.53144 2.35882 2.24243 2.24606 1.84544 1.26654 1.23927 4.16138 1.13636 1.09486 2.97701 2.42279 1.07143 0.816009
threshold=20.036550000000002 0.11850000000000001 5.8975500000000007 0.097500000000000017 12.704400000000001 134.50000000000003 0.19550000000000003 13911.720000000003 14.500000000000002 -14719.639999999998 0.87372759483008855 0.19750000000000004 23.097550000000002 71250.075000000012 0.21750000000000003 0.11850000000000001 17.791172764369957 -266.7949999999999 0.10650000000000001 15.994931823910486 -1.0000000180025095e-35 0.50779981791224837 0.53161112827105861 0.64039418308982554 0.19950000000000004 10.354150000000002 9.1764500000000009 0.92950794147245797 16.342850000000002 0.13750000000000004
decision_type=2 2 2 2 2 2 2 2 2 2 2 2 2 2 2 2 2 2 2 2 2 2 2 2 2 2 2 2 2 2
left_child=2 18 -1 -4 6 7 8 24 -5 -7 -8 17 13 29 15 -9 -16 28 -2 -20 -17 -19 -10 -24 -6 26 27 -12 -11 -3
right_child=1 12 3 4 5 9 10 14 22 11 25 -13 -14 -15 16 20 -18 21 19 -21 -22 -23 23 -25 -26 -27 -28 -29 -30 -31
leaf_value=0.012801643540514291 0.00042547695060156241 -0.00076979368716985222 0.0035731941769737751 -0.0030931919023360747 0.0022713745903682396 0.00095207961437159905 0.0023873091310532696 -0.00014992934141088489 0.004853681239662855 -0.0033147470463755903 -0.0015258700059522139 0.001185789936264207 -0.0034436326248523208 -0.0030813337449990459 -0.0035509025434698836 -0.0037591378699887452 -0.00010699425918536035 -0.00042463897568118284 -0.0003670921718694764 2.5180841235007692e-05 -0.0016265064645964928 -0.0016593419767089461 -0.0035364437257579388 0.0047818897756513271 -0.00380018345309461 0.00028294749846304262 -0.0032600203640942385 0.00017256717062427742 -0.0021977767584532505 -0.0033100270973266603
leaf_weight=2022 395 9.9999999999999982 1272 15.999999999999998 11.000000000000002 29 258 10.999999999999998 28 10.000000000000002 17 12.999999999999998 172 19 13.000000000000002 81 9.9999999999999982 27 17 22 22 22 14.000000000000002 12.999999999999998 10.999999999999998 32 19 66 13.999999999999998 38
leaf_count=2022 395 10 1272 16 11 29 258 11 28 10 17 13 172 19 13 81 10 27 17 22 22 22 14 13 11 32 19 66 14 38
internal_value=0.000142432 -0.0118648 0.00214711 -0.000400697 -0.00972184 -0.0223723 -0.00223542 -0.0308491 -0.0140141 -0.0106522 -0.000102041 -0.0159302 -0.0399791 -0.0315672 -0.0340511 -0.0371053 -0.018913 -0.0196575 0.00361751 -0.00782051 -0.0396602 -0.0133673 -0.00772727 -0.0153704 -0.0109091 -0.00619403 -0.00872549 -0.00463855 -0.0325 -0.0377083
internal_weight=4704 673 4031 2009 737 274 463 159 71 115 392 86 239 67 137 114 23 73 434 39 103 49 55 27 22 134 102 83 24 48
internal_count=4704 673 4031 2009 737 274 463 159 71 115 392 86 239 67 137 114 23 73 434 39 103 49 55 27 22 134 102 83 24 48
is_linear=0
shrinkage=0.05


Tree=5
num_leaves=31
num_cat=0
split_feature=5 4 5 4 5 11 4 11 14 18 4 14 11 5 0 16 4 4 16 13 3 5 5 13 14 16 3 14 13 16
split_gain=39.781 115.236 10.1717 35.1801 37.6858 8.61449 7.15605 5.19076 3.3317 3.0371 2.79062 2.49638 2.56061 2.4547 2.67983 2.13958 1.8601 2.06547 1.69984 1.50134 1.29619 1.56673 2.74286 1.20545 1.18788 1.18564 1.00511 0.942224 0.877279 0.872727
threshold=20.036550000000002 0.12650000000000003 4.6487500000000006 0.097500000000000017 13.425050000000002 134.50000000000003 0.19950000000000004 14.500000000000002 14816.650000000001 1.0000000180025095e-35 0.11450000000000002 25485.300000000007 446.50000000000006 23.097550000000002 4.5000000000000009 23.043918486343479 0.21750000000000003 0.11850000000000001 23.899500296942467 -1557.4099999999996 0.032500000000000008 8.7344000000000026 10.601500000000003 -1.0000000180025095e-35 96678.215000000011 16.749629993349679 0.094500000000000015 7311.6250000000009 -12675.944999999998 18.714458632954074
decision_type=2 2 2 2 2 2 2 2 2 2 2 2 2 2 2 2 2 2 2 2 2 2 2 2 2 2 2 2 2 2
left_child=2 10 -1 -4 6 8 7 29 19 27 -2 12 -7 14 -3 -9 17 -10 -13 -6 -11 26 -23 -19 -20 -18 -22 -8 -12 -5
right_child=1 13 3 4 5 11 9 15 16 20 28 18 -14 -15 -16 -17 25 23 24 -21 21 22 -24 -25 -26 -27 -28 -29 -30 -31
leaf_value=0.013918443785711769 0.00016303553069536852 -0.0020311025326885438 0.0033945344681250867 -0.0031054267744835048 0.0035660360700892355 -0.0018733095315443941 -3.4659178279608518e-05 -0.0026511901311314632 -0.00014243287490111429 0.00035479230075331357 -2.7299858168799942e-05 -0.00047055935989680437 -0.0029334955219616175 -0.0032778484981838686 -0.0030877711618603506 -0.0017893687741786389 -0.0033733574162963889 -0.003571180976489308 -0.0019878850081395745 -0.0034987270836622656 -0.0031258942035686322 -0.0022830930314208173 0.00069293102000656133 -0.0013313244865788814 -0.00098852369889507468 -0.0020283637446678192 -0.0014146239696273008 0.0038467857003421854 -0.00038302602872937138 -0.0020016643600312763
leaf_weight=1848 439 13.999999999999998 1275 12.000000000000002 10.000000000000002 10.999999999999998 12.999999999999998 50 10.999999999999998 43 19 38 22 158 53 12.999999999999998 13.000000000000002 78 12.000000000000002 12.999999999999998 9.9999999999999982 14.000000000000002 9.9999999999999982 13.999999999999998 9.9999999999999982 11.999999999999998 63 383 17 9.9999999999999982
leaf_count=1848 439 14 1275 12 10 11 13 50 11 43 19 38 22 158 53 13 13 78 12 13 10 14 10 14 10 12 63 383 17 10
internal_value=0.000136519 -0.0108571 0.0020662 -0.000280374 -0.00806358 -0.0247131 -0.00152174 -0.015 -0.0320861 0.000615672 0.00310526 -0.0127419 -0.0237879 -0.0403333 -0.0323134 -0.00769841 -0.0352344 -0.0382039 -0.00666667 -0.0145652 -0.00571429 -0.00891753 -0.02 -0.0406522 -0.0177273 -0.023 -0.00527397 0.00285354 -0.0102778 -0.0359091
internal_weight=4688 700 3988 2140 865 244 621 85 151 536 475 93 33 225 67 63 128 103 60 23 140 97 24 92 22 25 73 396 36 22
internal_count=4688 700 3988 2140 865 244 621 85 151 536 475 93 33 225 67 63 128 103 60 23 140 97 24 92 22 25 73 396 36 22
is_linear=0
shrinkage=0.05


Tree=6
num_leaves=31
num_cat=0
split_feature=5 4 5 4 5 11 4 11 4 14 14 4 6 11 5 14 11 11 13 11 11 6 14 0 7 10 12 17 12 4
split_gain=38.3439 108.873 9.0206 33.127 33.8292 8.81462 6.98608 5.19076 4.44874 3.60553 3.48472 3.04 2.92875 2.24676 2.23644 2.50963 2.08561 1.63636 1.29231 1.29182 1.26603 2.10373 1.23813 1.24348 1.40115 1.34701 1.35 1.2 1.11004 0.914286
threshold=20.036550000000002 0.12650000000000003 4.6487500000000006 0.10950000000000001 13.425050000000002 117.50000000000001 0.19950000000000004 14.500000000000002 0.21750000000000003 14816.650000000001 25485.300000000007 0.10050000000000002 0.87372759483008855 11.500000000000002 23.097550000000002 59942.245000000003 471.00000000000006 55.500000000000007 -14719.639999999998 435.50000000000006 572.50000000000011 0.53161112827105861 9976.0850000000009 8.5000000000000018 2.5000000000000004 714.87500000000011 18902.125000000004 79.592418051633629 29333.770000000004 0.13750000000000004
decision_type=2 2 2 2 2 2 2 2 2 2 2 2 2 2 2 2 2 2 2 2 2 2 2 2 2 2 2 2 2 2
left_child=2 11 -1 -4 6 8 7 -5 9 -6 16 -2 -8 -13 15 29 -7 -17 -12 -20 28 -22 -14 24 25 26 -24 -10 -9 -3
right_child=1 14 3 4 5 10 12 20 27 -11 18 13 22 -15 -16 17 -18 -19 19 -21 21 -23 23 -25 -26 -27 -28 -29 -30 -31
leaf_value=0.01322252159642618 0.00069485692928391391 -0.00058093533747463914 0.0032248077447188314 -0.0028209612780018926 -0.0034538789048215801 -0.0022528459361100118 0.0044893711290583784 0.0092557909770281492 -0.0032046895454815694 -0.0033878588767035801 5.5327959017171646e-05 -7.0728709980669448e-05 -0.0005867223467484375 -3.1069023879273359e-05 -0.0031139560732746756 -0.0028483503490301302 -0.0027868207458635365 -0.00030532464790755242 -0.002074218674737525 0.00078438903812460517 0.0075731267858446059 -0.0032270620329134694 -0.00030444194651242488 -0.00013477137034698713 0.00089983341764078269 0.0038120236904814193 -0.0030431462482403923 -0.0003869953558732901 -0.0028247842618315242 -0.0030004535099912139
leaf_weight=1848 380 9.9999999999999982 1289 22 17 13.000000000000002 340 23 15.000000000000002 92 21 17 11.999999999999998 78 158 11.000000000000002 18 10.999999999999998 21 18 11.000000000000002 14.999999999999998 10.000000000000002 125 18 10.999999999999998 20 14.999999999999998 13.999999999999998 35
leaf_count=1848 380 10 1289 22 17 13 340 23 15 92 21 17 12 78 158 11 18 11 21 18 11 15 10 125 18 11 20 15 14 35
internal_value=0.000221843 -0.0105714 0.00211635 -9.34578e-05 -0.00774971 -0.0241304 -0.00168277 -0.015 -0.0320504 -0.0367431 -0.012033 0.003 0.000429105 -0.005 -0.0392222 -0.0315672 -0.0256452 -0.0177273 -0.005 -0.0103846 -0.00769841 -0.0161538 -0.00443878 -0.00342391 -0.00940678 -0.0145122 -0.02 -0.015 -0.00175676 -0.0383333
internal_weight=4688 700 3988 2140 851 230 621 85 139 109 91 475 536 95 225 67 31 22 60 39 63 26 196 184 59 41 30 30 37 45
internal_count=4688 700 3988 2140 851 230 621 85 139 109 91 475 536 95 225 67 31 22 60 39 63 26 196 184 59 41 30 30 37 45
is_linear=0
shrinkage=0.05


Tree=7
num_leaves=31
num_cat=0
split_feature=5 4 5 2 4 11 2 4 11 16 4 14 17 5 14 0 1 16 17 13 0 12 13 3 16 0 11 7 3 12
split_gain=31.6576 102.699 8.14814 26.9495 34.2712 15.0052 6.40014 5.41335 4.80052 3.8133 3.19661 2.50462 2.45334 2.1563 1.99432 2.6 1.50539 1.50562 1.34409 1.18344 1.63875 1.10458 1.06925 1.8 1.02674 0.963559 1.26888 1.21114 1.60303 1.30909
threshold=20.036550000000002 0.13250000000000003 3.6653000000000007 1.5000000000000002 0.21150000000000002 13.500000000000002 2.5000000000000004 0.13250000000000003 16.000000000000004 9.6930899118086646 0.10050000000000002 71250.075000000012 78.364680716677654 13.425050000000002 115242.77500000001 15.500000000000002 2.5000000000000004 24.911032000072755 79.592418051633629 -1427.8649999999998 15.500000000000002 34254.415000000008 -1598.1599999999996 0.046500000000000007 20.124932683531799 8.5000000000000018 13.500000000000002 2.5000000000000004 0.24850000000000003 18902.125000000004
decision_type=2 2 2 2 2 2 2 2 2 2 2 2 2 2 2 2 2 2 2 2 2 2 2 2 2 2 2 2 2 2
left_child=2 10 -1 -4 5 7 9 -5 13 -7 -2 -3 -8 25 15 -13 -11 19 -15 -18 21 -21 -12 -24 -14 27 -27 28 29 -6
right_child=1 11 3 4 8 6 12 -9 -10 16 22 14 24 18 -16 -17 17 -19 -20 20 -22 -23 23 -25 -26 26 -28 -29 -30 -31
leaf_value=0.014559241881579846 0.00066011408281971794 -0.0029731857969138363 0.0030635673574828898 -5.3837944005904343e-05 -0.00040170788938419835 -0.0030657089084161855 -0.0022274637299281815 -0.0032232289838296634 0.004662603914196318 0.000678289276446541 -2.3441331378668885e-05 -0.0022336951524219066 -0.0024007683434752371 -0.0030444550682074906 -0.0026964988490010946 -0.00086858800435059215 5.2561557737546008e-05 -0.0014440591969254082 -0.00038375244862449075 -0.0023068888891843125 0.00017248865496583208 -0.00056070050534378778 1.2540143455721425e-05 -0.00037916955911201293 -0.0027832003057564223 4.8557121364655972e-05 -0.0015470570415325703 8.4252669375750906e-05 -0.0023104277967443548 -0.0019753249218067257
leaf_weight=1664 380 156 1275 12.999999999999998 14.999999999999998 10.999999999999998 21 81 460 42 96 16.000000000000004 17 15.000000000000002 22 9.9999999999999982 32 19 15.999999999999998 18 22 15.999999999999998 10.000000000000002 9.9999999999999982 15.999999999999998 147 23 25 22 18
leaf_count=1664 380 156 1275 13 15 11 21 81 460 42 96 16 17 15 22 10 32 19 16 18 22 16 10 10 16 147 23 25 22 18
internal_value=0.000307167 -0.0095 0.00202859 0.000116179 -0.00581983 -0.0198377 -0.0125234 -0.0364894 6.74782e-06 -0.0075 0.00278226 -0.0393627 -0.0274074 -0.00514235 -0.029375 -0.02 -0.00540268 -0.0085514 -0.0175806 -0.00579545 -0.0101786 -0.0170588 -0.00448276 -0.015 -0.0359091 -0.0036 -0.00147059 -0.008125 -0.0122727 -0.0192424
internal_weight=4688 700 3988 2324 1049 308 214 94 741 160 496 204 54 281 48 26 149 107 31 88 56 34 116 20 33 250 170 80 55 33
internal_count=4688 700 3988 2324 1049 308 214 94 741 160 496 204 54 281 48 26 149 107 31 88 56 34 116 20 33 250 170 80 55 33
is_linear=0
shrinkage=0.05


Tree=8
num_leaves=31
num_cat=0
split_feature=5 4 5 4 5 4 4 11 11 4 14 4 10 16 17 4 4 17 4 12 4 13 3 9 14 6 6 14 5 10
split_gain=29.3938 98.4569 7.31598 24.2768 35.5786 10.1663 9.20649 7.1953 5.60076 6.22429 3.6957 2.91261 2.80283 2.19147 1.79698 1.41582 1.40977 1.37741 1.85277 1.29273 1.20655 1.15869 1.8 1.06379 1.05982 1.02432 1.19313 1.5 1.15495 1.81071
threshold=20.036550000000002 0.13250000000000003 3.1538000000000004 0.10350000000000001 12.272750000000002 0.13450000000000004 0.21750000000000003 117.50000000000001 16.000000000000004 0.19950000000000004 71250.075000000012 0.10050000000000002 865.16500000000008 20.124932683531799 78.635246285496464 0.15650000000000003 0.24050000000000002 78.320181240537849 0.30250000000000005 40861.825000000004 0.14450000000000002 -1598.1599999999996 0.046500000000000007 0.7320000000000001 7311.6250000000009 0.80218334638509392 0.8781984776808448 49367.580000000009 8.7344000000000026 474.12500000000006
decision_type=2 2 2 2 2 2 2 2 2 2 2 2 2 2 2 2 2 2 2 2 2 2 2 2 2 2 2 2 2 2
left_child=2 11 -1 -4 8 -6 7 15 9 -5 -3 -2 23 19 -15 20 -8 18 -18 -9 -7 -13 -23 -12 -10 -11 27 -27 -28 -30
right_child=1 10 3 4 5 6 16 13 24 25 12 21 -14 14 -16 -17 17 -19 -20 -21 -22 22 -24 -25 -26 26 28 -29 29 -31
leaf_value=0.015206841740091799 0.00062710837867873228 -0.0028245265070681448 0.0029103889896087451 -0.0026638435865381695 -5.8544145405994984e-05 -0.00062730888594130039 0.0011933509318641389 -0.0017215653682603263 -0.00023672029773802173 0.0040780851046599382 -0.0025711078877227963 -2.2269264809735554e-05 -0.00055618245882340289 -0.0011085815736617724 -0.0026168961694134733 -0.0031052156857639367 -0.0028922323147971157 -0.00033235110570356346 -0.0010108124002904907 0.001395948230877201 -0.0012693766739075971 1.1913136282935182e-05 -0.00036021108115641198 -0.002469824713912265 0.005513320294184566 -0.00061781034213160961 -0.00022048680258696018 -0.0043124026390827987 0.00077763622648416438 -0.0018765586741720274
leaf_weight=1554 380 156 1279 18 67 13.000000000000002 14.999999999999998 26 11.999999999999998 31 21 96 10.999999999999998 11.000000000000002 17 72 11.000000000000002 19 11.999999999999998 9.9999999999999982 13.999999999999998 10.000000000000002 9.9999999999999982 15.999999999999998 547 15.000000000000002 195 9.9999999999999982 11.999999999999998 28
leaf_count=1554 380 156 1279 18 67 13 15 26 12 31 21 96 11 11 17 72 11 19 12 10 14 10 10 16 547 15 195 10 12 28
internal_value=0.000307167 -0.00914286 0.0019659 0.000254725 -0.005 -0.0202613 -0.0254545 -0.0315031 4.60831e-05 -0.00535599 -0.0383824 0.00288306 -0.02625 -0.0184375 -0.0289286 -0.0399495 -0.00815789 -0.0128571 -0.021087 -0.0102778 -0.0301852 -0.00405172 -0.015 -0.0328378 0.0030322 -0.00359107 -0.00461538 -0.015 -0.00351064 -0.01125
internal_weight=4688 700 3988 2434 1155 287 220 163 868 309 204 496 48 64 28 99 57 42 23 36 27 116 20 37 559 291 260 25 235 40
internal_count=4688 700 3988 2434 1155 287 220 163 868 309 204 496 48 64 28 99 57 42 23 36 27 116 20 37 559 291 260 25 235 40
is_linear=0
shrinkage=0.05


Tree=9
num_leaves=31
num_cat=0
split_feature=5 4 5 2 4 2 18 6 14 6 4 4 5 5 14 14 0 0 0 5 4 4 4 5 4 4 0 18 4 0
split_gain=24.5031 93.6393 7.3457 24.5368 35.0893 14.6027 5.75502 4.37646 4.19019 3.65481 3.49682 3.34091 3.05063 2.45069 2.06429 1.54147 1.35538 1.1589 1.30949 0.966209 0.936644 1.44185 1.06667 0.916017 0.75605 2.10496 2.04167 1.0488 1.36263 1.14296
threshold=20.036550000000002 0.13750000000000004 3.1538000000000004 1.5000000000000002 0.21150000000000002 2.5000000000000004 1.0000000180025095e-35 0.78731502833974354 71250.075000000012 0.7052206656093386 0.10050000000000002 0.13250000000000003 23.097550000000002 15.658700000000001 115242.77500000001 48095.115000000013 11.500000000000002 21.500000000000004 20.500000000000004 12.026950000000001 0.17650000000000002 0.13450000000000004 0.14750000000000002 28.711350000000003 0.29650000000000004 0.33550000000000008 12.500000000000002 1.0000000180025095e-35 0.43550000000000005 8.5000000000000018
decision_type=2 2 2 2 2 2 2 2 2 2 2 2 2 2 2 2 2 2 2 2 2 2 2 2 2 2 2 2 2 2
left_child=2 10 -1 -4 5 6 15 19 -3 16 -2 -8 -12 24 23 17 -7 18 20 -6 21 -5 -23 -10 -9 26 -26 -27 29 -29
right_child=1 8 3 4 7 9 11 13 14 -11 12 -13 -14 -15 -16 -17 -18 -19 -20 -21 -22 22 -24 -25 25 27 -28 28 -30 -31
leaf_value=0.014446499653087206 0.0005957529597447951 -0.0026907492646011206 0.0027648695401283081 -5.9607430991265985e-05 0.0066522212511048303 -0.0014258054254985956 -4.8092966199919219e-05 5.8029992912909251e-05 -0.00055160315266030997 -0.0029118137397293031 -0.00026807239556634352 -0.0023761345064511499 -2.5761308401564658e-05 -0.0032039307303238021 -0.0024992632216892414 -8.8841795414113967e-05 -0.0023774748848118653 0.0082654914701277282 -0.0029745957650041174 -0.00071246587500358892 -0.0012027283791917927 -0.00072603284436659112 -0.0023668246530569822 -0.0021208217921945285 -2.6162776367960606e-05 0.00011381747623240282 -0.0040076995072652229 -0.0018345509240465772 -0.00049038073296803545 -0.001632091488117667
leaf_weight=1554 380 143 1275 31 427 14.000000000000002 10.999999999999998 39 11.000000000000002 70 11.999999999999998 33 129 10.999999999999998 14.999999999999998 58 17 9.9999999999999982 11.999999999999998 13.999999999999998 22 10.000000000000002 20 9.9999999999999982 12.000000000000002 147 11.999999999999998 12.999999999999998 155 21
leaf_count=1554 380 143 1275 31 427 14 11 39 11 70 12 33 129 11 15 58 17 10 12 14 22 10 20 10 12 147 12 13 155 21
internal_value=0.000413823 -0.00821429 0.00192828 0.00021364 -0.00505177 -0.019513 -0.0119082 0.000182139 -0.0394134 -0.035099 0.0025048 -0.0279545 -0.00421986 -0.00353659 -0.0241667 -0.00757669 -0.0208065 -0.0111905 -0.0128947 0.00363946 -0.0106627 -0.0138525 -0.0216667 -0.0140476 -0.00289474 -0.00361111 -0.0179167 -0.00258929 -0.00505291 -0.0141176
internal_weight=4688 700 3988 2434 1159 308 207 851 179 101 521 44 141 410 36 163 31 105 95 441 83 61 30 21 399 360 24 336 189 34
internal_count=4688 700 3988 2434 1159 308 207 851 179 101 521 44 141 410 36 163 31 105 95 441 83 61 30 21 399 360 24 336 189 34
is_linear=0
shrinkage=0.05


Tree=10
num_leaves=31
num_cat=0
split_feature=5 4 2 4 11 4 5 4 6 14 5 6 14 4 4 5 5 7 5 12 1 6 6 4 11 14 11 10 0 10
split_gain=24.6648 87.2345 6.91311 56.3778 15.9315 4.54946 3.83914 3.68033 3.28968 3.27764 3.48804 2.85066 2.70054 2.45321 3.80492 1.80316 1.75152 2.30455 1.73691 2.48205 1.56019 1.31955 1.25185 1.19222 2.40522 1.17654 1.55152 1.12507 2.31121 1.05754
threshold=20.036550000000002 0.14050000000000004 1.5000000000000002 0.21150000000000002 60.500000000000007 0.13250000000000003 5.8975500000000007 0.10050000000000002 0.91164747982434269 71250.075000000012 23.097550000000002 0.51536279173788291 10627.450000000003 0.13450000000000004 0.19550000000000003 13.990300000000001 23.676900000000003 1.0000000180025095e-35 12.975200000000001 17595.155000000002 3.5000000000000004 0.32101048656628389 0.64039418308982554 1.5830000000000002 16.000000000000004 36977.310000000005 316.00000000000006 492.25000000000006 9.5000000000000018 341.66500000000002
decision_type=2 2 2 2 2 2 2 2 2 2 2 2 2 2 2 2 2 2 2 2 2 2 2 2 2 2 2 2 2 2
left_child=2 7 -1 4 5 -4 23 -2 -8 -3 -11 21 -10 -13 15 22 17 -9 19 -7 27 -6 -15 24 29 -17 -27 28 -14 -5
right_child=1 9 3 6 11 18 8 16 12 10 -12 13 20 14 -16 25 -18 -19 -20 -21 -22 -23 -24 -25 -26 26 -28 -29 -30 -31
leaf_value=0.0026266260631218927 0.00054086028901123573 -0.0025274376866076219 -4.5520966563861837e-05 0.0036521326224553982 -0.0008842970930974741 -0.0018946767144543315 0.0010718831676000756 -0.00025466877578802664 -0.0019067240042625799 -0.0013761683097511124 -0.002367728618954183 -4.1855718991211652e-05 -0.0025874241625410705 -0.0030117701362543658 0.0015831721432091024 -0.0022586011405712719 -2.3726844378867424e-05 3.2586293362316048e-07 -0.0027394834614497916 -0.002604036624879868 2.1299114251436512e-05 0.00019099479785324262 -0.00066184399266656718 0.016785441516575964 0.012538856747823743 -0.0018057729546746078 -0.00087179383428737242 -0.00086204225166839135 -0.0024827310949822345 -0.00091129265075704793
leaf_weight=1280 373 141 14.999999999999998 87 21 11.000000000000002 282 12.000000000000002 10.999999999999998 15.999999999999998 22 23 10.999999999999998 15.000000000000002 15.999999999999998 17 110 9.9999999999999982 76 17 57 57 11.999999999999998 1163 558 12.000000000000002 9.9999999999999982 37 23 237
leaf_count=1280 373 141 15 87 21 11 282 12 11 16 22 23 11 15 16 17 110 10 76 17 57 57 12 1163 558 12 10 37 23 237
internal_value=0.000477599 -0.00830409 0.00196146 0.000556359 -0.0198344 -0.0340756 0.00305353 0.00232673 -0.00129454 -0.0382961 -0.0252632 -0.0105738 -0.00758993 -0.0159524 -0.02 -0.025303 -0.00484848 -0.0177273 -0.0377885 -0.0271429 -0.00554687 -0.00333333 -0.0153704 0.00394866 0.00256236 -0.0321795 -0.0245455 -0.010493 -0.0170588 -0.000864197
internal_weight=4732 684 4048 2768 302 119 2466 505 421 179 38 183 139 105 82 66 132 22 104 28 128 78 27 2045 882 39 22 71 34 324
internal_count=4732 684 4048 2768 302 119 2466 505 421 179 38 183 139 105 82 66 132 22 104 28 128 78 27 2045 882 39 22 71 34 324
is_linear=0
shrinkage=0.05


Tree=11
num_leaves=31
num_cat=0
split_feature=5 4 2 4 11 2 4 4 5 16 6 11 5 12 17 11 10 5 6 6 13 12 9 3 6 17 5 5 1 6
split_gain=23.8599 83.5263 6.36249 51.9731 14.7363 4.93767 4.08977 4.03955 3.74022 4.13385 3.32876 2.95157 2.53256 2.94694 1.9529 1.82959 1.67685 1.55534 2.00895 1.54286 1.48358 1.16144 0.96516 0.91392 0.82342 0.8 0.747882 1.96597 0.647313 1.32234
threshold=20.036550000000002 0.14250000000000002 1.5000000000000002 0.21150000000000002 13.500000000000002 2.5000000000000004 0.097500000000000017 0.14250000000000002 8.7344000000000026 8.8275008826318047 0.7052206656093386 3.5000000000000004 23.097550000000002 50398.695000000007 78.258596914576728 1004.5000000000001 331.41500000000002 2.4009000000000005 0.87372759483008855 0.84998262709401085 -1427.8649999999998 36095.495000000003 0.84500000000000008 0.15350000000000003 0.88157700852377452 83.818524819354408 23.097550000000002 21.808000000000003 4.5000000000000009 0.50779981791224837
decision_type=2 2 2 2 2 2 2 2 2 2 2 2 2 2 2 2 2 2 2 2 2 2 2 2 2 2 2 2 2 2
left_child=2 6 -1 4 7 15 -2 -4 17 -10 14 25 13 19 -7 20 -8 -5 -19 -3 22 -12 -6 -9 -20 -11 27 -18 -22 -30
right_child=1 12 3 8 5 10 16 23 9 11 21 -13 -14 -15 -16 -17 26 18 24 -21 28 -23 -24 -25 -26 -27 -28 -29 29 -31
leaf_value=0.0024952947599657981 0.00062632469562265566 -0.0021097165898143096 -0.00022012815666075508 0.0152830758947546 0.00012299472487942235 0.0027420186805296354 -0.00029454626576821903 -0.0026242418902910278 -0.0024580529544140171 -0.0016368598238483533 -0.0020794035929191852 1.3076582076996166e-05 -0.0024202583271216043 -0.0019384020981002015 -0.0021456710835427079 -0.00075383419991576015 2.2074461949440905e-06 0.0073033769312601656 -0.0024809591521614705 -0.0024317021859817582 -0.001228725512690005 -0.0017162851936266856 -0.00098803433905207574 -0.0023085541288938006 -0.00013364043270711783 -0.0030978540132212723 -1.6252781543839577e-05 -0.00024305637402695032 -0.00151198467142976 -0.001552334273203173
leaf_weight=1280 359 13.999999999999998 18 1344 41 11.000000000000002 12.999999999999998 55 9.9999999999999982 10.000000000000002 20.000000000000004 153 122 13.999999999999998 11.999999999999998 15.999999999999998 14.000000000000002 605 13.999999999999998 21 56 10.999999999999998 18 18 320 9.9999999999999982 116 10.999999999999998 14.000000000000002 11.999999999999998
leaf_count=1280 359 14 18 1344 41 11 13 55 10 10 20 153 122 14 12 16 14 605 14 21 56 11 18 18 320 10 116 11 14 12
internal_value=0.000625528 -0.0080117 0.00208498 0.000736994 -0.0188411 -0.0115877 0.00207602 -0.0356593 0.00313463 -0.00374317 -0.0246296 -0.00193642 -0.0382749 -0.0286735 -0.0102174 -0.00710191 -0.00474026 0.00368594 0.0021246 -0.0364286 -0.00528369 -0.0353226 0.000762712 -0.0408904 -0.000988024 -0.02 -0.00315603 -0.011 -0.00963415 -0.0161538
internal_weight=4732 684 4048 2768 302 211 513 91 2466 183 54 173 171 49 23 157 154 2283 939 35 141 31 59 73 334 20 141 25 82 26
internal_count=4732 684 4048 2768 302 211 513 91 2466 183 54 173 171 49 23 157 154 2283 939 35 141 31 59 73 334 20 141 25 82 26
is_linear=0
shrinkage=0.05


Tree=12
num_leaves=31
num_cat=0
split_feature=4 4 4 6 11 4 15 4 6 10 7 4 16 11 4 14 11 1 4 3 16 10 11 6 6 10 9 11 4 6
split_gain=17.7386 97.2963 34.7942 17.9512 4.95627 3.40534 3.26565 3.23836 3.27879 2.72929 2.93918 2.45 2.37341 2.04167 2.80519 2.00834 1.96272 1.54286 1.35694 1.42318 1.26458 1.86012 1.51976 1.25741 1.0261 1.04064 1.04167 0.895095 1.05909 1.01039
threshold=0.097500000000000017 0.21750000000000003 0.14450000000000002 0.69619281195212601 657.50000000000011 0.19750000000000004 1.0000000180025095e-35 0.70850000000000002 0.91164747982434269 264.00000000000006 1.0000000180025095e-35 0.12950000000000003 10.062635602121558 252.50000000000003 0.15650000000000003 8938.3000000000011 8.5000000000000018 2.5000000000000004 0.14950000000000002 0.081500000000000017 19.69991305986153 825.29000000000008 130.50000000000003 0.76441452472465132 0.58081013876273813 338.33500000000009 0.7320000000000001 11.500000000000002 0.12950000000000003 0.47886364168706086
decision_type=2 2 2 2 2 2 2 2 2 2 2 2 2 2 2 2 2 2 2 2 2 2 2 2 2 2 2 2 2 2
left_child=-1 2 9 5 16 6 13 8 24 11 27 -2 17 -4 -15 -14 -5 -10 -18 23 22 -22 -8 -20 -3 26 -26 -11 -29 -30
right_child=1 7 3 4 -6 -7 20 -9 12 10 -12 -13 15 14 -16 -17 18 -19 19 -21 21 -23 -24 -25 25 -27 -28 28 29 -31
leaf_value=0.0020333560058239664 -3.9358489692770889e-05 0.0093217185167461594 -0.0023639364869958578 -0.002475643712043377 -0.00047426711492679318 0.0047533542052453394 -0.0020161780440166636 0.0090722433332477148 -0.0024868780402067915 -0.00021935370633249411 6.6205007820497378e-06 -0.00027923531225143127 -0.00064271352374761488 -0.00052919411514768813 -0.0025147608300480936 -0.0010334274649713305 -0.00010912802225236871 -0.00095324268115311089 -0.0018939785248231974 -0.0022971129100881837 -0.001040364682664307 -0.0023902840266024337 0.0017921525445054852 -0.0022990733194388963 -0.0044548402721716158 0.00081905008546846736 0.0017155328606193905 -3.0853237973514908e-05 -0.00016682912843177394 -0.00047135355836536982
leaf_weight=1639 10.000000000000002 209 15.999999999999998 95 10.999999999999998 20 12.999999999999998 1773 10.000000000000002 15.999999999999998 122 9.9999999999999982 9.9999999999999982 10.999999999999998 21 166 10.999999999999998 13.999999999999998 12.999999999999998 43 12.000000000000002 15.999999999999998 25 67 12 257 12 61 12.999999999999998 24
leaf_count=1639 10 209 16 95 11 20 13 1773 10 16 122 10 10 11 21 166 11 14 13 43 12 16 25 67 12 257 12 61 13 24
internal_value=0.00079459 -0.00143388 -0.0189683 -0.0286898 -0.036875 -0.0140299 -0.0173684 0.00305116 0.000144928 -0.00476562 -0.00326271 -0.0225 -0.00525 -0.0272917 -0.02 -0.00323864 -0.0384498 -0.02 -0.0345522 -0.0360569 -0.0101515 -0.0182143 -0.00421053 -0.04 0.00234694 0.000373666 -0.00958333 -0.00903509 -0.0072449 -0.0139189
internal_weight=4732 3093 630 374 240 134 114 2463 690 256 236 20 200 48 32 176 229 24 134 123 66 28 38 80 490 281 24 114 98 37
internal_count=4732 3093 630 374 240 134 114 2463 690 256 236 20 200 48 32 176 229 24 134 123 66 28 38 80 490 281 24 114 98 37
is_linear=0
shrinkage=0.05


Tree=13
num_leaves=31
num_cat=0
split_feature=5 2 5 2 5 2 5 11 14 5 11 5 14 16 9 9 11 2 5 7 3 14 2 1 7 3 5 14 2 16
split_gain=16.3772 29.2515 13.7925 10.7991 8.96182 6.91311 44.4905 8.68697 4.97207 4.40735 4.52088 3.02253 2.82051 2.9979 3.22449 2.58673 2.23171 2.1317 1.9303 1.58939 3.82996 1.45833 1.38626 1.36364 1.33294 1.32846 1.30943 1.21945 1.39163 1.05733
threshold=20.036550000000002 4.5000000000000009 24.526000000000003 3.5000000000000004 42.012250000000009 1.5000000000000002 12.026950000000001 117.50000000000001 105805.69500000002 2.4009000000000005 16.000000000000004 9.1764500000000009 13345.710000000001 11.884155619540737 0.63350000000000006 0.53550000000000009 1004.5000000000001 3.5000000000000004 18.804250000000003 1.0000000180025095e-35 0.067500000000000018 69592.715000000011 2.5000000000000004 1.5000000000000002 1.0000000180025095e-35 0.083500000000000019 2.5306000000000006 65207.155000000006 5.5000000000000009 24.970970335076718
decision_type=2 2 2 2 2 2 2 2 2 2 2 2 2 2 2 2 2 2 2 2 2 2 2 2 2 2 2 2 2 2
left_child=5 2 3 19 8 -1 9 12 27 -7 11 26 23 14 -14 22 24 -15 -19 20 -2 -5 -13 -8 29 -4 -11 -3 -29 -9
right_child=1 4 25 21 -6 6 7 16 -10 10 -12 15 13 17 -16 -17 -18 18 -20 -21 -22 -23 -24 -25 -26 -27 -28 28 -30 -31
leaf_value=0.0022688622216763101 -0.00020974538831888945 -0.0022117674625378391 4.9886014720251558e-05 -0.0020439522512069562 -2.1312490111701551e-05 0.014065309933354487 0.0056749386788436428 -0.001023467756475114 -0.0010524889365344653 -0.0030668902022567114 0.005461464741541521 -0.0024088529092258937 -0.00048645943264849701 -0.0015975190448260475 -0.0022678199000123146 -0.00058636635477536322 -0.00066574693363249818 -0.00061672359394899037 -0.0025894346112039397 1.7660488460941037e-06 1.781191305457014e-06 -0.0019480354553177552 -0.0020765246355989413 -0.0023114489122544706 4.9140360872041621e-05 -0.00043019597943602428 -0.0007437841382097049 -0.00090234878779953207 -0.0020478868067365036 -0.0022300324425613563
leaf_weight=1280 14.999999999999998 72 417 32 31 1344 10.000000000000002 56 13.999999999999998 9.9999999999999982 718 13.000000000000002 18 77 22 21 13.999999999999998 15.000000000000002 10.999999999999998 32 28 9.9999999999999982 14.999999999999998 11.999999999999998 46 9.9999999999999982 346 12.000000000000002 10.999999999999998 20
leaf_count=1280 15 72 417 32 31 1344 10 56 14 10 718 13 18 77 22 21 14 15 11 32 28 10 15 12 46 10 346 12 11 20
internal_value=0.000752325 -0.00640351 -0.00115809 -0.0163675 -0.0267857 0.00196146 0.000556359 -0.0175914 -0.0335321 0.00277057 0.000458593 -0.00376543 -0.025303 -0.0278671 -0.01625 -0.0154082 -0.00823529 -0.0323786 -0.02 -0.005 -0.0112791 -0.0366667 -0.0253571 -0.00863636 -0.00606557 0.00300937 -0.00216292 -0.0376316 -0.0276087 -0.0101316
internal_weight=4732 684 544 117 140 4048 2768 301 109 2467 1123 405 165 143 40 49 136 103 26 75 43 42 28 22 122 427 356 95 23 76
internal_count=4732 684 544 117 140 4048 2768 301 109 2467 1123 405 165 143 40 49 136 103 26 75 43 42 28 22 122 427 356 95 23 76
is_linear=0
shrinkage=0.05


Tree=14
num_leaves=31
num_cat=0
split_feature=4 4 4 2 11 11 5 5 6 4 16 16 14 6 16 16 5 10 5 5 4 11 11 4 16 0 6 6 6 12
split_gain=17.3324 81.4533 39.3118 20.1372 4.85104 4.8196 4.26998 3.82565 3.78416 2.88 2.6019 2.22874 2.06496 1.85363 1.68829 2.11329 1.43128 1.30952 1.30798 1.25072 1.15219 1.03091 0.941686 1.99191 1.10053 1.26984 0.901365 1.73571 0.740741 0.624981
threshold=0.094500000000000015 0.21750000000000003 0.15350000000000003 2.5000000000000004 12.500000000000002 187.00000000000003 15.018650000000003 2.5995000000000004 0.91164747982434269 0.19250000000000003 17.817508853946588 17.424092913661244 7819.3100000000013 0.6921541958766374 10.062635602121558 16.937300224302344 4.5796500000000009 558.41500000000008 8.7344000000000026 10.187650000000001 0.097500000000000017 117.50000000000001 409.00000000000006 0.13450000000000004 18.048783530916189 18.500000000000004 0.50779981791224837 0.64039418308982554 0.41420294154766352 25829.205000000005
decision_type=2 2 2 2 2 2 2 2 2 2 2 2 2 2 2 2 2 2 2 2 2 2 2 2 2 2 2 2 2 2
left_child=-1 2 6 4 -4 -5 11 -3 -9 13 12 17 -10 -7 16 29 -14 -2 -18 -6 -8 -13 -22 24 25 -24 28 -28 -21 -16
right_child=1 7 3 5 19 9 20 8 10 -11 -12 21 14 -15 15 -17 18 -19 -20 26 22 -23 23 -25 -26 -27 27 -29 -30 -31
leaf_value=0.0020124578682576776 0.00010149002679061815 0.01275037621301571 -0.0019515795531888478 -0.0021632778427991719 0.0058513980414888964 -0.0019213303460790532 -6.8522075017773967e-05 0.0032868128874604888 -0.00037022767481098215 0.0042768254757830889 0.00013059838155607718 -0.00035341840419190009 -0.00087745431345802533 -0.0015889657547570159 0.00034367358716170805 -0.0040918194589483195 0.0033366518827380762 -0.00046944706270867848 -0.0020974154096823601 -0.0023062631169846917 1.581208063475628e-06 -0.0006544004509394445 -0.00015949249750758717 -0.00013105893514462878 3.1253284735038269e-05 3.7891266642258221e-05 -0.0029040792540859289 0.00045444499443499412 0.0087098256193615612 -0.0015453951818303721
leaf_weight=1625 11.000000000000002 1411 18 176 22 19 13.999999999999998 705 9.9999999999999982 9.9999999999999982 165 11.000000000000002 10.999999999999998 21 72 11.999999999999998 13.000000000000002 9.9999999999999982 10.999999999999998 12.000000000000002 193 13.999999999999998 18.000000000000004 13.999999999999998 26 9.9999999999999982 16.000000000000004 13.999999999999998 14.999999999999998 53
leaf_count=1625 11 1411 18 176 22 19 14 705 10 10 165 11 11 21 72 12 13 10 11 12 193 14 18 14 26 10 16 14 15 53
internal_value=0.000815723 -0.00137271 -0.017205 -0.0295201 -0.0104639 -0.0376991 -0.00481308 0.00276695 0.000484791 -0.024 -0.00378963 -0.018913 -0.00791209 -0.03 -0.00662791 -0.00412409 -0.0164286 -0.00690476 -0.00958333 -0.00512658 -0.00245455 -0.029 -0.00170498 -0.00676471 -0.00240741 -0.00928571 -0.00903509 -0.015 -0.00240741 -0.0022
internal_weight=4732 3107 644 323 97 226 321 2463 1052 50 347 46 182 40 172 137 35 21 24 79 275 25 261 68 54 28 57 30 27 125
internal_count=4732 3107 644 323 97 226 321 2463 1052 50 347 46 182 40 172 137 35 21 24 79 275 25 261 68 54 28 57 30 27 125
is_linear=0
shrinkage=0.05


Tree=15
num_leaves=31
num_cat=0
split_feature=5 8 5 5 5 5 8 11 5 11 13 14 11 9 5 9 14 14 5 13 13 14 5 11 14 10 13 16 7 11
split_gain=14.0662 20.0803 8.83726 8.15984 7.16618 41.8848 5.81846 5.57192 4.04695 3.86207 3.43883 3.41671 2.98356 2.89352 2.7537 3.69981 2.36911 2.71644 2.54923 3.19016 2.41071 2.22656 2.12935 2.05006 2.19564 2.91919 2.76489 2.03666 1.86992 2.13373
threshold=20.036550000000002 3.5000000000000004 32.75930000000001 44.038950000000007 19.988200000000003 11.588200000000002 2.5000000000000004 117.50000000000001 2.4009000000000005 16.000000000000004 -60255.369999999988 13345.710000000001 986.50000000000011 0.84500000000000008 9.1764500000000009 0.53550000000000009 85103.595000000016 64886.05000000001 14.647100000000002 -89.854999999999976 -9963.9949999999972 96678.215000000011 2.5306000000000006 173.50000000000003 25744.280000000002 638.25000000000011 -3048.9349999999995 14.564142195440407 1.0000000180025095e-35 89.500000000000014
decision_type=2 2 2 2 2 2 2 2 2 2 2 2 2 2 2 2 2 2 2 2 2 2 2 2 2 2 2 2 2 2
left_child=4 2 6 10 5 8 21 11 -1 14 -3 -7 -9 28 22 -16 17 18 20 -20 -13 -2 -10 24 26 -26 -8 -25 29 -12
right_child=1 3 -4 -5 -6 7 23 12 9 -11 13 16 -14 -15 15 -17 -18 -19 19 -21 -22 -23 -24 27 25 -27 -28 -29 -30 -31
leaf_value=0.012666785720315911 6.0120431510324368e-06 4.8946488184964142e-05 0.0001342902801243899 2.0782840943868091e-05 0.0020547962171796109 -0.001757217720768797 -0.0019565961798613499 -0.0011012552530441188 -0.0035510645027946627 0.0050775179739128429 -0.0025247464514354654 7.9390761523713741e-05 -0.00096981509993739751 -0.00091335292385326438 -0.0021341494272606467 0.00012835343108023859 -0.0021042830937950513 0.00032648990780362254 -0.0020519989542856112 -9.8218291090244859e-05 -0.0023204054296497266 -0.0004117777582586721 -0.0005773490627605266 -0.0011185334571213856 -0.0011562079651332572 -0.002676215913155811 -0.0018724692408403105 -2.2967396591498918e-05 -0.0019927605183285694 -9.062211734697708e-05
leaf_weight=1371 124 9.9999999999999982 295 29 1270 28 18.000000000000004 127 9.9999999999999982 679 27 11.999999999999998 11.999999999999998 11.999999999999998 21 19 28 11.999999999999998 71 10.999999999999998 28 28 298 10.999999999999998 25 10.999999999999998 10.999999999999998 30 59 9.9999999999999982
leaf_count=1371 124 10 295 29 1270 28 18 127 10 679 27 12 12 12 21 19 28 12 71 11 28 28 298 11 25 11 11 30 59 10
internal_value=0.000752608 -0.00578571 -0.00141953 -0.0222109 0.00189767 0.000452879 -0.00817829 -0.0162766 0.00274812 0.000374878 -0.0280508 -0.0218421 -0.00866906 -0.0306481 -0.00390805 -0.01625 -0.0246296 -0.0218657 -0.0240984 -0.0291463 -0.01375 -0.00190789 -0.00230519 -0.0171698 -0.0226923 -0.0144444 -0.032931 -0.00841463 -0.0335417 -0.0247297
internal_weight=4697 700 553 147 3997 2727 258 329 2398 1027 118 190 139 108 348 40 162 134 122 82 40 152 308 106 65 36 29 41 96 37
internal_count=4697 700 553 147 3997 2727 258 329 2398 1027 118 190 139 108 348 40 162 134 122 82 40 152 308 106 65 36 29 41 96 37
is_linear=0
shrinkage=0.05


Tree=16
num_leaves=31
num_cat=0
split_feature=2 3 18 3 6 3 3 18 3 11 3 10 9 2 2 14 0 0 16 11 3 11 13 16 8 16 3 13 3 9
split_gain=14.6178 14.4527 10.0249 8.82455 3.75525 2.85239 9.07102 3.60332 3.86269 2.62576 2.70567 1.71658 1.73284 1.69104 1.61109 2.5472 1.57407 1.40821 1.37504 1.33335 1.58185 1.22667 1.21228 1.50177 1.20143 1.19225 1.10553 1.06952 1.05589 1.03926
threshold=2.5000000000000004 0.17250000000000001 1.0000000180025095e-35 1.0000000180025095e-35 0.82733038545984983 0.091500000000000012 0.22450000000000003 1.0000000180025095e-35 0.13250000000000003 127.00000000000001 0.018500000000000003 264.00000000000006 0.77500000000000013 5.5000000000000009 5.5000000000000009 70380.295000000013 12.500000000000002 6.5000000000000009 16.676318483207044 508.50000000000006 0.12850000000000003 47.500000000000007 -5035.1149999999989 10.062635602121558 2.5000000000000004 20.635765938815563 0.17250000000000001 -4030.8149999999991 0.84850000000000014 0.7320000000000001
decision_type=2 2 2 2 2 2 2 2 2 2 2 2 2 2 2 2 2 2 2 2 2 2 2 2 2 2 2 2 2 2
left_child=5 2 9 -4 16 -1 7 19 -9 10 -2 -12 18 22 24 17 -5 -16 21 -7 -21 -13 -11 -24 25 -6 -22 -20 -3 -26
right_child=1 28 3 4 14 6 -8 8 -10 13 11 12 -14 -15 15 -17 -18 -19 27 20 26 -23 23 -25 29 -27 -28 -29 -30 -31
leaf_value=0.0019520564063206305 -0.00060214362311619772 0.0012856955224674615 -0.0010939880191819145 -0.0019038449683477544 -0.0019218628112553213 -0.00015483488921677179 0.012367612313980795 8.8634847837635702e-05 -0.0017925445251793016 4.0119604162907454e-05 4.28677121763818e-05 -0.0020158046788899104 -0.0011542127927829718 -0.0003214597262217086 -0.0016991870446073224 -0.0012728264556097029 -0.0026335973782198496 -0.0019218866032115229 -0.0012366144290236695 4.0110668241378594e-05 -0.0013600452902478633 -0.0016218847662388264 -0.00094638672272831655 -0.00018456891845659371 -0.0017482544322532192 -0.0020870496418133127 -0.0016366674337499104 0.00013832526484114081 0.014252260368401085 -0.0019417452418170307
leaf_weight=1785 194 477 161 10.000000000000002 17 86 663 11.999999999999998 26 290 13.999999999999998 17 27 17 11.000000000000002 10.999999999999998 17 20 33 15.999999999999998 20 21 11.999999999999998 151 86 18 19 18 394 54
leaf_count=1785 194 477 161 10 17 86 663 12 26 290 14 17 27 17 11 11 17 20 33 16 20 21 12 151 86 18 19 18 394 54
internal_value=0.00094422 -0.00219807 -0.00575897 -0.0121605 -0.0181557 0.00342025 0.00102138 -0.00896648 -0.0226316 -0.0024937 -0.00595679 -0.0115385 -0.0135345 -0.000106383 -0.0159677 -0.0247619 -0.0357407 -0.0320968 -0.0101685 -0.00528369 -0.0113636 -0.0173684 0.000474614 -0.00297546 -0.0138571 -0.0221429 -0.0167949 -0.00480392 0.00270379 -0.0117857
internal_weight=4697 2070 1199 405 244 2627 842 179 38 794 324 130 116 470 217 42 27 31 89 141 55 38 453 163 175 35 39 51 871 140
internal_count=4697 2070 1199 405 244 2627 842 179 38 794 324 130 116 470 217 42 27 31 89 141 55 38 453 163 175 35 39 51 871 140
is_linear=0
shrinkage=0.05


Tree=17
num_leaves=31
num_cat=0
split_feature=11 5 10 5 18 5 12 5 5 9 17 17 15 0 0 13 14 17 6 5 5 5 14 5 12 15 14 5 0 13
split_gain=11.093 15.6818 32.3914 12.7055 6.5876 3.16832 2.82982 2.75743 2.28254 3.38346 2.77778 3.05339 2.63377 4.23409 2.42911 1.92241 1.7116 1.98952 1.71024 3.38092 2.67639 1.81494 1.57721 1.55812 1.30952 1.23429 1.11196 1.71432 3.28182 1.66577
threshold=117.50000000000001 9.1764500000000009 163.25000000000003 38.158850000000008 1.0000000180025095e-35 15.658700000000001 10565.685000000003 1.8854500000000003 20.716550000000002 0.3665000000000001 76.083796719149788 82.870544436570654 1.0000000180025095e-35 13.500000000000002 6.5000000000000009 -32230.204999999998 145480.11500000002 85.498383823981541 0.57072277832797824 6.0405500000000005 19.343300000000003 11.588200000000002 98721.280000000013 19.608700000000002 18482.970000000005 1.0000000180025095e-35 33331.840000000004 19.039200000000005 9.5000000000000018 -6670.5899999999992
decision_type=2 2 2 2 2 2 2 2 2 2 2 2 2 2 2 2 2 2 2 2 2 2 2 2 2 2 2 2 2 2
left_child=1 7 23 4 5 -4 25 -1 10 -10 -7 -12 -11 14 -14 -8 17 26 -2 -20 21 -21 -23 -3 -16 -6 -17 28 -28 -29
right_child=18 2 3 -5 6 8 15 -9 9 12 11 -13 13 -15 24 16 -18 -19 19 20 -22 22 -24 -25 -26 -27 27 29 -30 -31
leaf_value=0.011140738374399529 0.0018544535860045995 -0.001294572330014448 -4.9112337373022345e-06 6.1469403078303161e-05 -0.0021615459250082687 -0.0010289094604189781 -0.00077335757774626957 -0.00026361469277390548 7.8078119868430564e-05 -0.0011480513668009084 -0.0018598375103281517 -0.00060457936692747067 -0.001271171973144133 7.2437093835750854e-05 -0.0018429723755451215 -0.0019777111727275181 -0.0019370039190502433 -0.0023029738240640265 0.014499977741135886 -0.00078417546867816249 2.0701141045126327e-05 -0.0017609726202000645 0.00019790272620403066 0.0018544535860045995 -0.0017973189983494595 -0.0017493869330337147 -0.0017794365938900707 -0.0017838779509343943 4.0874676450508579e-05 -0.00036285584031042631
leaf_weight=676 1547 9.9999999999999982 56 88 14.999999999999998 11.999999999999998 9.9999999999999982 522 25 14.999999999999998 22 13.999999999999998 10.999999999999998 23 11.000000000000002 64 12.999999999999998 29 572 121 279 53 14.999999999999998 372 9.9999999999999982 35 18 27 22 9.9999999999999982
leaf_count=676 1547 10 56 88 15 12 10 522 25 15 22 14 11 23 11 64 13 29 572 121 279 53 15 372 10 35 18 27 22 10
internal_value=0.00100809 -0.00168246 -0.00662281 -0.0146226 -0.0180769 -0.0113317 -0.0236008 0.00207846 -0.0152797 -0.0107895 -0.0241667 -0.0311111 -0.0164286 -0.0113636 -0.023125 -0.0263471 -0.0275137 -0.0261765 0.00320255 0.00163462 -0.00151709 -0.00611111 -0.0126471 0.00447644 -0.0330952 -0.013 -0.0237234 -0.0196753 -0.0125 -0.0274324
internal_weight=4697 2110 912 530 442 199 243 1198 143 95 48 36 70 55 32 193 183 170 2587 1040 468 189 68 382 21 50 141 77 40 37
internal_count=4697 2110 912 530 442 199 243 1198 143 95 48 36 70 55 32 193 183 170 2587 1040 468 189 68 382 21 50 141 77 40 37
is_linear=0
shrinkage=0.05


Tree=18
num_leaves=31
num_cat=0
split_feature=5 8 5 5 5 5 14 13 17 5 14 0 16 16 1 17 0 3 5 5 18 5 8 0 3 5 0 18 16 17
split_gain=12.7396 16.6482 8.55989 6.81843 6.27134 28.9779 3.86462 3.0797 3.00017 2.98978 2.88514 2.4142 2.17189 2.64173 2.22818 2.01667 1.98077 1.97712 1.95227 2.1805 1.9114 1.68271 1.89512 1.79234 2.59286 1.55628 1.55018 1.50136 1.90083 1.9488
threshold=20.036550000000002 3.5000000000000004 25.836550000000003 44.038950000000007 19.988200000000003 11.223400000000002 71250.075000000012 -322.83999999999992 74.465584777488957 1.8854500000000003 150897.06500000003 4.5000000000000009 9.9613026206330044 20.018923485985997 4.5000000000000009 77.763709986148882 20.500000000000004 0.14750000000000002 13.990300000000001 15.965000000000002 1.0000000180025095e-35 32.75930000000001 2.5000000000000004 16.500000000000004 0.062500000000000014 14.647100000000002 15.500000000000002 1.0000000180025095e-35 23.401403790513367 75.934237871110682
decision_type=2 2 2 2 2 2 2 2 2 2 2 2 2 2 2 2 2 2 2 2 2 2 2 2 2 2 2 2 2 2
left_child=4 2 7 6 5 9 8 11 -3 -1 12 -2 25 -14 16 -16 17 18 -15 -20 -11 22 -4 24 -24 -7 -8 28 29 -13
right_child=1 3 21 -5 -6 10 26 -9 -10 20 -12 27 13 14 15 -17 -18 -19 19 -21 -22 -23 23 -25 -26 -27 -28 -29 -30 -31
leaf_value=0.016703929111151379 -0.000117073266492056 -0.00096100489857315415 4.7418995573841763e-05 8.9187089867192421e-05 0.0017617309067043689 -0.00062484902885232571 8.1598129449516238e-05 -1.0461918142169901e-05 -0.0017859398172182428 0.0034913419743757496 -0.0018343266590512535 -5.1384862685570618e-05 -0.00075809978303703358 7.5660673722854758e-05 -0.0023944497295902796 -0.00097620696653105471 -0.0016880771310559357 -0.0023162733964017463 -0.0017730294963934593 -0.00086649425255709046 -0.0012566143939317449 0.00017012127914028084 6.9620887861105018e-06 -0.00047407511238078997 -0.00082545277680622401 -0.0018062437447788626 -0.0014609783958767408 -0.0017283145624855949 9.2487522955441532e-06 -0.0015213464363389949
leaf_weight=1169 21 13.999999999999998 70 29 1270 19 15.000000000000002 38 76 896 23 10.999999999999998 137 34 10.000000000000002 20 14.999999999999998 17 12.999999999999998 37 311 295 30 12.999999999999998 11.999999999999998 26 12.999999999999998 23 11.999999999999998 28
leaf_count=1169 21 14 70 29 1270 19 15 38 76 896 23 11 137 34 10 20 15 17 13 37 311 295 30 13 12 26 13 23 12 28
internal_value=0.00100809 -0.00521429 -0.0012387 -0.0201701 0.00209782 0.000746241 -0.0255085 -0.0122932 -0.0305556 0.00272727 -0.0126638 -0.0171053 -0.0114634 -0.00984099 -0.0145205 -0.0266667 -0.0113793 -0.00886139 -0.00571429 -0.012 0.000981773 0.0022619 -0.0026 -0.00954545 -0.00452381 -0.0216667 -0.00928571 -0.0213514 -0.0165686 -0.0219231
internal_weight=4697 700 553 147 3997 2727 118 133 90 2376 351 95 328 283 146 30 116 101 84 50 1207 420 125 55 42 45 28 74 51 39
internal_count=4697 700 553 147 3997 2727 118 133 90 2376 351 95 328 283 146 30 116 101 84 50 1207 420 125 55 42 45 28 74 51 39
is_linear=0
shrinkage=0.05


Tree=19
num_leaves=31
num_cat=0
split_feature=4 4 4 11 6 2 4 11 6 11 11 4 17 17 11 17 15 10 17 13 6 16 6 13 8 6 10 9 17 8
split_gain=14.6297 54.1615 37.3502 17.4981 5.39148 3.94922 3.44774 3.98602 2.89892 2.83602 2.83165 2.65038 2.07081 2.41874 2.02176 2.56061 1.75152 1.72657 2.1558 1.87997 1.20126 2.30163 1.72841 2.14221 2.36448 1.18235 1.05788 1.44048 1.01958 0.977517
threshold=0.091500000000000012 0.22450000000000003 0.16450000000000004 130.50000000000003 0.59101410862204518 2.5000000000000004 1.7285000000000001 16.000000000000004 0.54919534721113616 893.50000000000011 13.500000000000002 0.15350000000000003 74.5253727520833 85.036403206974555 14.500000000000002 85.252946259673806 1.0000000180025095e-35 558.41500000000008 81.999985285330695 -3882.1899999999996 0.89458994104077016 14.103523838608035 0.77309914036148131 -3498.1649999999995 3.5000000000000004 0.86381464487138782 411.25000000000006 0.77500000000000013 72.207311419098531 3.5000000000000004
decision_type=2 2 2 2 2 2 2 2 2 2 2 2 2 2 2 2 2 2 2 2 2 2 2 2 2 2 2 2 2 2
left_child=-1 2 4 5 9 10 7 14 -5 12 -4 -6 -2 -14 20 16 -16 -10 19 -19 21 -3 -23 24 -24 28 -13 -28 -9 -27
right_child=1 6 3 8 11 -7 -8 25 17 -11 -12 26 13 -15 15 -17 -18 18 -20 -21 -22 22 23 -25 -26 29 27 -29 -30 -31
leaf_value=0.0016736443613691505 -0.00038493489434722478 0.0024326815076743317 -0.0017754609651338797 0.0046699604725835312 2.0386471368869983e-05 -0.0019209622066472115 0.013284490329879077 -0.00078625864216656663 0.008873140894422692 -0.00055656700275001983 0.0038851363898208448 -0.00037776536169480005 -6.5467470768014461e-06 -0.00050868098836035543 -0.0038880127488949805 0.00042608801412781055 -0.00054633087198690861 -0.00041182312873686054 -0.0021424819393745533 -0.0020692083801063413 -0.00018760324719228937 0.0011945264305022085 -0.0057959888751400283 -0.00082251253168364987 -0.00026838007918560027 0.0017086754929331234 -2.9481079981796984e-05 -0.00033529448155902451 0.0075806283798593235 -0.0019233930524297173
leaf_weight=1621 15.999999999999998 28 16.000000000000004 37 239 154 1101 12.999999999999998 10.999999999999998 15.999999999999998 10.999999999999998 9.9999999999999982 64 18 10 10.999999999999998 12 14.999999999999998 13.999999999999998 14.000000000000002 352 20 16.000000000000004 17 10.999999999999998 31 28 13.999999999999998 753 24
leaf_count=1621 16 28 16 37 239 154 1101 13 11 16 11 10 64 18 10 11 12 15 14 14 352 20 16 17 11 31 28 14 753 24
internal_value=0.00112519 -0.00090052 -0.01339 -0.0277206 -0.00376543 -0.0367127 0.00262401 0.000878274 -0.00983516 -0.0129825 -0.0190741 -0.000154639 -0.00979592 -0.00658537 -0.00275681 -0.014697 -0.0245455 -0.0172222 -0.0217442 -0.0139655 -0.00186937 -0.00695652 -0.0121875 -0.0177273 -0.0264815 0.00299026 -0.0103846 -0.00690476 0.00349869 -0.00409091
internal_weight=4697 3076 677 272 405 181 2399 1298 91 114 27 291 98 82 477 33 22 54 43 29 444 92 64 44 27 821 52 42 766 55
internal_count=4697 3076 677 272 405 181 2399 1298 91 114 27 291 98 82 477 33 22 54 43 29 444 92 64 44 27 821 52 42 766 55
is_linear=0
shrinkage=0.05


Tree=20
num_leaves=31
num_cat=0
split_feature=4 4 4 11 5 5 5 5 13 14 11 11 6 4 4 16 11 5 5 2 11 5 6 11 16 5 5 6 3 6
split_gain=14.4072 53.7293 37.2295 18.6508 5.50349 4.74901 3.65546 3.0454 4.85192 2.9255 2.80935 2.61267 1.90658 2.68007 1.84443 1.56277 1.52552 1.46123 1.71753 1.2572 1.26287 1.14095 1.15061 1.92364 1.30911 1.30428 1.04167 0.946995 0.864373 0.837473
threshold=0.087500000000000008 0.21750000000000003 0.16450000000000004 123.00000000000001 12.026950000000001 13.681000000000003 1.8854500000000003 15.018650000000003 -8801.4949999999972 185330.66000000003 12.500000000000002 16.000000000000004 0.58382426788999287 0.091500000000000012 0.15650000000000003 22.709933633127608 12.500000000000002 20.395050000000001 29.838150000000002 5.5000000000000009 14.500000000000002 6.4600000000000009 0.62956987220585414 856.50000000000011 14.429080720646976 10.187650000000001 17.895100000000003 0.57744465616611473 0.12850000000000003 0.99217473619663388
decision_type=2 2 2 2 2 2 2 2 2 2 2 2 2 2 2 2 2 2 2 2 2 2 2 2 2 2 2 2 2 2
left_child=-1 2 5 4 10 15 -3 27 -9 12 -4 19 17 -14 -15 -2 -16 28 -19 20 -8 -13 -23 24 25 -24 -10 -5 -7 -22
right_child=1 6 3 7 -6 9 11 8 26 -11 -12 21 13 14 16 -17 -18 18 -20 -21 29 22 23 -25 -26 -27 -28 -29 -30 -31
leaf_value=0.0015899621433006926 -0.00072287662701493954 0.01566448010821915 -0.002140247710382077 0.010820158853103494 -0.0019077469864219603 8.6170293868590456e-05 -0.00071549370152832262 0.0020451370028309029 -0.0023181486057481221 -0.00013444404232123693 0.00029998604908579589 0.008034163486659392 -8.1070262558264404e-05 2.956328889006239e-05 -3.7355184908170628e-06 -0.0011302226314013279 -0.00037513092678426212 -0.00011985597925054637 -5.4871033693897675e-06 0.00035636339536367447 -0.0031238468029080595 0.0025347383691544136 -0.001347445571537844 -0.0040349499688486752 0.0016996733805332955 0.0012794727145628234 -0.0015145931161477538 -0.0032347563941968228 -0.00038260297564877944 -0.0024889354258813045
leaf_weight=1587 21 1135 11.000000000000002 31 139 33 408 14.999999999999998 12.000000000000002 12.999999999999998 13.999999999999998 560 9.9999999999999982 233 17.000000000000004 11.999999999999998 11.999999999999998 22 13.999999999999998 68 10.000000000000002 95 19 9.9999999999999982 67 13.999999999999998 11.999999999999998 19 13.999999999999998 17
leaf_count=1587 21 1135 11 31 139 33 408 15 12 13 14 560 10 233 17 12 12 22 14 68 10 95 19 10 67 14 12 19 14 17
internal_value=0.0011348 -0.00087177 -0.013578 -0.0285968 -0.0385976 -0.00410224 0.00258635 -0.0101685 -0.020641 -0.00247283 -0.017 0.000741325 -0.00161972 0.000404412 0.00137405 -0.0222727 -0.0105172 -0.00825301 -0.0158333 -0.00205765 -0.00304598 0.0025817 -0.000609756 -0.00409091 -0.002 -0.0101515 -0.0345833 -0.002 -0.00244681 -0.0135185
internal_weight=4644 3057 654 253 164 401 2403 89 39 368 25 1268 355 272 262 33 29 83 36 503 435 765 205 110 100 33 24 50 47 27
internal_count=4644 3057 654 253 164 401 2403 89 39 368 25 1268 355 272 262 33 29 83 36 503 435 765 205 110 100 33 24 50 47 27
is_linear=0
shrinkage=0.05


Tree=21
num_leaves=31
num_cat=0
split_feature=4 4 4 5 10 5 18 5 6 17 6 6 5 5 4 4 12 6 18 5 10 5 14 17 13 17 4 13 14 5
split_gain=13.9296 51.9874 36.7874 17.4573 4.28931 4.1275 3.4926 3.35792 2.18766 2.1748 2.1339 2.07432 1.79625 1.87546 1.69245 1.72033 1.5 1.30937 1.28382 1.19048 1.04115 1.1679 1.11948 1.44231 1.29808 1.71118 1.0385 1.16702 1.02836 0.996584
threshold=0.087500000000000008 0.21750000000000003 0.16450000000000004 13.990300000000001 1072.7500000000002 14.382550000000002 1.0000000180025095e-35 1.8854500000000003 0.6065769306779335 72.331359244633816 0.58382426788999287 0.53626198271711323 20.395050000000001 29.838150000000002 0.091500000000000012 0.15650000000000003 33816.665000000008 0.57744465616611473 1.0000000180025095e-35 10.601500000000003 488.41500000000002 2.0617000000000005 11344.450000000003 79.723549674783555 -379.18999999999994 86.819042647544151 0.34650000000000003 -2258.4699999999998 40243.105000000003 12.975200000000001
decision_type=2 2 2 2 2 2 2 2 2 2 2 2 2 2 2 2 2 2 2 2 2 2 2 2 2 2 2 2 2 2
left_child=-1 2 5 6 11 -2 17 -3 -9 -10 12 -5 -7 16 -12 -16 -14 -4 -17 -19 21 -11 23 -22 25 -25 27 28 -24 -23
right_child=1 7 3 4 -6 10 -8 8 9 20 14 -13 13 -15 15 18 -18 19 -20 -21 22 29 26 24 -26 -27 -28 -29 -30 -31
leaf_value=0.0015104640361356574 -0.00071695742745795342 0.014881256102808195 0.0066882009291376185 -0.0011330265923933426 -0.00061750166064339406 -2.5248108068682885e-05 -0.0021503799746320678 0.0079989566406241091 -0.0010990104012678543 -0.0033499695545090944 -7.7016749430350943e-05 -0.0018148467862567866 -6.1472886468456349e-05 -5.2127482009200256e-06 2.9579734696491557e-05 -0.00034705107380889001 -0.00017934302194238036 0.00084742139935187243 1.971926599784673e-05 -0.0029697577490165718 0.0075007920906685751 -0.0002878242508512277 -0.0033575812482836104 -0.0012606705903597374 0.008166309478399917 0.0040257723085053111 0.001615724088819598 0.0031626479366774485 -5.4969532885141248e-05 -0.0019677151328084323
leaf_weight=1587 49 1135 34 10.999999999999998 9.9999999999999982 43 13.999999999999998 359 13.999999999999998 21 9.9999999999999982 156 15.000000000000002 13.999999999999998 231 15.999999999999998 9.9999999999999982 12.000000000000002 13.000000000000002 15.999999999999998 26 239 24 27 11.999999999999998 12.999999999999998 479 23 19 11.999999999999998
leaf_count=1587 49 1135 34 11 10 43 14 359 14 21 10 156 15 14 231 16 10 12 13 16 26 239 24 27 12 13 479 23 19 12
internal_value=0.0011994 -0.000773634 -0.0132722 -0.0282016 -0.0368079 -0.00385287 -0.00815789 0.00262797 0.000859622 -0.000445544 -0.00196023 -0.0387126 -0.00902439 -0.0167949 0.000185185 0.000961539 -0.025 -0.00306452 -0.0105172 -0.0110714 -0.000139665 -0.00272059 0.000987159 -0.00461538 -0.00942308 -0.01375 0.00178899 -0.00409091 -0.00895349 -0.00177291
internal_weight=4644 3057 654 253 177 401 76 2403 1268 909 352 167 82 39 270 260 25 62 29 28 895 272 623 78 52 40 545 66 43 251
internal_count=4644 3057 654 253 177 401 76 2403 1268 909 352 167 82 39 270 260 25 62 29 28 895 272 623 78 52 40 545 66 43 251
is_linear=0
shrinkage=0.05


Tree=22
num_leaves=31
num_cat=0
split_feature=4 4 4 5 11 11 6 5 4 11 16 6 4 11 5 16 11 6 6 13 17 17 11 10 3 6 11 6 14 17
split_gain=13.5754 45.6503 35.4136 16.5498 5.31144 4.22802 3.99755 3.83322 3.32561 3.29891 2.48966 1.77464 1.50885 1.52552 1.39747 1.38369 2.28913 1.39307 2.53987 2.72907 1.39286 1.35417 1.45391 1.22252 1.04167 0.979575 1.70743 1.08228 0.96809 0.805294
threshold=0.082500000000000018 0.21750000000000003 0.16450000000000004 13.990300000000001 774.50000000000011 12.500000000000002 0.56410338867762588 14.382550000000002 2.1945000000000001 16.000000000000004 22.709933633127608 0.57744465616611473 0.15650000000000003 12.500000000000002 6.0405500000000005 10.062635602121558 6.5000000000000009 0.88157700852377452 0.77309914036148131 -10322.664999999999 82.383432754745414 86.431058449179559 671.00000000000011 246.41500000000005 0.029500000000000002 0.62956987220585414 856.50000000000011 0.66097378866497702 150897.06500000003 79.723549674783555
decision_type=2 2 2 2 2 2 2 2 2 2 2 2 2 2 2 2 2 2 2 2 2 2 2 2 2 2 2 2 2 2
left_child=-1 2 7 5 6 -4 -5 10 9 15 29 21 23 -14 -11 16 -3 18 -17 24 -18 22 -9 -13 -20 -16 27 -27 -8 -2
right_child=1 8 3 4 -6 -7 28 11 -10 14 -12 12 13 -15 25 17 20 -19 19 -21 -22 -23 -24 -25 -26 26 -28 -29 -30 -31
leaf_value=0.001434940834328874 -0.00065088492718417667 0.00051176322866034157 -0.0018615764976490459 -0.00099797859503765311 0.0033300475010876935 -0.0016918513265534838 -0.0017913051324349831 3.7842607007850374e-06 0.015171723436235346 0.0086640144242103589 -0.0008282142754756968 -7.9374955681549267e-05 2.8007004927414548e-06 -0.00033902182675460451 0.0020080536206876524 0.0022698129218273019 -0.0012821965429577126 4.9280267595724939e-05 -0.0037876288097516719 -0.00082845760619970838 -0.0023025913554268222 -0.0001527301814961222 -7.4746636198701704e-05 2.5054865383354251e-05 -0.0047440582841381312 -0.0010556070454546178 -0.0036132456354379342 0.0004708117569790031 -0.0015242954979670428 -6.0161519905435518e-05
leaf_weight=1572 11.000000000000002 20 12.999999999999998 15.999999999999998 9.9999999999999982 63 141 43 908 686 20 13.999999999999998 17.000000000000004 11.999999999999998 105 43 14.000000000000002 434 12.000000000000002 33 11.999999999999998 14.999999999999998 22 244 11.999999999999998 11.999999999999998 10.999999999999998 101 9.9999999999999982 18
leaf_count=1572 11 20 13 16 10 63 141 43 908 686 20 14 17 12 105 43 14 434 12 33 12 15 22 244 12 12 11 101 10 18
internal_value=0.00122093 -0.00071289 -0.0122646 -0.0270158 -0.0353955 -0.0075 -0.037515 -0.00329327 0.00250312 0.00105351 -0.0164286 -0.00153951 0.000296167 -0.0105172 0.0029235 -0.00189655 -0.0102174 -0.00117978 -0.0065 -0.0134211 -0.02 -0.008125 -0.005 0.00151163 -0.02625 -0.000458515 -0.00346774 -0.00163717 -0.0400331 -0.00706897
internal_weight=4644 3072 669 253 177 76 167 416 2403 1495 49 367 287 29 915 580 46 534 100 57 26 80 65 258 24 229 124 113 151 29
internal_count=4644 3072 669 253 177 76 167 416 2403 1495 49 367 287 29 915 580 46 534 100 57 26 80 65 258 24 229 124 113 151 29
is_linear=0
shrinkage=0.05


Tree=23
num_leaves=31
num_cat=0
split_feature=4 4 4 5 10 4 6 4 18 6 16 1 1 18 6 14 6 14 0 6 10 5 12 12 10 0 0 14 9 5
split_gain=12.3958 40.551 34.6494 16.7392 4.54043 3.64828 3.09032 2.95583 2.50016 2.32465 2.29797 1.75511 1.68157 1.68105 1.8439 1.53846 1.4718 1.4461 1.42969 1.25976 1.52552 1.19048 1.12029 1.10455 1.07726 0.984379 3.25142 0.974252 1.95465 0.946414
threshold=0.079500000000000015 0.21750000000000003 0.17150000000000001 13.990300000000001 955.66500000000008 0.14950000000000002 0.57072277832797824 2.3510000000000004 1.0000000180025095e-35 0.86381464487138782 9.5656601628159912 3.5000000000000004 1.5000000000000002 1.0000000180025095e-35 0.82733038545984983 35225.19000000001 0.57744465616611473 31972.280000000002 1.5000000000000002 0.88157700852377452 438.83500000000009 10.601500000000003 90468.860000000015 27641.950000000004 1034.9600000000003 4.5000000000000009 12.500000000000002 9446.635000000002 0.3665000000000001 25.836550000000003
decision_type=2 2 2 2 2 2 2 2 2 2 2 2 2 2 2 2 2 2 2 2 2 2 2 2 2 2 2 2 2 2
left_child=-1 2 5 8 18 6 24 9 16 -3 11 23 -7 14 17 -15 -4 -14 -5 20 -12 -18 -20 -11 25 -2 -27 28 -21 -8
right_child=1 7 3 4 -6 12 29 -9 -10 10 19 -13 13 15 -16 -17 21 -19 22 27 -22 -23 -24 -25 -26 26 -28 -29 -30 -31
leaf_value=0.0013631937926124301 0.00019267463203548441 0.0037942032806718528 0.0090033478633367216 -0.0013920260060477118 -0.0010101853073038959 -1.0635307677033711e-05 -2.7435460537269972e-05 0.015264795637072053 -0.0020175488683090658 -0.0014688830163484636 -0.0034473867180571981 0.0017774060481291279 -0.0015989018151507874 2.0072689409439106e-05 -0.00057614544291760929 -0.00014564636302705092 0.00088964289571195248 -0.00070799931776191363 -0.0017377498838003918 -0.0022592583628731158 -0.001049756299423156 -0.0027366772952380687 -0.0013981201762402315 -0.0020095090309274247 -0.00025859761322666747 -0.00013790939422440179 -7.7622036512927793e-06 0.00012406939728762644 3.4478239337953217e-06 2.6205441751217682e-05
leaf_weight=1556 15.999999999999998 968 29 10.999999999999998 11.999999999999998 31 111 857 9.9999999999999982 12.000000000000002 12.000000000000002 17 15.999999999999998 16.000000000000004 14.999999999999998 9.9999999999999982 12.000000000000002 25 117 11.999999999999998 17 15.999999999999998 9.9999999999999982 9.9999999999999982 21 17 40 469 29 150
leaf_count=1556 16 968 29 11 12 31 111 857 10 12 12 17 16 16 15 10 12 25 117 12 17 16 10 10 21 17 40 469 29 150
internal_value=0.0013609 -0.000472798 -0.0112044 -0.0277189 -0.037 -0.00354701 -0.00105634 0.00258635 -0.0069403 0.00128072 -0.00122837 -0.0129487 -0.0113717 -0.015122 -0.02 -0.00461538 -0.00289474 -0.0145122 -0.0395652 -0.000380334 -0.0105172 -0.0110714 -0.041063 -0.0222727 -0.00882979 -0.0059589 -0.00903509 0.000196079 -0.00719512 0.0017433
internal_weight=4644 3088 685 217 150 468 355 2403 67 1546 578 39 113 82 56 26 57 41 138 539 29 28 127 22 94 73 57 510 41 261
internal_count=4644 3088 685 217 150 468 355 2403 67 1546 578 39 113 82 56 26 57 41 138 539 29 28 127 22 94 73 57 510 41 261
is_linear=0
shrinkage=0.05


Tree=24
num_leaves=31
num_cat=0
split_feature=4 4 4 11 2 5 6 5 11 11 11 4 11 11 12 5 17 5 5 5 16 17 11 2 17 16 16 1 12 10
split_gain=12.2495 36.4898 37.1431 19.2857 5.40662 3.03349 2.92432 2.90497 2.59542 3.16496 2.35987 2.00133 4.90679 1.98678 1.49272 1.39163 1.32537 1.30196 1.35561 1.64278 0.889418 0.888893 1.77788 0.847014 0.815634 0.804762 0.772174 1.82073 1.45628 0.693598
threshold=0.079500000000000015 0.21750000000000003 0.17150000000000001 123.00000000000001 2.5000000000000004 1.8854500000000003 0.57744465616611473 13.681000000000003 774.50000000000011 514.00000000000011 13.500000000000002 0.16150000000000003 89.500000000000014 16.000000000000004 151596.51500000004 15.260950000000003 72.207311419098531 25.836550000000003 21.808000000000003 22.098600000000001 22.709933633127608 74.442824082973615 212.50000000000003 5.5000000000000009 87.546192201192099 16.113048660342276 10.062635602121558 3.5000000000000004 17152.785000000003 720.50000000000011
decision_type=2 2 2 2 2 2 2 2 2 2 2 2 2 2 2 2 2 2 2 2 2 2 2 2 2 2 2 2 2 2
left_child=-1 2 7 4 10 -3 -5 20 9 15 -4 14 -13 23 17 -8 -15 18 21 -20 -2 22 -9 26 -18 -21 27 28 -7 -28
right_child=1 5 3 6 -6 13 8 11 -10 -11 -12 12 -14 16 -16 -17 24 -19 19 25 -22 -23 -24 -25 -26 -27 29 -29 -30 -31
leaf_value=0.0012950341029818084 -0.00075160746844596708 0.012858128957214885 -0.0017584192413242555 0.0057665161546376518 -0.0016423764160540392 -0.0013954388639258895 0.00054868029596797513 8.5667678912855342e-05 0.0036422160283680577 -0.0026895615278148322 -0.00010503241057187863 7.4698905372776135e-06 -0.00072022073067958491 -0.00049929557381410698 -0.00013139676274941873 -0.0012337070239768046 0.0039760033278417083 1.9880354552182443e-05 -0.0001041656625156539 -0.00024541411363709795 -0.00090344155412089766 3.0201438283618126e-05 -0.00030699893717658672 0.00024909153791034241 -0.0022262476802866523 -1.7811168382714465e-05 -0.00021115051826799551 0.0030709351499147147 -0.00031198631882224247 -0.0032689467744191668
leaf_weight=1556 27 1135 10.000000000000002 33 116 11.000000000000002 11.000000000000002 16.000000000000004 10.999999999999998 10.999999999999998 12.999999999999998 24 12.999999999999998 13.999999999999998 13.999999999999998 11.999999999999998 737 188 10.999999999999998 11.999999999999998 14.999999999999998 110 9.9999999999999982 68 13.999999999999998 28 342 12.999999999999998 9.9999999999999982 59
leaf_count=1556 27 1135 10 33 116 11 11 16 11 11 13 24 13 14 14 12 737 188 11 12 15 110 10 68 14 28 342 13 10 59
internal_value=0.00138243 -0.000440414 -0.0106204 -0.0277189 -0.0388849 0.00246151 -0.00782051 -0.00269231 -0.0161111 -0.0229412 -0.0167391 -0.0014554 -0.0125676 0.000780757 -0.000398457 -0.0123913 0.00238562 0.0002 -0.00275401 -0.00970588 -0.0152381 -0.000147059 -0.00846154 -0.00166004 0.00266977 -0.005 -0.00247126 -0.00970588 -0.0188095 -0.00185786
internal_weight=4644 3088 685 217 139 2403 78 468 45 34 23 426 37 1268 389 23 765 375 187 51 42 136 26 503 751 40 435 34 21 401
internal_count=4644 3088 685 217 139 2403 78 468 45 34 23 426 37 1268 389 23 765 375 187 51 42 136 26 503 751 40 435 34 21 401
is_linear=0
shrinkage=0.05


Tree=25
num_leaves=31
num_cat=0
split_feature=4 5 4 5 4 11 1 11 14 4 4 11 14 14 11 14 16 4 6 0 12 12 11 10 10 16 10 4 0 4
split_gain=13.1965 33.3945 19.1874 30.8828 5.33806 4.66667 2.84393 2.51494 2.91978 2.65091 2.47245 2.92706 2.43839 3.92007 2.40385 1.29256 1.27608 1.27087 1.19988 1.33817 1.16574 1.13983 1.0307 1.03647 1.38787 1.03138 1.23512 1.48179 1.53133 2.30455
threshold=0.082500000000000018 8.9396500000000021 0.17150000000000001 14.382550000000002 0.21750000000000003 166.50000000000003 4.5000000000000009 309.50000000000006 23137.610000000004 0.12950000000000003 2.7195000000000005 16.000000000000004 22025.810000000001 31110.415000000005 13.500000000000002 53518.750000000007 22.6737425601994 0.19250000000000003 0.37248913138245493 21.500000000000004 145480.11500000002 62496.455000000009 12.500000000000002 720.50000000000011 768.4100000000002 26.678607172480483 375.12500000000006 1.6385000000000003 11.500000000000002 1.0755000000000001
decision_type=2 2 2 2 2 2 2 2 2 2 2 2 2 2 2 2 2 2 2 2 2 2 2 2 2 2 2 2 2 2
left_child=-1 10 7 12 5 21 -7 18 9 -9 11 22 -4 14 -14 -6 17 -15 -3 20 -20 -5 23 -2 -25 26 -24 28 -28 -30
right_child=1 2 3 4 15 6 -8 8 -10 -11 -12 -13 13 16 -16 -17 -18 -19 19 -21 -22 -23 25 24 -26 -27 27 -29 29 -31
leaf_value=0.0012302823978327174 0.00040410506101148783 -0.00095589448795710484 0.0015347030712649446 -0.0015635626952948799 -0.0017721872312588122 -0.0016430649374232769 0.00023752906968345334 1.0799433813307633e-05 -7.8467595461408567e-05 -0.00032683359006393348 0.017839619339329989 0.0060644787171008413 -0.0026167563987720154 -0.0019193186402204647 -0.0020904530949661438 9.0119589028002638e-05 0.012788746584771402 -0.0010169703640073233 1.1784471721454359e-05 -0.0001293267397133238 -0.00016241252188047147 -0.0012363908977287784 0.0038727028049099521 -0.0040695435753390205 -0.00026056740946043936 -0.0045301690227055151 -0.00019986216619492198 0.004003077883475749 -0.0009186860192944463 -0.0039432225106159789
leaf_weight=1591 413 17 74 102 13.000000000000002 19 13.999999999999998 10.999999999999998 101 25 754 917 10.000000000000002 15.999999999999998 15.999999999999998 11.999999999999998 28 74 285 17 9.9999999999999982 19 31 17 39 19 19 35 12.000000000000002 9.9999999999999982
leaf_count=1591 413 17 74 102 13 19 14 11 101 25 754 917 10 16 16 12 28 74 285 17 10 19 31 17 39 19 19 35 12 10
internal_value=0.00129237 -0.000592841 -0.00896292 -0.0170403 -0.0324302 -0.0359091 -0.0192424 -0.00208154 -0.00777372 -0.02 0.00259488 0.00142857 -0.00440367 -0.00819444 -0.0257692 -0.011 -0.00432203 -0.00722222 0.000288754 0.00099359 0.00177966 -0.0404545 -0.00130252 -0.00022388 -0.00660714 -0.00531746 -0.00341121 -0.0068421 -0.0132927 -0.0222727
internal_weight=4720 3129 863 397 179 154 33 466 137 36 2266 1512 218 144 26 25 118 90 329 312 295 121 595 469 56 126 107 76 41 22
internal_count=4720 3129 863 397 179 154 33 466 137 36 2266 1512 218 144 26 25 118 90 329 312 295 121 595 469 56 126 107 76 41 22
is_linear=0
shrinkage=0.05


Tree=26
num_leaves=31
num_cat=0
split_feature=4 5 4 5 4 11 13 14 14 11 4 4 11 11 4 13 14 0 6 4 4 11 14 6 10 16 10 5 0 16
split_gain=12.3095 30.1304 18.949 27.8815 5.64287 3.96773 4.4329 2.43839 3.92007 2.40385 2.23863 2.19999 2.71265 2.0457 2.26678 2.32737 1.85175 1.38416 1.10261 3.55714 1.08464 1.19225 2.29368 1.25 0.905388 1.11274 0.843778 0.818684 0.773262 1.93143
threshold=0.082500000000000018 8.9396500000000021 0.17150000000000001 14.382550000000002 0.21750000000000003 166.50000000000003 -14030.539999999999 22025.810000000001 31110.415000000005 13.500000000000002 0.17950000000000002 2.7195000000000005 16.000000000000004 309.50000000000006 0.13450000000000004 -5116.7549999999992 23555.920000000002 16.500000000000004 0.51536279173788291 0.19950000000000004 0.14950000000000002 11.500000000000002 30906.455000000005 0.8663558054866739 873.20000000000016 17.170131749632141 857.87500000000011 5.5329500000000005 19.500000000000004 13.868502371753136
decision_type=2 2 2 2 2 2 2 2 2 2 2 2 2 2 2 2 2 2 2 2 2 2 2 2 2 2 2 2 2 2
left_child=-1 11 13 7 5 10 -7 -4 9 -9 -5 12 -2 20 24 -16 -17 -6 -10 -20 -3 -22 -23 -24 25 -15 -21 -14 -29 -30
right_child=1 2 3 4 17 6 -8 8 18 -11 -12 -13 27 14 15 16 -18 -19 19 26 21 22 23 -25 -26 -27 -28 28 29 -31
leaf_value=0.001168768277941082 -0.00045144792318075819 1.3278890051935446e-05 0.0014579679177016977 -7.4601609288186296e-05 -0.0017868633544191764 0.0028373652029704032 -0.001423722196562231 -0.0024859185788334149 0.0093868061614314161 -0.0019859304402178369 -0.0014812531856296133 0.016947638372363488 0.0080300706951787256 -9.2105237035823071e-05 5.1792351830764278e-05 -0.00043745515617283959 -0.00084081892535182784 0.0001689274983181357 -0.0022976249468772757 -0.00017321582968325382 1.0458869792527452e-05 1.0635257922403386e-05 -0.00094513307205811156 -0.00046484090365495165 7.9811558530653814e-06 8.6303247224597118e-06 -0.0010916047095189342 0.0012122661215304964 -0.0041763953925008828 0.0020304043603220539
leaf_weight=1591 595 242 74 13.999999999999998 11.000000000000002 11.999999999999998 21 10.000000000000002 25 15.999999999999998 107 754 726 15.999999999999998 15.999999999999998 17 24 13.999999999999998 9.9999999999999982 67 44 23 10.000000000000002 9.9999999999999982 42 22 15.999999999999998 156 9.9999999999999982 25
leaf_count=1591 595 242 74 14 11 12 21 10 25 16 107 754 726 16 16 17 24 14 10 67 44 23 10 10 42 22 16 156 10 25
internal_value=0.00138771 -0.000433046 -0.00838355 -0.0164106 -0.0310335 -0.0346104 -0.0192424 -0.00440367 -0.00819444 -0.0257692 -0.0388017 0.00259488 0.00149471 -0.00154506 -0.00667883 -0.0142982 -0.0206098 -0.009 -0.00432203 -0.00682796 0.000592705 -0.0041954 -0.0101163 -0.0225 -0.00125 -0.0068421 -0.00343373 0.00320065 0.000287958 -0.00642857
internal_weight=4720 3129 863 397 179 154 33 218 144 26 121 2266 1512 466 137 57 41 25 118 93 329 87 43 20 80 38 83 917 191 35
internal_count=4720 3129 863 397 179 154 33 218 144 26 121 2266 1512 466 137 57 41 25 118 93 329 87 43 20 80 38 83 917 191 35
is_linear=0
shrinkage=0.05


Tree=27
num_leaves=31
num_cat=0
split_feature=4 4 4 6 11 4 11 6 4 11 13 3 4 7 3 16 11 14 6 17 6 0 4 4 11 3 16 17 4 0
split_gain=12.3522 27.6907 33.0599 13.3108 4.21494 2.93113 3.13733 2.75704 2.26268 2.06152 2.9037 2.17865 1.9185 1.53835 1.63899 1.48635 1.44048 1.85744 1.33779 1.25837 1.17166 1.10208 1.08536 1.18878 1.04584 1.42602 0.980186 0.952684 0.890646 0.807803
threshold=0.076500000000000012 0.22450000000000003 0.17350000000000002 0.774497172138635 14.500000000000002 2.5390000000000001 16.000000000000004 0.54919534721113616 0.14950000000000002 201.50000000000003 -4920.2499999999991 0.10050000000000002 0.21150000000000002 2.5000000000000004 0.0055000000000000005 9.5656601628159912 106.50000000000001 97443.22500000002 0.98431925612681404 72.207311419098531 0.53161112827105861 12.500000000000002 0.082500000000000018 0.13450000000000004 6.5000000000000009 0.065500000000000017 17.424092913661244 87.546192201192099 0.8005000000000001 21.500000000000004
decision_type=2 2 2 2 2 2 2 2 2 2 2 2 2 2 2 2 2 2 2 2 2 2 2 2 2 2 2 2 2 2
left_child=-1 2 8 4 -4 6 15 -6 20 13 -11 -12 24 -10 -15 18 -9 21 -3 -8 22 -18 -2 -24 -5 -26 -27 -21 -20 -22
right_child=1 5 3 12 7 -7 19 16 9 10 11 -13 -14 14 -16 -17 17 -19 28 27 29 -23 23 -25 25 26 -28 -29 -30 -31
leaf_value=0.0011103298640440281 -2.7856655299251398e-05 0.00088437969136246285 -0.0016745253777803615 -0.0011298676189570715 0.0097308895092798747 0.014551743799202196 -0.0026176964414816699 0.00019821005037252306 1.0103495026283355e-05 4.8053518449192413e-05 -0.00056816648189460066 -0.0015321091107503362 -0.0016820403473929203 1.0103495098881463e-05 -0.00021673055410553635 -0.00039900799885911418 -0.0014753714507808992 0.00036617720107198033 -0.0012121312260079203 0.0043212163619409634 1.0531303632785316e-05 -0.0023262926526014713 2.6833210949433553e-06 -0.0004422565890794144 -0.0011725529209669202 -0.0010243228039545232 -0.00091282311945581601 -0.0024509860389213163 -0.0017175495271638322 -5.8793275143980961e-05
leaf_weight=1564 12.999999999999998 12.999999999999998 18 44 35 800 14.999999999999998 11.999999999999998 64 18 10.000000000000002 17 9.9999999999999982 11.000000000000002 12.999999999999998 604 20 9.9999999999999982 12.000000000000002 946 262 11.999999999999998 61 19 44 13.000000000000002 10.999999999999998 19 10.999999999999998 19
leaf_count=1564 13 13 18 44 35 800 15 12 64 18 10 17 10 11 13 604 20 10 12 946 262 12 61 19 44 13 11 19 11 19
internal_value=0.00136653 -0.000434094 -0.00892663 -0.0246943 -0.0118224 0.00214876 0.000925926 -0.00735955 -0.00180473 -0.00740601 -0.0161111 -0.0264815 -0.0359836 -0.00295455 -0.01375 -0.00179687 -0.0144444 -0.0188095 -0.0116667 0.00270408 0.000187166 -0.0246875 -0.00467742 -0.0025 -0.0378571 -0.0339706 -0.0241667 0.00292746 -0.018913 0.00179715
internal_weight=4720 3156 736 229 107 2420 1620 89 507 133 45 27 122 88 24 640 54 42 36 980 374 32 93 80 112 68 24 965 23 281
internal_count=4720 3156 736 229 107 2420 1620 89 507 133 45 27 122 88 24 640 54 42 36 980 374 32 93 80 112 68 24 965 23 281
is_linear=0
shrinkage=0.05


Tree=28
num_leaves=31
num_cat=0
split_feature=2 5 5 2 5 2 5 5 3 5 6 17 14 3 17 5 14 5 6 5 13 16 17 9 9 5 13 6 10 0
split_gain=9.52759 18.8053 7.86808 9.68665 9.08217 4.13109 10.8458 3.44854 2.88465 4.55275 2.64456 2.34796 2.17179 2.04277 2.02409 1.65304 1.38462 1.33368 1.23973 1.33511 1.20191 1.18006 1.3087 1.16986 1.08225 1.05882 1.05847 0.961538 0.864205 0.843063
threshold=2.5000000000000004 8.0510000000000019 27.084700000000002 5.5000000000000009 14.382550000000002 3.5000000000000004 16.342850000000002 40.10840000000001 0.07350000000000001 10.187650000000001 0.9856387455558393 76.233792740844208 47646.030000000006 0.18750000000000003 72.631736757242365 1.2797500000000002 88939.220000000016 22.601750000000003 0.97765846248098687 1.3570000000000002 -12078.699999999999 11.528603759013992 82.428223568182091 0.7320000000000001 0.58550000000000002 33.640100000000011 -2437.5999999999995 0.81115194921972866 710.41500000000008 13.500000000000002
decision_type=2 2 2 2 2 2 2 2 2 2 2 2 2 2 2 2 2 2 2 2 2 2 2 2 2 2 2 2 2 2
left_child=8 15 4 -4 14 6 28 25 -1 -10 11 -7 -12 -11 -3 -2 -14 24 -17 -20 -8 -22 -23 -21 -13 -5 -25 -19 -6 -16
right_child=1 2 3 7 5 10 20 -9 9 13 12 17 16 -15 29 18 -18 27 19 23 21 22 -24 26 -26 -27 -28 -29 -30 -31
leaf_value=0.001054813370841827 0.018848251809950402 -0.0039416149510135522 1.0004738451145635e-05 -0.0015442814803928737 -0.00095692240173582432 -0.00040878064368120618 4.0197480868176666e-05 -7.4965926632217204e-05 0.0058799832243604565 -8.6155121239765031e-05 -0.0013571002999830974 -0.00087855710409498597 -0.00073909559807450664 -0.0031972435610995425 0.00014890080785232159 0.0019335619226427065 -0.0010913658030076436 -0.0015198196129451169 -0.0033764272550450046 0.00034242562890969422 -0.00040344593814153743 2.4363399520655501e-06 -0.00031484587473379518 -0.002263370183355574 -0.0010626928694783496 -0.0005662185767944044 0.0015091796577945656 -0.00028210703884132342 -0.0013431076596446879 -0.0011197838031697476
leaf_weight=1747 526 9.9999999999999982 257 17 22 19 28 21 700 172 30 11 13.000000000000002 10.999999999999998 101 594 12.999999999999998 13.000000000000002 9.9999999999999982 152 10.999999999999998 47 15.999999999999998 48 10 17 13.999999999999998 12.999999999999998 9.9999999999999982 67
leaf_count=1747 526 10 257 17 22 19 28 21 700 172 30 11 13 11 101 594 13 13 10 152 11 47 16 48 10 17 14 13 10 67
internal_value=0.00141949 -0.00110048 -0.00746649 -0.00141026 -0.0118203 -0.0178516 -0.011791 -0.0204545 0.00342205 0.00109287 -0.0245082 -0.0177273 -0.0325 -0.00592896 -0.00314607 0.00243304 -0.0219231 -0.0237234 0.0010269 -0.00214286 -0.00382353 -0.00716216 -0.00452381 -0.00130841 -0.0330952 -0.0302941 -0.00709677 -0.0161538 -0.0371875 -0.00184524
internal_weight=4720 2090 746 312 434 256 134 55 2630 883 122 66 56 183 178 1344 26 47 818 224 102 74 63 214 21 34 62 26 32 168
internal_count=4720 2090 746 312 434 256 134 55 2630 883 122 66 56 183 178 1344 26 47 818 224 102 74 63 214 21 34 62 26 32 168
is_linear=0
shrinkage=0.05


Tree=29
num_leaves=31
num_cat=0
split_feature=4 4 4 11 2 11 4 13 4 11 6 6 4 17 12 11 4 17 16 6 4 2 4 6 0 17 12 16 16 0
split_gain=12.2588 25.4076 32.5499 12.9073 4.62907 3.18551 3.55759 4.602 3.04283 3.3093 2.55102 2.27031 1.75492 1.71753 1.51143 1.7241 1.23106 1.16291 1.1003 1.58829 1.04167 0.944728 1.61538 0.925231 0.892857 0.892503 1.25 0.821642 0.786627 2.88507
threshold=0.072500000000000009 0.22450000000000003 0.18150000000000002 130.50000000000003 2.5000000000000004 193.50000000000003 0.13450000000000004 -8892.1699999999983 3.1290000000000004 16.000000000000004 0.6921541958766374 0.54919534721113616 0.082500000000000018 78.364680716677654 52283.235000000008 508.50000000000006 0.15650000000000003 72.207311419098531 9.5656601628159912 0.98431925612681404 0.8005000000000001 5.5000000000000009 0.15350000000000003 0.57072277832797824 12.500000000000002 87.546192201192099 70289.960000000006 11.884155619540737 21.969527098366171 9.5000000000000018
decision_type=2 2 2 2 2 2 2 2 2 2 2 2 2 2 2 2 2 2 2 2 2 2 2 2 2 2 2 2 2 2
left_child=-1 2 5 4 -4 21 12 -8 9 18 13 -5 23 -9 15 -13 -12 -11 19 -3 -21 -2 -23 -7 -15 -19 -27 -14 -20 -30
right_child=1 8 3 11 -6 6 7 10 -10 17 16 14 27 24 -16 -17 -18 25 28 20 -22 22 -24 -25 -26 26 -28 -29 29 -31
leaf_value=0.0010020727022997361 7.3563749050326255e-06 0.0021521128439636271 -0.00078714423306829701 0.0070434151142400453 -0.0012578771905310624 -3.6741881217580778e-05 6.3754543894730848e-05 -0.00053021761062116879 0.018184235854653119 -0.0019275870221354017 -0.00022302417977516505 -0.00088557506830352168 -4.2677985685993403e-05 -0.00077148763313355888 0.0002386553753505389 -0.002961709478808066 -0.00054107335063285629 0.0042368159820874197 1.5180994367318439e-05 -0.0014093384023725773 -0.0016952445343549672 3.0954103674497693e-05 -0.00024253918988714537 -1.2090085630959462e-05 -0.00088618490547407629 0.036515079759930388 -0.0026336899285907909 2.7430682410195444e-06 -0.0025617444549509011 0.00057413292613691508
leaf_weight=1550 298 17 13.999999999999998 26 107 12.000000000000002 31 15.999999999999998 672 15.999999999999998 11.000000000000002 13.000000000000002 17 14.000000000000002 9.9999999999999982 11.999999999999998 12.999999999999998 1009 442 12.000000000000002 11.999999999999998 12.000000000000002 13.999999999999998 10.999999999999998 13.999999999999998 10.000000000000002 9.9999999999999982 105 101 119
leaf_count=1550 298 17 14 26 107 12 31 16 672 16 11 13 17 14 10 12 13 1009 442 12 12 12 14 11 14 10 10 105 101 119
internal_value=0.00135593 -0.000425867 -0.00846667 -0.0268681 -0.0363223 -0.00257042 -0.00688525 -0.0141919 0.00206612 0.000966819 -0.0214706 -0.00811475 -0.00189655 -0.0143182 -0.0164286 -0.023 -0.0345833 0.0027512 -0.00168563 -0.00963415 -0.0179167 0.000679013 -0.00846154 -0.0145652 -0.0217857 0.00295918 -0.0075 0.000491803 -0.00119335 -0.00363636
internal_weight=4720 3170 750 182 121 568 244 99 2420 1748 68 61 145 44 35 25 24 1045 703 41 24 324 26 23 28 1029 20 122 662 220
internal_count=4720 3170 750 182 121 568 244 99 2420 1748 68 61 145 44 35 25 24 1045 703 41 24 324 26 23 28 1029 20 122 662 220
is_linear=0
shrinkage=0.05


Tree=30
num_leaves=31
num_cat=0
split_feature=4 4 4 11 4 11 4 5 11 5 4 4 17 13 16 12 1 0 5 4 5 4 17 17 16 14 14 1 12 2
split_gain=13.2118 27.3735 40.8483 12.3015 2.84878 4.80474 2.43997 2.3977 1.79351 2.42604 2.6973 1.87775 1.75 1.70988 1.59779 1.51948 1.28155 1.09812 1.07059 1.26 1.03109 1.62994 0.982829 0.941269 1.26438 2.54481 2.0746 1.43882 1.44511 1.90549
threshold=0.06950000000000002 0.21750000000000003 0.18150000000000002 130.50000000000003 3.6305000000000005 16.000000000000004 0.19750000000000004 14.382550000000002 193.50000000000003 27.084700000000002 0.082500000000000018 0.13450000000000004 81.999985285330695 -8892.1699999999983 9.5656601628159912 95571.180000000008 1.5000000000000002 8.5000000000000018 13.425050000000002 0.16450000000000004 8.0510000000000019 0.48350000000000004 72.984132124666615 83.283465335784669 21.640784003550721 25005.360000000004 18538.640000000003 1.0000000180025095e-35 53925.055000000008 3.5000000000000004
decision_type=2 2 2 2 2 2 2 2 2 2 2 2 2 2 2 2 2 2 2 2 2 2 2 2 2 2 2 2 2 2
left_child=-1 2 8 7 5 14 12 -4 -2 10 -10 -12 -5 -13 16 18 -3 23 -15 -20 -7 22 -22 24 25 -16 -26 -28 29 -29
right_child=1 4 3 6 -6 20 -8 -9 9 -11 11 13 -14 15 17 -17 -18 -19 19 -21 21 -23 -24 -25 26 -27 27 28 -30 -31
leaf_value=0.00095196906718474918 -1.8206176712295563e-06 -0.0010553053607142598 -0.0016886732448066393 -0.00073404502335079874 0.021346644179229921 0.007437276003255968 0.0069418722675862804 -0.0011609927712928913 -0.0001045221736942207 1.6058717449377037e-06 -3.5968369467221342e-05 0.0015380390790150336 -0.0021325768367146266 -0.0020924763471503703 -0.002375533010774374 2.1571306285383951e-06 -0.0014221376913737481 8.4274454741831196e-06 -0.00030065602017874957 -0.0008150426960346779 -0.0036419269381753536 -0.0016989437449983877 0.00083488163749685727 2.9934472183455156e-05 0.0043836619933629471 0.0002329892971069177 0.00015389154872741083 -0.0035010990807975845 -0.0013429892430630898 -0.00083080917119912167
leaf_weight=1523 331 13.999999999999998 17 14.000000000000002 568 988 19 106 13.999999999999998 90 59 15.999999999999998 13.999999999999998 17 33 10.999999999999998 37 440 25 9.9999999999999982 10.999999999999998 17 102 84 13.999999999999998 79 9.9999999999999982 13.000000000000002 9.9999999999999982 14.999999999999998
leaf_count=1523 331 14 17 14 568 988 19 106 14 90 59 16 14 17 33 11 37 440 25 10 11 17 102 84 14 79 10 13 10 15
internal_value=0.00117103 -0.000663939 -0.0090646 -0.0305882 0.00189938 0.000956079 -0.00882979 -0.0389024 -0.00267888 -0.00595041 -0.00980263 -0.00768116 -0.0182143 -0.0127215 -0.00214286 -0.0164286 -0.0106863 -0.00151862 -0.02 -0.025 0.0030322 -0.00115385 0.0010177 -0.00410853 -0.0062069 -0.00303571 -0.0119355 -0.016875 -0.0213158 -0.0271429
internal_weight=4701 3178 743 170 2435 1867 47 123 573 242 152 138 28 79 749 63 51 698 52 35 1118 130 113 258 174 112 62 48 38 28
internal_count=4701 3178 743 170 2435 1867 47 123 573 242 152 138 28 79 749 63 51 698 52 35 1118 130 113 258 174 112 62 48 38 28
is_linear=0
shrinkage=0.05


Tree=31
num_leaves=31
num_cat=0
split_feature=4 4 4 11 4 11 4 5 17 16 11 5 4 14 10 16 1 4 6 16 10 17 14 14 6 4 17 4 10 17
split_gain=12.8473 26.146 40.7537 11.9712 2.81117 4.08865 2.43997 2.28718 1.75 1.69923 1.4643 2.15168 2.86155 1.66561 1.83891 1.4 1.28155 1.27586 1.20262 1.04124 1.16726 0.983948 0.915322 1.82531 0.890936 0.885609 1.32923 0.874474 0.985916 1.7145
threshold=0.06950000000000002 0.21750000000000003 0.18150000000000002 130.50000000000003 3.6305000000000005 16.000000000000004 0.19750000000000004 14.382550000000002 81.999985285330695 9.5656601628159912 212.50000000000003 27.084700000000002 0.082500000000000018 95295.450000000026 576.16500000000008 10.930746146931492 1.5000000000000002 0.60650000000000015 0.98431925612681404 27.712592371445911 209.75000000000003 87.380406902994352 126967.65000000001 167950.71500000005 0.91750544075804841 0.18750000000000003 80.539369493869245 0.17650000000000002 239.75000000000003 79.653098564820937
decision_type=2 2 2 2 2 2 2 2 2 2 2 2 2 2 2 2 2 2 2 2 2 2 2 2 2 2 2 2 2 2
left_child=-1 2 10 7 5 9 8 -4 -5 16 27 12 -12 14 -14 -16 -3 21 -18 20 -11 24 -22 -24 -7 26 -9 28 29 -2
right_child=1 4 3 6 -6 17 -8 25 -10 19 11 -13 13 -15 15 -17 18 -19 -20 -21 22 -23 23 -25 -26 -27 -28 -29 -30 -31
leaf_value=0.00090437061382551151 7.0898555691882486e-06 -0.0010025400926785453 -0.0016042395825663074 -0.00069734277218325895 0.020279311970268422 0.00077893114861840801 0.0065947786542069663 -0.00018306767845041008 -0.0020259479948788956 0.0018359079599517454 -9.9296065009509622e-05 1.5255781576906102e-06 -0.00090562835253182861 3.8293328551663571e-05 -0.00034003881775505353 -6.222867431858624e-05 0.0023685871485325119 0.007689773132871518 -0.0020029231486264325 -0.0048980173489622299 -0.00042662749285405412 -0.0024242530990542938 -0.0068542615999004604 0.00040735412334899775 -0.0010375344941216693 -0.0011574972203157049 -0.00011372227521337397 -0.00022772172595093843 1.2179331484806995e-05 -0.00011556261442611712
leaf_weight=1523 22 13.999999999999998 17 14.000000000000002 568 338 19 12.000000000000002 13.999999999999998 73 13.999999999999998 84 13.999999999999998 36 9.9999999999999982 70 20 754 17 11.999999999999998 569 9.9999999999999982 17 27 15.999999999999998 81 12.999999999999998 19 284 20
leaf_count=1523 22 14 17 14 568 338 19 12 14 73 14 84 14 36 10 70 20 754 17 12 569 10 17 27 16 81 13 19 284 20
internal_value=0.00122421 -0.000585274 -0.00879542 -0.0302941 0.00191992 0.00098286 -0.00882979 -0.0384959 -0.0182143 -0.00187583 -0.0024171 -0.00552632 -0.00923611 -0.00692308 -0.0104255 -0.0075 -0.0106863 0.00289803 -0.00581081 -0.00123209 -0.000976676 0.000467033 -0.00168842 -0.00863636 0.000903955 -0.0412264 -0.033 -0.000362319 0.000245399 -0.00690476
internal_weight=4701 3178 743 170 2435 1867 47 123 28 749 573 228 144 130 94 80 51 1118 37 698 686 364 613 44 354 106 25 345 326 42
internal_count=4701 3178 743 170 2435 1867 47 123 28 749 573 228 144 130 94 80 51 1118 37 698 686 364 613 44 354 106 25 345 326 42
is_linear=0
shrinkage=0.05


Tree=32
num_leaves=31
num_cat=0
split_feature=8 5 5 11 5 5 8 3 5 5 11 14 3 11 16 16 0 16 16 14 6 16 14 8 3 12 3 5 5 16
split_gain=9.83035 15.3539 10.6968 3.51974 3.53295 4.8968 3.76334 2.51471 2.51348 2.18021 3.1568 1.88777 1.65112 1.7465 1.64494 1.58813 5.92581 1.50374 1.42099 1.35 1.20401 1.194 1.13082 1.08163 2.85714 1.02263 1.2955 1.26081 2.64075 2.77805
threshold=1.5000000000000002 8.4051500000000008 38.939000000000007 16.000000000000004 18.804250000000003 20.716550000000002 4.5000000000000009 0.055500000000000008 25.395100000000003 0.81855000000000011 16.000000000000004 15820.555000000002 0.18350000000000002 3.5000000000000004 27.532074159978883 10.437155787668628 14.500000000000002 9.8904270537745465 16.233422452834784 46148.370000000003 0.65192968804278817 27.712592371445911 6553.8400000000011 3.5000000000000004 0.031500000000000007 44734.19000000001 0.14450000000000002 18.804250000000003 25.836550000000003 16.191943278646733
decision_type=2 2 2 2 2 2 2 2 2 2 2 2 2 2 2 2 2 2 2 2 2 2 2 2 2 2 2 2 2 2
left_child=-1 9 3 4 12 7 8 -6 11 -2 21 -7 13 19 15 16 -5 -15 -13 -3 -18 -11 -17 -10 -25 27 -27 -24 29 -29
right_child=1 2 -4 14 5 6 -8 -9 23 10 -12 18 -14 17 -16 22 20 -19 -20 -21 -22 -23 25 24 -26 26 -28 28 -30 -31
leaf_value=0.00085915208313423622 0.020093533505038674 -0.0014828120695202112 9.1020084035328859e-05 4.6776701303842419e-05 -0.0011160438074870964 -7.0147319307649878e-05 -0.0010756315815446461 -0.0008863478379663608 -5.2898419797861072e-06 -0.00027825177043472831 0.0052808192133490008 -0.00076027043901067987 -0.0018154844013275968 -0.00075844998618217164 -0.00033876274333858691 -0.00063606642062039162 -0.0019246505951349504 9.561678327482216e-06 -0.00065217167569428742 1.821485320065505e-05 -0.00099547779799702505 -0.0049631550173358796 6.9135464365617039e-05 3.3251111163344791e-06 -0.00059790309944285542 -0.00013798448319794662 -0.001144330380693415 -0.00044891904501390692 5.9711773217016108e-06 -1.7647570489505366e-05
leaf_weight=1498 541 20.000000000000004 240 35 19 17 18 17 61 654 913 12.999999999999998 14.999999999999998 9.9999999999999982 9.9999999999999982 9.9999999999999982 10.000000000000002 106 29 9.9999999999999982 12.999999999999998 10.999999999999998 146 21 14.999999999999998 110 19 27 69 24
leaf_count=1498 541 20 240 35 19 17 18 17 61 654 913 13 15 10 10 10 10 106 29 10 13 11 146 21 15 110 19 27 69 24
internal_value=0.00125612 -0.000307524 -0.0051476 -0.00779621 -0.011442 -0.0157143 -0.0122414 -0.0325 -0.00974359 0.00216848 0.0012294 -0.0178814 -0.00586956 -0.00424658 -0.00493657 -0.00450324 -0.0122414 -0.00146552 -0.0235714 -0.015 -0.0319565 -0.00139098 -0.00339506 -0.00479381 -0.0116667 -0.00297468 -0.00662791 -0.00120301 -0.005 -0.0136275
internal_weight=4701 3203 1084 844 371 210 174 36 156 2119 1578 59 161 146 473 463 58 116 42 30 23 665 405 97 36 395 129 266 120 51
internal_count=4701 3203 1084 844 371 210 174 36 156 2119 1578 59 161 146 473 463 58 116 42 30 23 665 405 97 36 395 129 266 120 51
is_linear=0
shrinkage=0.05


Tree=33
num_leaves=31
num_cat=0
split_feature=4 4 4 11 2 4 4 11 8 4 4 17 11 17 1 4 11 0 4 4 17 13 16 16 16 11 1 17 11 14
split_gain=12.4167 25.0657 33.9529 11.4624 3.56878 3.20294 2.49668 3.71878 2.21552 1.84501 1.76056 1.75 1.43182 1.55152 1.32794 1.55018 1.31272 1.9303 1.0413 1.0164 2.40729 1.92667 0.996079 0.985449 0.994111 1.52161 1.42941 1.07143 0.93704 0.859788
threshold=0.06950000000000002 0.23350000000000004 0.18150000000000002 130.50000000000003 3.5000000000000004 0.20650000000000002 3.6305000000000005 16.000000000000004 1.5000000000000002 0.19750000000000004 0.15350000000000003 81.999985285330695 7.5000000000000009 80.391252939456763 3.5000000000000004 0.17350000000000002 309.50000000000006 8.5000000000000018 0.60650000000000015 0.47850000000000004 84.950519005563436 -4389.5499999999984 11.782028718339921 27.712592371445911 9.5656601628159912 10.500000000000002 1.5000000000000002 80.49545690502076 1004.5000000000001 33331.840000000004
decision_type=2 2 2 2 2 2 2 2 2 2 2 2 2 2 2 2 2 2 2 2 2 2 2 2 2 2 2 2 2 2
left_child=-1 2 8 4 5 12 7 23 16 11 28 -5 -4 -14 22 -16 29 -18 19 -9 -21 -22 -12 24 25 26 -3 -28 -10 -2
right_child=1 6 3 9 -6 -7 -8 18 10 -11 14 -13 13 -15 15 -17 17 -19 -20 20 21 -23 -24 -25 -26 -27 27 -29 -30 -31
leaf_value=0.00081619447897752497 -9.5764406770065818e-05 -0.0011304664527318003 -0.00064034921701142209 -0.00066384810449998807 -0.0010458407802226874 -0.0016176598560414764 0.01867755712151652 0.0019227039294104403 6.5809863362151961e-06 -6.5289279480782028e-05 -0.00034697210979571795 -0.0018284180653782027 -0.00083247611187691915 -0.0002022808379451548 -0.00065090194929975215 -0.00054344758073371824 -4.2823020698800306e-05 -0.00011122103040253208 0.0070412435155604927 0.0020939694218496947 -0.002817269587316202 0.00097736603713249686 -2.0652226284940934e-05 -0.0044049587306473252 -0.00022783506602298481 0.0031369623749978124 0.00021858735063535833 -0.0019965999163973824 -0.00013293737525956777 4.7583345206247642e-05
leaf_weight=1523 14.000000000000002 9.9999999999999982 13.999999999999998 14.000000000000002 81 14.999999999999998 568 250 358 34 11.999999999999998 13.999999999999998 12.000000000000002 9.9999999999999982 42 9.9999999999999982 11.000000000000002 14.999999999999998 754 74 15.000000000000002 9.9999999999999982 83 11.999999999999998 679 14.999999999999998 14.000000000000002 9.9999999999999982 14.999999999999998 12.999999999999998
leaf_count=1523 14 10 14 14 81 15 568 250 358 34 12 14 12 10 42 10 11 15 754 74 15 10 83 12 679 15 14 10 15 13
internal_value=0.00128802 -0.000490875 -0.00836375 -0.0264433 -0.0347727 -0.0244118 0.00201369 0.00112046 -0.00224258 -0.00870968 -0.00125 -0.0182143 -0.0325 -0.0245455 -0.00588435 -0.0123077 -0.0119811 -0.02 0.00296011 0.000702006 -0.00358586 -0.017 -0.00236842 -0.00162162 -0.00138736 -0.00826531 -0.0141176 -0.0075 0.000576408 -0.00425926
internal_weight=4701 3178 767 194 132 51 2411 1843 573 62 520 28 36 22 147 52 53 26 1103 349 99 25 95 740 728 49 34 24 373 27
internal_count=4701 3178 767 194 132 51 2411 1843 573 62 520 28 36 22 147 52 53 26 1103 349 99 25 95 740 728 49 34 24 373 27
is_linear=0
shrinkage=0.05


Tree=34
num_leaves=31
num_cat=0
split_feature=4 4 4 5 11 4 5 11 8 4 4 5 11 11 14 5 5 5 4 17 5 2 11 12 5 12 0 14 2 10
split_gain=11.5797 21.7495 33.9221 12.0126 3.85458 3.79282 2.45151 2.86753 1.60761 1.99951 1.51224 1.29028 1.62666 1.58478 1.21243 2.07642 1.09414 1.02839 1.64316 2.79238 0.910535 0.901996 0.900778 0.88632 0.78766 0.901158 0.763575 0.824176 1.26984 0.589897
threshold=0.065500000000000017 0.23350000000000004 0.18450000000000003 14.382550000000002 187.00000000000003 0.19250000000000003 0.94055000000000011 16.000000000000004 1.5000000000000002 0.15350000000000003 0.18750000000000003 36.613600000000012 212.50000000000003 340.50000000000006 12700.295 21.808000000000003 13.990300000000001 6.6258500000000007 0.48350000000000004 84.950519005563436 17.895100000000003 5.5000000000000009 390.00000000000006 52283.235000000008 14.647100000000002 8955.8150000000023 14.500000000000002 30508.850000000002 3.5000000000000004 139.58500000000001
decision_type=2 2 2 2 2 2 2 2 2 2 2 2 2 2 2 2 2 2 2 2 2 2 2 2 2 2 2 2 2 2
left_child=-1 2 8 5 10 -4 -3 21 14 16 -5 12 -11 -14 -2 22 -10 -9 26 -20 -15 24 -16 -7 25 -8 -19 -28 -29 -18
right_child=1 6 3 4 -6 23 7 17 9 11 -12 -13 13 20 15 -17 29 18 19 -21 -22 -23 -24 -25 -26 -27 27 28 -30 -31
leaf_value=0.00077538475502864914 6.6163073194364574e-05 0.015845087071476305 -0.0020543988497049403 -0.00015092607126609007 -0.00075046473666412949 0.00048014560274034501 0.0003220886425070841 0.0059711601669002563 -0.00020400612783844936 -1.0258240870058258e-05 -0.00099012148673581339 -0.00019305272893613848 -0.001750350142680923 0.00054619458109315857 3.6893562678309552e-05 -9.0976186431562805e-05 -1.7355105984164454e-05 0.0024343689266296976 0.0021625804093643743 -0.0021312476845056021 -0.00012546956484218254 0.00036953847358050422 -0.00017671692669120147 -0.0019191227643186246 -0.00075216589599355534 -0.00098904449451421464 0.010938343299846271 -0.004020948574778865 0.0023702963943199313 8.4140597346932536e-06
leaf_weight=1505 10.999999999999998 686 14.999999999999998 11.999999999999998 19 37 158 828 13.999999999999998 106 82 10.999999999999998 9.9999999999999982 23 17.000000000000004 17 14.999999999999998 102 20.000000000000004 10.999999999999998 12.999999999999998 77 11.999999999999998 12.999999999999998 17 458 26 18.000000000000004 9.9999999999999982 358
leaf_count=1505 11 686 15 12 19 37 158 828 14 106 82 11 10 23 17 17 15 102 20 11 13 77 12 13 17 458 26 18 10 358
internal_value=0.00138375 -0.000319149 -0.00754777 -0.0267416 -0.0365929 -0.00961538 0.00203443 0.00102899 -0.00191927 -0.00109091 -0.0407447 -0.0057362 -0.00453947 -0.0123913 -0.00991228 -0.0134783 0.000865633 0.00273399 -0.000614973 -0.011129 -0.0075 -0.00140845 -0.00534483 -0.003 -0.00203002 -0.00173701 0.00147436 -0.00333333 -0.00928571 0.0013807
internal_weight=4701 3196 785 178 113 65 2411 1725 607 550 94 163 152 46 57 46 387 1015 187 31 36 710 29 50 633 616 156 54 28 373
internal_count=4701 3196 785 178 113 65 2411 1725 607 550 94 163 152 46 57 46 387 1015 187 31 36 710 29 50 633 616 156 54 28 373
is_linear=0
shrinkage=0.05


Tree=35
num_leaves=31
num_cat=0
split_feature=4 4 4 5 11 5 11 8 4 1 10 5 1 4 5 17 17 10 6 11 4 6 11 5 6 12 1 3 5 12
split_gain=11.7982 21.1465 28.7076 13.4913 6.26143 2.44779 2.40371 1.85175 2.24509 2.36134 1.79272 1.69011 2.45 1.63499 1.3525 1.40704 1.66846 1.22613 1.46314 1.17516 1.41675 0.99736 0.931209 1.79115 1.59368 0.833478 0.943381 0.834325 0.798211 1.03434
threshold=0.06950000000000002 0.23350000000000004 0.18450000000000003 10.354150000000002 722.50000000000011 0.76265000000000016 16.000000000000004 1.5000000000000002 0.15350000000000003 5.5000000000000009 838.16500000000008 21.808000000000003 4.5000000000000009 0.21150000000000002 6.4600000000000009 72.984132124666615 81.249422815693578 139.58500000000001 0.58382426788999287 130.50000000000003 0.18750000000000003 0.84632993157776437 201.50000000000003 32.75930000000001 0.7052206656093386 49905.700000000004 2.5000000000000004 0.0055000000000000005 6.7212000000000005 52283.235000000008
decision_type=2 2 2 2 2 2 2 2 2 2 2 2 2 2 2 2 2 2 2 2 2 2 2 2 2 2 2 2 2 2
left_child=-1 2 7 10 13 -3 -7 11 17 22 -4 -2 -13 19 -8 -16 -17 -9 25 20 -5 28 23 -10 -24 27 -27 -19 -18 -30
right_child=1 5 3 4 -6 6 14 8 9 -11 -12 12 -14 -15 15 16 21 18 -20 -21 -22 -23 24 -25 -26 26 -28 -29 29 -31
leaf_value=0.00073661551727721708 -5.654503225929797e-05 0.021582772855040136 0.0032344310545356241 -0.00021901047027153079 0.0028761045798416014 -0.00040661352138987925 0.0057512673144419707 -4.0387273605541948e-05 8.6136103844929956e-06 -0.00067962474903214142 -0.0011270368013554526 -8.2130492268912172e-05 -8.642737710998494e-05 -0.0012515395100548693 -0.0037133200527731947 0.0022398832477692767 -0.0049660792220579692 -6.3784943193526209e-05 1.6818365626523751e-05 -0.0018444759399000518 -0.00090467457457004763 -0.0013103185127356252 -0.00033305562118890269 -0.00011867233308705469 -0.00034289432403999319 -0.00052615101691125699 -2.1820747671023226e-05 7.9123612487102429e-06 0.0047111222648457025 -0.0021165298982920426
leaf_weight=1517 37 536 30 11.999999999999998 9.9999999999999982 823 882 12.999999999999998 99 14.999999999999998 21 10.000000000000002 9.9999999999999982 10.999999999999998 18 100 12.999999999999998 15.999999999999998 256 19 82 9.9999999999999982 35 11.999999999999998 10.999999999999998 13.999999999999998 19 56 45 9.9999999999999982
leaf_count=1517 37 536 30 12 10 823 882 13 99 15 21 10 10 11 18 100 13 16 256 19 82 10 35 12 11 14 19 56 45 10
internal_value=0.00133066 -0.000379845 -0.0075 -0.0247297 -0.0330597 0.00192245 0.00108101 -0.00221393 -0.00131868 -0.00604651 -0.00284314 -0.0107895 -0.0225 -0.036129 0.00263451 -0.00112245 0.000224719 0.000855615 0.00139889 -0.0379204 -0.0402128 -0.00525641 -0.00423567 -0.00175676 -0.0102174 -0.00357143 -0.0101515 -0.000555555 -0.00308824 -0.000454545
internal_weight=4742 3225 788 185 134 2437 1901 603 546 172 51 57 20 124 1078 196 178 374 361 113 94 78 157 111 46 105 33 72 68 55
internal_count=4742 3225 788 185 134 2437 1901 603 546 172 51 57 20 124 1078 196 178 374 361 113 94 78 157 111 46 105 33 72 68 55
is_linear=0
shrinkage=0.05


Tree=36
num_leaves=31
num_cat=0
split_feature=4 4 4 5 5 4 14 11 4 8 7 3 7 11 11 6 10 5 16 6 3 11 10 5 3 2 10 10 6 14
split_gain=11.0593 17.8978 24.0022 14.5109 2.41425 2.21598 2.19309 2.04937 1.56316 1.87609 1.67931 1.57387 1.55267 1.6125 2.7544 1.203 1.49257 1.11777 0.992424 0.949296 0.95107 0.960882 0.927439 0.90549 0.896037 0.859973 1.22434 3.06457 1.35502 1.06639
threshold=0.065500000000000017 0.23350000000000004 0.18750000000000003 14.382550000000002 0.76265000000000016 0.19250000000000003 95295.450000000026 16.000000000000004 0.15650000000000003 1.5000000000000002 1.5000000000000002 0.0055000000000000005 2.5000000000000004 201.50000000000003 740.00000000000011 0.62559509089814569 145.75000000000003 3.7424000000000004 27.282604524840217 0.65424261313658894 0.34350000000000008 974.50000000000011 272.25000000000006 12.704400000000001 0.18350000000000002 3.5000000000000004 720.50000000000011 747.75000000000011 0.93337822731504161 64886.05000000001
decision_type=2 2 2 2 2 2 2 2 2 2 2 2 2 2 2 2 2 2 2 2 2 2 2 2 2 2 2 2 2 2
left_child=-1 2 8 5 -3 -4 -5 18 9 10 -2 -10 13 -13 23 -11 -17 -9 22 -19 21 -21 -6 -15 -20 26 29 -28 -29 -24
right_child=1 4 3 6 7 -7 -8 17 11 15 -12 12 -14 14 -16 16 -18 19 24 20 -22 -23 25 -25 -26 -27 27 28 -30 -31
leaf_value=0.00069978474141335623 -4.3361915231359924e-05 0.020503634212288128 -0.0020028477317846956 -0.0011069428867302349 0.00068201603504357755 -0.00031155035861230691 -0.00063066719886741441 0.0064159333407840472 8.4010404164876849e-06 -3.7696191961918413e-05 -6.8507220747758438e-05 -2.130198378729723e-05 -0.00014854107015148334 -0.0021479208470795053 0.00075793693087471419 -3.8367909925265453e-05 2.5283638096914617e-05 0.0033601174880048858 0.0075935723498390985 0.00017621004516466614 -0.0033081175106477382 -0.0047177752609550705 -0.0012006138673525612 -0.00059423549198950115 -0.002547846468008947 2.6790126609412278e-05 -0.0056824160555847244 -0.0027920083760275094 0.0015396910024163485 0.0029192275191863102
leaf_weight=1498 35 536 12.999999999999998 75 115 62 19 614 52 129 15.999999999999998 65 18 12.000000000000002 12.999999999999998 12.999999999999998 266 249 11.000000000000002 166 35 13.999999999999998 215 19 14.999999999999998 358 9.9999999999999982 13.999999999999998 25 60
leaf_count=1498 35 536 13 75 115 62 19 614 52 129 16 65 18 12 13 13 266 249 11 166 35 14 215 19 15 358 10 14 25 60
internal_value=0.00144665 -0.000194204 -0.00664808 -0.0234024 0.00194296 -0.007 -0.0364894 0.00110731 -0.00221003 -0.000664488 -0.00970588 -0.00617318 -0.00917323 -0.00692661 -0.0143182 0.000465686 0.00231183 0.00254174 -0.000771567 0.000689655 -0.00174419 -0.000277778 -0.000457967 -0.0224194 -0.0103846 -0.00115836 -0.00302469 -0.0103061 -0.00397436 -0.00172727
internal_weight=4742 3244 807 169 2437 75 94 1901 638 459 51 179 127 109 44 408 279 1078 823 464 215 180 797 31 26 682 324 49 39 275
internal_count=4742 3244 807 169 2437 75 94 1901 638 459 51 179 127 109 44 408 279 1078 823 464 215 180 797 31 26 682 324 49 39 275
is_linear=0
shrinkage=0.05


Tree=37
num_leaves=31
num_cat=0
split_feature=4 4 4 5 4 5 4 11 14 4 3 7 11 11 10 5 17 16 14 5 11 10 13 11 12 12 16 17 8 11
split_gain=10.4127 14.7782 21.9403 12.0115 3.50682 2.25679 2.21598 1.99269 1.98502 1.55522 1.34302 1.73789 1.33043 1.97813 1.22033 1.21244 1.29709 1.79354 1.4358 1.07245 1.06424 1.1272 1.05956 1.01809 1.46597 1.88571 0.998038 1.38846 0.945175 1.2491
threshold=0.065500000000000017 0.23350000000000004 0.18750000000000003 14.382550000000002 0.18950000000000003 0.74765000000000004 0.19250000000000003 16.000000000000004 95295.450000000026 0.15650000000000003 0.0055000000000000005 1.5000000000000002 201.50000000000003 740.00000000000011 516.41500000000008 5.4261500000000007 81.249422815693578 20.770541693754065 16380.845000000001 28.000250000000005 10.500000000000002 163.25000000000003 -2040.5349999999996 134.50000000000003 35685.430000000008 55764.725000000006 27.282604524840217 78.981127301190554 1.5000000000000002 117.50000000000001
decision_type=2 2 2 2 2 2 2 2 2 2 2 2 2 2 2 2 2 2 2 2 2 2 2 2 2 2 2 2 2 2
left_child=-1 2 9 6 -5 -3 -4 26 -6 19 -11 12 -12 22 -13 -9 -17 18 -18 20 -2 -22 -14 -20 -25 -26 -7 -28 29 -23
right_child=1 5 3 4 8 7 -8 15 -10 10 11 14 13 -15 -16 16 17 -19 23 -21 21 28 -24 24 25 -27 27 -29 -30 -31
leaf_value=0.00066479550434268841 6.927448336630537e-05 0.020025183374908419 -0.0019027053451954612 -0.00016830048300508609 -0.001062258451588559 -0.00016727619637578361 -0.00029597284068169161 0.0057362532708203663 -0.00060676171541313318 7.9809883956633308e-06 -1.1804461458858908e-05 -3.2709080365324003e-05 -0.00068744608517287557 0.00039202100281927925 -0.00029770684294944214 0.00056587216500240283 0.0044667556493451837 0.013306358094915033 -0.00041119231938604105 1.3952213061238667e-05 -5.0065688754674837e-05 -7.8680647217098395e-05 -0.001652522344815362 -0.0049000403852783696 0.00066000076211641901 -0.0028582094336992527 -0.0048301416241301152 0.0031445590979452369 -2.9880950216875702e-05 -2.685067754611111e-05
leaf_weight=1498 43 524 12.999999999999998 14.999999999999998 64 801 62 803 14.999999999999998 52 57 10.000000000000002 10.999999999999998 11.999999999999998 19 173 25 34 13.999999999999998 195 9.9999999999999982 9.9999999999999982 18.000000000000004 15.999999999999998 11.000000000000002 9.9999999999999982 10.000000000000002 15.999999999999998 170 31
leaf_count=1498 43 524 13 15 64 801 62 803 15 52 57 10 11 12 19 173 25 34 14 195 10 10 18 16 11 10 10 16 170 31
internal_value=0.00155209 -4.00738e-05 -0.00590458 -0.0219231 -0.0338298 0.00190193 -0.007 0.00110559 -0.038038 -0.00166144 -0.00561452 -0.00838583 -0.00520408 -0.0120732 -0.0191379 0.00251381 -0.000300353 -0.00454545 -0.00881579 -0.000119826 -0.00219697 -0.00359728 -0.0191379 -0.0136275 -0.017973 -0.00928571 -0.000743652 -0.0103846 -0.0028199 -0.00963415
internal_weight=4742 3244 807 169 94 2437 75 1913 79 638 179 127 98 41 29 1086 283 110 76 459 264 221 29 51 37 21 827 26 211 41
internal_count=4742 3244 807 169 94 2437 75 1913 79 638 179 127 98 41 29 1086 283 110 76 459 264 221 29 51 37 21 827 26 211 41
is_linear=0
shrinkage=0.05


Tree=38
num_leaves=31
num_cat=0
split_feature=4 4 4 5 4 5 11 6 4 17 4 11 11 8 14 0 6 14 17 4 4 17 16 14 14 6 14 14 16 11
split_gain=10.4291 14.1872 22.361 9.61443 4.41365 2.41376 2.09458 1.50985 1.38093 1.395 1.34076 1.35848 2.2036 1.33944 1.27307 1.22935 1.18677 0.848173 1.30034 0.8 0.702052 1.23709 0.773659 0.752966 1.57509 0.760924 0.824878 2.45748 1.56533 1.60131
threshold=0.072500000000000009 0.22450000000000003 0.18750000000000003 14.382550000000002 0.18950000000000003 0.74765000000000004 193.50000000000003 0.67837815000901125 0.19250000000000003 76.394393599425968 0.15650000000000003 170.50000000000003 429.50000000000006 1.5000000000000002 62608.545000000006 17.500000000000004 0.58382426788999287 40509.295000000006 77.843305031939579 0.17350000000000002 1.3790000000000002 72.331359244633816 27.712592371445911 21523.895000000004 23555.920000000002 0.68901159587551308 51118.470000000008 49367.580000000009 26.699773523443685 819.50000000000011
decision_type=2 2 2 2 2 2 2 2 2 2 2 2 2 2 2 2 2 2 2 2 2 2 2 2 2 2 2 2 2 2
left_child=-1 2 10 8 -5 -3 -6 -7 -4 -10 13 14 19 -2 -12 -14 17 -15 -19 -13 21 -9 -22 -23 -25 -26 27 28 29 -27
right_child=1 5 3 4 6 7 -8 20 9 -11 11 12 15 16 -16 -17 -18 18 -20 -21 22 23 -24 24 25 26 -28 -29 -30 -31
leaf_value=0.00063155572912555475 -6.0206675959092451e-05 0.019023924206162997 -0.0018075700779356882 -0.0001598854588548317 -0.00090195374386651942 0.0051206408807819492 -0.0011624746494350404 -0.0035731312114959733 -0.00092691482227695565 0.0014061056024661867 -5.179404811016891e-07 -0.0007836321833292856 8.2776385406008883e-06 3.4036525423338472e-06 -0.00010797937646261575 -0.00018817737194481746 1.1601005516587783e-05 -0.00016113376457002005 -0.00011433940669304777 -0.00045529379619197515 0.00067668912108676807 0.0002165142228684967 -0.0022434598405463115 -0.002006617713021313 -0.0041616578074280281 0.00015735861095504222 0.00012241706021375276 -0.0034016532380594005 -0.0021304747605418823 -0.0043130880972295903
leaf_weight=1532 45 524 12.999999999999998 14.999999999999998 67 682 10.999999999999998 10.999999999999998 18 29 100 10.000000000000002 31 49 18 9.9999999999999982 278 19 34 9.9999999999999982 523 220 18 19 9.9999999999999982 170 236 13.999999999999998 15.999999999999998 9.9999999999999982
leaf_count=1532 45 524 13 15 67 682 11 11 18 29 100 10 31 49 18 10 278 19 34 10 523 220 18 19 10 170 236 14 16 10
internal_value=0.00157318 -4.67288e-05 -0.00603038 -0.0231046 -0.033172 0.00179984 -0.0379487 0.000982374 -0.0075 -0.00351064 -0.0017053 -0.0053352 -0.0113934 -0.00017647 -0.00220339 -0.0047561 0.000789474 -0.00382353 -0.00820755 -0.025 -5.21249e-05 -0.00109065 0.00130314 -0.000827338 -0.00194737 -0.00135965 -0.00105381 -0.00333333 -0.00188775 -0.000555555
internal_weight=4742 3210 757 153 93 2453 78 1929 60 47 604 179 61 425 118 41 380 102 53 20 1247 706 541 695 475 456 446 210 196 180
internal_count=4742 3210 757 153 93 2453 78 1929 60 47 604 179 61 425 118 41 380 102 53 20 1247 706 541 695 475 456 446 210 196 180
is_linear=0
shrinkage=0.05


Tree=39
num_leaves=31
num_cat=0
split_feature=4 4 4 11 4 4 4 11 9 4 4 8 11 11 11 0 16 4 16 17 4 17 16 17 12 2 4 16 6 1
split_gain=10.8662 12.4983 19.7838 8.76508 3.02258 2.86459 2.31558 2.12026 1.84186 2.61225 1.4072 1.61804 1.35848 2.2036 1.35375 1.22935 1.02024 0.941004 0.928424 1.38846 0.923045 1.57792 1.12672 0.916017 0.858488 1.06338 0.8 0.780913 1.49129 1.12005
threshold=0.063500000000000015 0.23350000000000004 0.18750000000000003 76.500000000000014 0.19250000000000003 0.21150000000000002 4.1945000000000006 16.000000000000004 0.63350000000000006 0.20650000000000002 0.15650000000000003 1.5000000000000002 170.50000000000003 429.50000000000006 13.500000000000002 17.500000000000004 23.899500296942467 0.59250000000000014 27.282604524840217 78.981127301190554 0.47850000000000004 86.088953189247604 9.9613026206330044 79.976703519099956 29762.040000000005 3.5000000000000004 0.17350000000000002 9.5656601628159912 0.99551775655557295 3.5000000000000004
decision_type=2 2 2 2 2 2 2 2 2 2 2 2 2 2 2 2 2 2 2 2 2 2 2 2 2 2 2 2 2 2
left_child=-1 2 10 4 23 14 7 18 -5 -10 11 16 24 26 -6 -15 -2 20 27 -20 22 -22 -9 -4 -12 -26 -14 28 -3 -30
right_child=1 6 3 8 5 -7 -8 17 9 -11 12 -13 13 15 -16 -17 -18 -19 19 -21 21 -23 -24 -25 25 -27 -28 -29 29 -31
leaf_value=0.00059997794266927751 -1.647454281384326e-05 0.0017113913679043032 -0.00052083457369903996 -0.0001074970390075709 -0.00070941799543172495 -0.0010317794288469866 0.017155183408133868 -0.001085694712389107 -0.0024155765317031832 -0.00049477118445825636 7.5234807162496977e-06 4.7137309203897662e-06 -0.00074445057416282125 7.8637566135710688e-06 -0.0007133388120937334 -0.00017876850334757645 -7.1736281058287774e-05 0.0054076011365813935 -0.0044764615508962949 0.0030403572099122166 -0.00049220113926353685 -0.0021999862489777834 0.0011707268974929927 -2.6037437637830534e-05 -9.6378357441132131e-06 -0.00012473178094254487 -0.00043252910638237672 -7.9412738514167617e-05 -0.0021384856564136598 -0.00080484689609451967
leaf_weight=1480 38 27 10.000000000000002 42 48 12.999999999999998 493 9.9999999999999982 17 14.999999999999998 81 425 10.000000000000002 31 12.999999999999998 9.9999999999999982 13.999999999999998 785 10.000000000000002 15.999999999999998 66 10.999999999999998 259 10.999999999999998 19 18 9.9999999999999982 736 13.000000000000002 10.999999999999998
leaf_count=1480 38 27 10 42 48 13 493 10 17 15 81 425 10 31 13 10 14 785 10 16 66 11 259 11 19 18 10 736 13 11
internal_value=0.00144665 -0.000165542 -0.00548485 -0.0207396 -0.0307895 -0.0355405 0.00163521 0.000859054 -0.00783784 -0.016875 -0.00155488 -0.000136268 -0.0053352 -0.0113934 -0.040082 -0.0047561 -0.00846154 0.00225906 -0.00108856 -0.0103846 8.67054e-05 -0.00474026 0.0014684 -0.0140476 -0.00220339 -0.00851351 -0.025 -0.000781448 -0.00676471 -0.0158333
internal_weight=4742 3262 825 169 95 74 2437 1944 74 32 656 477 179 61 61 41 52 1131 813 26 346 77 269 21 118 37 20 787 51 24
internal_count=4742 3262 825 169 95 74 2437 1944 74 32 656 477 179 61 61 41 52 1131 813 26 346 77 269 21 118 37 20 787 51 24
is_linear=0
shrinkage=0.05


Tree=40
num_leaves=31
num_cat=0
split_feature=4 4 4 5 14 12 5 6 4 2 14 13 16 8 16 17 6 5 14 17 17 15 13 12 4 5 16 3 12 4
split_gain=10.499 10.6188 17.9093 13.2869 2.65227 2.22948 2.18169 2.03477 1.76438 1.34438 1.88081 1.40706 1.10013 1.06509 1.02058 1.18681 0.916017 0.890646 0.867857 0.814884 0.926323 1.80176 1.36111 0.876838 0.732605 0.977394 0.9375 0.731107 0.78652 0.872727
threshold=0.063500000000000015 0.23350000000000004 0.18950000000000003 13.990300000000001 95295.450000000026 82701.155000000013 0.94055000000000011 0.67436197871083436 0.14950000000000002 2.5000000000000004 51118.470000000008 -26633.499999999996 25.45304184590162 1.5000000000000002 22.160939741486516 78.786003315798936 0.64039418308982554 16.893600000000003 22748.980000000003 86.911450384784004 86.088953189247604 1.0000000180025095e-35 -2873.4949999999994 12052.560000000003 0.16150000000000003 17.895100000000003 11.884155619540737 0.67900000000000016 8001.1500000000005 1.4795000000000003
decision_type=2 2 2 2 2 2 2 2 2 2 2 2 2 2 2 2 2 2 2 2 2 2 2 2 2 2 2 2 2 2
left_child=-1 2 5 18 16 9 -3 -8 12 10 11 -2 -7 14 15 -13 -5 -10 -4 20 23 -22 -23 27 -11 -26 -27 -9 29 -29
right_child=1 6 3 4 -6 8 7 19 17 24 -12 13 -14 -15 -16 -17 -18 -19 -20 -21 21 22 -24 -25 25 26 -28 28 -30 -31
leaf_value=0.0005699790455358137 -0.00017521242501048509 0.01190338267833467 0.0011350806142163569 -0.0011931607093495901 -0.00048138450009782417 -5.3866355149817079e-06 0.0047737996709191618 0.0012363823718364361 -0.00028601953693465037 1.1606841953656954e-05 7.7820346543743446e-05 -0.00013822412418437965 -0.00012023975300063171 -7.2691351356900022e-05 -6.8149467005373948e-05 1.1879573914069466e-05 -0.00076875583267709349 -0.00057666964303962614 -0.001056039436427822 0.0018470723598167647 -0.001276701880336011 0.0018414186638933791 -0.0089912289086013265 -0.00060274646106417938 8.8661541622278572e-06 -8.6555013028876779e-05 -6.4774521635298663e-05 0.002195166323525189 0.0041842135618259946 -0.0034646195458043851
leaf_weight=1507 12.999999999999998 684 21 9.9999999999999982 12.999999999999998 51 615 246 12.000000000000002 261 49 14.000000000000002 9.9999999999999982 120 11.999999999999998 11.999999999999998 56 10.999999999999998 35 92 21 36 11.999999999999998 693 30 9.9999999999999982 54 10.000000000000002 21 11.999999999999998
leaf_count=1507 13 684 21 10 13 51 615 246 12 261 49 14 10 120 12 12 56 11 35 92 21 36 12 693 30 10 54 10 21 12
internal_value=0.00155281 -5.25338e-05 -0.00507557 -0.0216667 -0.0348734 -0.00167678 0.00158067 0.000648464 -0.00928571 -0.000565217 -0.00363636 -0.00611111 -0.00483607 -0.00481013 -0.0121053 -0.00653846 -0.0389394 -0.021087 -0.00303571 -0.0005993 -0.000994291 -0.0065942 -0.00125 -0.000600814 0.00133803 -0.00244681 -0.0059375 0.0017128 -0.00430233 -0.0109091
internal_weight=4743 3236 794 135 79 659 2442 1758 84 575 220 171 61 158 38 26 66 23 56 1143 1051 69 48 982 355 94 64 289 43 22
internal_count=4743 3236 794 135 79 659 2442 1758 84 575 220 171 61 158 38 26 66 23 56 1143 1051 69 48 982 355 94 64 289 43 22
is_linear=0
shrinkage=0.05


Tree=41
num_leaves=31
num_cat=0
split_feature=4 4 4 5 5 11 11 4 16 8 16 15 4 16 16 6 10 5 6 10 5 3 6 3 9 9 6 11 10 16
split_gain=10.1172 9.19802 14.9925 12.1529 2.21047 1.8211 1.7915 1.61871 1.35708 1.28006 1.69234 1.19483 1.55395 1.38667 1.14693 1.11816 1.26881 1.13741 1.10042 1.54164 0.964602 0.963333 0.826857 1.23106 0.778905 1.56429 0.752505 0.888889 0.661989 0.67097
threshold=0.063500000000000015 0.23350000000000004 0.18950000000000003 15.260950000000003 0.76265000000000016 193.50000000000003 18.500000000000004 0.15850000000000003 9.5656601628159912 1.5000000000000002 22.160939741486516 1.0000000180025095e-35 0.17150000000000001 13.648264200788242 27.712592371445911 0.62559509089814569 145.75000000000003 13.990300000000001 0.98169432450570493 882.75000000000011 2.8433000000000006 0.62650000000000017 0.92455488397609131 0.40550000000000008 0.53550000000000009 0.7320000000000001 0.41145270529597272 142.50000000000003 735.83500000000015 18.796483471189799
decision_type=2 2 2 2 2 2 2 2 2 2 2 2 2 2 2 2 2 2 2 2 2 2 2 2 2 2 2 2 2 2
left_child=-1 2 7 18 -3 24 8 9 21 10 -2 12 -9 -14 -10 17 -17 -11 19 -4 22 -6 -8 -24 -5 -26 -19 -28 29 -13
right_child=1 4 3 5 6 -7 20 11 14 15 -12 28 13 -15 -16 16 -18 26 -20 -21 -22 -23 23 -25 25 -27 27 -29 -30 -31
leaf_value=0.00054148009325902247 -1.3501609410014032e-05 0.015203667078642139 0.00030767693348917376 -0.0005823402339770363 -0.00057864734978102571 -0.00055944181310204678 0.010483968871065142 -9.3445861391226195e-05 -6.1046018153734766e-05 -0.00051788155992603586 -6.4741993655105526e-05 -2.2853690911634135e-05 -0.0017351282517811305 -0.00027285714581503414 -0.0041970046190009684 -4.4807531099868714e-05 4.2919855881754318e-05 3.4137476473901535e-05 -0.0019038738330444827 -0.0010263201580770912 0.00046397162607987304 -0.001600718850963661 -0.00057188750566147838 0.012271780747249751 -0.00020473054723803153 -0.00073142501406356071 1.4059519778913353e-05 -2.7821408273502425e-05 -0.00028708737447927045 1.4502023424305589e-05
leaf_weight=1507 37 547 43 24 30 9.9999999999999982 493 22 752 13.999999999999998 14.999999999999998 36 12.000000000000002 19 11.999999999999998 14.999999999999998 286 44 9.9999999999999982 13.999999999999998 564 20 11.000000000000002 12.999999999999998 10.999999999999998 23 27 54 43 35
leaf_count=1507 37 547 43 24 30 10 493 22 752 14 15 36 12 19 12 15 286 44 10 14 564 20 11 13 11 23 27 54 43 35
internal_value=0.00161607 4.01732e-05 -0.00463476 -0.0198148 0.0015602 -0.0347059 0.000751979 -0.00152504 -0.00101966 -8.13006e-05 -0.0075 -0.00577844 -0.0119811 -0.0191935 -0.000497382 0.000795455 0.00250831 -0.00291367 -0.00470149 -0.00201754 0.00208603 -0.009 0.00364603 -0.00541667 -0.0381034 -0.0332353 -0.0014 -0.00425926 -0.00289474 7.04227e-05
internal_weight=4743 3236 794 135 2442 68 1895 659 814 492 52 167 53 31 764 440 301 139 67 57 1081 50 517 24 58 34 125 81 114 71
internal_count=4743 3236 794 135 2442 68 1895 659 814 492 52 167 53 31 764 440 301 139 67 57 1081 50 517 24 58 34 125 81 114 71
is_linear=0
shrinkage=0.05


Tree=42
num_leaves=31
num_cat=0
split_feature=4 5 4 4 9 4 5 6 12 17 16 6 17 2 0 13 6 0 10 3 8 16 3 5 3 16 10 12 12 0
split_gain=9.74255 7.65653 9.05028 11.6155 4.44471 2.71901 2.03332 1.63362 1.47715 1.48605 1.45412 1.38384 1.175 0.992889 0.956106 0.914737 1.62976 0.902674 0.873802 1.8648 1.27075 1.16563 0.846921 0.827077 1.64727 0.935693 1.61616 0.910015 1.81218 0.823913
threshold=0.063500000000000015 10.354150000000002 0.18750000000000003 0.21150000000000002 0.3665000000000001 0.19250000000000003 0.76265000000000016 0.8663558054866739 82701.155000000013 79.126515288244647 27.638176510235287 0.88157700852377452 81.035691449752292 2.5000000000000004 2.5000000000000004 -2523.0249999999992 0.83689328067367275 5.5000000000000009 1089.0850000000003 0.070500000000000021 1.5000000000000002 22.160939741486516 0.35850000000000004 3.4987500000000007 0.53650000000000009 9.8153903669835785 595.87500000000011 65522.740000000013 88851.515000000014 8.5000000000000018
decision_type=2 2 2 2 2 2 2 2 2 2 2 2 2 2 2 2 2 2 2 2 2 2 2 2 2 2 2 2 2 2
left_child=-1 6 8 4 -4 -6 -2 23 13 -10 11 22 -11 18 -5 -16 -17 -7 20 -20 21 -3 -9 -8 25 26 -25 -27 -29 -14
right_child=1 2 3 14 5 17 7 10 9 12 -12 -13 29 -15 15 16 -18 -19 19 -21 -22 -23 -24 24 -26 27 -28 28 -30 -31
leaf_value=0.00051440608859607136 0.01444348372471003 -3.115492963697594e-05 -5.0462137135196129e-05 -0.00089388721458477324 -0.00033277639523327803 -0.00047809879553945749 0.004704328286612154 -0.0071288067753235351 6.5666242895193393e-07 -0.0005334817923079555 -0.0040126509193482221 -0.00016175467990137994 1.9821130407854456e-05 7.8466835179077932e-06 0.00021814536226149751 0.0022308068990495966 -0.0017898136558816696 -0.00069374679039504441 -0.00014099127847456828 2.96672876971508e-05 1.018198454469167e-05 -6.1504893972350044e-05 -0.0031647483014634369 0.0089034623305897509 -0.0089578737850311025 0.0017818099010267247 -0.0010119641731110571 -0.0031082259591902269 0.0056269193983569336 -0.00014657870483490652
leaf_weight=1507 547 24 18 11.999999999999998 20 11.999999999999998 648 11.000000000000002 30 10.999999999999998 9.9999999999999982 676 13.999999999999998 344 85 14.000000000000002 9.9999999999999982 46 11.000000000000002 12.999999999999998 154 12.999999999999998 20 14.999999999999998 18 345 18 22 48 27
leaf_count=1507 547 24 18 12 20 12 648 11 30 11 10 676 14 344 85 14 10 46 11 13 154 13 20 15 18 345 18 22 48 27
internal_value=0.00167932 0.00013288 -0.00391608 -0.0127419 -0.0257292 -0.0308974 0.00159378 0.000794648 -0.000928237 -0.00719512 -0.00106695 -0.000799151 -0.0123077 -8.94436e-06 -0.00243802 -0.000963303 -0.00958333 -0.0363793 -0.00267442 -0.0116667 -0.0015445 -0.00986486 -0.011129 0.00199282 0.000386266 0.000982143 -0.00712121 0.00162651 -0.00357143 -0.00841463
internal_weight=4743 3236 858 217 96 78 2378 1831 641 82 717 707 52 559 121 109 24 58 215 24 191 37 31 1114 466 448 33 415 70 41
internal_count=4743 3236 858 217 96 78 2378 1831 641 82 717 707 52 559 121 109 24 58 215 24 191 37 31 1114 466 448 33 415 70 41
is_linear=0
shrinkage=0.05


Tree=43
num_leaves=31
num_cat=0
split_feature=4 4 4 5 5 6 11 17 5 13 11 11 4 14 4 14 10 0 0 13 4 17 17 11 17 4 4 14 17 15
split_gain=9.37494 7.03174 15.2137 8.29566 2.09741 1.83113 1.6309 1.52968 1.52261 1.38462 1.05103 0.999264 1.7192 1.76641 1.08256 2.12333 0.964386 0.925298 1.65418 1.18868 1.05344 0.897436 0.871638 0.867427 0.979263 0.866573 0.846561 0.785714 0.690256 1.52028
threshold=0.063500000000000015 0.22450000000000003 0.18950000000000003 15.260950000000003 0.76265000000000016 0.65424261313658894 11.500000000000002 76.394393599425968 29.296000000000003 -8892.1699999999983 4.5000000000000009 201.50000000000003 0.091500000000000012 33331.840000000004 0.18450000000000003 39626.545000000006 516.41500000000008 10.500000000000002 1.5000000000000002 -1888.4749999999997 0.14450000000000002 80.79928350610227 86.859879635012661 986.50000000000011 82.428223568182091 3.9495000000000005 0.19750000000000004 49268.415000000001 86.088953189247604 1.0000000180025095e-35
decision_type=2 2 2 2 2 2 2 2 2 2 2 2 2 2 2 2 2 2 2 2 2 2 2 2 2 2 2 2 2 2
left_child=-1 2 8 7 -3 10 26 -4 11 -8 -6 12 13 -2 -14 -16 -13 18 -18 27 -19 -21 25 24 -22 28 -5 -20 -7 -30
right_child=1 4 3 6 5 22 9 -9 -10 -11 -12 16 14 -15 15 -17 17 20 19 21 23 -23 -24 -25 -26 -27 -28 -29 29 -31
leaf_value=0.00048868578416626782 -5.8429649273732122e-05 0.013721309538474528 -0.00081245102527410492 -0.00021755353110555986 -0.0025576131271924391 -0.00030049304966060021 -0.00021649746794014229 4.7663911931329456e-05 1.1722528804476037e-05 -0.00077772510215170349 0.0045293573012977432 -0.00040472358176434 2.5593390178278369e-05 1.94211337666655e-06 7.3351987566704137e-06 -0.00019110810417822532 8.0706709827552188e-05 9.565582203568356e-06 2.2113930193716493e-05 -0.00060456493967866629 0.00010191615686682005 -6.5004960344736354e-05 0.0012821262250913574 -0.00016881793322720621 -0.00090284214481819384 0.0068105706400314343 -0.0008449903408560991 -6.3939313741380842e-05 -0.0014754347931080578 -0.00062155826135220564
leaf_weight=1507 13.000000000000002 547 18 14.999999999999998 11.999999999999998 1057 13.000000000000002 35 219 12.999999999999998 609 19 202 11.999999999999998 13.000000000000002 11.999999999999998 17 58 11.000000000000002 15.000000000000002 17.000000000000004 12.999999999999998 105 9.9999999999999982 13.999999999999998 63 27 13.999999999999998 20 43
leaf_count=1507 13 547 18 15 12 1057 13 35 219 13 609 19 202 12 13 12 17 58 11 15 17 13 105 10 14 63 27 14 20 43
internal_value=0.00174257 0.000225587 -0.00391026 -0.0202066 0.00153909 0.000756941 -0.0317647 -0.00537736 -0.000918057 -0.0219231 0.00298712 -0.00261364 -0.000555555 -0.013 0.000814978 -0.009 -0.00537234 -0.0041716 -0.00857143 -0.0129245 -0.00106061 -0.02 -0.000318323 -0.00719512 -0.00306452 -0.000705832 -0.0378571 -0.005 -0.00102679 -0.00611111
internal_weight=4743 3236 780 121 2456 1909 68 53 659 26 621 440 252 25 227 25 188 169 70 53 99 28 1288 41 31 1183 42 25 1120 63
internal_count=4743 3236 780 121 2456 1909 68 53 659 26 621 440 252 25 227 25 188 169 70 53 99 28 1288 41 31 1183 42 25 1120 63
is_linear=0
shrinkage=0.05


Tree=44
num_leaves=31
num_cat=0
split_feature=4 5 4 5 4 14 4 5 11 11 16 0 5 16 17 12 10 10 1 10 14 5 17 17 0 7 17 17 17 10
split_gain=9.43572 6.64684 5.42223 7.44906 8.67321 3.02888 2.75441 1.78179 1.85208 1.47358 1.29421 1.82114 1.54029 1.32826 1.21468 1.26475 1.07046 2.59314 0.965203 0.807991 0.765092 0.661546 1.21803 0.831954 0.734148 1.21159 3.43915 0.943089 0.666746 0.650366
threshold=0.063500000000000015 8.4051500000000008 0.15850000000000003 18.804250000000003 0.19550000000000003 81014.645000000004 0.21150000000000002 0.76265000000000016 18.500000000000004 13.500000000000002 9.5656601628159912 5.5000000000000009 1.7398500000000003 27.712592371445911 72.526432800312961 151596.51500000004 849.83000000000015 897.50000000000011 3.5000000000000004 139.58500000000001 185330.66000000003 2.8433000000000006 81.194683586968679 81.45195825214843 13.500000000000002 1.0000000180025095e-35 86.388286360625827 86.016578291762201 85.668325428673214 188.37500000000003
decision_type=2 2 2 2 2 2 2 2 2 2 2 2 2 2 2 2 2 2 2 2 2 2 2 2 2 2 2 2 2 2
left_child=-1 7 19 14 5 -5 9 -2 10 -6 11 -9 -13 29 -4 16 -16 -18 -19 -3 -21 -10 -23 -24 28 27 -27 -26 -25 -12
right_child=1 2 3 4 6 -7 -8 8 21 -11 13 12 -14 -15 15 -17 17 18 -20 20 -22 22 23 24 25 26 -28 -29 -30 -31
leaf_value=0.00046425149495795407 0.013035244061550802 -3.4667200734359844e-05 -0.0029800438483837911 -1.9349869499352229e-05 -0.00061570296108708501 -0.00024517375717041318 -0.00076034034374865278 0.0040038933198474347 0.009075690411696603 -0.00055716535285298499 0.0015558399591592436 -0.0024462970889759152 -0.00012610791286562622 -0.0037714971896004785 -1.8667976371739578e-05 -0.0017140458844778505 -0.0020397295598937192 -0.00037558412681974089 0.0002258829045506945 6.2987693933393663e-06 -6.8474333517637131e-06 0.0024684957062541713 -0.00414689351947566 0.0042378074516175234 0.012304366974589137 -0.0036845217785785346 0.0091635767426847588 -0.0010074107698899832 -0.0033463221602587166 -0.00025969618846972595
leaf_weight=1507 547 15.999999999999998 12.999999999999998 73 29 10.999999999999998 11.999999999999998 13.999999999999998 517 11.999999999999998 55 13.000000000000002 13.999999999999998 10.999999999999998 249 9.9999999999999982 17 19 32 464 11.999999999999998 270 12.999999999999998 71 29 14.000000000000002 12.999999999999998 11.999999999999998 48 626
leaf_count=1507 547 16 13 73 29 11 12 14 517 12 55 13 14 11 249 10 17 19 32 464 12 270 13 71 29 14 13 12 48 626
internal_value=0.00173203 0.000210136 -0.00325593 -0.00705451 -0.0168978 -0.00690476 -0.0327358 0.00169166 0.000901163 -0.0389024 -0.00100273 -0.00963415 -0.0172222 -0.000491329 -0.00308824 -0.00249235 -0.00194006 -0.0075 -0.00186274 0.000426829 0.000798319 0.0023151 0.000957447 -0.002 -0.00114973 -0.00529412 -0.0135185 0.000121951 0.00121849 -0.000212922
internal_weight=4743 3236 969 477 137 84 53 2267 1720 41 733 41 27 692 340 327 317 68 51 492 476 987 470 200 187 68 27 41 119 681
internal_count=4743 3236 969 477 137 84 53 2267 1720 41 733 41 27 692 340 327 317 68 51 492 476 987 470 200 187 68 27 41 119 681
is_linear=0
shrinkage=0.05


Tree=45
num_leaves=31
num_cat=0
split_feature=4 5 4 5 4 8 4 4 6 0 18 4 0 0 17 8 10 17 4 14 17 5 4 14 4 6 7 6 17 17
split_gain=10.195 7.00924 7.37784 13.2041 2.86906 2.59213 2.23107 1.76926 1.9776 1.40351 1.34667 1.33055 1.3508 1.90143 1.21148 1.1433 1.2796 1.03939 0.817331 1.2317 0.806914 0.761299 1.36111 0.673212 0.6606 0.734803 0.658442 0.645362 0.565766 2.76309
threshold=0.057500000000000009 8.4051500000000008 0.18450000000000003 18.804250000000003 0.19550000000000003 3.5000000000000004 0.21150000000000002 4.1945000000000006 0.65424261313658894 5.5000000000000009 1.0000000180025095e-35 0.21150000000000002 17.500000000000004 8.5000000000000018 72.631736757242365 1.5000000000000002 139.58500000000001 79.592418051633629 0.15650000000000003 10627.450000000003 79.927397436919406 27.468850000000003 0.097500000000000017 29765.865000000002 0.16150000000000003 0.87372759483008855 1.0000000180025095e-35 0.56410338867762588 86.859879635012661 86.088953189247604
decision_type=2 2 2 2 2 2 2 2 2 2 2 2 2 2 2 2 2 2 2 2 2 2 2 2 2 2 2 2 2 2
left_child=-1 7 15 11 5 -5 9 8 10 -6 -2 12 13 20 -13 21 17 -17 27 -20 -4 22 -3 -21 -25 -26 -27 -18 29 -10
right_child=1 2 3 4 6 -7 -8 -9 28 -11 -12 14 -14 -15 -16 16 18 -19 19 23 -22 -23 -24 24 25 26 -28 -29 -30 -31
leaf_value=0.00044103892021005593 0.0076106315723281047 -8.6607238059832012e-05 -0.0011755369331992748 -0.00023291506980121376 -0.00032763146038221216 -1.6415577526403797e-05 -0.00072629654884177268 0.013686432663104615 -1.5901338470382602e-06 -0.00058528680392953684 -0.0053129546861930589 -0.0033591743639845594 -0.0021299748372405553 4.4695138050532707e-05 -8.8924800475027548e-05 7.7611435243969568e-05 -9.5429100737598734e-06 -8.0387470322447479e-05 -0.00010421851817780856 3.5192511204561719e-05 -3.0648129195237349e-05 5.7322768572731778e-06 -1.1808982389934388e-05 -0.00010528846936842057 1.2269550856301306e-05 -0.00051978682765009793 1.2724606824613428e-05 2.6291934317061933e-05 0.0016781916118806519 -0.0034419900974729592
leaf_weight=1478 570 11.999999999999998 17.000000000000004 11.000000000000002 9.9999999999999982 18 17 473 995 38 9.9999999999999982 10.999999999999998 13.999999999999998 22 194 10.000000000000002 114 10.999999999999998 13.999999999999998 57 10.999999999999998 10.999999999999998 36 12.999999999999998 38 11.000000000000002 9.9999999999999982 293 92 63
leaf_count=1478 570 12 17 11 10 18 17 473 995 38 10 11 14 22 194 10 114 11 14 57 11 11 36 13 38 11 10 293 92 63
internal_value=0.00156611 -2.19022e-05 -0.00350957 -0.00918733 -0.0253191 -0.0122414 -0.0311538 0.00155016 0.000809249 -0.0366667 0.00318966 -0.00355019 -0.00984375 -0.006 -0.00158537 -0.000238095 0.000446585 -0.0116667 0.000909091 -0.00234266 -0.0146429 -0.00686441 -0.00958333 -0.000813953 -0.00402778 -0.00177966 -0.00928571 0.0020516 -0.000391304 -0.000718336
internal_weight=4674 3196 993 363 94 29 65 2203 1730 48 580 269 64 50 205 630 571 21 550 143 28 59 48 129 72 59 21 407 1150 1058
internal_count=4674 3196 993 363 94 29 65 2203 1730 48 580 269 64 50 205 630 571 21 550 143 28 59 48 129 72 59 21 407 1150 1058
is_linear=0
shrinkage=0.05


Tree=46
num_leaves=31
num_cat=0
split_feature=4 5 4 5 10 4 13 4 6 16 18 6 10 0 17 8 10 9 4 13 0 17 5 4 1 1 9 17 17 2
split_gain=9.87991 6.1382 6.0781 11.9748 2.4017 2.44041 2.32403 1.79902 1.74633 1.70532 1.32126 1.25 1.13498 1.0869 1.03939 0.995752 0.736645 1.71183 0.718109 1.14433 1.0499 0.719598 0.656427 0.840278 0.587919 0.83863 1.5442 0.55276 2.37183 1.21215
threshold=0.057500000000000009 8.4051500000000008 0.18450000000000003 18.804250000000003 427.75000000000006 0.19550000000000003 -11709.779999999997 4.1945000000000006 0.65424261313658894 8.6488521534576126 1.0000000180025095e-35 0.97934157613984107 139.58500000000001 17.500000000000004 79.592418051633629 1.5000000000000002 1089.0850000000003 0.58550000000000002 0.21150000000000002 -4089.8899999999999 10.500000000000002 72.631736757242365 27.468850000000003 0.097500000000000017 3.5000000000000004 2.5000000000000004 0.7320000000000001 86.859879635012661 86.088953189247604 4.5000000000000009
decision_type=2 2 2 2 2 2 2 2 2 2 2 2 2 2 2 2 2 2 2 2 2 2 2 2 2 2 2 2 2 2
left_child=-1 7 12 9 -5 -6 11 8 10 -4 -2 -7 14 -8 -3 22 -17 -18 19 -11 -21 -20 23 -14 25 -23 -27 28 -10 -30
right_child=1 2 3 4 5 6 13 -9 27 18 -12 -13 15 -15 -16 16 17 -19 21 20 -22 24 -24 -25 -26 26 -28 -29 29 -31
leaf_value=0.00041898697419955337 0.0072300999937116991 7.3730863481771708e-05 -0.00081214461076141832 -0.00046252657012724559 -0.0001608232623677755 -1.6198647038320421e-05 -0.00068661384813802279 0.013002111029949382 -1.5106271546862439e-06 1.0168691145294033e-05 -0.0050473069518834051 -0.00050349795942411448 -8.227687615684011e-05 -0.00078953366596682696 -7.636809680632573e-05 1.1082361057256577e-05 -0.0001156747743532755 4.3756437376220656e-05 -0.0031912156457853317 -0.0016020330967060369 -0.0017184551589891916 0.00015168499897229607 5.4456630144097963e-06 -1.1218533270437967e-05 0.00036392106076572065 -0.0019828246953658879 0.00049679506659476103 0.0015942820312866192 -0.0039505476084887034 0.0043620682648921908
leaf_weight=1478 570 10.000000000000002 10.999999999999998 22 23 10 18.000000000000004 473 995 25 9.9999999999999982 10 11.999999999999998 10.999999999999998 10.999999999999998 507 18 25 10.999999999999998 13.999999999999998 19 51 10.999999999999998 36 102 19 17 92 52 10.999999999999998
leaf_count=1478 570 10 11 22 23 10 18 473 995 25 10 10 12 11 11 507 18 25 11 14 19 51 11 36 102 19 17 92 52 11
internal_value=0.0016196 5.63206e-05 -0.00320745 -0.00836088 -0.0237234 -0.0193056 -0.0256122 0.00152746 0.000780347 -0.00299256 0.00301724 -0.0125 -0.000238095 -0.0346552 -0.0116667 0.000155994 0.000818182 -0.00546512 -0.00217054 -0.00706897 -0.0131818 -0.00075 -0.00601695 -0.00854167 -2.64548e-05 -0.00304598 -0.00888889 -0.000347826 -0.000671077 -0.0100794
internal_weight=4674 3196 993 363 94 72 49 2203 1730 269 580 20 630 29 21 609 550 43 258 58 33 200 59 48 189 87 36 1150 1058 63
internal_count=4674 3196 993 363 94 72 49 2203 1730 269 580 20 630 29 21 609 550 43 258 58 33 200 59 48 189 87 36 1150 1058 63
is_linear=0
shrinkage=0.05


Tree=47
num_leaves=31
num_cat=0
split_feature=2 11 5 5 2 5 5 5 2 5 16 8 8 10 17 10 17 16 1 12 5 12 11 6 17 11 16 1 17 17
split_gain=8.12572 3.08802 4.14399 7.55678 4.04087 3.12963 2.18982 2.09539 1.73575 1.68943 1.46408 1.9138 1.33164 2.34155 1.99787 1.12743 1.07149 2.0004 1.2999 1.8 1.25166 1.28976 1.00446 1.00197 1.42607 1.18564 0.965682 1.52826 1.42544 0.907807
threshold=1.5000000000000002 16.000000000000004 18.804250000000003 25.395100000000003 3.5000000000000004 19.608700000000002 2.8433000000000006 27.468850000000003 5.5000000000000009 0.52140000000000009 15.374806499409742 3.5000000000000004 2.5000000000000004 692.58500000000015 77.888303878248323 139.58500000000001 84.950519005563436 10.437155787668628 1.0000000180025095e-35 32002.205000000005 8.4051500000000008 145480.11500000002 10.500000000000002 0.82373251108434509 77.777948957505501 6.5000000000000009 24.844238868594761 4.5000000000000009 84.24627631821248 79.20761830183703
decision_type=2 2 2 2 2 2 2 2 2 2 2 2 2 2 2 2 2 2 2 2 2 2 2 2 2 2 2 2 2 2
left_child=-1 2 9 4 22 -6 -3 16 15 -2 -7 -12 13 23 -15 -5 20 -18 19 -19 -8 29 -4 24 25 -11 -25 28 -28 -22
right_child=1 6 3 8 5 10 7 -9 -10 12 11 -13 -14 14 -16 -17 17 18 -20 -21 21 -23 -24 26 -26 -27 27 -29 -30 -31
leaf_value=0.00039803762548957513 0.015666927167077346 0.011053983248320487 5.7404065409795915e-05 -3.2147261847495932e-05 -0.00062670734692978286 -0.00046721887972245801 0.0016207568959768753 2.9382972664824224e-05 -0.00022190105016351385 -0.0041964366266880248 -0.00032982786903135446 -0.00012337508805860186 4.8385568501457273e-05 -0.0035421989363916421 -0.00013872198040658091 2.5870344675498071e-05 -0.0019786848472887293 0.0029518634829274895 -7.7790001471594547e-05 -0.0050145338795539443 -0.00012012055685256643 -0.0002677503978923453 -6.3651361640801131e-05 4.6620732571588167e-05 3.9097083443288258e-05 -0.0033478503762567067 0.0016831794118319793 -0.0035827672920703685 -0.0077288563767459757 2.8973950320250751e-05
leaf_weight=1282 185 750 18 11.999999999999998 18 17 359 350 33 13.000000000000002 13.999999999999998 23 595 19 18 104 11.999999999999998 10.000000000000002 148 9.9999999999999982 213 9.9999999999999982 13.999999999999998 247 22 11.999999999999998 26 15.999999999999998 11.999999999999998 112
leaf_count=1282 185 750 18 12 18 17 359 350 33 13 14 23 595 19 18 104 12 10 148 10 213 10 14 247 22 12 26 16 12 112
internal_value=0.0016089 0.000327241 -0.00145275 -0.00725296 -0.0175962 -0.0241667 0.00160588 0.000302288 -3.35569e-05 -0.000193133 -0.0181481 -0.0125676 -0.00102041 -0.00331169 -0.0152703 0.00284483 -0.00100686 -0.00444444 -0.00303571 -0.015 -0.000115274 -0.00231343 -0.0028125 -0.00204023 -0.00882979 -0.017 -0.000980066 -0.00703704 -0.00157895 -0.00176923
internal_weight=4674 3392 1418 253 104 72 1974 1224 149 1165 54 37 980 385 37 116 874 180 168 20 694 335 32 348 47 25 301 54 38 325
internal_count=4674 3392 1418 253 104 72 1974 1224 149 1165 54 37 980 385 37 116 874 180 168 20 694 335 32 348 47 25 301 54 38 325
is_linear=0
shrinkage=0.05


Tree=48
num_leaves=31
num_cat=0
split_feature=8 5 11 5 5 5 14 11 17 11 5 16 14 14 12 14 1 16 5 5 7 5 7 3 8 17 12 14 16 14
split_gain=7.08181 2.61353 2.61205 2.35163 7.6657 2.59568 1.63883 1.37584 3.48789 1.31886 1.15312 1.01986 1.75577 1.71264 2.07591 1.38536 0.985157 0.97782 0.902006 2.29904 0.838095 0.720485 0.699592 0.678877 0.698081 0.67073 0.57083 1.69902 1.0744 1.06667
threshold=1.5000000000000002 0.98640000000000005 16.000000000000004 18.804250000000003 19.608700000000002 25.395100000000003 96678.215000000011 14.500000000000002 75.173654396316437 9.5000000000000018 33.640100000000011 9.9613026206330044 48572.810000000005 29765.865000000002 27641.950000000004 14708.765000000001 1.0000000180025095e-35 23.316144429416017 20.395050000000001 26.461000000000002 1.0000000180025095e-35 2.8433000000000006 1.0000000180025095e-35 0.035500000000000011 2.5000000000000004 82.383432754745414 66442.240000000005 101497.13000000002 19.036394175048734 88939.220000000016
decision_type=2 2 2 2 2 2 2 2 2 2 2 2 2 2 2 2 2 2 2 2 2 2 2 2 2 2 2 2 2 2
left_child=18 -2 3 7 20 6 9 23 -9 25 11 12 13 15 -15 -4 -7 -10 -1 -20 -5 -13 -11 24 -3 -6 -23 28 -28 -30
right_child=1 2 10 4 5 16 -8 8 17 22 -12 21 -14 14 -16 -17 -18 -19 19 -21 -22 26 -24 -25 -26 -27 27 -29 29 -31
leaf_value=0.00037813574421509681 0.0075877164832789034 -8.9001632152324719e-05 -0.00063416116865392931 -0.00039908104603669824 -3.7962603628940859e-05 -3.3135801904321666e-05 -0.00025121865477818636 -0.0036330977357375257 5.8581136011188281e-05 -0.00014379816447580409 8.2805150024854577e-05 0.0045472638907077213 3.2319731922570119e-05 -0.001376262228251106 -0.0029054143692327002 0.0037849033710942548 1.0148670213042586e-05 -0.0020420975408942587 -7.5401216288140777e-05 8.435779301873329e-06 -0.00057430730007834154 1.0096132320832942e-05 -0.00011478201925720084 -0.00039827280420565359 0.00044203146870460991 -0.00044090588768218954 -7.8131206793325195e-05 1.8877228141310777e-05 -0.0012424655009453912 -0.0021837900642230363
leaf_weight=1434 640 70 10.999999999999998 10.000000000000002 37 9.9999999999999982 9.9999999999999982 11.999999999999998 28 11.000000000000002 254 371 41 13.000000000000002 13.999999999999998 28 134 9.9999999999999982 10.999999999999998 38 10.999999999999998 650 12.999999999999998 515 143 9.9999999999999982 21 97 15.000000000000002 11.999999999999998
leaf_count=1434 640 70 11 10 37 10 10 12 28 11 254 371 41 13 14 28 134 10 11 38 11 650 13 515 143 10 21 97 15 12
internal_value=0.00167309 0.000346287 -0.000370443 -0.00232422 -0.00658537 -0.00388889 -0.0110494 -0.000976864 -0.009 -0.00838028 0.000939751 0.000326002 -0.00434579 -0.00939394 -0.0190741 -0.00269231 0.000138889 -0.00157895 0.00452798 -0.00214286 -0.0354762 0.000754717 -0.0179167 -0.000425824 0.00194836 -0.00351064 -9.43394e-05 -0.00293103 -0.010625 -0.0172222
internal_weight=4674 3191 2551 1024 246 225 81 778 50 71 1527 1273 107 66 27 39 144 38 1483 49 21 1166 24 728 213 47 795 145 48 27
internal_count=4674 3191 2551 1024 246 225 81 778 50 71 1527 1273 107 66 27 39 144 38 1483 49 21 1166 24 728 213 47 795 145 48 27
is_linear=0
shrinkage=0.05


Tree=49
num_leaves=31
num_cat=0
split_feature=4 5 4 5 4 6 16 4 11 16 17 6 10 11 8 12 18 14 10 17 3 9 16 6 1 16 17 8 3 1
split_gain=9.44704 3.36517 4.00214 8.6219 2.74288 2.62871 1.90831 1.73453 2.16972 1.706 1.31628 2.18598 1.21516 1.14827 1.22249 1.15485 1.12005 1.11468 1.095 2.71695 1.11244 1.30645 1.08662 1.07578 1.33728 2.10288 1.03939 1.00119 0.978247 0.94386
threshold=0.057500000000000009 8.4051500000000008 0.18450000000000003 18.804250000000003 0.19950000000000004 0.99999523405763624 8.6488521534576126 5.9635000000000007 18.500000000000004 27.712592371445911 86.088953189247604 0.8781984776808448 139.58500000000001 142.50000000000003 1.5000000000000002 118714.14000000001 1.0000000180025095e-35 37215.920000000006 692.58500000000015 72.726649991920027 1.9800000000000002 0.77500000000000013 17.076830125905968 0.88157700852377452 4.5000000000000009 24.552292371865907 79.592418051633629 3.5000000000000004 4.1500000000000012 2.5000000000000004
decision_type=2 2 2 2 2 2 2 2 2 2 2 2 2 2 2 2 2 2 2 2 2 2 2 2 2 2 2 2 2 2
left_child=-1 7 12 6 17 16 -4 8 9 18 -10 29 26 14 -14 -15 -6 -5 23 -20 21 -21 -17 24 25 -2 -3 -19 -25 -12
right_child=1 2 3 4 5 -7 -8 -9 10 -11 11 -13 13 15 -16 22 -18 27 19 20 -22 -23 -24 28 -26 -27 -28 -29 -30 -31
leaf_value=0.0003592289570043414 -0.002638283899725734 7.1360672220967903e-05 -0.00069671823958342529 -4.3961203058478054e-05 -0.00022566087335649921 -0.00048411025701711966 -0.00025451692163924142 0.01866375692362051 0.0044184478300424304 -0.0032219740406799757 -0.0017142091989002064 -0.0012570070443913665 -3.76028109118437e-05 -1.7031574800150698e-06 2.3121030648764323e-05 -6.3080160389257362e-07 -0.00071719683797970106 -0.00018790278589383218 -0.0031578189547088104 0.0005349896981485645 -0.0059051991491542461 -0.0024629902853084622 -0.00029392888814067038 0.000254710633971134 0.0043757121013057376 -0.0045203866389386732 -6.3628023005411928e-05 -0.00010694274520167701 -0.0049545373260109389 0.0073002502407731335
leaf_weight=1478 65 10.000000000000002 10.999999999999998 21 11 25 258 316 951 11.999999999999998 36 9.9999999999999982 22 279 285 10.000000000000002 13 10.000000000000002 9.9999999999999982 106 13.999999999999998 23 12.999999999999998 499 44 14.999999999999998 10.999999999999998 13.999999999999998 14.999999999999998 87
leaf_count=1478 65 10 11 21 11 25 258 316 951 12 36 10 22 279 285 10 13 10 10 106 14 23 13 499 44 15 11 14 15 87
internal_value=0.00169448 0.000165832 -0.00225076 -0.00643251 -0.0194681 -0.0276531 -0.00187732 0.00125511 0.000680975 -0.00128892 0.00214022 -0.0025188 0.00015873 0.000566503 0.00271987 -0.00162252 -0.0158333 -0.0105556 -0.00100506 -0.00480392 -0.00304196 -0.00158915 -0.0123913 -9.40437e-05 -0.00427419 -0.008125 -0.0116667 -0.0179167 0.000914397 -0.000691057
internal_weight=4674 3196 993 363 94 49 269 2203 1887 803 1084 133 630 609 307 302 24 45 791 153 143 129 23 638 124 80 21 24 514 123
internal_count=4674 3196 993 363 94 49 269 2203 1887 803 1084 133 630 609 307 302 24 45 791 153 143 129 23 638 124 80 21 24 514 123
is_linear=0
shrinkage=0.05


Tree=50
num_leaves=31
num_cat=0
split_feature=4 5 4 5 5 4 11 5 4 10 5 2 0 16 4 4 2 0 15 14 9 14 16 0 3 7 16 3 10 9
split_gain=10.0353 3.92231 3.06784 7.9123 3.12149 2.10109 1.83375 1.3603 1.29483 1.23468 2.70581 1.10932 1.31134 1.20417 1.06342 1.25027 1.12179 1.0322 1.97878 1.02128 2.56046 0.994224 0.983687 1.79534 1.27337 0.971166 1.44755 1.02633 1.07212 1.17542
threshold=0.057500000000000009 7.8209000000000009 0.18450000000000003 18.804250000000003 19.608700000000002 4.6330000000000009 18.500000000000004 20.716550000000002 0.5675 692.58500000000015 0.86680000000000013 2.5000000000000004 18.500000000000004 26.473335629461616 0.19550000000000003 0.21150000000000002 4.5000000000000009 19.500000000000004 1.0000000180025095e-35 126967.65000000001 0.63350000000000006 62994.575000000004 20.48183243048598 22.500000000000004 0.39750000000000008 1.0000000180025095e-35 25.039850217175594 0.12250000000000001 753.87500000000011 0.63350000000000006
decision_type=2 2 2 2 2 2 2 2 2 2 2 2 2 2 2 2 2 2 2 2 2 2 2 2 2 2 2 2 2 2
left_child=-1 5 11 17 -5 6 9 -6 22 19 -11 12 21 -14 16 -16 -9 25 -19 -2 -21 -3 23 24 -8 26 27 28 29 -4
right_child=1 2 3 4 7 -7 8 14 -10 10 -12 -13 13 -15 15 -17 -18 18 -20 20 -22 -23 -24 -25 -26 -27 -28 -29 -30 -31
leaf_value=0.00034126750915412373 1.5955560249397888e-05 -4.0406421662936466e-05 -0.00028252276859304235 -0.00050973209239173634 -1.831206528186561e-05 0.012963274188289617 0.0015407817019965292 -0.00015768377816605009 0.0038619521966801879 -0.0016858903040925122 -0.0008559836450069175 7.2266957794244895e-06 -7.2340991371177684e-05 -0.00019868639396280246 -0.00051536812883413042 -0.00066581718817725207 2.6467065182307827e-05 -0.00066816518134761962 -0.0004685894717254437 0.0021929655149679895 -0.0057396477170755522 3.1328146765802096e-05 0.0040010984204713372 -0.0042418588483687973 -0.0051337914850538074 9.9988614753326795e-05 -0.00191494579719135 0.00010831229472595373 0.0048626014914602139 -0.0019037666412955866
leaf_weight=1454 538 136 13.000000000000002 21 20 438 91 14.000000000000002 821 17 123 385 54 9.9999999999999982 19.000000000000004 9.9999999999999982 11.999999999999998 19 33 18 19 76 73 12.999999999999998 31 147 18 58 10.999999999999998 13.999999999999998
leaf_count=1454 538 136 13 21 20 438 91 14 821 17 123 385 54 10 19 10 12 19 33 18 19 76 73 13 31 147 18 58 11 14
internal_value=0.00154696 3.07522e-06 -0.00247664 -0.0058802 -0.0184375 0.00121907 0.000441514 -0.0136667 0.001793 -0.0015035 -0.00571429 -0.00037065 -0.00278985 -0.0090625 -0.0177273 -0.0243103 -0.0103846 -0.00202875 -0.00846154 -0.000478261 -0.00851351 -0.000896226 -0.00173077 -0.00425926 -0.00237705 -0.000747126 -0.00421053 -0.00177083 -0.00815789 -0.0135185
internal_weight=4706 3252 1070 409 96 2182 1744 75 1029 715 140 661 276 64 55 29 26 313 52 575 37 212 208 135 122 261 114 96 38 27
internal_count=4706 3252 1070 409 96 2182 1744 75 1029 715 140 661 276 64 55 29 26 313 52 575 37 212 208 135 122 261 114 96 38 27
is_linear=0
shrinkage=0.05


Tree=51
num_leaves=31
num_cat=0
split_feature=4 5 16 17 14 14 0 11 4 17 5 4 5 5 16 0 0 11 14 14 16 3 3 16 0 2 0 11 0 5
split_gain=10.0353 3.50876 1.59891 2.19733 1.55309 2.07724 1.32326 1.21563 2.15352 1.07703 1.07455 3.42795 2.35024 4.03522 1.21998 1.06537 1.04836 2.66667 1.28132 1.02075 1.77289 1.19572 1.00952 0.853114 0.909091 0.815412 1.14558 0.751427 0.975295 1.81034
threshold=0.057500000000000009 1.2634500000000002 10.062635602121558 84.950519005563436 50692.345000000008 29460.475000000002 15.500000000000002 16.000000000000004 5.2980000000000009 77.047895809778893 11.223400000000002 0.17150000000000001 18.804250000000003 19.608700000000002 13.400429754667412 6.5000000000000009 10.500000000000002 10.500000000000002 81014.645000000004 68636.580000000016 19.64238058865444 2.4765000000000006 0.035500000000000011 8.981309587003576 16.500000000000004 2.5000000000000004 18.500000000000004 302.50000000000006 22.500000000000004 5.3347000000000007
decision_type=2 2 2 2 2 2 2 2 2 2 2 2 2 2 2 2 2 2 2 2 2 2 2 2 2 2 2 2 2 2
left_child=-1 7 3 4 5 23 -5 8 15 -7 27 25 22 -14 -15 -2 17 -16 -18 21 -21 -17 -13 -3 -25 26 -12 -4 -29 -30
right_child=1 2 10 6 -6 9 -8 -9 -10 -11 11 12 13 14 16 19 18 -19 -20 20 -22 -23 -24 24 -26 -27 -28 28 29 -31
leaf_value=0.00032420413369641801 0.0011480898570193855 0.00016540173749153426 -0.00019444305770352082 -0.0011752798085636297 3.9798002014889829e-05 -0.0010537047749961722 -0.0022362712108102457 0.021460040082623193 0.010885971524330384 -0.002099641041632632 -1.7121291565438667e-06 7.8985151485641133e-05 -0.00052518045263538228 1.6496931486425027e-05 -0.00056566949066077902 -0.00026888382862717781 -0.00012706190506495349 -7.9648873570738811e-05 -0.00033993259405532016 -0.00015573501761110468 -0.0038502887851565716 -0.0018003745015425226 -0.00063295414060887591 -0.0001144582363238199 -0.00024225847555675085 8.4338695985320213e-06 -7.974481882988492e-05 0.001912894157672046 0.01833199980332734 -0.0040297659059503567
leaf_weight=1454 62 37 919 13.000000000000002 68 9.9999999999999982 14.999999999999998 424 235 31 165 58 15.999999999999998 20 12.000000000000002 94 38 11.999999999999998 10.999999999999998 14.000000000000002 11.999999999999998 21 80 22 9.9999999999999982 314 51 459 15.000000000000002 13.999999999999998
leaf_count=1454 62 37 919 13 68 10 15 424 235 31 165 58 16 20 12 94 38 12 11 14 12 21 80 22 10 314 51 459 15 14
internal_value=0.00154696 3.07522e-06 -0.000983263 -0.00519417 -0.00314607 -0.00681818 -0.0182143 0.00273782 0.000890411 -0.0157317 -0.00058608 -0.00207851 -0.00694332 -0.0124312 -0.00844086 -0.00288177 -0.0114384 -0.02 -0.0072449 -0.00528369 -0.0142308 -0.00326087 -0.0026087 -0.00152174 -0.0075 0.000188679 -0.00217593 0.000238095 0.00182377 -0.00706897
internal_weight=4706 3252 2390 206 178 110 28 862 438 41 2184 777 247 109 93 203 73 24 49 141 26 115 138 69 32 530 216 1407 488 29
internal_count=4706 3252 2390 206 178 110 28 862 438 41 2184 777 247 109 93 203 73 24 49 141 26 115 138 69 32 530 216 1407 488 29
is_linear=0
shrinkage=0.05


Tree=52
num_leaves=31
num_cat=0
split_feature=2 5 5 5 5 2 5 5 9 11 16 3 17 9 6 11 3 10 5 3 16 2 11 10 10 10 11 17 5 10
split_gain=7.62082 2.71567 2.26093 1.85807 1.07459 1.78262 2.7382 4.27726 1.24302 2.19431 1.16524 1.33413 1.08225 1.0043 0.920313 1.16788 1.14681 0.848374 0.812948 1.09814 0.9874 0.797635 1.20262 0.777636 1.09733 2.47396 0.880208 0.767616 0.704215 0.68848
threshold=1.5000000000000002 0.74765000000000004 39.950450000000011 7.8209000000000009 25.836550000000003 3.5000000000000004 18.804250000000003 19.608700000000002 0.3665000000000001 134.50000000000003 9.1600478010937145 0.054500000000000007 79.20761830183703 0.77500000000000013 0.70154595133437869 4.5000000000000009 2.6635000000000004 215.75000000000003 3.4987500000000007 0.53650000000000009 9.9613026206330044 5.5000000000000009 8.5000000000000018 427.75000000000006 567.91500000000008 538.16500000000008 212.50000000000003 72.604730492320087 21.438450000000007 708.37500000000011
decision_type=2 2 2 2 2 2 2 2 2 2 2 2 2 2 2 2 2 2 2 2 2 2 2 2 2 2 2 2 2 2
left_child=-1 -2 3 14 5 10 8 12 9 -7 11 -5 -8 29 15 -3 -16 -6 -17 20 -20 -19 -23 28 25 26 -25 -26 -12 -9
right_child=1 2 -4 4 17 6 7 13 -10 -11 23 -13 -14 -15 16 18 -18 21 19 -21 -22 22 -24 24 27 -27 -28 -29 -30 -31
leaf_value=0.00030799392701159753 0.01029382699971086 -0.0032305182791540158 0.00010786657223727344 -0.00030889220243252773 -3.2570849491582148e-05 0.00022427944263832668 -0.00045798646444507709 -0.00017148077900197299 0.00011081617150118067 -0.00063203689691804829 6.1681267989602712e-05 -0.00021258003210400619 -0.00040835048630802925 -0.0005102927810062244 -0.00014553709649740517 0.0099373774087261665 -0.001485813137559596 7.8000126804682594e-06 -0.0021607521130762477 -0.0093541588611024441 0.0028769992382528466 -0.00062433374789224035 1.0970592815334763e-05 -1.4129521373094465e-06 -0.0020193464633525954 -0.0016448982518222105 -0.00022058391214525267 7.1759918648905547e-07 -3.8300494432922775e-05 8.0638352377575466e-05
leaf_weight=1267 527 9.9999999999999982 251 14.999999999999998 10.999999999999998 13.000000000000002 11.000000000000002 48 100 9.9999999999999982 115 21 9.9999999999999982 13.999999999999998 1003 395 11.999999999999998 225 14.999999999999998 12.999999999999998 207 17 20 48 14.999999999999998 11.999999999999998 15.999999999999998 249 15.999999999999998 20
leaf_count=1267 527 10 251 15 11 13 11 48 100 10 115 21 10 14 1003 395 12 225 15 13 207 17 20 48 15 12 16 249 16 20
internal_value=0.00168508 0.000463798 -0.000133928 -0.000561819 -0.00225646 -0.00325375 -0.0069469 -0.0129612 -0.00191057 -0.0123913 -0.00160749 -0.0102778 -0.0330952 -0.00780488 0.000468278 0.00195313 -0.00046798 0.000421246 0.00222222 -0.000106383 0.000720721 0.000992367 -0.00581081 -0.000944798 -0.00220588 -0.0075 -0.00359375 -0.000681818 0.00232824 -0.00529412
internal_weight=4706 3439 2912 2661 1006 733 226 103 123 23 507 36 21 82 1655 640 1015 273 630 235 222 262 37 471 340 76 64 264 131 68
internal_count=4706 3439 2912 2661 1006 733 226 103 123 23 507 36 21 82 1655 640 1015 273 630 235 222 262 37 471 340 76 64 264 131 68
is_linear=0
shrinkage=0.05


Tree=53
num_leaves=31
num_cat=0
split_feature=2 3 11 14 14 17 0 3 3 3 17 17 17 12 3 3 3 12 12 14 8 10 14 11 9 14 10 15 0 9
split_gain=7.86703 1.19393 1.24842 1.27095 2.06871 1.40747 1.11539 1.17339 1.56717 1.05186 0.876623 0.841444 1.34837 1.19947 1.25339 1.62372 0.878576 0.813588 0.880282 0.768893 0.742477 1.05359 0.89967 0.932482 1.2 0.968756 0.646367 0.622646 0.691637 0.937736
threshold=1.5000000000000002 5.176000000000001 16.000000000000004 148865.80000000002 190849.40500000003 80.857133682186017 4.5000000000000009 0.56150000000000022 0.058500000000000003 0.53650000000000009 83.675003432336979 77.99631710285712 78.364680716677654 2817.9800000000005 0.23050000000000004 0.20850000000000002 0.065500000000000017 19636.725000000002 24498.480000000003 20841.895000000004 4.5000000000000009 901.25000000000011 51118.470000000008 14.500000000000002 0.63350000000000006 49367.580000000009 209.75000000000003 1.0000000180025095e-35 9.5000000000000018 0.77500000000000013
decision_type=2 2 2 2 2 2 2 2 2 2 2 2 2 2 2 2 2 2 2 2 2 2 2 2 2 2 2 2 2 2
left_child=-1 2 3 19 5 -5 -4 8 -8 11 -7 -10 -13 -14 15 16 -15 -18 -19 -2 21 22 23 25 -25 26 -21 -28 29 -29
right_child=1 -3 6 4 -6 10 7 -9 9 -11 -12 12 13 14 -16 -17 17 18 -20 20 -22 -23 -24 24 -26 -27 27 28 -30 -31
leaf_value=0.00029259423066101825 3.9723553294970454e-05 0.023204803479824204 0.00017653621886027138 -0.00040125816892518183 4.1276500657501475e-05 0.0010818561762210611 1.3100146818885893e-05 0.0075891858422100214 1.5541634349682214e-05 -0.0089031670611623478 -0.0023653003071227225 -0.005174003905324266 -0.0048194235160477304 -0.00017605295791153666 0.0030496227645949174 -0.0051964012778217038 9.3650289463856489e-06 -0.00085678554696181014 -0.00011358775390200899 0.0002650452307628441 0.00013786823949134345 -0.0011708689201875028 3.6965976683013814e-06 -0.00062439624513664529 -0.0011952037438336686 -0.0029295122844575265 4.3692924660184264e-05 -0.00036427402071181794 -0.00024883985540718236 -0.00098205966035562714
leaf_weight=1267 376 135 430 10.999999999999998 35 11.000000000000002 641 369 198 10.999999999999998 9.9999999999999982 14.999999999999998 9.9999999999999982 10.999999999999998 139 9.9999999999999982 50 9.9999999999999982 71 30 81 14.999999999999998 365 15.000000000000002 14.999999999999998 14.999999999999998 118 82 129 31
leaf_count=1267 376 135 430 11 35 11 641 369 198 11 10 15 10 11 139 10 50 10 71 30 81 15 365 15 15 15 118 82 129 31
internal_value=0.00163196 0.000391102 0.000202785 -0.000974608 -0.00768657 -0.016875 0.00100509 0.000374593 -0.000403087 -0.00242857 -0.00928571 -0.00210117 -0.00370253 -0.00297342 -0.00238832 -0.00552632 -0.00415493 -0.00301527 -0.00611111 -0.000621069 -0.00141741 -0.00187117 -0.001625 -0.00316092 -0.0116667 -0.00253086 -0.00205128 -0.00263889 -0.00409091 -0.0069469
internal_weight=4706 3439 3304 1339 67 32 1965 1535 1166 525 21 514 316 301 291 152 142 131 81 1272 896 815 800 435 30 405 390 360 242 113
internal_count=4706 3439 3304 1339 67 32 1965 1535 1166 525 21 514 316 301 291 152 142 131 81 1272 896 815 800 435 30 405 390 360 242 113
is_linear=0
shrinkage=0.05


Tree=54
num_leaves=31
num_cat=0
split_feature=4 4 18 4 5 4 13 5 6 16 17 0 9 4 8 6 17 6 13 16 10 4 5 0 15 0 6 10 9 0
split_gain=8.66514 2.81703 1.19298 1.55562 4.10699 4.5491 2.04529 1.36031 1.19395 1.06907 2.31251 1.93773 1.30636 0.99378 1.22456 0.948148 0.896296 0.755057 1.51118 1.35 0.754267 0.817228 0.89214 0.875151 0.89094 0.86642 1.21905 1.42017 0.94902 0.729458
threshold=0.057500000000000009 4.6330000000000009 1.0000000180025095e-35 0.17650000000000002 18.804250000000003 0.20250000000000004 -13190.759999999998 2.3197000000000005 0.57486768869990013 9.9613026206330044 83.675003432336979 15.500000000000002 0.84500000000000008 3.4865000000000004 2.5000000000000004 0.96388927485815512 79.20761830183703 0.92950794147245797 -20132.289999999997 19.64238058865444 272.25000000000006 0.33550000000000008 5.659650000000001 2.5000000000000004 1.0000000180025095e-35 12.500000000000002 0.94643766147104957 347.29000000000002 0.7320000000000001 20.500000000000004
decision_type=2 2 2 2 2 2 2 2 2 2 2 2 2 2 2 2 2 2 2 2 2 2 2 2 2 2 2 2 2 2
left_child=-1 2 7 -4 8 6 -6 17 -5 10 12 -12 -9 20 -15 -16 -7 -2 19 -19 -10 -22 23 -23 -25 26 28 -28 -26 -11
right_child=1 -3 3 4 5 16 -8 9 13 29 11 -13 -14 14 15 -17 -18 18 -20 -21 21 22 -24 24 25 -27 27 -29 -30 -31
leaf_value=0.00027796451912796702 0.0075626650685261011 0.010503697103432316 3.5147656716717696e-05 -0.0012960927270015531 -0.0001289097619640392 -0.00052259399767217557 2.0684333772649365e-05 2.8133673484867345e-05 0.00029060070198898893 3.4417135449056633e-06 2.0081425235259338e-05 -0.0018330517406947339 -0.00036206335196055286 -0.0045257937656557768 -0.0017866725205661243 0.00075360276601476673 -0.0005871423674503383 0.015331988543523474 0.0036338264264371674 -0.0029749780638290632 -0.0010825927963140039 0.00042043409573293939 0.00023461139085451327 0.00059406468556020718 -0.0041916908368112319 -0.00039197844226969045 -0.0024712776105437406 -0.00022342442079289603 -0.0060366782472878423 -0.00057782761374694958
leaf_weight=1454 501 438 133 10.999999999999998 12.999999999999998 12.000000000000002 38 87 87 1125 12.000000000000002 13.999999999999998 14.999999999999998 17 18 27 14.999999999999998 12.000000000000002 61 14.999999999999998 43 55 76 92 17.000000000000004 93 11.999999999999998 51 9.9999999999999982 152
leaf_count=1454 501 438 133 11 13 12 38 87 87 1125 12 14 15 17 18 27 15 12 61 15 43 55 76 92 17 93 12 51 10 152
internal_value=0.00179133 0.000356704 -0.00022388 -0.00182927 -0.00278748 -0.0135897 -0.00480392 0.000436309 -0.00140394 -0.000409252 -0.00476562 -0.0180769 -0.00137255 -0.00110368 -0.00709677 -0.00277778 -0.0301852 0.00245331 -0.00181818 -0.0116667 -0.000410448 -0.00123608 -0.000541872 -0.00166667 -0.00281818 -0.00483607 -0.00833333 -0.00452381 -0.0172222 2.74082e-05
internal_weight=4706 3252 2814 820 687 78 51 1994 609 1405 128 26 102 598 62 45 27 589 88 27 536 449 406 330 275 183 90 63 27 1277
internal_count=4706 3252 2814 820 687 78 51 1994 609 1405 128 26 102 598 62 45 27 589 88 27 536 449 406 330 275 183 90 63 27 1277
is_linear=0
shrinkage=0.05


Tree=55
num_leaves=31
num_cat=0
split_feature=4 4 11 5 5 16 0 17 13 4 5 4 6 13 2 6 0 13 6 1 4 0 12 4 16 10 14 14 14 4
split_gain=8.6668 2.35044 1.7727 1.83704 1.69562 1.60906 2.83583 2.79845 1.33205 1.04038 5.77683 4.88564 1.28805 1.25744 0.935326 1.48545 2.06722 2.025 1.25 1.23485 0.916667 0.896098 0.894277 0.892997 0.872867 0.871089 0.865277 1.95312 0.859524 0.833333
threshold=0.057500000000000009 5.2980000000000009 16.000000000000004 0.86680000000000013 2.3197000000000005 9.9613026206330044 14.500000000000002 83.675003432336979 -10490.359999999999 0.18450000000000003 18.804250000000003 0.20250000000000004 0.99999523405763624 -15476.479999999998 3.5000000000000004 0.88157700852377452 9.5000000000000018 -6816.6599999999989 0.80218334638509392 5.5000000000000009 0.34650000000000003 20.500000000000004 28363.980000000003 1.7285000000000001 27.384269123400671 246.41500000000005 129419.00000000001 141521.39000000004 28117.240000000002 3.8930000000000002
decision_type=2 2 2 2 2 2 2 2 2 2 2 2 2 2 2 2 2 2 2 2 2 2 2 2 2 2 2 2 2 2
left_child=-1 2 3 8 -4 6 -6 20 29 25 14 13 -13 -12 15 16 17 18 -11 24 -8 22 -10 26 -17 28 -7 -28 -5 -2
right_child=1 -3 4 9 5 23 7 -9 21 10 11 12 -14 -15 -16 19 -18 -19 -20 -21 -22 -23 -24 -25 -26 -27 27 -29 -30 -31
leaf_value=0.0002640662931715693 -0.0018824541558320161 0.012014182678771265 0.0076728188418997692 -4.997263644828567e-05 2.5760456867789325e-05 1.6377635229180606e-05 -0.00058240598520929374 -0.0022739022627989583 0.001952386350154237 -0.00028169794018220062 -9.847295271201704e-05 -0.00047648709741948718 -0.00050832355428878911 1.6872895225969249e-05 0.00012877236169130135 0.00014424156610392822 -0.00075301262236337715 -0.0051299787110958327 -0.0058428298324095674 -0.00261415194570599 0.036169310014481051 -0.0023686555597460307 -0.0035779831495293458 -0.0044906623297641009 -0.0028765966851255678 3.2225553262369828e-05 -0.0072014807887763078 2.5287877527841822e-07 -1.4728452637747203e-08 -0.0064159205475119024
leaf_weight=1466 15.000000000000002 361 539 11.999999999999998 67 959 16.000000000000004 15.999999999999998 34 10.000000000000002 9.9999999999999982 11.000000000000002 18 32 338 275 50 20 9.9999999999999982 40 10.999999999999998 10.999999999999998 40 14.999999999999998 10.999999999999998 191 15.999999999999998 64 30 14.999999999999998
leaf_count=1466 15 361 539 12 67 959 16 16 34 10 10 11 18 32 338 275 50 20 10 40 11 11 40 15 11 191 16 64 30 15
internal_value=0.00181055 0.00036608 -0.000111265 -0.00160699 0.000918967 -0.000154639 -0.00590909 -0.0159302 -0.0076087 -0.000954631 -0.00178788 -0.0154225 -0.0312069 -0.00452381 -0.000503979 -0.00209135 -0.00777778 -0.01625 -0.0275 -0.000521472 -0.00611111 -0.00441176 -0.00243243 0.00044592 0.000629371 0.00199571 0.000620789 -0.004375 -0.00452381 -0.0166667
internal_weight=4703 3237 2876 1173 1703 1164 110 43 115 1058 825 71 29 42 754 416 90 40 20 326 27 85 74 1054 286 233 1039 80 42 30
internal_count=4703 3237 2876 1173 1703 1164 110 43 115 1058 825 71 29 42 754 416 90 40 20 326 27 85 74 1054 286 233 1039 80 42 30
is_linear=0
shrinkage=0.05


Tree=56
num_leaves=31
num_cat=0
split_feature=4 4 11 3 5 16 16 4 16 4 11 4 5 4 6 13 6 1 11 3 13 5 16 0 4 0 10 11 11 4
split_gain=8.58651 2.39089 1.34974 2.0912 1.39207 1.67631 2.97424 2.18788 1.31703 1.09203 1.02639 0.900001 2.99248 6.91788 1.53651 1.46894 0.737243 1.02711 1.07137 0.94697 0.930044 1.01937 1.40649 1.33939 2.278 3.51616 0.651539 0.5824 1.19976 1.4949
threshold=0.079500000000000015 5.2980000000000009 16.000000000000004 3.4090000000000003 1.2797500000000002 9.9613026206330044 9.5656601628159912 0.29650000000000004 27.749821074153598 0.28950000000000004 390.00000000000006 0.15650000000000003 18.804250000000003 0.20250000000000004 0.99999523405763624 -15773.634999999998 0.96216758431727289 4.5000000000000009 12.500000000000002 0.17550000000000002 -1031.0849999999998 1.0131500000000002 18.714458632954074 9.5000000000000018 1.6125000000000003 4.5000000000000009 246.41500000000005 130.50000000000003 273.00000000000006 1.5305000000000002
decision_type=2 2 2 2 2 2 2 2 2 2 2 2 2 2 2 2 2 2 2 2 2 2 2 2 2 2 2 2 2 2
left_child=-1 2 3 8 -4 6 9 -8 11 10 -6 26 16 15 -15 -14 17 20 -19 -20 21 22 -13 24 25 -23 -2 -7 29 -29
right_child=1 -3 4 -5 5 27 7 -9 -10 -11 -12 12 13 14 -16 -17 -18 18 19 -21 -22 23 -24 -25 -26 -27 -28 28 -30 -31
leaf_value=0.00025086297851299039 -4.9565207492824013e-06 0.0114134735448327 0.01273174008569917 -0.0071063694805263786 -1.7847868366801894e-06 4.6982197017876817e-05 -3.2528756701888071e-05 -0.0021202316621232917 -0.0026837831686521043 0.0032286330939091134 -0.00043254798590337362 -0.0036038276431150057 -7.9066388824230183e-05 -0.00046640990163592335 -0.0004829073765743498 1.2408478411594473e-05 7.280032947983951e-05 0.00018219796161126896 1.0610015087617989e-05 -0.0061806737047656844 0.00021022961114218494 -2.3909518266566017e-05 -0.002008696928280341 -1.5876871860382977e-05 0.0031361064693493351 -0.0035768304212005692 5.8644927189157458e-05 -0.00019187463293139788 3.9023638173255976e-05 -0.0036671278527882394
leaf_weight=1569 19 361 301 20 23 261 10.000000000000002 11.999999999999998 13.999999999999998 51 14.999999999999998 10.000000000000002 22 10.000000000000002 18 63 521 102 12.000000000000002 9.9999999999999982 55 22 10.999999999999998 83 27 18 106 235 696 26
leaf_count=1569 19 361 301 20 23 261 10 12 14 51 15 10 22 10 18 63 521 102 12 10 55 22 11 83 27 18 106 235 696 26
internal_value=0.00185307 0.000341417 -0.00015687 -0.00147419 0.000766871 7.14825e-05 -0.00581081 -0.0222727 -0.00118878 -0.00174157 -0.00815789 -0.000996393 -0.00150406 -0.00915929 -0.0307143 -0.00205882 -0.000510907 -0.00228571 0.00137097 -0.00863636 -0.00429204 -0.00611111 -0.0164286 -0.00466667 -0.00992537 -0.0175 0.003 0.000607554 3.65728e-05 -0.00285441
internal_weight=4703 3134 2773 1143 1630 1329 111 22 1123 89 38 1109 984 113 28 85 871 350 124 22 226 171 21 150 67 40 125 1218 957 261
internal_count=4703 3134 2773 1143 1630 1329 111 22 1123 89 38 1109 984 113 28 85 871 350 124 22 226 171 21 150 67 40 125 1218 957 261
is_linear=0
shrinkage=0.05


Tree=57
num_leaves=31
num_cat=0
split_feature=2 18 16 0 17 16 14 13 0 17 3 3 3 3 3 3 3 16 12 2 12 0 17 17 12 16 12 17 1 17
split_gain=7.33368 1.10774 1.36739 1.67226 3.35873 2.14609 0.798764 1.16187 0.864464 0.9375 0.746958 0.880925 0.689146 0.704291 0.685714 0.610889 1.25139 0.614432 0.610225 0.66125 0.59867 0.543522 0.587433 1.84782 0.543474 0.59773 0.635437 1.01302 1.50171 1.18788
threshold=1.5000000000000002 1.0000000180025095e-35 9.9613026206330044 14.500000000000002 82.383432754745414 8.710414180480738 122617.96500000001 -26633.499999999996 15.500000000000002 83.371176059820414 1.7620000000000002 0.043500000000000004 1.7030000000000003 0.42900000000000005 0.20150000000000004 5.176000000000001 4.1500000000000012 27.749821074153598 13816.210000000001 2.5000000000000004 64900.12000000001 21.500000000000004 84.950519005563436 81.292060659100315 151596.51500000004 24.844238868594761 11833.525000000003 80.189860868630731 2.5000000000000004 74.881878734822564
decision_type=2 2 2 2 2 2 2 2 2 2 2 2 2 2 2 2 2 2 2 2 2 2 2 2 2 2 2 2 2 2
left_child=-1 2 3 18 -5 -6 15 20 9 14 11 24 13 -13 -9 16 17 21 19 -2 -8 -3 23 -23 25 -4 -27 28 -28 -30
right_child=1 6 10 4 5 -7 7 8 -10 -11 -12 12 -14 -15 -16 -17 -18 -19 -20 -21 -22 22 -24 -25 -26 26 27 -29 29 -31
leaf_value=0.00023831982958734123 -0.0011332860800729542 6.3393860858029797e-06 5.7155840179548916e-05 2.1955793050743282e-05 -0.00013965823365847692 -0.0028581685416041291 -0.0017982087171918963 -3.4293259000807006e-05 5.2351668350411697e-05 -0.0001431765057930106 0.010587781079595685 -1.8654366733142489e-05 -0.0024687012772320032 0.0035946632328356892 -0.0052381641733568584 0.018100648552158326 -0.0062919313945397617 -0.0003194920502134058 8.3259122986624842e-05 0.00011027264437074797 0.00030872458460912768 -6.1093231466129662e-05 0.0004902801648547124 -0.003239125925543573 -6.2067486637284222e-05 0.00011012487804134141 0.00017123480684733629 0.00010109594812736398 -2.4815342001804486e-05 -0.00499292370752234
leaf_weight=1266 18 776 693 42 11.000000000000002 19 10.999999999999998 10.000000000000002 18 15.999999999999998 258 664 11.999999999999998 440 13.999999999999998 50 14.999999999999998 11.999999999999998 93 32 30 43 12.999999999999998 11.999999999999998 10.999999999999998 47 17 38 10.000000000000002 11.999999999999998
leaf_count=1266 18 776 693 42 11 19 11 10 18 16 258 664 12 440 14 50 15 12 93 32 30 43 13 12 11 47 17 38 10 12
internal_value=0.00174676 0.000548444 0.00113157 -0.00267442 -0.00888889 -0.0216667 -0.000833333 -0.00510101 -0.00965517 -0.01375 0.00150318 0.0011677 0.000250896 0.000380435 -0.02 -0.000374593 -0.000683123 -0.000432243 0.000454546 -0.004 0.00134146 -0.000272512 -0.00455882 -0.00681818 0.00240338 0.00255202 -0.000645161 -0.00344156 -0.00910256 -0.0177273
internal_weight=4703 3437 2417 215 72 30 1020 99 58 40 2202 1944 1116 1104 24 921 871 856 143 50 41 844 68 55 828 817 124 77 39 22
internal_count=4703 3437 2417 215 72 30 1020 99 58 40 2202 1944 1116 1104 24 921 871 856 143 50 41 844 68 55 828 817 124 77 39 22
is_linear=0
shrinkage=0.05


Tree=58
num_leaves=31
num_cat=0
split_feature=4 4 11 4 4 4 4 13 10 2 11 17 0 12 17 7 10 10 4 9 13 11 12 12 4 11 15 12 12 4
split_gain=8.841 2.32238 1.65531 1.26184 1.03611 2.07836 5.6052 1.65809 1.1884 1.14577 1.27537 2.7483 1.9488 2.22936 1.14502 1.0616 1.16667 3.65506 1.06058 1.03052 1.63636 0.955114 0.880429 0.846428 0.813402 0.802703 1.21694 0.997403 0.675584 0.675489
threshold=0.057500000000000009 6.4335000000000013 16.000000000000004 0.5675 0.17150000000000001 0.23350000000000004 0.20250000000000004 -15476.479999999998 264.00000000000006 3.5000000000000004 13.500000000000002 79.843901630092844 18.500000000000004 21412.510000000002 78.893797099442182 2.5000000000000004 424.26500000000004 435.41500000000002 3.4865000000000004 0.63350000000000006 -1165.7499999999998 10.500000000000002 22557.560000000001 27641.950000000004 3.5835000000000004 3.5000000000000004 1.0000000180025095e-35 26434.465000000004 38676.530000000006 0.27200000000000008
decision_type=2 2 2 2 2 2 2 2 2 2 2 2 2 2 2 2 2 2 2 2 2 2 2 2 2 2 2 2 2 2
left_child=-1 2 4 -4 8 6 7 28 19 10 15 12 13 -12 -8 16 22 -18 25 -2 -21 -20 -7 -24 -25 26 -19 -28 -6 -11
right_child=1 -3 3 -5 5 9 14 -9 -10 29 11 -13 -14 -15 -16 -17 17 18 21 20 -22 -23 23 24 -26 -27 27 -29 -30 -31
leaf_value=0.00022640383810797472 5.9765846416461037e-05 0.014845956356419965 -4.1349339014902373e-06 0.0034746623804084963 -2.1618654119619224e-05 0.0014622005900096107 -0.00017012631447398029 1.3669116841373742e-05 5.8027201741790291e-05 -0.00019012935624348334 -0.0023502420721476713 0.0005638891189582903 -0.0040938549624527651 -0.00053365819897367782 -0.00056713080749358708 0.0014551105928341948 -0.0053089007400034015 0.0026495974895377702 -0.00071033189010224563 4.7076270613139022e-06 -4.5743901953554988e-05 -0.0058412238770531796 -0.0040975493565229212 0.00012571632194885121 -0.0066561811466369141 1.2596496145849757e-05 -0.0025094593316863844 -0.0027530952344124037 -7.322857669292857e-05 0.0001466367345243878
leaf_weight=1466 20 283 835 906 14.000000000000002 94 10.999999999999998 68 159 12.999999999999998 10.000000000000002 37 10.999999999999998 18 21 63 9.9999999999999982 15.999999999999998 22 11 11 9.9999999999999982 11.999999999999998 73 9.9999999999999982 110 11.000000000000002 9.9999999999999982 10.999999999999998 357
leaf_count=1466 20 283 835 906 14 94 11 68 159 13 10 37 11 18 21 63 10 16 22 11 11 10 12 73 10 110 11 10 11 357
internal_value=0.00177865 0.000319741 -9.47865e-05 0.000893165 -0.00151278 -0.00216403 -0.0082 -0.00198925 0.00176617 -0.00131342 -0.00283366 -0.00881579 -0.0180769 -0.0110714 -0.02625 -0.00180272 -0.00280423 -0.00558201 -0.00393855 -0.00571429 -0.0131818 -0.0121875 -2.64548e-05 -0.00342105 -0.00162651 -0.00214286 -0.00851351 -0.0164286 -0.013 0.000810811
internal_weight=4703 3237 2954 1741 1213 1012 125 93 201 887 517 76 39 28 32 441 378 189 179 42 22 32 189 95 83 147 37 21 25 370
internal_count=4703 3237 2954 1741 1213 1012 125 93 201 887 517 76 39 28 32 441 378 189 179 42 22 32 189 95 83 147 37 21 25 370
is_linear=0
shrinkage=0.05


Tree=59
num_leaves=31
num_cat=0
split_feature=4 4 6 3 17 4 4 4 4 10 6 5 6 8 5 12 15 9 4 17 0 5 0 12 6 3 10 4 8 10
split_gain=9.02248 2.20263 1.08951 1.60002 1.68212 0.892474 2.68529 2.11389 3.16296 1.83094 1.76577 1.63759 1.44048 1.1662 1.35641 1.11297 1.01023 0.923077 0.807692 1.07143 0.79267 0.791696 0.637546 0.891565 0.482218 0.96 0.452308 0.435753 0.434588 0.434576
threshold=0.053500000000000006 6.4335000000000013 0.53161112827105861 3.9975000000000009 80.239892924063327 0.15850000000000003 0.26050000000000006 0.20250000000000004 0.21750000000000003 838.16500000000008 0.6451013731094225 23.097550000000002 0.9358377798968549 1.5000000000000002 27.468850000000003 22165.345000000005 1.0000000180025095e-35 0.7320000000000001 0.18750000000000003 81.591271199904114 4.5000000000000009 4.4715000000000007 5.5000000000000009 52283.235000000008 0.54397849508289597 0.36950000000000005 551.50000000000011 4.0395000000000012 1.5000000000000002 462.83500000000009
decision_type=2 2 2 2 2 2 2 2 2 2 2 2 2 2 2 2 2 2 2 2 2 2 2 2 2 2 2 2 2 2
left_child=-1 2 20 5 -5 13 7 9 11 15 -11 12 -9 14 -4 -7 26 -12 -18 -20 -2 29 -10 -24 25 -8 -17 28 -26 -22
right_child=1 -3 3 4 -6 6 24 8 22 10 17 -13 -14 -15 -16 16 18 -19 19 -21 21 -23 23 -25 27 -27 -28 -29 -30 -31
leaf_value=0.00021508364620257542 0.0050219774284083318 0.014103658538598966 1.0000112447841565e-05 -0.0061640584561895089 -0.00035435881208716741 2.042255905269349e-05 0.0004591756407314851 -4.463648680265761e-05 -0.0001769611626291699 -0.0019150944809418428 -0.00031620783792107279 -0.00049296228744843149 -0.00033000315009349996 3.4318607462932054e-05 -4.0536307657809688e-06 -9.9284246024118362e-05 4.1144463369678474e-05 7.1517035836977821e-05 -0.00012537308822791027 3.0125883069975292e-05 -0.00033791155502699543 -9.3802904868819767e-06 0.00074558325210825199 -0.0013154242401624626 0.012349011114354679 -0.0046334642843850098 -0.00012865511766789814 0.0018902758248327306 -0.00012444078701834114 0.015707626362829102
leaf_weight=1447 146 283 24 15.999999999999998 22 93 10.000000000000002 12.000000000000002 9.9999999999999982 11.999999999999998 13.000000000000002 9.9999999999999982 15.999999999999998 368 14.999999999999998 13.000000000000002 28 11.999999999999998 10.000000000000002 13.999999999999998 25 233 31 10.999999999999998 55 14.999999999999998 11.999999999999998 159 1425 163
leaf_count=1447 146 283 24 16 22 93 10 12 10 12 13 10 16 368 15 13 28 12 10 14 25 233 31 11 55 15 12 159 1425 163
internal_value=0.00171486 0.000254914 -0.000146317 -0.000610972 -0.0107895 -0.000447635 -0.000889852 -0.00526936 -0.0116667 -0.00248792 -0.0125676 -0.0226316 -0.0164286 0.00168305 -0.00653846 -0.000294117 -0.00474026 -0.005 -0.000769231 -0.0075 0.0018254 0.000724466 -0.00365385 -0.000952381 -0.000108173 -0.007 -0.013 -3.05045e-06 -0.00027027 0.0031383
internal_weight=4703 3256 2973 2406 38 2368 1961 297 90 207 37 38 28 407 39 170 77 25 52 24 567 421 52 42 1664 25 25 1639 1480 188
internal_count=4703 3256 2973 2406 38 2368 1961 297 90 207 37 38 28 407 39 170 77 25 52 24 567 421 52 42 1664 25 25 1639 1480 188
is_linear=0
shrinkage=0.05


Tree=60
num_leaves=31
num_cat=0
split_feature=4 4 16 0 16 0 15 9 10 14 11 5 1 9 5 14 4 0 12 4 12 14 9 13 5 13 4 11 15 13
split_gain=10.0082 2.77923 1.10199 2.72306 2.46203 1.94329 1.49554 1.12491 2.28125 0.718981 0.857714 1.94623 1.8421 1.53612 1.29651 1.00002 2.7172 3.55042 5.75783 1.18371 1.03125 0.872727 0.868975 2.02645 0.864205 0.790323 1.4371 0.724915 0.997652 0.678887
threshold=0.057500000000000009 6.4335000000000013 9.9613026206330044 15.500000000000002 9.5656601628159912 17.500000000000004 1.0000000180025095e-35 0.81650000000000011 407.62500000000006 17581.900000000005 16.000000000000004 0.85725000000000018 1.5000000000000002 0.63350000000000006 1.6067500000000001 30819.885000000006 0.87850000000000017 4.5000000000000009 19398.790000000005 0.11850000000000001 18092.315000000006 26196.975000000002 0.84500000000000008 -61351.744999999988 25.836550000000003 -3498.1649999999995 4.980500000000001 14.500000000000002 1.0000000180025095e-35 -6670.5899999999992
decision_type=2 2 2 2 2 2 2 2 2 2 2 2 2 2 2 2 2 2 2 2 2 2 2 2 2 2 2 2 2 2
left_child=-1 2 3 7 6 -6 -5 -2 -9 29 11 12 13 -11 -12 16 19 -18 -19 20 -16 -20 27 -24 -22 26 -14 -13 -29 -4
right_child=1 -3 9 4 5 -7 -8 8 -10 10 14 22 25 -15 15 -17 17 18 21 -21 24 -23 23 -25 -26 -27 -28 28 -30 -31
leaf_value=0.000204329463892447 6.662553941638132e-05 0.015528835569518944 0.00013665352391396205 -0.0033477355727598089 -0.001605403879775885 -0.00081207740928473113 -1.2690193479916605e-05 -0.00025588910431030993 -4.7841729442309084e-05 -0.0070979516044641644 0.0087739861043948791 7.6908708744883962e-06 -0.0020819203673701852 -0.0049962016942839789 -1.6655575836779683e-05 7.0406930650388211e-06 0.003024715668809221 -0.0044241556454721184 0.0075736150378851036 1.8311036502875194e-05 -0.00010138334907063251 -0.010989889857519718 -0.0045382602337474673 -0.00016074133202340497 4.8925794266381713e-05 0.00034923605528338134 0.010114452423232528 -0.0022796789518580297 1.078504909410883e-05 1.5342524854705094e-05
leaf_weight=1452 137 291 107 17 11.000000000000002 9.9999999999999982 42 10.999999999999998 35 19.000000000000004 308 563 20.000000000000004 9.9999999999999982 11.999999999999998 706 19 18 12.000000000000002 132 9.9999999999999982 9.9999999999999982 11.999999999999998 130 22 31 10.999999999999998 12.999999999999998 25 464
leaf_count=1452 137 291 107 17 11 10 42 11 35 19 308 563 20 10 12 706 19 18 12 132 10 10 12 130 22 31 11 13 25 464
internal_value=0.00155579 -3.11702e-06 -0.000467946 -0.00355513 -0.01125 -0.0259524 -0.00601695 -0.000191257 -0.00695652 -0.000162019 -0.000592895 -0.00183453 -0.00873626 -0.0191379 0.000236189 -0.000685441 -0.00351064 -0.0127966 -0.02125 -0.000397727 -0.0075 -0.00409091 -0.000989233 -0.00450704 -0.0028125 -0.00387097 -0.00951613 -0.00015807 -0.0068421 0.00140981
internal_weight=4660 3208 2917 263 80 21 59 183 46 2654 2083 834 91 29 1249 941 235 59 40 176 44 22 743 142 32 62 31 601 38 571
internal_count=4660 3208 2917 263 80 21 59 183 46 2654 2083 834 91 29 1249 941 235 59 40 176 44 22 743 142 32 62 31 601 38 571
is_linear=0
shrinkage=0.05


Tree=61
num_leaves=31
num_cat=0
split_feature=4 4 14 14 1 0 14 5 11 0 10 14 4 5 13 14 6 4 4 5 14 4 11 13 6 10 6 1 0 3
split_gain=9.27651 2.5683 0.900125 1.93783 2.47083 1.3711 1.16814 1.35845 1.27145 3.22667 0.871011 1.11452 0.760361 2.20264 3.50772 2.64961 1.20977 1.14155 2.14041 3.57143 2 0.897434 1.34207 0.864286 1.1187 0.920229 1.10455 0.8149 0.631313 0.624217
threshold=0.065500000000000017 6.4335000000000013 51118.470000000008 49516.825000000004 4.5000000000000009 13.500000000000002 22370.155000000002 36.613600000000012 1080.5000000000002 16.500000000000004 703.83500000000015 22869.565000000006 1.5830000000000002 2.6391500000000003 -3498.1649999999995 37444.230000000003 0.8781984776808448 0.44900000000000007 0.19950000000000004 18.804250000000003 28931.245000000006 2.9760000000000004 4.5000000000000009 -4030.8149999999991 0.74632612951603416 442.58500000000009 0.57744465616611473 5.5000000000000009 7.5000000000000009 0.31200000000000006
decision_type=2 2 2 2 2 2 2 2 2 2 2 2 2 2 2 2 2 2 2 2 2 2 2 2 2 2 2 2 2 2
left_child=-1 2 3 6 5 -5 7 29 10 -10 12 -12 13 14 15 -8 -14 18 23 20 -20 27 -23 -15 25 -25 -27 -18 -24 -2
right_child=1 -3 -4 4 -6 -7 8 -9 9 -11 11 -13 16 17 -16 -17 21 -19 19 -21 -22 22 28 24 -26 26 -28 -29 -30 -31
leaf_value=0.00019411299069782423 3.6403725425351615e-05 0.014752393791042992 1.7681816521085587e-05 -0.0013368970073830916 0.015792605407212289 -0.0030551853013573577 -0.0041450583932441075 -5.0851785433735478e-05 5.9609653706014468e-05 -0.0032108041673994492 -0.0028508284077496684 3.7410837823833825e-05 0.011049201863707451 1.6975188446862555e-05 0.00023779977896613846 -0.00081258858741973584 0.0011566160599521991 0.00047262920413484338 -0.0042998270635084355 -0.00041708071192101369 -0.00019493425601752881 -0.0030914301522982218 0.00018427350576326061 -1.3435344711049882e-05 9.6616595176077122e-05 -0.00030289013937355994 -0.00030902817431985899 -0.0026992534965936711 -0.0042721003324396097 -0.00028107543997448598
leaf_weight=1486 531 291 1038 15.000000000000002 15.999999999999998 15.999999999999998 14.000000000000002 15.999999999999998 15.000000000000002 9.9999999999999982 18 322 72 84 26 10.999999999999998 44 146 13.999999999999998 11.999999999999998 49 9.9999999999999982 18 14.999999999999998 23 12.000000000000002 9.9999999999999982 12.999999999999998 14.999999999999998 298
leaf_count=1486 531 291 1038 15 16 16 14 16 15 10 18 322 72 84 26 11 44 146 14 12 49 10 18 15 23 12 10 13 15 298
internal_value=0.00170601 0.000179584 -0.000272286 -0.000934959 -0.0109574 -0.0191935 -0.00067297 0.000680474 -0.00187303 -0.013 -0.00157328 0.000441177 -0.00273809 -0.00389423 -0.0136275 -0.027 5.81397e-05 -0.00253425 -0.00481735 -0.0116667 -0.00690476 -0.0035 -0.00895349 -0.00125 -0.00583333 -0.0112162 -0.0177273 0.000614035 -0.00409091 0.000958987
internal_weight=4660 3174 2883 1845 47 31 1798 845 953 25 928 340 588 416 51 25 172 365 219 75 63 100 43 144 60 37 22 57 33 829
internal_count=4660 3174 2883 1845 47 31 1798 845 953 25 928 340 588 416 51 25 172 365 219 75 63 100 43 144 60 37 22 57 33 829
is_linear=0
shrinkage=0.05


Tree=62
num_leaves=31
num_cat=0
split_feature=4 4 11 5 3 9 11 16 16 7 5 16 11 12 14 14 9 16 5 16 14 5 17 16 5 13 17 11 16 12
split_gain=8.79993 2.41981 0.804716 1.7882 1.72328 1.77017 1.00993 1.79424 1.13706 0.836349 0.778747 0.754948 1.04922 1.0737 0.683169 1.58857 1.46746 0.690715 0.854062 0.801852 0.738796 0.60286 0.579513 0.535117 0.487934 1.29588 0.838981 1.20256 2.65066 0.844435
threshold=0.057500000000000009 6.4335000000000013 16.000000000000004 1.6067500000000001 2.9730000000000003 0.63350000000000006 14.500000000000002 24.666106800795284 14.931015983914163 2.5000000000000004 1.6603500000000004 9.5656601628159912 10.500000000000002 17595.155000000002 126967.65000000001 167950.71500000005 0.77500000000000013 19.830958086599626 0.81855000000000011 19.226194251275214 37695.645000000011 40.10840000000001 79.31430202845344 8.8275008826318047 2.8433000000000006 -115415.94499999999 81.194683586968679 974.50000000000011 13.467251184966097 151596.51500000004
decision_type=2 2 2 2 2 2 2 2 2 2 2 2 2 2 2 2 2 2 2 2 2 2 2 2 2 2 2 2 2 2
left_child=-1 2 4 -4 6 22 9 8 -8 11 -5 12 13 -2 17 16 -16 18 -13 -20 -21 -11 -6 -15 -12 -26 29 -28 -29 -27
right_child=1 -3 3 10 5 -7 7 -9 -10 21 24 14 -14 23 15 -17 -18 -19 19 20 -22 -23 -24 -25 25 26 27 28 -30 -31
leaf_value=0.00018440734116293296 -0.0010192992608922646 0.014014774101490844 0.0088702346797322872 -0.0049149549326609329 -0.0043205868190040455 -0.0088525948768072536 -0.00088078241853393785 -0.0018473594610237823 4.6672546517890028e-05 4.3650550069911228e-05 0.00076865612531180428 -0.0020912141844664149 0.00266029780306731 -0.0036202091768122377 -0.0016447676759193377 4.7521840984455233e-05 -0.005244838685588657 5.5374066114949916e-05 -2.2407304979799265e-05 -0.00014695074686225736 -0.0036589830463854196 -7.9571077582678198e-05 0.0017414107561366931 0.00027375680073405236 -0.00014565102972925482 2.7562625820104921e-05 -9.6249393668624791e-05 -0.0037941859964363504 -8.2084512397540051e-07 -0.00026979210073761897
leaf_weight=1452 18 291 414 14.999999999999998 12.000000000000002 18 20 11.999999999999998 37 261 226 17 13.999999999999998 13.000000000000002 18 38 10.000000000000002 301 341 10.000000000000002 12.999999999999998 9.9999999999999982 19 9.9999999999999982 10.999999999999998 602 407 10.999999999999998 23 15.999999999999998
leaf_count=1452 18 291 414 15 12 18 20 12 37 261 226 17 14 13 18 38 10 301 341 10 13 10 19 10 11 602 407 11 23 16
internal_value=0.00177039 0.000308604 -0.000125128 0.000565218 -0.00112416 -0.0103061 -0.000730533 -0.0065942 -0.00289474 -0.000353817 -0.000339435 -0.00116438 -0.00681818 -0.0108537 -0.000748663 -0.00560606 -0.0146429 -0.000278592 -0.00169291 -0.00118132 -0.0102174 0.00204797 -0.00306452 -0.00369565 -0.000208333 -0.000654205 -0.000476865 -0.00214286 -0.0111765 0.000711974
internal_weight=4660 3208 2917 1725 1192 49 1143 69 57 1074 1311 803 55 41 748 66 28 682 381 364 23 271 31 23 1296 1070 1059 441 34 618
internal_count=4660 3208 2917 1725 1192 49 1143 69 57 1074 1311 803 55 41 748 66 28 682 381 364 23 271 31 23 1296 1070 1059 441 34 618
is_linear=0
shrinkage=0.05


Tree=63
num_leaves=31
num_cat=0
split_feature=4 5 3 3 6 5 0 17 17 0 4 11 3 3 0 5 3 4 11 0 4 11 6 11 0 1 0 4 11 16
split_gain=7.97057 2.2926 0.746461 0.545479 0.609025 0.534128 0.812876 0.469666 0.528234 1.91471 0.505969 1.12629 0.926423 0.886904 0.77702 0.824176 0.772312 0.737774 0.652805 1.07143 0.620572 0.837607 0.898504 0.6369 0.795588 1.64276 1.10313 0.882059 1.13147 0.871378
threshold=0.079500000000000015 0.45025000000000009 0.0055000000000000005 4.1500000000000012 0.95971183088534107 40.10840000000001 13.500000000000002 72.726649991920027 72.984132124666615 17.500000000000004 0.5675 18.500000000000004 0.29950000000000004 0.32550000000000007 21.500000000000004 1.0675500000000002 0.53650000000000009 1.9055000000000002 1080.5000000000002 15.500000000000002 0.15350000000000003 193.50000000000003 0.33843690724107872 740.00000000000011 7.5000000000000009 1.0000000180025095e-35 4.5000000000000009 0.21150000000000002 227.50000000000003 9.6930899118086646
decision_type=2 2 2 2 2 2 2 2 2 2 2 2 2 2 2 2 2 2 2 2 2 2 2 2 2 2 2 2 2 2
left_child=-1 -2 -3 5 -5 7 -7 -4 9 -9 16 12 -12 -14 -15 -16 20 18 -13 -20 21 -10 -23 24 25 26 -22 28 -27 -26
right_child=1 2 3 4 -6 6 -8 8 10 -11 11 17 13 14 15 -17 -18 -19 19 -21 23 22 -24 -25 29 27 -28 -29 -30 -31
leaf_value=0.00017518697410478652 0.016815929566785369 3.4865374815225358e-05 0.0001165225335274752 0.0042884526826394822 -0.0042902815057897867 -3.926337125715318e-05 3.2364375626630051e-05 0.00011292918080063643 5.1688029213349327e-05 -0.0075042690819076361 0.00095927176657343736 0.00069406282496673475 -0.002407387835257427 -0.00051790367082773495 -0.0028625982039263411 -0.00011372308683296045 -0.0056770293457308278 0.0092650424641812709 0.0034021791194248476 -0.0030562493236715067 -4.5708556586306419e-05 -0.00029088060711796265 2.2029028760477672e-08 0.0024946302215036516 -0.00066217085147064606 -5.5087762015057292e-05 -0.0040663562800941928 3.032045555845576e-05 -0.0018013800569731519 -0.00010488466888970273
leaf_weight=1543 257 687 90 11.000000000000002 11.999999999999998 19 15.999999999999998 31 117 9.9999999999999982 133 352 11.999999999999998 365 12.000000000000002 13.999999999999998 9.9999999999999982 248 14.000000000000002 9.9999999999999982 11.000000000000002 12.999999999999998 104 66 27 43 17 76 10.999999999999998 329
leaf_count=1543 257 687 90 11 12 19 16 31 117 10 133 352 12 365 12 14 10 248 14 10 11 13 104 66 27 43 17 76 11 329
internal_value=0.00193133 0.00047642 6.99303e-05 -0.000384261 -0.00804348 -0.000302325 -0.00642857 -0.000200945 -0.000358024 -0.00597561 -0.000241935 0.000431035 -0.00125 -0.00244417 -0.00203325 -0.0103846 -0.00118932 0.001875 0.000478724 -0.0075 -0.00101966 0.00115385 -0.00183761 -0.00189655 -0.00249027 -0.00544304 -0.0164286 -0.00307692 -0.00796296 -0.00117978
internal_weight=4660 3117 2860 2173 23 2150 35 2115 2025 41 1984 1160 536 403 391 26 824 624 376 24 814 234 117 580 514 158 28 130 54 356
internal_count=4660 3117 2860 2173 23 2150 35 2115 2025 41 1984 1160 536 403 391 26 824 624 376 24 814 234 117 580 514 158 28 130 54 356
is_linear=0
shrinkage=0.05


Tree=64
num_leaves=31
num_cat=0
split_feature=4 4 14 14 1 16 14 14 14 16 14 13 12 6 3 3 12 16 14 10 17 4 17 14 4 3 13 4 4 13
split_gain=7.88926 1.97367 0.881064 1.70567 2.15237 1.41062 1.81396 2.73079 1.83721 1.22198 1.41681 0.910753 1.03939 0.898284 1.56793 0.706033 0.679158 0.62788 1.7912 2.40385 0.607707 0.529699 0.732639 0.527472 0.521552 0.536948 0.968948 0.548226 0.785714 0.530303
threshold=0.057500000000000009 6.4335000000000013 51118.470000000008 49516.825000000004 4.5000000000000009 9.9613026206330044 29765.865000000002 33331.840000000004 45355.885000000002 8.8275008826318047 13911.720000000003 -29075.569999999996 43932.43 0.8180170090501333 2.8065000000000002 0.18750000000000003 8955.8150000000023 24.911032000072755 96678.215000000011 684.75000000000011 72.207311419098531 0.61900000000000011 87.546192201192099 73266.340000000011 2.3510000000000004 0.16050000000000003 -19532.299999999999 0.10350000000000001 0.087500000000000008 -32230.204999999998
decision_type=2 2 2 2 2 2 2 2 2 2 2 2 2 2 2 2 2 2 2 2 2 2 2 2 2 2 2 2 2 2
left_child=-1 2 3 5 11 6 9 -8 15 -2 -11 -5 -13 20 17 -9 24 -15 -19 -20 -4 22 -22 -16 25 27 29 28 -7 -27
right_child=1 -3 13 4 -6 16 7 8 -10 10 -12 12 -14 14 23 -17 -18 18 19 -21 21 -23 -24 -25 -26 26 -28 -29 -30 -31
leaf_value=0.00016642762539954698 0.00019112620690651 0.01258849727912608 -0.002643974330360092 -0.0023253460946144069 0.014983487424289333 2.1035938537460159e-05 -0.004435186103428055 0.00011288473664759591 -0.001027382865627213 -0.00094243911430626497 2.7835295560267104e-05 -0.00020239120065062893 -0.0068389466092695032 2.464383348404969e-05 -0.0079234622786641517 -0.0013697851069506782 -1.5135572233491174e-05 0.00019032107635682486 -0.0065344543194699499 0.00022248510692766973 3.3995510202331909e-05 0.0081935143626713277 -0.00226567987571641 -0.0064848932512012961 0.0056732202021882311 -0.0026721436310278238 0.00038810986215051003 6.5008934302177289e-05 -1.5374218920524635e-05 -0.0025906647891304219
leaf_weight=1452 51 291 17 9.9999999999999982 15.999999999999998 11.000000000000002 13.999999999999998 22 9.9999999999999982 18 32 10.000000000000005 10.999999999999998 361 12.000000000000002 19 1141 32 16.000000000000004 9.9999999999999982 282 296 19 13.999999999999998 98 11.000000000000002 94 266 13.999999999999998 9.9999999999999982
leaf_count=1452 51 291 17 10 16 11 14 22 10 18 32 10 11 361 12 19 1141 32 16 10 282 296 19 14 98 11 94 266 14 10
internal_value=0.00194206 0.00055798 0.000166267 -0.000489774 -0.00989362 -0.00024572 -0.00463855 -0.0111538 -0.00578431 -0.000445544 -0.006 -0.0175806 -0.0116667 0.00131728 -0.000393258 -0.00109756 0.000197569 0.000346062 -0.00448276 -0.0142308 0.002557 0.00282245 0.00134552 -0.0123077 0.00172619 0.000935961 -0.00195652 0.00207904 -0.005 -0.0116667
internal_weight=4660 3208 2917 1858 47 1811 166 65 51 101 50 31 21 1059 445 41 1645 419 58 26 614 597 301 26 504 406 115 291 25 21
internal_count=4660 3208 2917 1858 47 1811 166 65 51 101 50 31 21 1059 445 41 1645 419 58 26 614 597 301 26 504 406 115 291 25 21
is_linear=0
shrinkage=0.05


Tree=65
num_leaves=31
num_cat=0
split_feature=4 4 11 5 5 3 10 5 2 10 12 11 12 10 17 4 5 13 13 4 10 11 4 15 9 5 4 17 0 0
split_gain=8.13486 1.94296 0.690769 1.46124 1.54631 1.06864 0.876001 0.960763 0.734484 0.913306 0.798096 2.78571 1.02648 1.77573 0.6897 0.666667 0.979757 0.644549 0.839635 1.06013 1.37519 0.63478 0.825 1.33682 0.556603 0.569715 3.29364 2 0.689547 0.996714
threshold=0.053500000000000006 6.4335000000000013 16.000000000000004 1.2797500000000002 1.3157000000000003 0.48950000000000005 209.75000000000003 0.48985000000000006 4.5000000000000009 778.10000000000014 110273.85000000002 8.5000000000000018 14000.685000000003 587.62500000000011 72.168219844653805 1.4795000000000003 1.2797500000000002 -27659.384999999998 -20405.089999999997 0.55550000000000022 774.87500000000011 14.500000000000002 0.18750000000000003 1.0000000180025095e-35 0.26800000000000007 18.804250000000003 0.20250000000000004 80.098593039725642 8.5000000000000018 21.500000000000004
decision_type=2 2 2 2 2 2 2 2 2 2 2 2 2 2 2 2 2 2 2 2 2 2 2 2 2 2 2 2 2 2
left_child=-1 2 5 -4 -5 21 -7 -8 9 10 12 -12 13 15 -6 -9 -17 -16 19 -19 -21 24 -23 -24 -2 28 -27 -28 -26 -30
right_child=1 -3 3 4 14 6 7 8 -10 -11 11 -13 -14 -15 17 16 -18 18 -20 20 -22 22 23 -25 25 26 27 -29 29 -31
leaf_value=0.00015810624412957027 0.00011914470295217447 0.010172120636059464 0.012157019148794029 -0.0033179105942002674 -0.0026295562645955069 0.0030767906842279788 -0.0031775844905458234 0.0023368786596957808 0.0011121232376301723 -0.0030447197606332812 0.0046339386751958053 -0.0076878162564027646 -0.00032602002156552741 -0.0023499981311561344 7.6211000919573424e-05 0.0015899750412411236 -0.002337333711550153 4.8759289741132432e-05 8.7591479322514302e-06 -0.0011923649259675728 -0.0043514414004503198 3.5533243954480254e-05 -0.0016899975352604965 -4.6931763792804423e-05 -0.00010395194205939502 2.9016785678621749e-06 -8.3133962927335516e-05 -0.00043146144926640051 0.00031996451626023302 -0.00040292852536519264
leaf_weight=1480 84 286 331 13.999999999999998 11.999999999999998 51 17 15.999999999999998 43 17 13.000000000000002 13.999999999999998 144 13.999999999999998 255 19 12.999999999999998 29 1094 23 13.999999999999998 14.999999999999998 12.999999999999998 27 216 162 15.999999999999998 15.999999999999998 286 40
leaf_count=1480 84 286 331 14 12 51 17 16 43 17 13 14 144 14 255 19 13 29 1094 23 14 15 13 27 216 162 16 16 286 40
internal_value=0.00192082 0.000537341 0.000162899 0.000795711 0.000107564 -0.000744336 -0.00303324 -0.00403226 -0.00336177 -0.0044 -0.00358369 -0.0116667 -0.00252427 -0.00790323 0.000269797 -0.00333333 -0.0075 0.000371025 -0.00012931 -0.00560606 -0.0112162 0.0002 -0.005 -0.00875 0.000548781 0.000108696 -0.00221649 -0.016875 0.00094096 0.00239264
internal_weight=4774 3294 3008 1772 1441 1236 361 310 293 250 233 27 206 62 1427 48 32 1415 1160 66 37 875 55 40 820 736 194 32 542 326
internal_count=4774 3294 3008 1772 1441 1236 361 310 293 250 233 27 206 62 1427 48 32 1415 1160 66 37 875 55 40 820 736 194 32 542 326
is_linear=0
shrinkage=0.05


Tree=66
num_leaves=31
num_cat=0
split_feature=4 4 14 14 1 0 17 16 16 0 2 10 5 4 5 13 0 14 1 17 13 0 10 14 14 4 5 12 4 5
split_gain=8.13486 1.94296 0.663041 2.05874 1.93015 1.44118 0.838689 0.762747 1.58437 2.00366 3.37502 1.13636 0.804571 0.924628 6.42703 1.18897 0.886462 0.860274 0.743395 1.52026 2.43273 0.840847 0.97188 0.712926 1.11082 1.7377 2.86835 0.99171 0.776891 0.710226
threshold=0.053500000000000006 6.4335000000000013 51118.470000000008 49516.825000000004 4.5000000000000009 13.500000000000002 72.604730492320087 9.9613026206330044 8.710414180480738 15.500000000000002 3.5000000000000004 595.87500000000011 8.0510000000000019 0.20250000000000004 18.804250000000003 -1.0000000180025095e-35 21.500000000000004 17581.900000000005 5.5000000000000009 75.509946997295643 -5873.7399999999989 13.500000000000002 385.75000000000006 122617.96500000001 167950.71500000005 1.2530000000000003 1.5880000000000003 145480.11500000002 3.6975000000000002 12.975200000000001
decision_type=2 2 2 2 2 2 2 2 2 2 2 2 2 2 2 2 2 2 2 2 2 2 2 2 2 2 2 2 2 2
left_child=-1 2 3 7 5 -5 -4 8 -2 -10 11 -11 17 15 16 -14 -15 -9 -19 20 -20 22 -21 -8 25 27 28 -25 -27 -17
right_child=1 -3 6 4 -6 -7 23 12 9 10 -12 -13 13 14 -16 29 -18 18 19 21 -22 -23 -24 24 -26 26 -28 -29 -30 -31
leaf_value=0.00015020093192309183 5.5434465833227337e-05 0.0096635146042564918 -0.00025043523372192237 -0.0026018320687576568 0.01434069664574876 -0.0025857970536737633 6.604099461457039e-05 0.0019364261643724215 -0.00011726308991052886 -9.4242867227147973e-05 5.6555870547661752e-05 -0.0024535652698924018 8.3412350482933308e-06 5.3501857098400975e-05 -0.00040738539583045908 -0.0017535405878195773 -0.0011123097916032304 0.00019701242181420988 -0.0019807282635690474 -0.0020359985959730064 5.631112599545716e-05 0.013978901589290894 -0.00010391106156248677 5.150292201931634e-05 7.590572209823853e-05 0.0022007861657884825 -0.0065702732853777221 -0.00080762382803231713 -0.0020190781814453181 -2.3595474763817398e-05
leaf_weight=1480 64 286 56 17 13.999999999999998 17 799 381 59 11.000000000000002 14.999999999999998 10.999999999999998 332 130 19 27 13.999999999999998 584 13.000000000000002 10.999999999999998 17 41 48 61 121 20 13.999999999999998 15.999999999999998 13.999999999999998 82
leaf_count=1480 64 286 56 17 14 17 799 381 59 11 15 11 332 130 19 27 14 584 13 11 17 41 48 61 121 20 14 16 14 82
internal_value=0.00192082 0.000537341 0.000162899 -0.000401153 -0.010625 -0.0170588 0.00113987 -0.00013717 -0.0034375 -0.0075 -0.0166216 -0.0290909 0.000173632 -0.00129139 -0.0045092 -0.000102041 -0.000902778 0.000981735 -4.20166e-05 -0.00346154 -0.0133333 -0.0005 -0.00432203 0.00145933 -0.000894309 -0.0042 -0.0116667 0.000454546 -0.00382353 -0.00463303
internal_weight=4774 3294 3008 1907 48 34 1101 1859 160 96 37 22 1699 604 163 441 144 1095 714 130 30 100 59 1045 246 125 48 77 34 109
internal_count=4774 3294 3008 1907 48 34 1101 1859 160 96 37 22 1699 604 163 441 144 1095 714 130 30 100 59 1045 246 125 48 77 34 109
is_linear=0
shrinkage=0.05


Tree=67
num_leaves=31
num_cat=0
split_feature=4 4 11 5 4 16 6 14 0 5 1 10 4 5 2 5 14 14 11 4 14 14 0 0 10 6 5 4 14 13
split_gain=7.96969 1.7316 0.933456 1.20452 1.49238 2.97527 0.832319 1.56183 0.851096 0.788239 2.21187 0.627323 0.648126 4.19515 1.13926 0.945015 1.8648 0.84497 2.06127 1.2803 0.828954 2.62229 0.815408 1.48777 0.796215 0.653301 1.92857 1.63333 0.8 0.578571
threshold=0.053500000000000006 6.4335000000000013 16.000000000000004 2.8433000000000006 1.0595000000000001 20.184618689586042 0.34172086052332584 20590.875000000004 21.500000000000004 0.56420000000000015 1.5000000000000002 139.58500000000001 0.19750000000000004 23.097550000000002 4.5000000000000009 15.965000000000002 48572.810000000005 124341.93000000001 8.5000000000000018 1.1845000000000001 51118.470000000008 48572.810000000005 21.500000000000004 22.500000000000004 264.00000000000006 0.88157700852377452 2.5995000000000004 1.8865000000000001 25005.360000000004 -89.854999999999976
decision_type=2 2 2 2 2 2 2 2 2 2 2 2 2 2 2 2 2 2 2 2 2 2 2 2 2 2 2 2 2 2
left_child=-1 2 9 -4 6 -6 7 -5 -9 10 -2 -11 24 14 15 17 -17 20 -19 -20 21 22 25 -24 -13 26 27 -14 -29 -12
right_child=1 -3 3 4 5 -7 -8 8 -10 11 29 12 13 -15 -16 16 -18 18 19 -21 -22 -23 23 -25 -26 -27 -28 28 -30 -31
leaf_value=0.00014269088532693763 -0.0076718750563259941 0.0091803388740436653 0.0059361384284766167 -0.00020041740482897128 0.0009122698206803601 -0.00633122690621786 1.2864407204362598e-05 3.9985172132004374e-05 -0.0015362885699495435 5.4137600860208424e-05 0.010464849891246563 -1.9557644871505949e-05 -0.0053181905630326964 -0.00038534747121485036 0.00013356463319654616 -0.00025461046398453341 5.4720358047293126e-05 0.00041128301299070554 -0.0011794015907216815 -0.0065034866559548384 0.00038803033548777632 -0.0022184541983263631 -0.0021625367570318474 0.0022871468026351757 2.7065412007986382e-05 5.04060521318123e-05 0.00096869507046833017 -0.0020645157921619461 0.023764638232662408 -0.00082909433793300574
leaf_weight=1480 10.999999999999998 286 661 18 26 15.999999999999998 954 87 9.9999999999999982 64 18 25 11.999999999999998 21 194 11.000000000000002 12.999999999999998 24 11.000000000000002 15.999999999999998 175 17 15.999999999999998 21 214 319 24 10.000000000000002 9.9999999999999982 10.000000000000002
leaf_count=1480 11 286 661 18 26 16 954 87 10 64 18 25 12 21 194 11 13 24 11 16 175 17 16 21 214 319 24 10 10 10
internal_value=0.00195224 0.000582878 0.000229388 0.000965011 -4.05039e-05 -0.00928571 0.000322732 -0.00369565 -0.00118557 -0.000825243 -0.00782051 -0.000597326 -0.000869373 -0.0014877 -0.000956472 -0.00192194 -0.0116667 -0.00156489 -0.0077451 -0.0172222 -0.00104305 -0.00222611 -0.00143204 -0.00851351 0.00144351 -0.000733333 -0.00571429 -0.01375 -0.005 -0.000357143
internal_weight=4774 3294 3008 1772 1111 42 1069 115 97 1236 39 1197 1133 894 873 679 24 655 51 27 604 429 412 37 239 375 56 32 20 28
internal_count=4774 3294 3008 1772 1111 42 1069 115 97 1236 39 1197 1133 894 873 679 24 655 51 27 604 429 412 37 239 375 56 32 20 28
is_linear=0
shrinkage=0.05


Tree=68
num_leaves=31
num_cat=0
split_feature=4 4 9 10 4 4 3 3 18 4 4 16 16 0 10 14 11 10 16 4 15 16 8 11 5 9 14 12 10 11
split_gain=8.13486 1.77428 0.649817 1.44153 1.23954 1.51258 1.58437 0.979825 2.98264 0.796561 0.874153 0.962372 1.09958 0.788979 1.4567 0.897962 1.9132 1.98135 0.894594 1.55131 1.53697 3.30307 2.31121 1.01171 0.871266 0.8 0.709499 1.19951 0.873151 0.709352
threshold=0.053500000000000006 6.4335000000000013 0.63350000000000006 931.25000000000011 0.10350000000000001 0.094500000000000015 0.048500000000000008 2.9730000000000003 1.0000000180025095e-35 0.15650000000000003 2.3510000000000004 26.699773523443685 26.380218818232503 9.5000000000000018 564.20000000000016 21523.895000000004 6.5000000000000009 595.87500000000011 20.184618689586042 0.28150000000000003 1.0000000180025095e-35 22.965071222083161 2.5000000000000004 11.500000000000002 19.039200000000005 0.81650000000000011 95643.815000000017 59251.825000000004 849.83000000000015 1.5000000000000002
decision_type=2 2 2 2 2 2 2 2 2 2 2 2 2 2 2 2 2 2 2 2 2 2 2 2 2 2 2 2 2 2
left_child=-1 2 29 4 5 6 -4 9 -9 -6 11 12 13 18 -15 -16 25 -18 19 24 -20 22 -22 -24 -11 -17 27 28 -19 -2
right_child=1 -3 3 -5 7 -7 -8 8 -10 10 -12 -13 -14 14 15 16 17 26 20 -21 21 -23 23 -25 -26 -27 -28 -29 -30 -31
leaf_value=0.00013555634106059145 -0.00015436926737480406 0.0087213219303414816 2.8978243137046947e-05 4.9760235430052533e-05 3.4171349278260139e-05 -6.8412903377321091e-05 -4.5995781011803017e-05 0.002567359777005316 -0.0072523050712856646 -0.0012211369219927673 0.00086090471788503257 0.00018323589141158519 -0.0019302837729196316 7.4885792670802137e-05 4.2179954485182593e-05 -0.00077179779340689862 -0.0059265201157547784 4.8255586061188136e-05 0.0001947776651419846 0.00015643922144829175 -0.00078782952978218111 0.00089525917725959906 -0.0020774553977421606 -0.0083019124775673935 -2.645401429912529e-06 -0.0023766887988410776 0.00066983406487192479 -0.0065726086641799452 -0.0054252377629057658 3.3305972521840146e-05
leaf_weight=1480 43 286 40 204 119 18 24 27 13.999999999999998 19 197 49 18 210 68 10 12.999999999999998 62 28 147 10.999999999999998 25 10.000000000000002 12.999999999999998 18 10 32 9.9999999999999982 13.999999999999998 1555
leaf_count=1480 43 286 40 204 119 18 24 27 14 19 197 49 18 210 68 10 13 62 28 147 11 25 10 13 18 10 32 10 14 1555
internal_value=0.00192082 0.000537341 0.000179521 -0.000602837 -0.00126036 -0.00719512 -0.00359375 -0.000827402 -0.00841463 -0.000540166 -0.0010166 -0.00177966 -0.00224234 -0.00192857 -0.000594405 -0.00344749 -0.00559603 -0.00339695 -0.00404059 -0.00206522 -0.00821839 -0.0127966 -0.0229412 -0.0319565 -0.0112162 -0.02 -0.00135593 -0.00372093 -0.00157895 0.000869837
internal_weight=4774 3294 3008 1410 1206 82 64 1124 41 1083 964 767 718 700 429 219 151 131 271 184 87 59 34 23 37 20 118 86 76 1598
internal_count=4774 3294 3008 1410 1206 82 64 1124 41 1083 964 767 718 700 429 219 151 131 271 184 87 59 34 23 37 20 118 86 76 1598
is_linear=0
shrinkage=0.05


Tree=69
num_leaves=31
num_cat=0
split_feature=2 5 5 7 11 5 7 5 10 10 17 17 6 6 17 13 13 5 0 11 13 12 10 11 12 9 11 15 2 11
split_gain=6.37771 1.40683 1.11532 0.673674 0.898729 1.0793 1.33472 1.0578 0.878967 1.85746 0.771429 0.655482 0.624883 0.667039 0.770146 0.65362 1.56229 0.676434 1.34402 1.03434 1.36111 0.785714 0.571267 0.596539 1.44134 0.852096 0.614371 1.57657 0.549187 0.55813
threshold=1.5000000000000002 0.42845000000000005 38.939000000000007 2.5000000000000004 16.000000000000004 0.59615000000000007 1.0000000180025095e-35 1.6067500000000001 1051.3750000000002 1113.6250000000002 80.023135304271861 72.168219844653805 0.7553063309393897 0.73874270092541605 81.292060659100315 -27659.384999999998 -24062.679999999997 23.676900000000003 15.500000000000002 142.50000000000003 -1557.4099999999996 40861.825000000004 139.58500000000001 1.5000000000000002 28083.145000000004 0.46450000000000008 14.500000000000002 1.0000000180025095e-35 3.5000000000000004 159.50000000000003
decision_type=2 2 2 2 2 2 2 2 2 2 2 2 2 2 2 2 2 2 2 2 2 2 2 2 2 2 2 2 2 2
left_child=-1 -2 3 4 5 6 10 -6 -5 -10 -3 -9 13 15 -15 -13 -17 -18 19 -19 -21 -22 -7 24 25 -24 -25 -28 -4 -30
right_child=1 2 28 8 7 22 -8 11 9 -11 -12 12 -14 14 -16 16 17 18 -20 20 21 -23 23 26 -26 -27 27 -29 29 -31
leaf_value=0.00012877852400756118 0.014027641084450263 -0.0028150418912625216 0.00019748666757164469 4.3477222612381183e-05 0.0092145647386220955 5.9545085300696262e-05 0.00062867967564753048 -0.0021143000709463707 -0.0010009944221716124 6.3591527138686808e-05 -0.0086228804554979305 0.00017361336886444025 3.854414863080378e-05 -0.0039159625897658345 8.1920826837152431e-05 -0.0015056501535126859 3.235263325003799e-06 0.00010974403766185238 9.980481776575339e-06 -0.00017269846945425779 -6.6172213960081615e-05 0.00011588845834230385 -0.00047278448995548755 -1.9287414478842165e-05 0.00012373402427301995 -9.8356414472424716e-05 -0.0017289755252476902 2.7584873713991573e-05 -1.2574633652107298e-05 3.5388008068649462e-05
leaf_weight=1295 240 16.000000000000004 202 562 364 55 18 11.999999999999998 13.999999999999998 24 13.999999999999998 112 242 14.000000000000002 11.999999999999998 12.999999999999998 560 9.9999999999999982 40 20 14.000000000000002 10.999999999999998 12.000000000000002 735 30 17 17 32 38 29
leaf_count=1295 240 16 202 562 364 55 18 12 14 24 14 112 242 14 12 13 560 10 40 20 14 11 12 735 30 17 17 32 38 29
internal_value=0.00200461 0.000889624 0.000615931 0.000336701 -4.21939e-05 -0.00123679 -0.00854167 0.000751405 0.00183333 -0.00552632 -0.015 -4.71696e-05 8.5878e-05 -0.000583126 -0.00846154 -0.000320513 -0.000913173 -0.000572519 -0.00447368 -0.00954545 -0.0127778 -0.005 -0.000846325 -0.00116845 -0.00601695 -0.0139655 -0.000803571 -0.00622449 0.00369888 -0.00022388
internal_weight=4774 3479 3239 2970 2370 946 48 1424 600 38 30 1060 1048 806 26 780 668 655 95 55 45 25 898 843 59 29 784 49 269 67
internal_count=4774 3479 3239 2970 2370 946 48 1424 600 38 30 1060 1048 806 26 780 668 655 95 55 45 25 898 843 59 29 784 49 269 67
is_linear=0
shrinkage=0.05


Tree=70
num_leaves=31
num_cat=0
split_feature=8 5 5 7 11 16 5 14 16 3 16 14 5 5 1 5 10 13 9 5 16 8 13 6 11 0 5 16 16 14
split_gain=6.39663 1.21008 1.23331 0.746173 1.19036 0.983285 2.14047 0.751101 1.00794 0.828825 1.02424 0.847043 1.46752 2.26347 0.75806 0.73673 0.631822 0.629762 0.622881 0.73942 0.817778 0.983513 1.42484 0.862564 0.806914 0.630824 0.551158 0.814122 0.677414 0.658984
threshold=1.5000000000000002 38.939000000000007 0.35540000000000005 2.5000000000000004 9.5000000000000018 9.0125515990533405 2.5685500000000006 18757.035000000003 26.437817893341421 2.8065000000000002 15.918622883138529 31110.415000000005 4.6487500000000006 13.990300000000001 1.5000000000000002 0.61265000000000003 710.41500000000008 -5035.1149999999989 0.46450000000000008 1.9869000000000001 13.510744003162833 3.5000000000000004 -9183.2499999999982 0.97934157613984107 6.5000000000000009 14.500000000000002 3.2562000000000002 9.8153903669835785 9.3672273984125223 124341.93000000001
decision_type=2 2 2 2 2 2 2 2 2 2 2 2 2 2 2 2 2 2 2 2 2 2 2 2 2 2 2 2 2 2
left_child=-1 2 -2 4 5 6 -4 16 9 11 -11 12 14 -14 -9 -13 -7 -15 -17 25 23 22 24 -21 -22 -20 29 28 -28 -6
right_child=1 -3 3 -5 26 7 -8 8 -10 10 -12 15 13 17 -16 18 -18 -19 19 20 21 -23 -24 -25 -26 -27 27 -29 -30 -31
leaf_value=0.0001223395978071834 0.016544568232195411 8.069233926561211e-05 -0.0067540337754757318 3.3311234080056655e-05 0.0019428937322008223 6.8096888535358157e-05 0.00018050906730910228 -0.0020090926858263853 0.0001863732038255966 -0.00032279678183907989 -0.0094688640672582342 -0.0054276292258170628 -0.0022245497865243454 -0.00010579290722493289 0.000581644524463829 0.00018336377642220872 -0.0019516247662660147 7.4341390103509309e-05 0.0042353872738539397 -6.6113283947387462e-05 -0.0019877326777440491 5.9792870601381303e-05 2.4383097741058926e-05 -0.00075283454620410101 -0.00027447190365054375 -0.0017557258767156398 -0.00011193725170703779 7.0593232189449032e-07 -0.001520109500194357 -0.0014931278452998509
leaf_weight=1464 180 255 13.000000000000002 575 714 122 9.9999999999999982 11.999999999999998 36 12.000000000000002 9.9999999999999982 9.9999999999999982 13.999999999999998 9.9999999999999982 29 59 14.999999999999998 14.000000000000002 44 12 17.000000000000004 28 34 13 10.999999999999998 18 56 842 14.999999999999998 74
leaf_count=1464 180 255 13 575 714 122 10 12 36 12 10 10 14 10 29 59 15 14 44 12 17 28 34 13 11 18 56 842 15 74
internal_value=0.00194786 0.000712969 0.000431811 0.000175594 -0.000236185 -0.0022744 -0.0123913 -0.00182692 -0.00296345 -0.00378963 -0.0131818 -0.00315385 -0.00765823 -0.0147368 -0.00109756 -0.00170732 0.00135037 -0.00541667 -0.00114407 -0.00262712 -0.005 -0.00277778 -0.00629032 -0.013 -0.0146429 0.00177419 0.000414462 -0.000421687 -0.00556338 0.00138325
internal_weight=4718 3254 2999 2819 2244 543 23 520 383 347 22 325 79 38 41 246 137 24 236 177 115 90 62 25 28 62 1701 913 71 788
internal_count=4718 3254 2999 2819 2244 543 23 520 383 347 22 325 79 38 41 246 137 24 236 177 115 90 62 25 28 62 1701 913 71 788
is_linear=0
shrinkage=0.05


Tree=71
num_leaves=31
num_cat=0
split_feature=4 4 7 16 0 0 1 14 14 11 6 6 4 5 6 6 3 5 16 4 16 17 4 5 6 4 11 3 14 14
split_gain=7.77663 1.31694 0.635893 0.806523 1.15305 3.1412 0.900901 0.8 0.793113 0.702544 0.51693 0.667929 0.643648 0.504212 0.602647 1.51875 0.735201 0.56641 0.417498 0.913999 0.730682 0.416667 0.414401 2.71799 1.69631 1.4569 1.79263 1.57591 0.922141 1.58631
threshold=0.053500000000000006 8.9305000000000021 2.5000000000000004 9.9613026206330044 15.500000000000002 17.500000000000004 1.5000000000000002 30906.455000000005 103123.38500000001 435.50000000000006 0.62262927117072853 0.65822595613387536 4.980500000000001 2.8433000000000006 0.32101048656628389 0.28050292536299515 0.53650000000000009 3.3132500000000005 21.492295497215871 0.84050000000000014 22.965071222083161 82.870544436570654 0.20250000000000004 18.804250000000003 0.6065769306779335 0.11850000000000001 193.50000000000003 0.070500000000000021 124341.93000000001 167950.71500000005
decision_type=2 2 2 2 2 2 2 2 2 2 2 2 2 2 2 2 2 2 2 2 2 2 2 2 2 2 2 2 2 2
left_child=-1 2 3 4 8 7 -7 -6 10 22 -2 -12 -13 -11 15 -15 18 -18 -16 20 21 -20 24 28 25 26 -5 -28 -24 -30
right_child=1 -3 -4 9 5 6 -8 -9 -10 13 11 12 -14 14 16 -17 17 -19 19 -21 -22 -23 23 -25 -26 -27 27 -29 29 -31
leaf_value=0.00011622261791682381 0.00080750928580391773 0.01064486260739274 2.6322817237182474e-05 -4.7132214463981454e-06 -0.00056153670727464376 -0.0054089102916253899 0.00017148361394364738 -0.0015959004579715098 -0.0010038680058669501 0.012617388990150602 -0.0019644386965893055 0.00014087857583677907 -0.0055232214550914992 7.7344776322679776e-05 5.9172632582834207e-05 -0.0047844986168886251 0.012027932704325978 -0.0068365134702308488 -0.0007126850598429017 -0.00016559598531787969 7.8314962174961229e-05 4.95403492054858e-05 4.5394208971505084e-06 -0.00023608529510099033 2.8042409389916817e-05 7.40432902434543e-06 -0.00013015880097919089 -5.6638314540853435e-05 -0.0041527462633121218 9.6774557597790822e-05
leaf_weight=1440 43 182 621 31 10.000000000000002 11.999999999999998 25 9.9999999999999982 14.999999999999998 221 10.999999999999998 75 12.999999999999998 20 201 11.999999999999998 12.000000000000002 12.999999999999998 15.000000000000002 9.9999999999999982 70 11.999999999999998 1121 18 307 58 14.000000000000002 12.999999999999998 53 60
leaf_count=1440 43 182 621 31 10 12 25 10 15 221 11 75 13 20 201 12 12 13 15 10 70 12 1121 18 307 58 14 13 53 60
internal_value=0.00193726 0.000591824 0.000348837 -1.01008e-05 -0.00294392 -0.00903509 -0.000405405 -0.025 -0.000732484 0.000267581 0.000422535 -0.00156566 -0.000113636 0.00175768 0.000616439 -0.0059375 0.00124625 -0.007 0.00191558 -0.000607476 0.000876289 -0.00611111 -0.000253731 -0.000710862 0.00109929 -0.00405172 -0.00965517 -0.0190741 -0.000429497 -0.00473451
internal_weight=4718 3278 3096 2475 214 57 37 20 157 2261 142 99 88 586 365 32 333 25 308 107 97 27 1675 1252 423 116 58 27 1234 113
internal_count=4718 3278 3096 2475 214 57 37 20 157 2261 142 99 88 586 365 32 333 25 308 107 97 27 1675 1252 423 116 58 27 1234 113
is_linear=0
shrinkage=0.05


Tree=72
num_leaves=31
num_cat=0
split_feature=4 4 16 1 6 4 8 11 10 16 16 4 13 3 11 1 11 12 4 12 3 6 16 4 16 16 17 11 12 14
split_gain=7.83054 1.16299 0.594034 1.08632 1.62709 1.45628 0.809298 0.674773 0.8292 0.787385 1.54733 1.5133 1.01195 0.76362 1.62132 1.19118 0.723509 0.997463 0.806667 0.684575 0.659265 1.18575 0.984615 0.656869 0.784286 1.71429 0.641455 0.5415 0.54 0.512906
threshold=0.053500000000000006 6.4335000000000013 10.572435337114642 1.5000000000000002 0.63231749545743365 0.75850000000000006 2.5000000000000004 294.50000000000006 609.75000000000011 20.582092428543163 20.018923485985997 1.5555000000000001 -6463.1549999999997 0.53650000000000009 11.500000000000002 2.5000000000000004 187.00000000000003 27332.945000000003 0.51000000000000012 25079.720000000005 2.8815000000000004 0.96771459547409189 18.714458632954074 1.2115000000000002 17.424092913661244 18.606228099426705 73.078719956340478 276.50000000000006 23216.660000000003 52398.495000000003
decision_type=2 2 2 2 2 2 2 2 2 2 2 2 2 2 2 2 2 2 2 2 2 2 2 2 2 2 2 2 2 2
left_child=-1 2 3 4 5 -2 -6 8 20 10 12 -12 23 16 -15 -16 17 -14 -19 -18 -4 -22 -23 24 -10 -26 -11 -28 -8 -5
right_child=1 -3 7 29 6 -7 28 -9 9 26 11 -13 13 14 15 -17 19 18 -20 -21 21 22 -24 -25 25 -27 27 -29 -30 -31
leaf_value=0.00011041148702098242 -3.9937451441750705e-06 0.0057923446836796776 1.9703199785160577e-05 -7.2546235970858026e-05 0.00032216703540201812 -0.0018293222974065195 1.0856403363907472e-05 4.8875566365493691e-05 5.0293202888246689e-06 -0.00018402775346962154 -0.0023374774960786236 -0.0032609964983457435 4.6045261340283179e-05 -0.0046072517391547848 -0.0082839112087632946 0.010354622717178852 -0.00054810102032353046 -0.00021090457595404882 -0.0020149892761943448 -5.8055180663174768e-05 0.00095879002549963902 0.000308786847137799 -0.0041910030192128791 0.0039924145448630597 -0.0018636069103355733 9.350470360523933e-05 7.166445941433509e-05 -0.0064489487121681816 -0.0023638381487065896 7.674236351257832e-05
leaf_weight=1440 10.000000000000002 288 1029 158 29 10.999999999999998 10.000000000000002 896 86 25 15.000000000000002 13.999999999999998 66 15.999999999999998 15.999999999999998 18 13.000000000000002 15.000000000000002 9.9999999999999982 13.999999999999998 33 10.000000000000002 15.999999999999998 84 16.000000000000004 11.999999999999998 240 9.9999999999999982 14.999999999999998 103
leaf_count=1440 10 288 1029 158 29 11 10 896 86 25 15 14 66 16 16 18 13 15 10 14 33 10 16 84 16 12 240 10 15 103
internal_value=0.00192666 0.000576571 0.000284281 -0.00169643 -0.007 -0.0188095 -0.00240741 0.000535042 -3.41295e-05 -0.00141791 -0.0028481 -0.0139655 -0.00196721 -0.00482143 -0.01 -0.00382353 -0.00262712 -0.000494505 -0.009 -0.00981481 0.000818015 -0.00432203 -0.0123077 0.000454546 -0.00201754 -0.00928571 0.000636364 0.0014 -0.009 -0.000172414
internal_weight=4718 3278 2990 336 75 21 54 2654 1758 670 395 29 366 168 50 34 118 91 25 27 1088 59 26 198 114 28 275 250 25 261
internal_count=4718 3278 2990 336 75 21 54 2654 1758 670 395 29 366 168 50 34 118 91 25 27 1088 59 26 198 114 28 275 250 25 261
is_linear=0
shrinkage=0.05


Tree=73
num_leaves=31
num_cat=0
split_feature=4 5 3 13 16 12 5 0 0 5 6 13 12 3 5 3 18 5 12 14 4 4 11 6 3 3 10 10 16 3
split_gain=7.56285 1.22763 0.695407 0.604687 0.55658 0.840644 0.981732 0.658089 0.85639 0.556653 0.996377 0.449818 0.914286 0.47619 0.369704 0.881096 0.837337 1.11354 0.89011 0.760109 0.657654 1.41543 0.736021 0.530098 0.492689 0.587631 0.98 0.814286 0.876623 0.451125
threshold=0.053500000000000006 0.35540000000000005 0.043500000000000004 -45864.689999999995 9.9613026206330044 6671.2450000000017 25.395100000000003 14.500000000000002 20.500000000000004 2.0617000000000005 0.71647368627162067 -34859.32499999999 15000.765000000001 0.69900000000000007 3.6653000000000007 0.53650000000000009 1.0000000180025095e-35 0.81855000000000011 28363.980000000003 134970.28000000003 6.8725000000000014 4.7575000000000012 7.5000000000000009 0.77748825229323681 0.45100000000000007 0.37650000000000006 390.16500000000002 740.08500000000015 20.394092077874213 0.10650000000000001
decision_type=2 2 2 2 2 2 2 2 2 2 2 2 2 2 2 2 2 2 2 2 2 2 2 2 2 2 2 2 2 2
left_child=-1 -2 -3 -4 5 -5 7 -7 9 -9 -11 12 13 -6 16 24 -13 18 -18 23 21 22 -20 -19 25 29 -27 -28 -29 -16
right_child=1 2 3 4 11 6 -8 8 -10 10 -12 14 -14 -15 15 -17 17 19 20 -21 -22 -23 -24 -25 -26 26 27 28 -30 -31
leaf_value=0.00010489091266993323 0.01537689385136184 2.4132991362104209e-05 0.00082952685554178924 -0.0016220885231426627 -7.0438525271241561e-05 0.00021923306338681809 -8.7833563466744808e-06 -0.0056636496372757111 0.00048005034065498272 -0.0011623346884617636 0.00011321387600096763 0.0027108383471775811 8.9585815609380046e-05 -0.0018349221080699849 -2.4939324962527359e-05 -0.0057236048857820425 0.00040347414556343904 -0.0040368699362978979 0.00053803130555337472 -0.0034050816502405531 -0.0020101106140964797 -0.007720105925760278 -0.0026178609415272005 0.00024443306075952725 0.0034258820945647092 -0.0056314810919393717 0.01042580582095988 0.00049335300752230556 -0.0047943729382982072 3.1205370079724397e-05
leaf_weight=1440 196 1033 105 11.999999999999998 14.000000000000002 97 11.999999999999998 9.9999999999999982 12.999999999999998 12.000000000000002 10.999999999999998 603 21 9.9999999999999982 264 18 28 9.9999999999999982 15.000000000000002 17 17 14.999999999999998 15.999999999999998 217 39 9.9999999999999982 19 11.000000000000002 9.9999999999999982 423
leaf_count=1440 196 1033 105 12 14 97 12 10 13 12 11 603 21 10 264 18 28 10 15 17 17 15 16 217 39 10 19 11 10 423
internal_value=0.00197965 0.000652837 0.000408826 -0.000124451 -0.000324074 -0.00308383 -0.00209677 -0.000944056 -0.00586956 -0.0101515 -0.00586956 -6.47156e-05 -0.005 -0.0116667 6.35106e-05 -0.000730478 0.000735608 -0.00126866 -0.00598901 0.000491803 -0.00928571 -0.0123913 -0.00629032 0.00125551 -0.000476804 -0.000766621 -0.006 -0.0025 -0.00928571 -0.000385735
internal_weight=4718 3278 3082 2049 1944 167 155 143 46 33 23 1777 45 24 1732 794 938 335 91 244 63 46 31 227 776 737 50 40 21 687
internal_count=4718 3278 3082 2049 1944 167 155 143 46 33 23 1777 45 24 1732 794 938 335 91 244 63 46 31 227 776 737 50 40 21 687
is_linear=0
shrinkage=0.05


Tree=74
num_leaves=31
num_cat=0
split_feature=8 3 3 3 11 3 13 13 11 6 13 8 16 17 7 16 1 9 16 16 11 17 3 14 12 14 0 14 1 13
split_gain=5.74973 0.881876 0.693293 0.72641 0.699301 0.6313 0.530646 0.727487 0.726897 1.09484 0.687897 1.38416 0.553392 0.41376 0.378476 0.753416 1.18335 1.4816 2.00173 0.529432 0.446674 0.779095 0.536007 0.500529 1.84401 0.534918 0.95191 0.624311 0.666717 1.69118
threshold=1.5000000000000002 0.043500000000000004 0.063500000000000015 0.19550000000000003 421.00000000000006 4.291500000000001 -45864.689999999995 -1130.9949999999997 1.5000000000000002 0.97404735508224183 -37778.80999999999 2.5000000000000004 26.960747077310376 72.331359244633816 2.5000000000000004 10.062635602121558 3.5000000000000004 0.7320000000000001 8.710414180480738 16.558874482170577 328.50000000000006 86.228558818530857 3.0415000000000005 130455.29000000002 139427.16000000003 11969.380000000003 16.500000000000004 18757.035000000003 1.0000000180025095e-35 -5484.4649999999992
decision_type=2 2 2 2 2 2 2 2 2 2 2 2 2 2 2 2 2 2 2 2 2 2 2 2 2 2 2 2 2 2
left_child=2 -2 -1 4 -4 6 -3 8 9 -8 11 -10 14 -9 15 16 17 18 -12 -16 22 -22 23 25 -25 26 -17 -27 29 -29
right_child=1 5 3 -5 -6 -7 7 13 10 -11 12 -13 -14 -15 19 20 -18 -19 -20 -21 21 -23 -24 24 -26 27 -28 28 -30 -31
leaf_value=9.9646367036436428e-05 3.5097246561271e-05 0.00078560215394058201 1.4383609595169925e-05 0.0081995617684183231 -3.7701750585866955e-05 0.0097968575034535019 -0.00024920446738937074 -4.8132805503235496e-05 -0.0021402710207162946 -6.2251081570231623e-07 -1.6737977576157979e-05 0.00086049668659922808 0.00019414804492965887 5.3383302218248339e-05 5.0029021293807746e-05 -0.00014104436107000956 4.655894092878653e-05 0.00039158068586387686 -0.0016567517598054294 -0.00013003777995419579 0.00012139317674286609 -0.0041433748000491571 -0.0048687924775261005 -0.005656818444249939 0.0001205877692338291 0.00014607468919108048 -0.0019206504873880493 5.5316548349526685e-05 -1.779850709633437e-05 -0.0057671279102046438
leaf_weight=1335 1178 101 26 85 18 151 14.999999999999998 10.999999999999998 11.000000000000002 19 10.000000000000002 13.999999999999998 58 737 90 23 32 11.999999999999998 10.999999999999998 102 152 12.999999999999998 15.999999999999998 10.000000000000002 17 61 9.9999999999999982 35 342 23
leaf_count=1335 1178 101 26 85 18 151 15 11 11 19 10 14 58 737 90 23 32 12 11 102 152 13 16 10 17 61 10 35 342 23
internal_value=0.00202204 0.00085126 0.00462432 0.00112403 -0.00409091 0.000231214 -1.29868e-05 -0.000208333 -0.00104089 -0.00823529 -0.000806142 -0.009 -0.00060472 0.000989305 -0.000891553 -0.00138853 -0.00653846 -0.0131818 -0.0211905 0.00109375 -0.000911681 0.00136364 -0.0016108 -0.00133397 -0.00796296 -0.00097166 -0.00712121 -0.000531453 -0.00125 -0.0062069
internal_weight=4718 3254 1464 129 44 2076 1925 1824 1076 34 1042 25 1017 748 959 767 65 33 21 192 702 165 537 521 27 494 33 461 400 58
internal_count=4718 3254 1464 129 44 2076 1925 1824 1076 34 1042 25 1017 748 959 767 65 33 21 192 702 165 537 521 27 494 33 461 400 58
is_linear=0
shrinkage=0.05


Tree=75
num_leaves=31
num_cat=0
split_feature=2 5 5 5 2 11 17 10 7 11 10 16 11 3 11 17 17 11 0 10 8 0 5 16 10 16 5 0 3 5
split_gain=6.01332 1.08338 1.14147 0.725578 0.929435 0.626896 0.762239 0.713452 0.639884 1.1204 1.87053 0.756378 2.19153 1.5254 0.608974 0.582849 0.987055 0.632061 1.68829 0.631908 0.614215 0.555556 0.535714 0.521307 0.872474 0.894088 0.474239 0.65277 0.621521 1.0225
threshold=1.5000000000000002 29.838150000000002 0.35540000000000005 28.000250000000005 4.5000000000000009 316.00000000000006 72.168219844653805 139.58500000000001 2.5000000000000004 187.00000000000003 799.58500000000015 9.1600478010937145 28.500000000000004 1.9800000000000002 193.50000000000003 79.592418051633629 79.819298599348286 521.50000000000011 22.500000000000004 743.50000000000011 3.5000000000000004 12.500000000000002 1.9436500000000003 23.224345624141524 338.33500000000009 23.704564906138959 8.5642500000000013 10.500000000000002 0.16450000000000004 21.438450000000007
decision_type=2 2 2 2 2 2 2 2 2 2 2 2 2 2 2 2 2 2 2 2 2 2 2 2 2 2 2 2 2 2
left_child=-1 2 -2 5 14 7 -7 -4 11 23 21 12 13 22 -5 26 -17 -18 19 -19 -21 -11 -9 -10 -25 -26 -8 28 29 -28
right_child=1 -3 3 4 -6 6 15 8 9 10 -12 -13 -14 -15 -16 16 17 18 -20 20 -22 -23 -24 24 25 -27 27 -29 -30 -31
leaf_value=9.4664048684614541e-05 0.014837447617481578 3.6426034843240198e-05 7.9948834601942205e-05 5.4510798450628089e-05 -0.0002398175388236158 -0.0039367922329682113 0.0076586019196901558 -0.0018125170679240599 7.3577385807238645e-05 0.0039255283899227696 -0.0043690459435797328 -1.4310919010795241e-05 0.00037415769570647026 -0.0057936800646266736 -1.7985659683752785e-05 -0.00045008931795002187 0.00021163591353075522 -0.00024615473925075019 -0.0037203442126423035 5.2761791249309107e-05 -0.0014178001614357271 -0.00013156161608627147 -1.6049052559311412e-06 -0.0018594282361767585 -0.00087228516247104767 0.00019880040244600242 3.7326291090394778e-05 0.00010135994900230407 -0.00056473157986181553 -8.2699763781112469e-05
leaf_weight=1307 186 445 69 19 13.999999999999998 12.999999999999998 305 14.999999999999998 302 20 9.9999999999999982 1284 37 9.9999999999999982 20 9.9999999999999982 143 12.999999999999998 12.999999999999998 237 20 15.999999999999998 20 9.9999999999999982 11.999999999999998 59 31 71 9.9999999999999982 9.9999999999999982
leaf_count=1307 186 445 69 19 14 13 305 15 302 20 10 1284 37 10 20 10 143 13 13 237 20 16 20 10 12 59 31 71 10 10
internal_value=0.00211478 0.00101343 0.000669688 0.000417114 -0.00537736 0.000529197 0.00163242 1.07298e-05 -0.000181058 0.0015035 -0.00586956 -0.000710102 -0.00536585 -0.0127778 -0.00141026 0.00181344 0.000527523 0.000892019 -0.000477032 0.000370371 0.000914397 -0.000555555 -0.00785714 0.00238903 -0.00117284 0.000774648 0.00312646 0.000491803 -0.00382353 -0.00109756
internal_weight=4731 3424 2979 2793 53 2740 876 1864 1795 429 46 1366 82 45 39 863 436 426 283 270 257 36 35 383 81 71 427 122 51 41
internal_count=4731 3424 2979 2793 53 2740 876 1864 1795 429 46 1366 82 45 39 863 436 426 283 270 257 36 35 383 81 71 427 122 51 41
is_linear=0
shrinkage=0.05


Tree=76
num_leaves=31
num_cat=0
split_feature=2 5 5 7 10 6 6 10 10 17 5 7 16 10 17 5 5 16 10 7 16 10 12 13 0 5 6 13 16 12
split_gain=5.96935 0.927926 1.05319 0.686598 0.589143 0.663916 1.06261 1.833 0.923093 0.764218 0.710253 0.704126 0.998651 1.43761 0.839161 0.746792 0.421711 1.06608 0.418961 0.925133 1.81375 0.732017 1.36364 0.476693 1.06991 0.795208 1.02952 1.41385 1.46204 0.540528
threshold=1.5000000000000002 0.35540000000000005 29.838150000000002 4.5000000000000009 139.58500000000001 0.91164747982434269 0.93959256057828988 762.12500000000011 154.83500000000001 72.09123301966828 28.711350000000003 2.5000000000000004 9.1600478010937145 419.12500000000006 81.818883815782996 27.084700000000002 2.0617000000000005 23.224345624141524 747.75000000000011 3.5000000000000004 17.817508853946588 740.08500000000015 22165.345000000005 -5980.0899999999992 22.500000000000004 8.5642500000000013 0.65424261313658894 -2080.9449999999993 25.152838904605233 78176.700000000012
decision_type=2 2 2 2 2 2 2 2 2 2 2 2 2 2 2 2 2 2 2 2 2 2 2 2 2 2 2 2 2 2
left_child=-1 -2 4 -4 -3 9 7 -7 -8 -6 18 12 13 -10 -15 -14 17 -13 21 23 -21 -11 -23 24 -20 -25 27 -27 29 -29
right_child=1 2 3 -5 5 6 8 -9 11 10 -12 16 15 14 -16 -17 -18 -19 19 20 -22 22 -24 25 -26 26 -28 28 -30 -31
leaf_value=8.9930846250384222e-05 0.014095575236607503 7.8827688415585099e-05 3.6891059088895143e-05 -3.7870035555533808e-06 -0.0039469141786411923 -6.6720083579335765e-05 -0.0010997828830652822 -0.0038215200842339303 -0.0013324607358590464 2.5257143763226383e-05 -3.2419262464832924e-05 0.0015911603745458584 4.6482577802971322e-06 0.00017315887428534927 -0.002380983260923402 -0.00015196449695325045 9.297375183895743e-05 -0.0018823429815420991 0.00036744975607186869 2.7754194001574468e-05 -0.0035942239226756756 0.0083320376763755827 -0.0010635757818115614 0.0064252701932275254 -0.0035343270020101892 -0.00038508669059029147 5.0212119749229602e-05 9.505888273931494e-06 -0.0014686541648854029 -0.00028138241051857871
leaf_weight=1307 186 70 428 17 11.999999999999998 87 13.999999999999998 18 9.9999999999999982 930 18 72 528 15.000000000000002 10.999999999999998 10.999999999999998 134 13.999999999999998 329 23 13.999999999999998 10.000000000000002 11.999999999999998 312 12.999999999999998 10.999999999999998 56 46 12.999999999999998 9.9999999999999982
leaf_count=1307 186 70 428 17 12 87 14 18 10 930 18 72 528 15 11 11 134 14 329 23 14 10 12 312 13 11 56 46 13 10
internal_value=0.00212534 0.00102804 0.00083076 0.00308989 0.00047082 0.000354389 -0.000743982 -0.00547619 -0.00012979 0.000909342 0.000993322 9.43398e-05 -0.000826087 -0.00888889 -0.00269231 -0.000287569 0.0025 -0.000232558 0.00109331 0.00191657 -0.00581081 0.000378151 -0.00863636 0.00227848 0.00368421 0.00120536 -0.00198529 -0.005625 -0.00297101 0.000535714
internal_weight=4731 3424 3238 445 2793 2723 914 105 809 1809 1797 795 575 36 26 539 220 86 1779 827 37 952 22 790 342 448 136 80 69 56
internal_count=4731 3424 3238 445 2793 2723 914 105 809 1809 1797 795 575 36 26 539 220 86 1779 827 37 952 22 790 342 448 136 80 69 56
is_linear=0
shrinkage=0.05


Tree=77
num_leaves=31
num_cat=0
split_feature=4 4 11 11 12 10 17 5 4 17 3 17 17 10 10 11 5 3 3 0 11 11 10 12 0 12 5 3 10 10
split_gain=7.09475 1.02026 0.806046 1.2842 2.41429 1.36905 1.20574 0.644641 0.68092 1.29032 0.624647 0.933172 1.27047 0.944017 0.829736 0.896755 0.961065 0.858132 0.623877 0.871143 0.807521 0.783121 0.670549 1.80753 1.12141 1.10622 0.859649 0.662078 0.605896 1.0869
threshold=0.053500000000000006 8.9305000000000021 273.00000000000006 252.50000000000003 10944.880000000003 598.62500000000011 72.168219844653805 1.1149500000000001 1.7285000000000001 86.681082752909802 0.20850000000000002 72.984132124666615 72.726649991920027 623.62500000000011 209.75000000000003 11.500000000000002 4.2718500000000006 0.39750000000000008 0.51450000000000007 18.500000000000004 7.5000000000000009 8.5000000000000018 532.71000000000015 9995.1850000000031 15.500000000000002 61773.145000000011 0.56420000000000015 0.81100000000000017 457.83500000000009 415.75000000000006
decision_type=2 2 2 2 2 2 2 2 2 2 2 2 2 2 2 2 2 2 2 2 2 2 2 2 2 2 2 2 2 2
left_child=-1 2 3 10 -5 -6 -4 -8 28 -10 -2 12 13 -12 -13 18 -17 -18 20 22 -16 -22 25 -24 26 -20 -25 -28 29 -9
right_child=1 -3 6 4 5 -7 7 8 9 -11 11 14 -14 -15 15 16 17 -19 19 -21 21 -23 23 24 -26 -27 27 -29 -30 -31
leaf_value=8.5434303937864672e-05 1.2123098114395712e-05 0.0092738756304472508 -0.0033356453550663513 -0.0004272565950407686 -0.0048307062471072779 8.8226766042899583e-05 0.016340702636421307 0.0043666887445140126 -0.00018829890305513644 -0.0024584608890192944 0.0052668810213485698 0.0021566556362753188 -0.0029513931075386855 -0.002017300964437376 0.00080173439540877638 0.0015269488790382168 -0.0012739470705449389 -0.0060556839593150537 4.1918981969558753e-06 0.0006090182935608769 -0.0021072575266604752 0.00061096768491802639 -0.0045236996266028529 -0.010588488436803462 -0.00269282183170199 -0.005266557088879336 -0.0018597082252202518 0.00068656158469506041 3.5673325663574174e-05 -0.001093174356143214
leaf_weight=1484 1140 183 13.999999999999998 9.9999999999999982 11.999999999999998 23 197 18.000000000000004 62 9.9999999999999982 26 65 17 9.9999999999999982 51 282 54 14.999999999999998 80 49 17 26 12.999999999999998 11.999999999999998 11.999999999999998 19 17 47 755 10.999999999999998
leaf_count=1484 1140 183 14 10 12 23 197 18 62 10 26 65 17 10 51 282 54 15 80 49 17 26 13 12 12 19 17 47 755 11
internal_value=0.00213591 0.000826917 0.000610313 1.75265e-05 -0.00833333 -0.00214286 0.00171978 0.00191358 0.00132009 -0.00333333 0.000210041 -0.000849753 -0.00726415 -0.00194444 -0.000401844 -0.000907781 0.000868946 -0.00442029 -0.00272595 -0.00403614 0.000744681 -0.00430233 -0.0055 -0.00836634 -0.00579545 -0.00257576 -0.00355263 -0.00125 0.00174745 -0.00534483
internal_weight=4731 3247 3064 1997 45 35 1067 1053 856 72 1952 812 53 36 759 694 351 69 343 249 94 43 200 101 88 99 76 64 784 29
internal_count=4731 3247 3064 1997 45 35 1067 1053 856 72 1952 812 53 36 759 694 351 69 343 249 94 43 200 101 88 99 76 64 784 29
is_linear=0
shrinkage=0.05


Tree=78
num_leaves=31
num_cat=0
split_feature=4 5 17 11 3 17 3 9 5 2 16 2 9 17 1 16 17 16 10 12 10 10 12 11 9 5 6 4 16 10
split_gain=7.19565 0.944317 0.653621 0.706181 1.20313 1.29257 0.867857 0.645815 0.618715 0.817349 1.3125 0.591742 0.61501 0.916138 1.0519 0.983651 1.13645 1.25217 1.07876 1.10968 1.46197 0.96 0.685714 0.546618 0.760345 0.550084 0.954778 0.564099 0.559593 0.799506
threshold=0.057500000000000009 0.32985000000000003 72.09123301966828 83.500000000000014 0.67900000000000016 72.984132124666615 1.627 0.22500000000000003 1.1149500000000001 5.5000000000000009 17.817508853946588 4.5000000000000009 0.46450000000000008 83.818524819354408 3.5000000000000004 20.944528354710162 79.20761830183703 19.474052229850805 375.12500000000006 47336.595000000008 583.25000000000011 598.62500000000011 34847.850000000013 60.500000000000007 0.84500000000000008 44.038950000000007 0.81115194921972866 0.15350000000000003 10.930746146931492 468.58500000000009
decision_type=2 2 2 2 2 2 2 2 2 2 2 2 2 2 2 2 2 2 2 2 2 2 2 2 2 2 2 2 2 2
left_child=-1 -2 -3 4 7 6 -6 -4 -5 -10 -11 12 -7 15 22 16 18 -18 -14 20 -20 -16 -15 25 -25 27 -27 -9 29 -29
right_child=1 2 3 8 5 11 -8 23 9 10 -12 -13 13 14 21 -17 17 -19 19 -21 -22 -23 -24 24 -26 26 -28 28 -30 -31
leaf_value=8.1162588740971156e-05 0.01378384821701566 -0.002341016858027475 0.00010973765756731104 0.013702203285457138 -0.0024169418724863524 0.00021633423072465256 -0.0010505038730366813 2.8434365462565784e-05 1.8339201617083982e-05 5.4306877556797756e-05 -0.0034809508556494654 0.002608323031608897 0.017923369493190178 0.0051135888892243977 -0.0049333869346081978 0.0014998419953517895 0.0028131306534339251 -0.0015820851208815331 -0.0019500018574907447 -0.0015105765940167371 -0.0036844292759305301 -0.0009533957173943644 -0.0033736860085334993 -9.3287834306561329e-07 -0.0020515642440201922 -1.7685458501718794e-05 3.8504376812251963e-05 3.3946635435166734e-05 1.1029255185225465e-05 -0.00025072231612284382
leaf_weight=1506 172 18 82 277 14.000000000000002 71 9.9999999999999982 149 1243 12.000000000000002 15.999999999999998 53 9.9999999999999982 13.999999999999998 15.000000000000002 75 36 9.9999999999999982 17.000000000000004 18 11.999999999999998 9.9999999999999982 21 29 15.999999999999998 11 15 53 694 52
leaf_count=1506 172 18 82 277 14 71 10 149 1243 12 16 53 10 14 15 75 36 10 17 18 12 10 21 29 16 11 15 53 694 52
internal_value=0.00214648 0.000813954 0.000610875 0.000667216 -0.000110961 -0.00251295 -0.01375 0.000731154 0.00141473 0.000948073 -0.0075 -0.00176796 -0.00260518 -0.00382353 -0.00916667 -0.00202247 -0.00519417 0.000652174 -0.00991228 -0.0130851 -0.0191379 -0.017 -0.00357143 0.000387635 -0.005 0.00063655 -0.00653846 0.000833334 0.000306633 -0.00309524
internal_weight=4731 3225 3053 3035 1487 386 24 1101 1548 1271 28 362 309 238 60 178 103 46 57 47 29 25 35 1019 45 974 26 948 799 105
internal_count=4731 3225 3053 3035 1487 386 24 1101 1548 1271 28 362 309 238 60 178 103 46 57 47 29 25 35 1019 45 974 26 948 799 105
is_linear=0
shrinkage=0.05


Tree=79
num_leaves=31
num_cat=0
split_feature=2 11 16 16 1 17 13 13 10 6 11 17 17 15 12 0 17 17 6 17 1 2 10 1 11 16 6 8 0 12
split_gain=5.62337 0.690031 0.795779 1.13077 0.642877 0.515575 0.513915 0.630565 0.47023 0.653936 1.23143 0.793175 0.849325 0.635677 1.01261 0.770569 0.447327 0.407281 1.04987 1.6388 0.477258 0.627932 1.4359 0.466275 0.409885 1.48168 0.402181 0.844457 2.5098 0.468864
threshold=1.5000000000000002 16.000000000000004 9.1600478010937145 8.9353235044786974 1.5000000000000002 81.818883815782996 -8311.1799999999985 -8087.7949999999992 375.12500000000006 0.97583401750182353 14.500000000000002 81.912703579764226 81.249422815693578 1.0000000180025095e-35 36712.720000000008 12.500000000000002 72.168219844653805 86.088953189247604 0.88157700852377452 86.79146885511868 2.5000000000000004 5.5000000000000009 846.46000000000015 1.0000000180025095e-35 83.500000000000014 16.676318483207044 0.90223728699552352 2.5000000000000004 9.5000000000000018 101024.90000000001
decision_type=2 2 2 2 2 2 2 2 2 2 2 2 2 2 2 2 2 2 2 2 2 2 2 2 2 2 2 2 2 2
left_child=-1 2 3 4 -2 -6 26 -8 -9 10 11 12 13 -10 -15 -16 -3 20 -19 -20 23 -22 -23 24 25 -18 27 28 -4 -29
right_child=1 16 6 -5 5 -7 7 8 9 -11 -12 -13 -14 14 15 -17 17 18 19 -21 21 22 -24 -25 -26 -27 -28 29 -30 -31
leaf_value=7.7104459303922734e-05 -0.00062563347113602993 -0.0022239660151261013 -0.0018806803913161462 -0.0007486280545204926 6.865207578649777e-05 -0.0023281419341609519 -6.8543578059034041e-05 0.00010826444969429679 9.6487827144939035e-05 2.8684318505694555e-05 -0.0049560831393611173 9.3141789532674029e-05 -0.0023295628346881717 -5.7459849747189544e-05 -0.0024676670002789602 -0.0039220873583530984 -0.0029036358262531045 1.8360475130290038e-05 -0.0019814653855170709 0.00029854559021106101 3.3043360067726986e-05 5.1949721520891577e-05 -0.0035807534560970073 0.00014433895951533531 9.9385770263079242e-05 2.9417825796933062e-05 4.6490109811754068e-05 7.6196553698629834e-05 2.6121303428762642e-05 -0.0010774335224759287
leaf_weight=1307 15.999999999999998 18 17 12.999999999999998 30 19 11.999999999999998 220 37 261 9.9999999999999982 89 10.999999999999998 73 13.000000000000002 9.9999999999999982 9.9999999999999982 247 13.000000000000002 9.9999999999999982 1019 14.000000000000002 12.999999999999998 461 184 33 446 78 34 12.999999999999998
leaf_count=1307 16 18 17 13 30 19 12 220 37 261 10 89 11 73 13 10 10 247 13 10 1019 14 13 461 184 33 446 78 34 13
internal_value=0.00220989 0.00114486 0.00029244 -0.00461538 -0.00192308 0.000918368 0.000581571 -0.000298913 -0.000110497 -0.000952381 -0.00281893 -0.00208154 -0.004375 -0.00327068 -0.00541667 -0.0145652 0.00173591 0.00180639 1.86265e-10 -0.0102174 0.00208766 0.00141491 -0.00611111 0.00311047 0.00125551 -0.00313953 0.00168367 -0.000633803 -0.00578431 0.00225275
internal_weight=4731 3424 1402 78 65 49 1324 736 724 504 243 233 144 133 96 23 2022 2004 270 23 1734 1046 27 688 227 43 588 142 51 91
internal_count=4731 3424 1402 78 65 49 1324 736 724 504 243 233 144 133 96 23 2022 2004 270 23 1734 1046 27 688 227 43 588 142 51 91
is_linear=0
shrinkage=0.05


Tree=80
num_leaves=31
num_cat=0
split_feature=4 4 17 5 17 16 9 17 4 15 17 17 5 0 11 17 5 14 17 16 7 17 16 6 4 8 4 14 4 7
split_gain=7.63134 1.04337 0.396979 1.79679 1.30985 1.11468 1.07143 0.833333 0.806667 0.563146 0.599844 1.19163 0.964208 1.91819 0.787928 0.760332 0.704167 0.591026 1.09675 0.618462 2.21697 3.2 1.22399 2.07424 1.51515 1.15785 1.12508 0.984858 0.87535 0.719647
threshold=0.057500000000000009 9.3595000000000024 72.984132124666615 0.59615000000000007 72.879851949305518 21.969527098366171 0.7320000000000001 72.331359244633816 0.89750000000000008 1.0000000180025095e-35 85.973010088618636 86.819042647544151 0.76265000000000016 3.5000000000000004 9.5000000000000018 86.656264247841079 21.438450000000007 65500.945000000007 87.546192201192099 22.279283682283978 3.5000000000000004 82.151835977534603 19.226194251275214 0.59366224745844598 1.2315000000000003 3.5000000000000004 1.4330000000000001 59942.245000000003 8.225500000000002 2.5000000000000004
decision_type=2 2 2 2 2 2 2 2 2 2 2 2 2 2 2 2 2 2 2 2 2 2 2 2 2 2 2 2 2 2
left_child=-1 2 3 -2 5 -5 7 -7 -6 10 12 15 13 -4 -15 16 -12 19 -19 22 -21 -22 28 24 -24 27 -27 -25 29 -11
right_child=1 -3 9 4 8 6 -8 -9 -10 17 11 -13 -14 14 -16 -17 -18 18 -20 20 21 -23 23 25 -26 26 -28 -29 -30 -31
leaf_value=7.32492363387266e-05 -0.0045388262516735138 0.0094367899160326327 -0.0036703040644783247 0.00010834539222084339 -0.00064974745606765803 -0.0013030253748585337 -0.00026429538718158844 7.9355348553092464e-05 -0.0040377586653274787 -1.6396654021902987e-05 2.1011890798124872e-05 0.00026633872448388296 6.8409404970981854e-05 -0.0060921785057484685 0.0093289980257692893 -0.0020154907396428374 -5.0115601413115852e-05 4.4295496643187996e-05 -0.0022256879927455768 6.5928938322083332e-05 -0.002018758292694343 0.00011135138537589343 -7.2060127977833461e-05 1.9018765529740035e-05 -0.0089778121906377295 4.7419375962656015e-06 -0.0036184033895853584 -0.0010089493297984861 -0.00056287368026979175 5.1065438307000435e-05
leaf_weight=1488 14.999999999999998 175 18 120 10.000000000000002 11.999999999999998 9.9999999999999982 20 14.999999999999998 652 54 69 704 19 64 18 9.9999999999999982 461 14.999999999999998 392 10.000000000000002 9.9999999999999982 22 99 10.999999999999998 13.000000000000002 9.9999999999999982 9.9999999999999982 9.9999999999999982 188
leaf_count=1488 15 175 18 120 10 12 10 20 15 652 54 69 704 19 64 18 10 461 15 392 10 10 22 99 11 13 10 10 10 188
internal_value=0.00203641 0.000673671 0.000459001 -0.00168317 -0.000347593 0.0012963 -0.00571429 -0.00125 -0.011 0.000610353 0.00160042 -0.00129139 0.00214286 -0.00242574 0.000783133 -0.00536585 -0.0028125 0.00011298 0.00163866 -0.000395935 0.00123786 -0.015 -0.00105911 -0.005 -0.0162121 -0.00219697 -0.0123913 -4.58714e-05 -0.000294117 -0.000119047
internal_weight=4724 3236 3061 202 187 162 42 32 25 2859 956 151 805 101 83 82 64 1903 476 1427 412 20 1015 165 33 132 23 109 850 840
internal_count=4724 3236 3061 202 187 162 42 32 25 2859 956 151 805 101 83 82 64 1903 476 1427 412 20 1015 165 33 132 23 109 850 840
is_linear=0
shrinkage=0.05


Tree=81
num_leaves=31
num_cat=0
split_feature=2 5 5 2 7 18 5 17 6 11 7 10 5 17 12 12 0 5 5 17 5 17 6 17 12 14 8 6 14 0
split_gain=5.61456 1.20104 0.866024 0.575755 0.52987 0.696126 1.81359 1.1541 1.0833 0.987569 1.044 0.717949 0.642857 0.575746 0.553492 1.6375 0.8 0.519231 0.509189 0.84663 0.447274 0.439687 0.486923 0.668518 0.463883 1.13143 0.875918 0.481049 0.432816 1.82432
threshold=1.5000000000000002 32.142300000000013 0.32985000000000003 6.5000000000000009 2.5000000000000004 1.0000000180025095e-35 0.78645000000000009 82.827836732576756 0.54697946856550772 5.5000000000000009 1.5000000000000002 390.16500000000002 0.48985000000000006 72.09123301966828 27641.950000000004 25829.205000000005 9.5000000000000018 0.62320000000000009 1.1149500000000001 72.984132124666615 28.000250000000005 86.016578291762201 0.8663558054866739 86.79146885511868 70289.960000000006 106075.15000000001 1.5000000000000002 0.7831725886973363 112753.32000000002 4.5000000000000009
decision_type=2 2 2 2 2 2 2 2 2 2 2 2 2 2 2 2 2 2 2 2 2 2 2 2 2 2 2 2 2 2
left_child=-1 2 -2 -3 5 13 7 9 -8 11 12 -7 -11 -4 15 -10 -17 -14 19 -15 -16 -20 24 -24 26 -26 -23 -28 -21 -30
right_child=1 3 4 -5 -6 6 8 -9 14 10 -12 -13 17 18 20 16 -18 -19 21 28 -22 22 23 -25 25 -27 27 -29 29 -31
leaf_value=6.9586774521790407e-05 0.011713431821171809 5.1297029914226214e-05 -0.0027622096473580199 -2.0607030185619074e-05 4.8503715836491137e-05 -0.004771684564017816 -0.0024283982260654628 0.0003209916888321716 -1.5400538445078417e-06 -0.0044497930039641385 -0.00023381013547203204 0.004672467883424603 -0.004264741645137439 -0.00020489981388227736 7.4573992581555731e-05 -0.00069853967084666823 -0.004386237485146419 -0.0015364332927379981 2.3404300230239956e-05 0.011181290350240182 -1.8733778928095749e-05 -5.4388082697015998e-05 -0.001918722780115733 0.0001589372570390792 -0.0022995371134732442 5.2988184761958244e-05 0.00015526393088028615 -0.0050086026258423112 -0.0038984100373856143 0.0099063156939951415
leaf_weight=1288 180 362 13.999999999999998 12.999999999999998 574 12.000000000000002 12.999999999999998 34 253 9.9999999999999982 12.999999999999998 13.999999999999998 12.000000000000002 13.999999999999998 266 10.000000000000002 9.9999999999999982 12.999999999999998 1120 257 11.999999999999998 15.999999999999998 15.000000000000002 11.999999999999998 14.000000000000002 10.999999999999998 106 19 9.9999999999999982 27
leaf_count=1288 180 362 14 13 574 12 13 34 253 10 13 14 12 14 266 10 10 13 1120 257 12 16 15 12 14 11 106 19 10 27
internal_value=0.00218459 0.00112922 0.000802026 0.0038 0.000591809 0.000253576 -0.00110119 -0.00703704 3.54612e-05 -0.0105405 -0.0147917 -0.00269231 -0.0192857 0.000810398 0.000372051 -0.00122711 -0.015 -0.015 0.000897594 0.00272727 0.00194245 0.000468393 -0.00173575 -0.00796296 -0.000722891 -0.007 0.000390071 0.0018 0.00329932 -0.00175676
internal_weight=4724 3436 3061 375 2881 2307 672 108 564 74 48 26 35 1635 551 273 20 25 1621 308 278 1313 193 27 166 25 141 125 294 37
internal_count=4724 3436 3061 375 2881 2307 672 108 564 74 48 26 35 1635 551 273 20 25 1621 308 278 1313 193 27 166 25 141 125 294 37
is_linear=0
shrinkage=0.05


Tree=82
num_leaves=31
num_cat=0
split_feature=4 4 15 17 5 10 14 4 4 5 10 17 11 5 3 0 4 11 14 10 16 4 3 5 13 13 3 11 10 1
split_gain=6.99124 0.943872 0.43356 1.0657 1.09984 0.632285 0.866766 0.814131 0.745904 0.696213 0.733669 0.86251 0.710868 0.681278 1.38889 0.75 0.712004 0.527858 0.864716 0.808315 1.36812 1.15103 0.8 0.530803 0.452308 0.439744 0.414742 0.410644 1.6103 0.4375
threshold=0.057500000000000009 10.742000000000003 1.0000000180025095e-35 72.936291247497806 2.1242500000000004 576.16500000000008 5367.2850000000008 9.3595000000000024 1.1340000000000001 29.838150000000002 602.16500000000008 87.546192201192099 257.50000000000006 23.097550000000002 0.0015000000000000002 14.500000000000002 1.0885000000000002 402.50000000000006 124341.93000000001 778.10000000000014 22.430150994205942 3.3480000000000003 1.7940000000000003 3.0517000000000007 -4786.3449999999993 -2699.6099999999992 0.16050000000000003 541.50000000000011 838.16500000000008 3.5000000000000004
decision_type=2 2 2 2 2 2 2 2 2 2 2 2 2 2 2 2 2 2 2 2 2 2 2 2 2 2 2 2 2 2
left_child=-1 2 3 4 24 7 -7 -4 9 10 12 13 -8 16 -15 25 26 18 19 -10 23 -22 -20 -21 -2 -16 27 -12 -29 -30
right_child=1 -3 5 -5 -6 6 8 -9 17 -11 11 -13 -14 14 15 -17 -18 -19 22 20 21 -23 -24 -25 -26 -27 -28 28 29 -31
leaf_value=6.6107435795700886e-05 -0.0029045968321859354 0.012921622009280121 3.9920053508684175e-05 5.8887060522168888e-05 0.0001106284955558901 -0.0038779023168826992 -3.8413506113438539e-05 -0.00074902319338588307 0.00054521012367731922 1.694761840838366e-05 0.00013552663214002798 -0.0022824307046191007 -0.00036475485814282282 -1.7768584656171343e-05 2.3903207521107738e-06 2.6904628397281766e-05 -0.0018085918900063659 0.014186776122203832 0.00081818372762418605 0.0049987002526473085 -0.0095787405484140907 0.00058102506495064522 -0.0063321236832796016 -0.0034399084058979144 -0.0037882191277004915 -0.00011469917352510814 -0.00041984734196146847 -0.00054987243451856021 4.3745887619297347e-05 -3.0165265056831464e-05
leaf_weight=1488 12.000000000000002 132 886 969 28 13.999999999999998 28 11.999999999999998 178 101 186 12.999999999999998 12.999999999999998 13.999999999999998 14.999999999999998 21 10.999999999999998 151 10.000000000000002 59 12.000000000000002 12.999999999999998 9.9999999999999982 9.9999999999999982 12.999999999999998 13.000000000000002 215 12.999999999999998 36 48
leaf_count=1488 12 132 886 969 28 14 28 12 178 101 186 13 13 14 15 21 11 151 10 59 12 13 10 10 13 13 215 13 36 48
internal_value=0.00216342 0.000859085 0.00068299 0.00152642 -0.00537736 0.000268972 -0.000489865 0.00126949 -0.00034188 -0.00132737 -0.00194888 -0.00149573 -0.00841463 -0.00120629 -0.00611111 -0.00214286 -0.000599214 0.0012754 3.42468e-05 0.000772059 -0.00297872 -0.013 -0.01 0.000652174 -0.013 -0.0075 -0.000321285 0.000936396 -0.00170103 0.000833334
internal_weight=4724 3236 3104 1022 53 2082 1184 898 1170 727 626 585 41 572 63 49 509 443 292 272 94 25 20 69 25 28 498 283 97 84
internal_count=4724 3236 3104 1022 53 2082 1184 898 1170 727 626 585 41 572 63 49 509 443 292 272 94 25 20 69 25 28 498 283 97 84
is_linear=0
shrinkage=0.05


Tree=83
num_leaves=31
num_cat=0
split_feature=4 4 12 12 4 10 8 3 4 10 14 14 10 5 6 5 12 4 3 0 6 15 9 4 11 3 6 3 4 14
split_gain=6.88728 0.783902 0.502637 0.584818 0.809399 1.03324 2.0119 0.915328 0.7222 0.461989 0.427592 0.512417 1.10187 2.0625 0.430755 1.26087 1.00266 0.720588 0.735294 0.689334 0.960317 0.655462 0.658442 0.635075 0.565405 0.693741 0.690392 1.70751 0.563092 0.447183
threshold=0.057500000000000009 11.649500000000002 11650.165000000003 13816.210000000001 3.2200000000000002 857.87500000000011 2.5000000000000004 0.69900000000000007 0.063500000000000015 341.66500000000002 155188.72500000003 130455.29000000002 576.16500000000008 2.9247000000000001 0.90845212935914743 0.68170000000000008 24834.525000000005 6.8725000000000014 3.5175000000000005 21.500000000000004 0.99644405699742566 1.0000000180025095e-35 0.63350000000000006 3.1290000000000004 14.500000000000002 0.0075000000000000006 0.95219709142692111 0.30550000000000005 2.9760000000000004 65207.155000000006
decision_type=2 2 2 2 2 2 2 2 2 2 2 2 2 2 2 2 2 2 2 2 2 2 2 2 2 2 2 2 2 2
left_child=-1 2 -2 4 5 7 -7 9 -5 -4 11 14 13 -13 23 16 -16 18 -18 24 -21 -19 -23 28 29 -26 27 -27 -10 -17
right_child=1 -3 3 8 -6 6 -8 -9 10 -11 -12 12 -14 -15 15 19 17 21 -20 20 -22 22 -24 -25 25 26 -28 -29 -30 -31
leaf_value=6.2802064005915151e-05 4.2155535712262222e-05 0.014345706044679036 -0.00017970175665829851 -1.5169488856184472e-05 0.010274327134503521 -2.3650393592489e-05 -0.00059745949022148943 -0.0018620914959915432 1.9589402191663821e-05 3.1274790303596944e-05 6.9723603466812582e-05 -0.005157822396785687 7.6159865579634797e-05 9.6901279273092783e-05 0.0011914481785292705 4.2306917066731329e-05 -0.0068437856860737931 0.008662579465474848 -0.0027891986375831977 -0.0018750682461616194 5.7561110034238042e-05 0.0044336258566745326 -0.00074435435606508152 0.0086336808622435191 -0.0013025924616344264 0.00041232470360385507 4.7932694855890777e-05 -0.0059471626489514288 -0.0017309896877524067 8.5357458136014507e-05
leaf_weight=1488 866 112 9.9999999999999982 11.999999999999998 28 16.000000000000004 11.999999999999998 12.999999999999998 1038 71 144 16.000000000000004 41 10.999999999999998 24 320 17 12.999999999999998 17 18 24 10.000000000000002 10.999999999999998 180 13.999999999999998 12.000000000000002 55 10.999999999999998 13.999999999999998 106
leaf_count=1488 866 112 10 12 28 16 12 13 1038 71 144 16 41 11 24 320 17 13 17 18 24 10 11 180 14 12 55 11 14 106
internal_value=0.00218459 0.000889988 0.000742638 0.000349867 -0.00266667 -0.00442623 -0.0128571 -0.00191489 0.000564516 6.17286e-05 0.000634542 0.000440574 -0.00382353 -0.0116667 0.00059448 -0.000444785 -0.00586956 -0.00897059 -0.0141176 0.000446429 -0.00571429 -0.00382353 -0.00928571 0.00114448 0.000945946 -0.0026087 -0.000769231 -0.00804348 0.000674905 0.00171362
internal_weight=4724 3236 3124 2258 150 122 28 94 2108 81 2096 1952 68 27 1884 652 92 68 34 560 42 34 21 1232 518 92 78 23 1052 426
internal_count=4724 3236 3124 2258 150 122 28 94 2108 81 2096 1952 68 27 1884 652 92 68 34 560 42 34 21 1232 518 92 78 23 1052 426
is_linear=0
shrinkage=0.05


Tree=84
num_leaves=31
num_cat=0
split_feature=4 4 9 11 4 16 15 10 14 16 10 10 0 0 16 1 4 0 4 5 11 11 1 4 6 4 13 4 16 1
split_gain=6.6817 0.760503 0.524681 0.686856 1.98701 0.56566 0.602637 1.50591 1.34804 1.14986 0.797124 0.854182 0.758555 0.897452 1.03309 2.08964 0.807961 0.885244 1.82789 2.53471 1.60714 1.32234 1.77289 1.02385 0.804598 0.719435 0.566667 0.530042 1.06996 0.515819
threshold=0.057500000000000009 11.649500000000002 0.46450000000000008 1004.5000000000001 0.6795000000000001 16.937300224302344 1.0000000180025095e-35 288.50000000000006 60882.345000000008 26.699773523443685 298.16500000000002 335.20000000000005 20.500000000000004 4.5000000000000009 17.929525484804493 2.5000000000000004 8.5980000000000008 8.5000000000000018 0.19750000000000004 1.5880000000000003 703.50000000000011 196.50000000000003 2.5000000000000004 0.10350000000000001 0.69619281195212601 0.13250000000000003 -521.7299999999999 0.10650000000000001 18.606228099426705 1.5000000000000002
decision_type=2 2 2 2 2 2 2 2 2 2 2 2 2 2 2 2 2 2 2 2 2 2 2 2 2 2 2 2 2 2
left_child=-1 2 3 27 -5 -4 7 8 26 10 -8 -12 13 25 15 -15 17 18 -16 -20 21 22 -21 -19 -17 -13 -7 28 -2 -25
right_child=1 -3 5 4 -6 6 9 -9 -10 -11 11 12 -14 14 16 24 -18 23 19 20 -22 -23 -24 29 -26 -27 -28 -29 -30 -31
leaf_value=5.9661960805619531e-05 3.7877913232839268e-05 0.013628420742445087 3.2199791501870943e-05 2.754451542094532e-05 -0.0054885932153163567 0.0005259644895920304 4.0618202880606889e-05 5.9434901937605657e-05 -0.0014092848127767428 0.00016540728554809039 -0.0025837138886890365 -9.9345107207383953e-06 5.6591912418806126e-05 -0.0018187300624214959 1.8509245265882635e-05 0.0011083906988139105 -0.00037538702238338223 -1.5015437988258074e-05 0.0058036952590949618 5.6846925346912773e-05 -5.4348837060707324e-05 -0.0040240506057254918 -0.0037169497986005041 -0.00053965776402157639 -0.00095855639570068961 0.00013210596477525492 -0.00078377083798400753 0.00010986999145422394 -8.4400755863639371e-05 7.2133413149056194e-05
leaf_weight=1488 22 112 1101 17.000000000000004 10.999999999999998 17 99 384 17 100 15.999999999999998 18 80 13.999999999999998 43 14.000000000000002 11.999999999999998 12.999999999999998 31 14.000000000000002 18 15.999999999999998 11.999999999999998 57 14.999999999999998 138 10.000000000000002 680 11.999999999999998 143
leaf_count=1488 22 112 1101 17 11 17 99 384 17 100 16 18 80 14 43 14 12 13 31 14 18 16 12 57 15 138 10 680 12 143
internal_value=0.00222693 0.000951793 0.000806658 0.00196766 -0.00571429 0.000445004 -0.000269321 0.00126168 -0.0075 -0.00103751 -0.00170651 -0.00233945 -0.00205329 -0.00270609 -0.00395522 -0.0112791 -0.00307799 -0.00263689 -0.0058209 -0.00983516 -0.0158333 -0.0211905 -0.0142308 -0.000633803 -0.00362069 0.000512821 -0.000555555 0.00226891 -0.00382353 0.00025
internal_weight=4724 3236 3124 742 28 2382 1281 428 44 853 753 654 638 558 402 43 359 347 134 91 60 42 26 213 29 156 27 714 34 200
internal_count=4724 3236 3124 742 28 2382 1281 428 44 853 753 654 638 558 402 43 359 347 134 91 60 42 26 213 29 156 27 714 34 200
is_linear=0
shrinkage=0.05


Tree=85
num_leaves=31
num_cat=0
split_feature=4 4 3 6 4 12 16 10 10 12 4 10 4 11 12 3 4 6 12 13 11 3 4 15 4 10 12 6 1 16
split_gain=6.647 0.744739 0.717888 1.48445 0.955075 2.14946 1.55769 1.11154 0.849377 0.909988 0.740612 0.700962 0.630714 0.732146 0.736306 0.776956 0.644804 0.563639 0.617094 0.547991 1.02832 1.88462 0.881045 0.545455 0.525729 0.477369 0.612601 1.48235 0.476618 0.718954
threshold=0.053500000000000006 11.649500000000002 0.20850000000000002 0.73571138407735903 4.7575000000000012 46789.150000000009 20.018923485985997 570.58500000000015 638.25000000000011 5527.6050000000005 1.7610000000000003 536.16500000000008 1.3085000000000002 6.5000000000000009 18482.970000000005 0.25850000000000006 2.0675000000000003 0.57486768869990013 5674.0550000000012 -5484.4649999999992 180.50000000000003 0.69900000000000007 1.3085000000000002 1.0000000180025095e-35 1.5830000000000002 799.58500000000015 12385.195000000002 0.7706575174056054 3.5000000000000004 10.722107101499917
decision_type=2 2 2 2 2 2 2 2 2 2 2 2 2 2 2 2 2 2 2 2 2 2 2 2 2 2 2 2 2 2
left_child=-1 2 24 10 8 -6 11 -8 -5 -10 17 -7 13 -11 -15 -16 -14 18 -4 -19 21 -21 -22 -17 -2 -26 -27 -28 29 -18
right_child=1 -3 3 4 5 6 7 -9 9 12 -12 -13 16 14 15 23 28 19 -20 20 22 -23 -24 -25 25 26 27 -29 -30 -31
leaf_value=5.6678862765338625e-05 1.4758436069023396e-05 0.012585224526045753 -0.00053490582211372705 9.7694750754503056e-05 -0.00019003381887325801 0.0016370928199084943 -0.010849017519328322 -0.0033792858728699249 -0.0029789190477686038 -0.001903641124870063 0.011576163444086624 -0.0029767477110700749 0.0017091373351957918 0.0011420595405897346 -0.0012894085111226584 0.0072948594141943393 0.0068290716107276273 0.0045223094450189084 0.0057368687413102866 -0.01018395795933206 0.0054723369276400676 0.0015482030669233815 -0.0082876713132938214 -0.0025148332420210882 0.0032200156169737539 0.0061490187733597504 -0.0018522565265319448 0.0069854294481581179 3.9399921899594499e-05 -0.0019701730919966603
leaf_weight=1492 1397 111 15.999999999999998 410 97 16.000000000000004 10.000000000000002 15.999999999999998 14.999999999999998 10.999999999999998 241 9.9999999999999982 42 25 9.9999999999999982 10.999999999999998 10.999999999999998 47 234 13.000000000000002 79 12.999999999999998 19 22 249 44 17 18 41 34
leaf_count=1492 1397 111 16 410 97 16 10 16 15 11 241 10 42 25 10 11 11 47 234 13 79 13 19 22 249 44 17 18 41 34
internal_value=0.00223328 0.000974383 0.000833334 1.03952e-05 -0.00146607 -0.00506711 -0.0132692 -0.0219231 -0.000617088 -0.00310811 0.00175227 -0.00461538 -0.00224638 -0.00575949 -0.00382353 -0.0077907 -7.81248e-05 0.000486936 0.002 -0.00172515 -0.00346774 -0.0123077 -0.00112245 -0.00409091 0.00152174 0.00332317 -6.3291e-05 -0.005 -0.00255814 -0.00611111
internal_weight=4771 3279 3168 1443 781 149 52 26 632 222 662 26 207 79 68 43 128 421 250 171 124 26 98 33 1725 328 79 35 86 45
internal_count=4771 3279 3168 1443 781 149 52 26 632 222 662 26 207 79 68 43 128 421 250 171 124 26 98 33 1725 328 79 35 86 45
is_linear=0
shrinkage=0.05


Tree=86
num_leaves=31
num_cat=0
split_feature=4 5 3 11 5 17 14 17 14 13 3 10 5 4 5 0 14 0 2 10 6 5 4 14 14 11 1 10 6 3
split_gain=6.95257 0.813282 0.688068 1.31836 1.42013 2.4412 1.2935 0.938845 0.896296 0.863722 1.41761 0.8 0.591553 2.523 0.700739 1.10176 1.60733 0.941543 1.28673 0.85622 0.763575 0.484715 0.463452 0.448925 0.828572 0.619902 0.445931 0.589967 0.436957 0.807756
threshold=0.053500000000000006 0.30240000000000006 0.20850000000000002 76.500000000000014 0.6473500000000002 74.124631334384887 52657.80000000001 72.09123301966828 130455.29000000002 -17884.919999999995 0.40550000000000008 802.75000000000011 23.097550000000002 0.20250000000000004 26.461000000000002 18.500000000000004 65207.155000000006 5.5000000000000009 6.5000000000000009 462.83500000000009 0.63231749545743365 0.37365000000000004 0.58150000000000002 126967.65000000001 161923.12500000003 252.50000000000003 3.5000000000000004 587.62500000000011 0.59101410862204518 0.34350000000000008
decision_type=2 2 2 2 2 2 2 2 2 2 2 2 2 2 2 2 2 2 2 2 2 2 2 2 2 2 2 2 2 2
left_child=-1 -2 7 4 5 -4 21 -3 -8 10 11 -5 23 14 15 16 19 20 -19 -14 -16 -7 28 -9 25 -25 27 -22 -11 -30
right_child=1 2 3 9 -6 6 8 12 -10 22 -12 -13 13 -15 17 -17 -18 18 -20 -21 26 -23 -24 24 -26 -27 -28 -29 29 -31
leaf_value=5.3844919627071835e-05 0.010933705429172819 -0.0010681438465729705 -0.0011504665303109496 -0.00037213264378830766 -0.00014251925267392152 -0.00031149596401049915 -0.0085499283617838304 5.9371982182311222e-05 6.3214493576661554e-06 0.0055536464214779452 0.00023514646513252309 -0.0025105822330491884 -1.9630757279872639e-05 -0.00019272786684469223 -0.00016091909044221579 2.7250345827869652e-05 -7.4977156527460966e-05 2.1920060540678533e-05 -2.6040017046542341e-05 5.143972654642895e-06 -4.621003149012845e-05 0.0022256736330657423 0.0048058689144058492 -0.00031511822786461902 3.918901737499825e-05 -0.0032570807011285418 7.0666989644796238e-05 5.3822490014952084e-05 0.00061812568724187514 -0.0089951733100593224
leaf_weight=1492 159 10.999999999999998 11.999999999999998 10.000000000000002 557 14.999999999999998 15.000000000000002 1202 11.999999999999998 93 71 9.9999999999999982 13.999999999999998 9.9999999999999982 11.999999999999998 23 11.999999999999998 261 9.9999999999999982 23 10.000000000000002 49 500 22 58 14.999999999999998 15.999999999999998 12.999999999999998 38 26
leaf_count=1492 159 11 12 10 557 15 15 1202 12 93 71 10 14 10 12 23 12 261 10 23 10 49 500 22 58 15 16 13 38 26
internal_value=0.0021704 0.000882891 0.000705128 -0.000113636 -0.00174242 -0.00713592 -0.00434066 0.0013785 -0.0135185 0.00132353 -0.00324176 -0.015 0.00147266 -0.00019802 0.000431472 -0.00402778 -0.00826531 0.00142857 0.00260148 -0.00310811 -0.00480392 -0.00046875 0.00195586 0.00199306 -0.00131579 -0.00716216 -0.00141026 -0.00586956 -0.000414013 -0.00359375
internal_weight=4771 3279 3120 1408 660 103 91 1712 27 748 91 20 1701 404 394 72 49 322 271 37 51 64 657 1297 95 37 39 23 157 64
internal_count=4771 3279 3120 1408 660 103 91 1712 27 748 91 20 1701 404 394 72 49 322 271 37 51 64 657 1297 95 37 39 23 157 64
is_linear=0
shrinkage=0.05


Tree=87
num_leaves=31
num_cat=0
split_feature=4 4 3 6 17 12 16 1 1 3 12 0 13 14 9 4 4 14 11 13 13 4 4 12 14 14 0 12 6 11
split_gain=6.95257 0.778976 0.758231 1.16533 0.721733 0.817337 1.07143 0.658442 0.875758 2.22727 0.567473 0.511818 0.789988 0.84992 0.428571 0.410156 0.409231 1.1191 0.778646 0.766667 0.876812 0.646471 0.500988 0.388706 0.563429 1.2127 0.8 0.774506 0.83027 0.542564
threshold=0.053500000000000006 11.649500000000002 0.18050000000000002 0.54003488206278183 72.984132124666615 2817.9800000000005 12.723748191375018 5.5000000000000009 1.5000000000000002 0.81100000000000017 2200.2650000000008 11.500000000000002 -4980.6649999999991 49516.825000000004 0.7320000000000001 4.918000000000001 4.6330000000000009 24117.660000000003 3.5000000000000004 -5116.7549999999992 -11709.779999999997 5.2980000000000009 6.5410000000000013 50398.695000000007 49367.580000000009 51118.470000000008 18.500000000000004 33187.62000000001 0.8180170090501333 9.5000000000000018
decision_type=2 2 2 2 2 2 2 2 2 2 2 2 2 2 2 2 2 2 2 2 2 2 2 2 2 2 2 2 2 2
left_child=-1 2 10 11 7 6 -6 8 9 -5 -2 -4 13 -13 -8 -12 23 -18 -19 20 21 -20 -22 24 -7 26 -26 -27 -29 -30
right_child=1 -3 3 4 5 16 14 -9 -10 -11 15 12 -14 -15 -16 -17 17 18 19 -21 22 -23 -24 -25 25 27 -28 28 29 -31
leaf_value=5.115267364571852e-05 7.4308710107635177e-05 0.011409278028284824 0.010589314280512808 0.00019345000240305542 -0.001952066289264638 2.9577857736362508e-05 -0.0016977318624663215 -0.0021633599765920769 0.0022276474608767054 -0.00091972813257703819 1.2781341800816547e-05 -0.0013532989890688804 0.0067997162098330623 0.0040344398693156055 0.0025145861262232498 0.0033895726281105536 0.008478630754529563 -0.0049901023005060573 -0.0027863669048759868 0.0026713702096588104 -0.0086644911265155149 0.0001676189671199699 -0.0033211822837500016 0.00021337672962213076 -0.0042790994575680882 0.0068709551912322087 -0.0027535930436660082 0.0046614779316436353 0.0001125444139799885 -0.0022389264794069929
leaf_weight=1492 132 111 155 11.000000000000002 11.999999999999998 545 16.000000000000004 14.999999999999998 33 10.999999999999998 1460 11.000000000000002 131 19 11.999999999999998 68 50 18 10.999999999999998 46 12.000000000000002 35 10.999999999999998 267 10.000000000000002 30 9.9999999999999982 11.999999999999998 12.000000000000002 12.999999999999998
leaf_count=1492 132 111 155 11 12 545 16 15 33 11 1460 11 131 19 12 68 50 18 11 46 12 35 11 267 10 30 10 12 12 13
internal_value=0.0021704 0.000882891 0.000738637 -7.29441e-05 -0.00078859 -0.000481283 -0.0075 -0.00571429 -0.00318182 -0.0109091 0.0014759 0.00262658 0.000652174 -0.00666667 -0.00214286 0.00120419 -0.000221811 -0.00237705 -0.00477444 -0.00326087 -0.0065942 -0.0026087 -0.0145652 0.000216908 -0.000458861 -0.0041954 -0.015 -0.000970149 -0.00581081 -0.011
internal_weight=4771 3279 3168 1508 1192 1122 40 70 55 22 1660 316 161 30 28 1528 1082 183 133 115 69 46 23 899 632 87 20 67 37 25
internal_count=4771 3279 3168 1508 1192 1122 40 70 55 22 1660 316 161 30 28 1528 1082 183 133 115 69 46 23 899 632 87 20 67 37 25
is_linear=0
shrinkage=0.05


Tree=88
num_leaves=31
num_cat=0
split_feature=4 4 8 17 17 4 5 17 11 4 6 7 13 18 11 12 8 15 17 11 6 12 13 10 13 17 17 12 17 17
split_gain=7.31775 0.660399 0.518734 0.458453 1.19595 1.07786 0.410715 1.74091 1.125 1.14405 0.75005 0.587805 0.576471 0.575513 1.14228 0.75 0.378788 0.359392 0.712641 0.794163 0.697515 0.808595 0.916017 0.653613 0.685214 0.645225 0.776934 0.998925 0.757673 0.496267
threshold=0.053500000000000006 13.319000000000001 1.5000000000000002 86.357231342389994 86.193061185826821 0.78650000000000009 0.6473500000000002 74.124631334384887 113.50000000000001 8.225500000000002 0.68105334812308727 1.5000000000000002 -33305.264999999992 1.0000000180025095e-35 8.5000000000000018 9995.1850000000031 2.5000000000000004 1.0000000180025095e-35 80.572803554687098 409.00000000000006 0.54697946856550772 26434.465000000004 -3498.1649999999995 877.41500000000008 -4920.2499999999991 72.785229391660792 74.881878734822564 76801.215000000011 75.697293322999613 80.326964886771023
decision_type=2 2 2 2 2 2 2 2 2 2 2 2 2 2 2 2 2 2 2 2 2 2 2 2 2 2 2 2 2 2
left_child=-1 2 -2 4 6 -6 7 8 9 -4 -9 13 -13 15 16 -12 -15 18 19 20 21 22 -8 24 25 -22 -27 28 -28 -19
right_child=1 -3 3 -5 5 -7 17 10 -10 -11 11 12 -14 14 -16 -17 -18 29 -20 -21 23 -23 -24 -25 -26 26 27 -29 -30 -31
leaf_value=4.8595039963432457e-05 6.004121668815964e-05 0.013696317818085398 -0.0012857935750879568 8.675362776797286e-05 2.2152277349400351e-05 -0.004159861178465887 -0.0002757900063817354 0.020878782555564895 0.021671481043458479 -0.0002062894033016074 -0.0018697205727760441 -0.00038323609856621174 0.0079159349165214155 -0.00018622047939194575 -0.0038583746591920633 0.0013081654519819996 0.0091317969565479478 1.9705546876942537e-05 5.7974363477351717e-05 0.00037265801845605097 -0.00094275169723709177 -9.7317349374894009e-05 -0.0015309416428244554 -0.0010450571775750684 7.691284740403072e-05 0.00013054469649391947 -0.0029419212980335572 -0.0022758301290426147 4.5983251636264604e-05 -1.6758686140627098e-05
leaf_weight=1492 176 90 14.000000000000002 329 15.000000000000002 10.999999999999998 11.000000000000002 74 11.999999999999998 9.9999999999999982 18 17 68 22 17 36 10.999999999999998 957 322 148 14.999999999999998 20 9.9999999999999982 11.999999999999998 114 42 10.999999999999998 19 83 595
leaf_count=1492 176 90 14 329 15 11 11 74 12 10 18 17 68 22 17 36 11 957 322 148 15 20 10 12 114 42 11 19 83 595
internal_value=0.00209704 0.000776151 0.000656946 0.000502821 0.000286885 -0.0103846 0.000391272 -0.00135451 -0.0116667 -0.0179167 5.70344e-05 -0.00161376 0.00147059 -0.00413462 -0.008 -0.000555555 -0.00257576 0.000612548 0.0014684 0.000257732 -0.00108309 -0.00719512 -0.0140476 -0.000236486 0.000246479 -0.00176471 -0.000806451 -0.0029646 -0.000851064 0.000167526
internal_weight=4771 3279 3189 3013 2684 26 2658 299 36 24 263 189 85 104 50 54 33 2359 807 485 337 41 21 296 284 170 155 113 94 1552
internal_count=4771 3279 3189 3013 2684 26 2658 299 36 24 263 189 85 104 50 54 33 2359 807 485 337 41 21 296 284 170 155 113 94 1552
is_linear=0
shrinkage=0.05


Tree=89
num_leaves=31
num_cat=0
split_feature=4 3 4 4 1 13 10 11 3 3 17 10 0 3 8 10 4 4 10 6 11 6 5 12 13 3 6 4 13 17
split_gain=7.31775 0.973934 0.667089 0.998814 0.716028 0.817689 1.25 0.601955 0.856082 0.986654 0.846157 1.99836 0.840216 0.8 0.723433 0.756512 0.778618 1.41112 1.35842 1.06379 0.97676 0.677257 0.647512 0.618915 0.881855 0.617191 0.601318 0.559788 0.445534 0.690623
threshold=0.053500000000000006 0.031500000000000007 0.10350000000000001 0.10050000000000002 2.5000000000000004 -1.0000000180025095e-35 653.75000000000011 76.500000000000014 0.035500000000000011 0.38450000000000006 74.369617011068456 623.62500000000011 17.500000000000004 1.9800000000000002 3.5000000000000004 532.71000000000015 11.097000000000003 3.4865000000000004 595.87500000000011 0.96388927485815512 3.5000000000000004 0.97765846248098687 0.83670000000000011 3485.4850000000006 -13316.734999999999 0.45100000000000007 0.37248913138245493 0.9235000000000001 -5221.3599999999997 84.777884219555617
decision_type=2 2 2 2 2 2 2 2 2 2 2 2 2 2 2 2 2 2 2 2 2 2 2 2 2 2 2 2 2 2
left_child=-1 -2 3 4 5 -3 -7 8 -4 -10 11 12 -11 -13 15 25 17 20 -19 -20 -17 -14 -9 24 -24 -12 -6 -22 -27 -30
right_child=1 2 7 -5 26 6 -8 22 9 10 14 13 21 -15 -16 16 -18 18 19 -21 27 -23 23 -25 -26 28 -28 -29 29 -31
leaf_value=4.6165287965260764e-05 3.5586153726329946e-05 8.8112888355004653e-06 -3.1683825925860156e-05 -1.024472462479871e-05 -7.7164684305766778e-05 -5.6149538459786811e-06 -9.1890491715575622e-06 0.015292505039733157 3.7416874395196828e-05 0.00010321128655388286 -0.0025732824607386166 -0.0015995226570978687 0.00026901155499302229 -0.0013013841301581124 0.00024145221894698336 -0.0024747579238221561 0.011733530625243418 -0.0036993118106102198 -0.0041716319946728756 0.0055070119361787396 -0.0017707605105768806 -0.0032306287013164001 -0.0014482252746898594 3.3559212052299983e-05 0.00021249277837896813 -0.00012465933659832303 1.1557181520500558e-05 0.00029985446361650012 0.0020548597711785833 -0.0015155980139633968
leaf_weight=1492 1007 17 9.9999999999999982 10.999999999999998 9.9999999999999982 18.000000000000004 11.999999999999998 204 452 53 18 10.000000000000002 13 9.9999999999999982 111 17 19 14.999999999999998 15.999999999999998 21 15.999999999999998 10 15.000000000000002 854 15.999999999999998 65 58 54 114 33
leaf_count=1492 1007 17 10 11 10 18 12 204 452 53 18 10 13 10 111 17 19 15 16 21 16 10 15 854 16 65 58 54 114 33
internal_value=0.00209704 0.000776151 0.000202465 -0.00333333 -0.00195652 -0.00670213 -0.0116667 0.000410065 -0.000439924 -0.000300859 -0.00163866 -0.0059375 -0.00223684 -0.02 -0.000811623 -0.0018299 -0.00449367 -0.00579137 -0.0123077 -0.00716216 -0.00189655 -0.0102174 0.00123508 0.000649718 -0.00629032 1.86265e-10 0.00132353 0.000714286 0.000754717 0.00227891
internal_weight=4771 3279 2272 126 115 47 30 2146 1057 1047 595 96 76 20 499 388 158 139 52 37 87 23 1089 885 31 230 68 70 212 147
internal_count=4771 3279 2272 126 115 47 30 2146 1057 1047 595 96 76 20 499 388 158 139 52 37 87 23 1089 885 31 230 68 70 212 147
is_linear=0
shrinkage=0.05


Tree=90
num_leaves=31
num_cat=0
split_feature=2 5 5 13 5 14 5 12 6 5 10 13 0 11 5 13 13 1 12 15 10 10 5 17 12 14 13 14 6 14
split_gain=6.38248 0.828123 0.818705 0.547925 1.01429 0.519638 0.582006 1.05293 3.50901 0.743678 0.805294 0.503047 1.21786 2.08286 0.814545 0.560903 0.667754 1.05013 0.871028 0.910643 1.35 0.689022 0.489832 0.974675 0.393351 0.373121 0.367965 1.11626 0.382653 0.502976
threshold=1.5000000000000002 39.950450000000011 0.40710000000000007 -50343.964999999989 0.62320000000000009 8938.3000000000011 23.097550000000002 18281.025000000005 0.60961052103512769 25.836550000000003 796.19500000000005 -36432.464999999989 13.500000000000002 504.50000000000006 2.6391500000000003 -30246.399999999998 -21687.074999999997 2.5000000000000004 2817.9800000000005 1.0000000180025095e-35 753.87500000000011 829.12500000000011 1.5880000000000003 79.31430202845344 118714.14000000001 9240.1500000000033 -2258.4699999999998 13911.720000000003 0.99999523405763624 24404.775000000005
decision_type=2 2 2 2 2 2 2 2 2 2 2 2 2 2 2 2 2 2 2 2 2 2 2 2 2 2 2 2 2 2
left_child=-1 2 -2 4 -4 -5 11 8 -8 10 -9 12 22 14 -14 -13 17 -17 -19 20 -20 -21 23 -7 -11 -18 27 -10 -29 -30
right_child=1 -3 3 5 -6 6 7 9 26 24 -12 15 13 -15 -16 16 25 18 19 21 -22 -23 -24 -25 -26 -27 -28 28 29 -31
leaf_value=4.3857023566998278e-05 0.0086727532336993932 5.4461569216604718e-05 -0.00065905637649742155 5.0409281678131616e-05 6.9906622918932139e-05 0.0048766250897001292 -5.0290585998485476e-05 1.0233161421288312e-05 -0.00016313151199823451 1.9492728337989569e-05 -0.00014999074194384755 0.00030719735598908434 0.0027361148374933676 -0.0022994910955196654 -0.0027966045366390902 0.00029825991267494684 -0.001677342227167411 -0.00136458883773593 -0.004821195881528813 0.00069909981733327041 0.0055387432493571647 -0.00050214459293502654 7.4244156147911756e-05 -0.0015374520315132782 -4.3397751181389152e-06 2.881767801546402e-05 2.0146840244905717e-05 3.7708815663662703e-05 4.019904672810466e-06 -1.8220832221240429e-05
leaf_weight=1284 233 271 18 167 250 19.000000000000004 20 18.000000000000004 10.999999999999998 125 10.999999999999998 86 14.000000000000002 9.9999999999999982 10.999999999999998 49 10.999999999999998 12.999999999999998 15.000000000000002 36 11.999999999999998 19 55 11.999999999999998 12.999999999999998 1886 17 21 16.000000000000004 11.999999999999998
leaf_count=1284 233 271 18 167 250 19 20 18 11 125 11 86 14 10 11 49 11 13 15 36 12 19 55 12 13 1886 17 21 16 12
internal_value=0.0019905 0.000870762 0.000644654 0.00041907 0.00257463 0.000203434 2.38855e-05 -0.00219697 -0.00634021 0.000209581 -0.00706897 0.000284698 -0.00285124 -0.0107143 -0.003 0.000463094 0.000296424 -0.00298611 -0.00605263 -0.00414634 -0.0116667 -0.000454545 0.000348837 -0.00467742 0.00173913 0.000545598 -0.00149351 -0.00333333 -0.000102041 -0.00392857
internal_weight=4735 3451 3180 2947 268 2679 2512 264 97 167 29 2248 121 35 25 2127 2041 144 95 82 27 55 86 31 138 1897 77 60 49 28
internal_count=4735 3451 3180 2947 268 2679 2512 264 97 167 29 2248 121 35 25 2127 2041 144 95 82 27 55 86 31 138 1897 77 60 49 28
is_linear=0
shrinkage=0.05


Tree=91
num_leaves=31
num_cat=0
split_feature=2 3 5 5 5 5 6 5 14 14 10 6 16 3 13 10 5 6 13 13 0 16 8 5 18 5 1 3 6 0
split_gain=6.51756 0.983628 0.536271 0.497763 0.512036 1.3137 0.866968 1.42903 0.429216 1.13907 0.621369 0.384613 0.93184 0.380242 1.03492 1.20899 1.12506 0.75812 0.534162 1.09288 2.04264 0.479167 0.478632 0.394176 0.527287 0.898905 0.750183 0.718165 0.701641 0.757483
threshold=1.5000000000000002 0.043500000000000004 0.30240000000000006 39.950450000000011 23.097550000000002 24.526000000000003 0.6451013731094225 29.838150000000002 122617.96500000001 141521.39000000004 360.50000000000006 0.99789296830572416 21.936577378438024 2.9730000000000003 -997.51499999999999 696.25000000000011 0.52140000000000009 0.98169432450570493 -45864.689999999995 -36432.464999999989 13.500000000000002 24.911032000072755 2.5000000000000004 3.3132500000000005 1.0000000180025095e-35 0.59615000000000007 2.5000000000000004 0.44450000000000006 0.82373251108434509 21.500000000000004
decision_type=2 2 2 2 2 2 2 2 2 2 2 2 2 2 2 2 2 2 2 2 2 2 2 2 2 2 2 2 2 2
left_child=-1 3 -3 4 8 -6 7 -7 -2 -10 -11 -8 -13 18 15 16 -15 -16 21 20 -20 -4 -17 24 -21 26 -26 -27 -29 -30
right_child=1 2 13 -5 5 6 11 -9 9 10 -12 12 -14 14 17 22 -18 -19 19 23 -22 -23 -24 -25 25 27 -28 28 29 -31
leaf_value=4.1664172388648779e-05 7.3978628061022205e-05 0.0090497822326131572 0.00075758017367693004 6.4553295199878515e-05 -0.00014914890580633965 -5.6460858412380686e-05 2.9787138691606598e-05 0.0001158414146429177 -0.0024578790817955214 -6.2914337318870252e-05 0.00019918699021010774 2.7806382186323333e-07 -4.4236906787046921e-05 -0.0007834670301749728 0.0089935401463263273 -0.0026726070350853379 -0.0051923686608296203 -0.00043203661607740373 9.8435587851787815e-06 0.001893478183050583 -0.0020154827612473111 -0.0029113613521963683 0.0052302204091810491 -6.8906277424137245e-06 0.00031740186984117053 0.00090882899702573842 -0.0030970854066353828 -0.0040670190675117747 2.197806524289203e-05 -0.0020043043963891903
leaf_weight=1284 762 124 92 244 10.999999999999998 19 74 13.999999999999998 11.999999999999998 9.9999999999999982 43 47 9.9999999999999982 21 62 18 19 14.999999999999998 23 556 13.999999999999998 15.999999999999998 21 929 15.000000000000002 59 12.999999999999998 14.999999999999998 182 10.999999999999998
leaf_count=1284 762 124 92 244 11 19 74 14 12 10 43 47 10 21 62 18 19 15 23 556 14 16 21 929 15 59 13 15 182 11
internal_value=0.00195882 0.000827297 0.000192744 0.00195024 0.00145709 -0.001 0.000121951 -0.00712121 0.00197703 -0.00192308 0.00122642 0.00194657 -0.00114035 2.40288e-06 -0.00237179 -0.0063924 -0.0125 0.00175325 0.000194805 -8.25518e-06 -0.00851351 0.00361111 -0.000128205 0.00016854 0.000945946 -0.000762712 -0.00928571 0.000131086 -0.00125 -0.000440414
internal_weight=4735 3451 2205 1246 1002 175 164 33 827 65 53 131 57 2081 156 79 40 77 1925 1817 37 108 39 1780 851 295 28 267 208 193
internal_count=4735 3451 2205 1246 1002 175 164 33 827 65 53 131 57 2081 156 79 40 77 1925 1817 37 108 39 1780 851 295 28 267 208 193
is_linear=0
shrinkage=0.05


Tree=92
num_leaves=31
num_cat=0
split_feature=4 4 3 6 6 16 16 4 3 16 6 6 5 12 10 12 1 4 5 14 0 10 16 4 5 13 0 12 9 10
split_gain=8.03605 0.937169 0.907641 0.506678 0.873934 0.960474 0.711831 0.677988 1.45262 0.609524 0.562146 1.12143 1.30667 0.490577 0.561159 0.983072 0.589655 0.444014 1.68997 2.15893 0.840567 1.71939 1.4034 0.676834 0.633759 1.22549 0.574755 0.898538 1.29086 0.651436
threshold=0.053500000000000006 11.649500000000002 0.023500000000000004 0.53161112827105861 0.54397849508289597 18.048783530916189 23.704564906138959 8.225500000000002 3.1090000000000004 15.558519607554965 0.34172086052332584 0.3172753690376931 9.3911000000000016 19398.790000000005 609.75000000000011 15000.765000000001 3.5000000000000004 0.19750000000000004 18.804250000000003 33331.840000000004 1.5000000000000002 264.00000000000006 21.474793701948645 2.9760000000000004 38.939000000000007 -8801.4949999999972 21.500000000000004 23542.855000000003 0.53550000000000009 829.12500000000011
decision_type=2 2 2 2 2 2 2 2 2 2 2 2 2 2 2 2 2 2 2 2 2 2 2 2 2 2 2 2 2 2
left_child=-1 2 -2 10 5 -5 7 17 -9 -10 11 -4 -13 14 15 16 -12 24 20 -20 21 -19 23 -23 -6 -26 -22 28 -28 -29
right_child=1 -3 3 4 6 -7 -8 8 9 -11 13 12 -14 -15 -16 -17 -18 18 19 -21 26 22 -24 -25 25 -27 27 29 -30 -31
leaf_value=3.9580963769215995e-05 2.679977458694815e-05 0.0095286842238609653 4.0812781569513361e-05 0.00029448770703795126 1.0578930684961511e-05 -0.0050144040959237786 6.795475165256855e-05 -0.0033641972635831785 -0.0022442284359354202 0.019972611346368577 0.00098785717914324426 0.0063134720858938247 -0.00010164073832774426 0.00015974087061890822 5.6176405677070643e-05 -0.0011754337407136762 -0.0012868656535840724 -0.0038792786730027146 -0.00015930807043357953 1.6943149122495077e-05 -1.4771432769752244e-07 0.0074352131322273102 -0.0089214421711362266 -0.00011613679192975058 -1.0582148442495512e-05 1.7546298771580428e-05 -0.0027720736158945575 0.00037233294172189812 -0.00051152761054077604 -0.0014363286176613931
leaf_weight=1468 913 114 97 11.000000000000002 232 11.999999999999998 385 17 14.999999999999998 20 19.000000000000004 15.000000000000002 9.9999999999999982 214 75 10.999999999999998 9.9999999999999982 9.9999999999999982 14.000000000000002 12.999999999999998 873 49 12.999999999999998 19 10.000000000000002 17 15.000000000000002 34 15.999999999999998 13.999999999999998
leaf_count=1468 913 114 97 11 232 12 385 17 15 20 19 15 10 214 75 11 10 10 14 13 873 49 13 19 10 17 15 34 16 14
internal_value=0.00192714 0.000546373 0.000385347 -0.00015625 -0.000533818 -0.0102174 -0.000407701 -0.000937726 -0.00653846 -0.000714286 0.00134146 -0.00155738 -0.011 0.00241641 -0.000217391 -0.005 -0.000172414 -0.000718585 -0.00116822 -0.0135185 -0.000848514 -0.00543956 -0.00302469 -0.000147059 0.001139 -0.00611111 -0.000409664 -0.00449367 -0.011129 -0.000208333
internal_weight=4735 3267 3153 2240 1789 23 1766 1381 52 35 451 122 25 329 115 40 29 1329 1070 27 1043 91 81 68 259 27 952 79 31 48
internal_count=4735 3267 3153 2240 1789 23 1766 1381 52 35 451 122 25 329 115 40 29 1329 1070 27 1043 91 81 68 259 27 952 79 31 48
is_linear=0
shrinkage=0.05


Tree=93
num_leaves=31
num_cat=0
split_feature=4 4 4 7 4 6 16 3 16 14 16 7 4 3 10 4 16 11 4 17 14 16 16 6 3 14 10 11 6 14
split_gain=8.2585 0.96311 0.690945 1.19548 1.45181 2.57896 1.03846 0.75657 0.601302 0.835706 0.897928 1.55844 0.814544 0.615385 0.58149 0.66807 0.8446 2.25198 1.09186 0.85704 1.03456 1.02904 0.970273 1.564 0.819025 1.09488 0.553846 0.537155 1.3975 0.507815
threshold=0.053500000000000006 11.649500000000002 0.10350000000000001 1.5000000000000002 0.065500000000000017 0.59101410862204518 14.284933386254819 0.023500000000000004 20.770541693754065 46148.370000000003 20.394092077874213 1.0000000180025095e-35 8.225500000000002 5.4480000000000013 897.50000000000011 0.15650000000000003 19.29237340587763 6.5000000000000009 0.64600000000000013 76.083796719149788 10627.450000000003 16.749629993349679 13.045171902716445 0.74298955810291556 0.097500000000000017 17581.900000000005 551.50000000000011 609.00000000000011 0.61526034589143708 126967.65000000001
decision_type=2 2 2 2 2 2 2 2 2 2 2 2 2 2 2 2 2 2 2 2 2 2 2 2 2 2 2 2 2 2
left_child=-1 2 3 27 -5 -6 -7 29 9 12 -11 -12 14 -14 15 -9 18 -18 19 -17 -21 22 24 -24 -22 -26 -8 -2 -29 -4
right_child=1 -3 7 4 5 6 26 8 -10 10 11 -13 13 -15 -16 16 17 -19 -20 20 21 -23 23 -25 25 -27 -28 28 -30 -31
leaf_value=3.7601915580755263e-05 4.1430401480547212e-06 0.0090522500126679201 4.8015289834678834e-05 3.8580747659295884e-05 -5.7316673168976147e-05 -7.9880852235409204e-06 -1.8232246570271353e-05 4.7269711316417861e-05 4.7924302680809179e-05 0.00010178073646803837 -0.0031819531899670477 0.0047871008658578462 -0.00080478217656447092 0.00083251197430311017 6.6259826427048137e-05 3.0408257517243963e-05 -0.0029893136641647609 -0.0018883353800013632 -2.1842145930153329e-05 5.2887911303736517e-05 -0.001019631002472582 2.1921703730719005e-05 -0.0023102433370206683 -0.0025752392031412209 -0.0018027990986793285 7.2168789038240823e-05 2.7336237570714122e-05 -1.6350329801416683e-05 2.1773902580216234e-05 -1.0657062309808578e-05
leaf_weight=1468 118 114 773 15.999999999999998 9.9999999999999982 12.999999999999998 10.000000000000002 66 763 534 11.000000000000002 9.9999999999999982 13.000000000000002 12.999999999999998 133 48 9.9999999999999982 41 311 23 15.999999999999998 28 15.999999999999998 19 15.999999999999998 25 15.999999999999998 17 15.999999999999998 68
leaf_count=1468 118 114 773 16 10 13 10 66 763 534 11 10 13 13 133 48 10 41 311 23 16 28 16 19 16 25 16 17 16 68
internal_value=0.0018849 0.000485155 0.000321916 -0.00240741 -0.00807692 -0.0123469 -0.00653846 0.000522642 1.43132e-05 -0.000626406 0.000855856 -0.00928571 -0.0016838 -0.0103846 -0.00138298 -0.00202746 -0.00259494 -0.00872549 -0.00197211 -0.00494764 -0.00688811 -0.00875 -0.0113043 -0.0178571 -0.0072807 -0.00353659 -0.000769231 3.31128e-05 -0.00560606 0.00178954
internal_weight=4735 3267 3153 216 65 49 39 2937 2096 1333 555 21 778 26 752 619 553 51 502 191 143 120 92 35 57 41 26 151 33 841
internal_count=4735 3267 3153 216 65 49 39 2937 2096 1333 555 21 778 26 752 619 553 51 502 191 143 120 92 35 57 41 26 151 33 841
is_linear=0
shrinkage=0.05


Tree=94
num_leaves=31
num_cat=0
split_feature=4 4 5 4 3 6 6 0 2 5 16 17 6 2 6 6 17 12 0 16 4 12 6 12 12 16 3 17 6 12
split_gain=7.87122 0.917945 0.456413 3.41828 0.905405 0.770889 1.35391 1.45922 0.898823 0.700833 0.661517 0.918204 1.45606 0.666721 0.653069 0.836024 0.749159 0.501961 0.497871 0.813884 0.479053 0.675 0.518182 0.430877 1.91092 0.735437 1.37456 0.851464 0.638977 0.929316
threshold=0.053500000000000006 11.649500000000002 23.097550000000002 0.20250000000000004 0.18750000000000003 0.59101410862204518 0.56410338867762588 5.5000000000000009 6.5000000000000009 27.468850000000003 14.810079678401861 76.083796719149788 0.93959256057828988 2.5000000000000004 0.53161112827105861 0.54397849508289597 72.207311419098531 22557.560000000001 11.500000000000002 9.9613026206330044 0.44900000000000007 16847.190000000006 0.32101048656628389 17152.785000000003 16347.780000000002 15.294817651973943 3.3480000000000003 86.016578291762201 0.79818241087380304 22165.345000000005
decision_type=2 2 2 2 2 2 2 2 2 2 2 2 2 2 2 2 2 2 2 2 2 2 2 2 2 2 2 2 2 2
left_child=-1 2 4 5 -2 6 7 -4 10 17 11 12 -7 -13 18 -16 -17 -9 -6 -20 21 -21 -23 24 25 26 27 -18 -25 -30
right_child=1 -3 3 -5 14 8 -8 9 -10 -11 -12 13 -14 -15 15 16 23 -19 19 20 -22 22 -24 28 -26 -27 -28 -29 29 -31
leaf_value=3.5721819801717849e-05 4.5008962065104184e-05 0.0085996375120345227 -0.00011235927872357279 -0.00015578387713514736 0.010062110059619189 4.5680338047606871e-05 -1.6405689631203258e-05 -3.3121772092787833e-05 -1.5109531285319343e-05 2.5250680511242108e-05 1.9776254574355538e-05 -6.6102599822155614e-06 -1.5746646620439652e-05 1.8900909317148555e-05 -0.0040902082899260351 -0.00036822698052914706 -0.00046873156242076069 2.6574493788070093e-06 -0.0011155699457981469 -0.0018367265414447613 0.0097122208290013716 -0.000910202933629631 0.0061651896351869783 0.0020455090322711307 -0.0064822853988273825 0.00023804614695088614 -0.0030998361756194646 -0.0016336364042635679 0.00072586559546029654 -0.00030814053945007569
leaf_weight=1468 1267 114 9.9999999999999982 9.9999999999999982 147 12.000000000000002 11.999999999999998 10.000000000000002 10.999999999999998 48 188 13.999999999999998 9.9999999999999982 66 13.999999999999998 14.999999999999998 98 17 10.999999999999998 9.9999999999999982 107 11.000000000000002 19 336 13.999999999999998 200 14.999999999999998 12.999999999999998 57 411
leaf_count=1468 1267 114 10 10 147 12 12 10 11 48 188 14 10 66 14 15 98 17 11 10 107 11 19 336 14 200 15 13 57 411
internal_value=0.00195882 0.000592287 0.000432921 -0.00112745 0.000664845 -0.00040201 -0.00427835 -0.00205882 0.000847176 0.000333334 0.00137931 -0.00186274 -0.0109091 0.000625 -0.000175913 -0.00071185 -0.000565142 -0.00611111 0.00188525 -6.3291e-05 0.000918368 -0.00375 1.86265e-10 -0.00041958 -0.00191176 -0.00113497 -0.00412698 -0.00220721 0.000211443 -0.000982906
internal_weight=4735 3267 3153 408 2745 398 97 85 301 75 290 102 22 80 1478 1173 1159 27 305 158 147 40 30 1144 340 326 126 111 804 468
internal_count=4735 3267 3153 408 2745 398 97 85 301 75 290 102 22 80 1478 1173 1159 27 305 158 147 40 30 1144 340 326 126 111 804 468
is_linear=0
shrinkage=0.05


Tree=95
num_leaves=31
num_cat=0
split_feature=4 4 3 4 3 1 4 0 17 16 12 16 16 17 1 6 16 14 9 0 1 12 13 13 14 6 4 17 17 16
split_gain=8.10257 0.799388 0.562769 0.715669 0.876623 0.388807 0.670055 0.983103 0.916017 0.41669 0.397628 0.634921 0.685714 0.463364 0.669262 1.28805 0.354976 0.362551 0.57351 0.587529 0.554668 0.501494 0.961437 0.60222 0.83724 1.33413 1.02523 0.880272 1.18193 1.01587
threshold=0.053500000000000006 11.097000000000003 0.040500000000000008 0.063500000000000015 0.056500000000000009 3.5000000000000004 8.225500000000002 6.5000000000000009 76.495414693338333 27.4151649759919 2817.9800000000005 12.723748191375018 20.124932683531799 72.984132124666615 5.5000000000000009 0.92950794147245797 27.217542877040632 68848.005000000019 0.63350000000000006 9.5000000000000018 2.5000000000000004 12052.560000000003 -20405.089999999997 -1031.0849999999998 19411.135000000006 0.82733038545984983 0.20650000000000002 83.022183844210659 84.580886455495047 11.595337893646503
decision_type=2 2 2 2 2 2 2 2 2 2 2 2 2 2 2 2 2 2 2 2 2 2 2 2 2 2 2 2 2 2
left_child=-1 2 -2 4 -4 6 9 -8 -9 16 11 -7 -13 14 -12 -16 17 21 -19 -20 -21 -5 -23 24 25 -24 -26 -28 -29 -30
right_child=1 -3 3 5 -6 10 7 8 -10 -11 13 12 -14 -15 15 -17 -18 18 19 20 -22 22 23 -25 26 -27 27 28 29 -31
leaf_value=3.3935728811632097e-05 2.1270972867385662e-05 0.0083062937871434313 6.5265326627059556e-06 2.719985430857921e-05 -4.6796146569557568e-05 -0.0018140945909950062 0.018086728368674806 -0.000751939425258251 -0.0050508431535795338 0.00020604014889794489 9.1198785845002668e-05 0.00027840681178717684 -0.0024020221927462037 4.6978463998737344e-05 -0.00019912181481112842 -0.002296397934292975 -0.0017406765386377848 0.00026548039800929963 -0.0011402417930145476 0.00031195871226981879 -0.004025806570975946 -0.0014105000133343539 -0.0013036459340538878 1.7466542846625775e-06 2.6966628401955254e-05 -3.8050833523341904e-05 -0.00035596292328527601 -0.0031116719434997743 -0.0026867534991117607 1.0371827081984185e-05
leaf_weight=1453 1033 117 11.000000000000002 173 9.9999999999999982 9.9999999999999982 10.000000000000002 11.000000000000002 9.9999999999999982 34 31 21 13.999999999999998 896 18.000000000000004 10.999999999999998 9.9999999999999982 154 52 63 17 11.999999999999998 14.999999999999998 277 42 21 141 12.999999999999998 13.999999999999998 36
leaf_count=1453 1033 117 11 173 10 10 10 11 10 34 31 21 14 896 18 11 10 154 52 63 17 12 15 277 42 21 141 13 14 36
internal_value=0.00189218 0.00051419 0.000363924 -0.000101081 -0.00928571 -9.49649e-06 -0.000656108 -0.00790323 -0.0140476 -0.000446927 0.000704296 -0.00388889 -0.000714286 0.000920502 -0.00333333 -0.0087931 -0.000625 -0.00053398 0.000979021 -0.00143939 0.00125 -0.00111559 -0.00183012 -0.00152952 -0.00315603 -0.0102778 -0.00211382 -0.00357843 -0.00849206 -0.005
internal_weight=4730 3277 3160 2127 21 2106 1105 31 21 1074 1001 45 35 956 60 29 1040 1030 286 132 80 744 571 559 282 36 246 204 63 50
internal_count=4730 3277 3160 2127 21 2106 1105 31 21 1074 1001 45 35 956 60 29 1040 1030 286 132 80 744 571 559 282 36 246 204 63 50
is_linear=0
shrinkage=0.05


Tree=96
num_leaves=31
num_cat=0
split_feature=4 4 4 11 0 5 17 3 10 11 11 10 7 0 17 17 0 17 17 11 9 11 0 5 3 18 14 4 5 4
split_gain=7.66761 0.752026 0.619317 0.911985 0.706987 0.666667 0.591684 0.476953 0.590887 0.519642 0.59821 1.40207 1.34623 1.19347 0.574445 0.587666 0.727273 0.466314 0.569515 0.902925 0.51097 0.604593 0.526094 0.487806 0.805963 0.681502 0.472028 0.421029 0.418227 0.741592
threshold=0.053500000000000006 11.097000000000003 0.082500000000000018 627.50000000000011 5.5000000000000009 30.990050000000004 72.09123301966828 0.15350000000000003 521.12500000000011 316.00000000000006 243.50000000000003 857.87500000000011 1.0000000180025095e-35 13.500000000000002 86.388286360625827 86.016578291762201 10.500000000000002 81.912703579764226 81.388984370696846 11.500000000000002 0.84500000000000008 12.500000000000002 15.500000000000002 0.48985000000000006 5.4480000000000013 1.0000000180025095e-35 39471.225000000013 0.18150000000000002 15.260950000000003 0.18950000000000003
decision_type=2 2 2 2 2 2 2 2 2 2 2 2 2 2 2 2 2 2 2 2 2 2 2 2 2 2 2 2 2 2
left_child=-1 2 3 4 -2 -5 -4 8 -8 10 14 12 -12 -14 15 17 -17 18 23 -20 -19 22 -22 24 25 -9 -21 -11 -10 -30
right_child=1 -3 6 5 -6 -7 7 9 28 27 11 -13 13 -15 -16 16 -18 20 19 26 21 -23 -24 -25 -26 -27 -28 -29 29 -31
leaf_value=3.2238942371050354e-05 -5.2596920761957384e-05 0.0078909790977862611 -0.0017263546266378972 -2.8226073153246627e-05 1.2721357770193506e-06 -6.7661022409103359e-06 4.9152612112287763e-05 -4.3166208316692929e-05 7.9967702743437459e-05 -0.00030831724076713633 0.0042030639353958657 -0.006635115855593266 0.0011162403710540038 -0.0051632082724677106 0.00059667150752643104 0.0078561328680928598 -0.0030096165776404022 0.00032598373942735481 -0.0026321115534131104 -0.0030897527963725784 -0.0016892038065735465 0.0040159422476493253 0.0015234616858493201 -7.1511617954352189e-06 7.0595230085055932e-05 -0.0031806139879252196 0.0028469278074184788 0.0042612925210800713 4.4636892131442115e-06 -8.5262981292516982e-05
leaf_weight=1453 15.999999999999998 117 19 12.000000000000002 94 11.999999999999998 476 13 592 18 58 14.999999999999998 11.000000000000002 12.999999999999998 98 11.000000000000002 10.999999999999998 171 17 11.000000000000002 16.000000000000004 34 10.999999999999998 520 26 15 14.999999999999998 496 305 54
leaf_count=1453 16 117 19 12 94 12 476 13 592 18 58 15 11 13 98 11 11 171 17 11 16 34 11 520 26 15 15 496 305 54
internal_value=0.00197674 0.000636253 0.000490507 -0.00283582 -0.000909091 -0.0116667 0.000637806 0.000693382 0.00135599 9.49369e-05 -0.000534709 -0.00427835 -0.00170732 -0.0116667 -0.000159959 -0.000568312 -0.00863636 -0.000359246 -0.0010778 -0.00662791 0.00155172 -0.00237705 -0.00796296 -0.000662021 -0.00518518 -0.0110714 -0.000769231 0.00140078 0.000636173 -0.000710306
internal_weight=4730 3277 3160 134 110 24 3026 3007 1427 1580 1066 97 82 24 969 871 22 849 617 43 232 61 27 574 54 28 26 514 951 359
internal_count=4730 3277 3160 134 110 24 3026 3007 1427 1580 1066 97 82 24 969 871 22 849 617 43 232 61 27 574 54 28 26 514 951 359
is_linear=0
shrinkage=0.05


Tree=97
num_leaves=31
num_cat=0
split_feature=4 4 17 6 3 6 4 10 10 0 6 1 4 16 16 10 0 4 17 1 17 6 6 11 1 1 13 10 11 16
split_gain=7.45463 0.728888 0.58028 0.550446 0.402551 0.712816 0.775472 2.06346 0.615776 0.501794 0.581 1.4292 1.8 0.475568 1.25447 1.83947 2.00835 0.83871 0.8 0.797437 1.1748 0.688933 1.45833 0.517967 0.47153 0.750003 0.606019 0.650119 1.51583 0.715742
threshold=0.053500000000000006 11.097000000000003 72.09123301966828 0.10626998442258957 0.16050000000000003 0.50163582138092322 0.22450000000000003 735.83500000000015 521.12500000000011 4.5000000000000009 0.59101410862204518 1.0000000180025095e-35 0.48350000000000004 23.511793370981461 21.969527098366171 650.12500000000011 13.500000000000002 3.2770000000000006 79.723549674783555 1.0000000180025095e-35 73.628055274700344 0.67837815000901125 0.57486768869990013 6.5000000000000009 2.5000000000000004 4.5000000000000009 -1472.2149999999997 1072.7500000000002 581.50000000000011 22.763407709927225
decision_type=2 2 2 2 2 2 2 2 2 2 2 2 2 2 2 2 2 2 2 2 2 2 2 2 2 2 2 2 2 2
left_child=-1 2 -2 -4 8 -6 7 -7 -5 -10 11 12 -11 14 19 23 17 -17 -18 20 -8 22 -22 -16 -12 26 27 28 29 -26
right_child=1 -3 3 4 5 6 13 -9 9 10 24 -13 -14 -15 15 16 18 -19 -20 -21 21 -23 -24 -25 25 -27 -28 -29 -30 -31
leaf_value=3.0626995252497347e-05 -0.001640036895306002 0.0074964301428969426 -0.00015234984949316911 3.5435717165980487e-05 0.0066006901139204713 3.349970706734086e-05 -0.0018475049983068615 -0.00046829821135317505 6.2920569426313177e-05 -4.8302284976676996e-07 3.9080048693028103e-05 -4.2550473834578259e-06 -0.0020169877072046026 0.00016891998215713171 -0.0048817589775877399 -0.0015592064543548964 -0.0042888526302173446 0.0027034554875480497 -0.0068631388138677765 8.3856028977178084e-05 0.016382089331877191 4.7480401105450523e-05 -0.0091662233792325614 0.00052916584839190236 -4.5235761206308091e-06 2.9737772104464602e-05 3.4676536977409245e-05 4.7072947075301422e-05 -0.0032683693434483875 -0.0019937798740955362
leaf_weight=1453 19 117 13.999999999999998 524 258 29 12.999999999999998 18 201 10.000000000000002 200 193 9.9999999999999982 294 10.999999999999998 18.000000000000004 10.000000000000002 12.999999999999998 9.9999999999999982 738 10.000000000000002 81 13.999999999999998 38 125 222 25 21 10.999999999999998 30
leaf_count=1453 19 117 14 524 258 29 13 18 201 10 200 193 10 294 11 18 10 13 10 738 10 81 14 38 125 222 25 21 11 30
internal_value=0.00201903 0.000697284 0.000553798 0.000606495 0.000650784 8.0386e-05 -0.00039707 -0.00670213 0.00121501 0.000515267 -1.77094e-05 -0.002277 -0.015 -0.00016 -0.000700837 -0.006 -0.0126471 -0.00467742 -0.025 -8.17755e-05 -0.0038983 -0.00214286 -0.00958333 0.000918368 0.000741325 -0.000184332 -0.00231132 -0.00328877 -0.00433735 -0.00306452
internal_weight=4730 3277 3160 3141 3127 1555 1297 47 1572 1048 847 213 20 1250 956 100 51 31 20 856 118 105 24 49 634 434 212 187 166 155
internal_count=4730 3277 3160 3141 3127 1555 1297 47 1572 1048 847 213 20 1250 956 100 51 31 20 856 118 105 24 49 634 434 212 187 166 155
is_linear=0
shrinkage=0.05


Tree=98
num_leaves=31
num_cat=0
split_feature=4 4 5 4 16 4 16 5 1 5 10 12 1 14 1 9 16 4 11 14 10 5 11 11 11 5 10 8 5 4
split_gain=7.29687 0.711771 0.599141 2.32699 1.07882 0.969048 1.11486 0.927243 0.694444 0.642138 0.778548 0.801818 0.84965 0.744048 0.501099 0.789119 0.900126 1.16452 0.935764 1.3932 1.09349 0.888889 1.12005 0.883367 0.892082 0.493867 0.464723 0.419055 0.488178 0.625648
threshold=0.053500000000000006 11.097000000000003 23.097550000000002 0.20250000000000004 20.944528354710162 0.10350000000000001 21.837030312862669 35.282150000000009 2.5000000000000004 30.470800000000001 905.83500000000015 10736.720000000003 3.5000000000000004 65207.155000000006 1.0000000180025095e-35 0.63350000000000006 20.770541693754065 0.23350000000000004 204.50000000000003 17388.905000000002 390.16500000000002 1.8854500000000003 60.500000000000007 443.50000000000006 574.50000000000011 35.880000000000003 350.50000000000006 1.5000000000000002 15.658700000000001 0.36450000000000005
decision_type=2 2 2 2 2 2 2 2 2 2 2 2 2 2 2 2 2 2 2 2 2 2 2 2 2 2 2 2 2 2
left_child=-1 2 14 4 9 6 -6 -7 -8 10 11 12 -4 -12 15 23 18 -18 19 -17 -21 -22 -23 -2 -25 -10 -11 -16 29 -29
right_child=1 -3 3 -5 5 7 8 -9 25 26 13 -13 -14 -15 27 16 17 -19 -20 20 21 22 -24 24 -26 -27 -28 28 -30 -31
leaf_value=2.9095645489872482e-05 0.00031537311928289392 0.0071216086357520914 -3.6257872550921634e-05 -0.00014773242808435781 -4.3308996669346716e-05 2.4454559648063562e-05 -6.3733526655325017e-05 -1.4108136487512799e-05 -4.6205093944877345e-05 -1.9214862087503065e-05 1.3144989408910469e-06 2.2739170482458551e-05 2.5546883873622004e-05 -2.6512748814746381e-05 0.00024153296488688258 0.0034663037530746413 -4.908666982663588e-05 0.0007231375304231802 0.00080753226378799602 1.1686806688682253e-05 -0.0015249019810555128 -0.0019275878514979261 -0.0032668121679294837 -0.0013195292890226318 0.00065990799962251003 6.5764279152837721e-06 2.7545440056034945e-05 -0.00016532258939763056 2.9131973573204845e-05 0.00011031593752437544
leaf_weight=1453 149 117 11.000000000000002 9.9999999999999982 12.999999999999998 45 11.999999999999998 22 13.999999999999998 14.999999999999998 14.000000000000002 75 12.999999999999998 9.9999999999999982 132 18 9.9999999999999982 62 27 13.999999999999998 11.999999999999998 13.000000000000002 10.999999999999998 11.000000000000002 20 22 137 317 205 1746
leaf_count=1453 149 117 11 10 13 45 12 22 14 15 14 75 13 10 132 18 10 62 27 14 12 13 11 11 20 22 137 317 205 1746
internal_value=0.00205074 0.000743058 0.000601266 -0.00117433 -0.000583126 -0.004375 -0.00893443 -0.00022388 -0.00541667 0.00118182 -0.00150406 0.000454546 -0.0075 -0.00958333 0.00086822 -0.000907781 -0.00338323 0.000833334 -0.00657895 -0.00970588 -0.014 -0.0186111 -0.0241667 0.00138889 -0.00629032 -0.00194444 0.00335526 0.001125 0.000965609 0.000734368
internal_weight=4730 3277 3160 413 403 128 61 67 48 275 123 99 24 24 2747 347 167 72 95 68 50 36 24 180 31 36 152 2400 2268 2063
internal_count=4730 3277 3160 413 403 128 61 67 48 275 123 99 24 24 2747 347 167 72 95 68 50 36 24 180 31 36 152 2400 2268 2063
is_linear=0
shrinkage=0.05


Tree=99
num_leaves=31
num_cat=0
split_feature=4 3 4 14 4 3 9 4 16 12 14 14 5 3 0 11 0 3 5 5 0 14 8 14 14 13 12 14 3 16
split_gain=7.29687 0.532949 0.453836 0.420523 0.451669 0.88205 0.998442 0.412168 0.361782 0.971429 0.312234 0.42128 0.328136 0.300878 0.439403 0.57797 0.744048 0.502766 0.36918 0.751995 0.642222 0.688095 0.380105 0.328774 1.00761 2.1046 0.311991 0.4865 0.426087 0.420153
threshold=0.053500000000000006 0.025500000000000005 15.3925 3895.4000000000005 0.06950000000000002 0.056500000000000009 0.84500000000000008 5.190500000000001 8.710414180480738 9995.1850000000031 8938.3000000000011 9240.1500000000033 14.647100000000002 0.15650000000000003 17.500000000000004 828.50000000000011 4.5000000000000009 0.027500000000000004 8.9396500000000021 9.7030000000000012 6.5000000000000009 48095.115000000013 1.5000000000000002 150897.06500000003 124341.93000000001 -4324.744999999999 78176.700000000012 81014.645000000004 0.10650000000000001 11.960643247606994
decision_type=2 2 2 2 2 2 2 2 2 2 2 2 2 2 2 2 2 2 2 2 2 2 2 2 2 2 2 2 2 2
left_child=-1 7 3 -3 5 -5 -7 8 9 -2 12 -12 -6 14 15 17 -17 -13 22 -20 21 -21 -15 24 -24 -26 27 28 29 -16
right_child=1 2 -4 4 10 6 -8 -9 -10 -11 11 13 -14 18 26 16 -18 -19 19 20 -22 -23 23 -25 25 -27 -28 -29 -30 -31
leaf_value=2.7640863215379344e-05 6.0413984334279544e-05 -0.0029687927745628458 0.021083523894365651 2.1227446127550597e-05 0.0022630427325359263 -5.9604332688049012e-05 8.1242672048874656e-06 0.0072244662825390292 1.6378630990094106e-05 -0.00021510379033772231 -0.0017558208577174361 -0.00012560049307611779 -1.5007389079253962e-05 0.0074995874767370858 -0.00084004799131351957 0.00018360355402595658 -3.5228759093586216e-05 2.7941668160882852e-05 -0.00076347352500890134 -0.00037113139744789992 0.00014346900389829685 2.519537024461618e-05 1.5854530530373067e-06 0.00029442640720538007 -0.0036503683051487788 0.00265325957185902 9.0913110039120748e-05 -0.0031189198996583139 8.2986161966505483e-05 -3.8406020586174529e-06
leaf_weight=1453 17 9.9999999999999982 51 22 100 11 14 88 828 18 9.9999999999999982 11.999999999999998 18 73 17 10.000000000000002 13.999999999999998 380 17 16.000000000000004 45 13.999999999999998 1229 78 17 26 32 11.999999999999998 23 75
leaf_count=1453 17 10 51 22 100 11 14 88 828 18 10 12 18 73 17 10 14 380 17 16 45 14 1229 78 17 26 32 12 23 75
internal_value=0.00205074 0.000743058 0.00033534 0.000230769 0.000275938 -0.00457447 -0.011 0.00174027 0.00140788 -0.00357143 0.00037872 0.000238095 0.00288136 0.000287082 0.00126087 0.00211538 -0.00541667 0.00257653 -8.25081e-05 -0.00315217 -0.001 -0.00666667 0.000115952 -7.40739e-05 -0.000267295 -0.0077907 -0.000974843 -0.00208661 -0.00108696 -0.0026087
internal_weight=4730 3277 2326 2275 2265 47 25 951 863 35 2218 2100 118 2090 575 416 24 392 1515 92 75 30 1423 1350 1272 43 159 127 115 92
internal_count=4730 3277 2326 2275 2265 47 25 951 863 35 2218 2100 118 2090 575 416 24 392 1515 92 75 30 1423 1350 1272 43 159 127 115 92
is_linear=0
shrinkage=0.05


Tree=100
num_leaves=31
num_cat=0
split_feature=8 3 17 11 3 16 12 16 17 17 17 3 11 3 6 13 1 12 14 14 17 17 0 16 11 2 6 0 14 12
split_gain=6.75164 1.03149 0.976138 0.817876 0.803987 0.823529 0.63187 0.954037 0.931677 1.55844 0.551471 0.530303 0.502122 0.637527 0.926897 0.812334 0.489802 0.446703 0.837162 1.03176 0.796023 1.38103 1.42594 0.724108 0.738986 0.981037 0.625 0.566502 0.836702 0.547952
threshold=1.5000000000000002 0.16050000000000003 72.984132124666615 963.50000000000011 2.9730000000000003 21.969527098366171 2817.9800000000005 11.960643247606994 80.678335016360677 83.919905445758971 72.526432800312961 0.52850000000000008 1197.5000000000002 0.068500000000000019 0.56410338867762588 -16950.894999999997 4.5000000000000009 21969.015000000003 31500.860000000004 30819.885000000006 86.043075348383766 86.79146885511868 10.500000000000002 13.868502371753136 4.5000000000000009 2.5000000000000004 0.98747028767589962 21.500000000000004 22869.565000000006 28083.145000000004
decision_type=2 2 2 2 2 2 2 2 2 2 2 2 2 2 2 2 2 2 2 2 2 2 2 2 2 2 2 2 2 2
left_child=-1 3 4 -2 5 10 7 -4 -9 -10 -3 -7 13 14 -5 -16 -12 -8 19 27 23 22 -22 -20 25 -25 -27 28 -19 -30
right_child=1 2 6 12 -6 11 17 8 9 -11 16 -13 -14 -15 15 -17 -18 18 20 -21 21 -23 -24 24 -26 26 -28 -29 29 -31
leaf_value=2.6258820054610167e-05 2.7100253886750498e-05 0.0046551256033163105 -0.0018629762565805725 0.00012264262881423236 -0.0028356352824074008 -0.00057018385159836565 0.00033382987344032994 0.0041296534895921408 -0.002945053056412805 0.0058577285967771689 3.8475602604215632e-05 -0.0011170922295737806 0.0035809000558735173 -9.2327069325381995e-05 -0.0025150638537226547 1.4654073575661181e-05 -0.0082090800727479176 -0.0069438417419297842 0.00068279478825926984 -0.0015762838688837722 -0.0018455036666049475 0.00026942851242415475 -0.0034718003433144998 -0.003756276312747291 7.7102170846161038e-05 -0.0014186132031784352 0.0057272350433504315 -0.001750875616882642 0.001166748326098727 -0.0024827060627778865
leaf_weight=1466 1588 27 13.999999999999998 21 13.999999999999998 11.000000000000002 470 25 11.000000000000002 9.9999999999999982 13.000000000000002 9.9999999999999982 13.999999999999998 11.999999999999998 12.999999999999998 16.000000000000004 10.999999999999998 9.9999999999999982 175 17 15.000000000000002 55 15.999999999999998 17 436 20 20 10.999999999999998 73 21
leaf_count=1466 1588 27 14 21 14 11 470 25 11 10 13 10 14 12 13 16 11 10 175 17 15 55 16 17 436 20 20 11 73 21
internal_value=0.00195596 0.000656981 -0.000292943 0.00151442 -0.00546512 -0.00333333 2.11866e-05 -0.005 -0.00152174 -0.00928571 9.80394e-05 -0.0116667 -0.00355263 -0.00548387 -0.003 -0.0087931 -0.00541667 0.000243363 -0.000417607 -0.00409091 0.000225464 -0.00430233 -0.0127419 0.000808383 -0.000172414 -0.00552632 -0.00125 -0.0023913 -0.00125 0.000212766
internal_weight=4632 3166 1502 1664 86 72 1416 60 46 21 51 21 76 62 50 29 24 1356 886 132 754 86 31 668 493 57 40 115 104 94
internal_count=4632 3166 1502 1664 86 72 1416 60 46 21 51 21 76 62 50 29 24 1356 886 132 754 86 31 668 493 57 40 115 104 94
is_linear=0
shrinkage=0.05


Tree=101
num_leaves=31
num_cat=0
split_feature=4 4 4 10 16 16 6 6 6 3 14 7 2 5 4 14 6 14 0 16 1 15 14 5 18 0 6 6 10 6
split_gain=7.61261 0.717507 1.32546 2.13508 2.40196 1.71905 0.638177 1.90961 0.804762 0.54625 0.659468 0.518974 0.659001 1.01263 0.728807 0.693516 0.778388 1.02849 0.861953 0.675842 0.833333 0.626728 0.568586 1.03924 0.512641 0.590011 0.666667 0.582207 0.536675 0.505033
threshold=0.053500000000000006 0.5675 0.51650000000000007 567.91500000000008 22.965071222083161 16.937300224302344 0.43386673999787223 0.41145270529597272 0.42527029275826861 0.21850000000000003 5667.3650000000007 1.0000000180025095e-35 5.5000000000000009 0.8852000000000001 1.1660000000000001 98721.280000000013 0.73571138407735903 141521.39000000004 12.500000000000002 21.969527098366171 3.5000000000000004 1.0000000180025095e-35 49817.915000000008 2.7106000000000008 1.0000000180025095e-35 21.500000000000004 0.98169432450570493 0.77748825229323681 1216.5000000000002 0.53161112827105861
decision_type=2 2 2 2 2 2 2 2 2 2 2 2 2 2 2 2 2 2 2 2 2 2 2 2 2 2 2 2 2 2
left_child=-1 2 6 -4 5 -5 7 -2 -9 -3 -11 24 14 -14 19 -16 -17 -18 -19 22 -21 -15 23 -13 28 27 -27 -26 -12 -8
right_child=1 9 3 4 -6 -7 29 8 -10 10 11 12 13 21 15 16 17 18 -20 20 -22 -23 -24 -25 25 26 -28 -29 -30 -31
leaf_value=2.4945879051879728e-05 -1.1122692950177072e-05 0.00035948066820405624 0.00022659614710058068 -0.0032624420872607732 0.0052773428961244186 -0.005132205770593222 4.4351404728548489e-05 -0.00025785799095247303 -0.00042050479735222394 -0.0035138488002065629 0.0067943613851845558 -0.0054172244446318999 -0.0017403780935680931 -0.0016456373544313941 0.0017736771655490467 0.0016447408809783411 -0.0049249532873716449 0.00020840281861093349 -0.0008459035140032569 -0.0034047863624572759 -0.0005520777010839011 0.00096347081019573951 0.0080513727470724727 8.0176848107281208e-05 -0.0043247111629692208 -0.0015079132389691228 4.2650587559361455e-05 7.3429471733443247e-05 -0.0012728403631835868 7.0058425712000993e-07
leaf_weight=1437 158 669 20 14.000000000000002 9.9999999999999982 9.9999999999999982 113 14.000000000000002 9.9999999999999982 18 414 10.999999999999998 12.999999999999998 14.000000000000002 282 17 11.999999999999998 16.000000000000004 10.999999999999998 15.000000000000002 14.999999999999998 17 25 31 13.999999999999998 12 12 274 19 935
leaf_count=1437 158 669 20 14 10 10 113 14 10 18 414 11 13 14 282 17 12 16 11 15 15 17 25 31 14 12 12 274 19 935
internal_value=0.00197755 0.000618154 -0.00029595 -0.00796296 -0.0155882 -0.0241667 4.06506e-05 -0.00269231 -0.0158333 0.00123234 0.000611916 0.000751634 -0.000532359 -0.00636364 5.74714e-05 0.00115385 -0.00392857 -0.00782051 -0.00240741 -0.00376289 -0.01 -0.00145161 -0.000970149 -0.00452381 0.00157718 3.20515e-05 -0.0075 0.000659722 0.00269053 0.000515267
internal_weight=4632 3195 1284 54 34 24 1230 182 24 1911 1242 1224 479 44 435 338 56 39 27 97 30 31 67 42 745 312 24 288 433 1048
internal_count=4632 3195 1284 54 34 24 1230 182 24 1911 1242 1224 479 44 435 338 56 39 27 97 30 31 67 42 745 312 24 288 433 1048
is_linear=0
shrinkage=0.05


Tree=102
num_leaves=31
num_cat=0
split_feature=4 17 4 4 6 6 11 5 6 2 3 3 14 14 4 5 16 3 17 17 11 11 14 11 16 16 1 6 9 6
split_gain=7.77661 0.80631 0.496563 0.940195 0.627383 0.6265 1.769 0.642857 0.605201 1.57461 1.14263 0.960575 0.940904 1.26367 0.729686 1.17308 0.680488 0.666249 0.640002 1.2457 0.587679 0.649059 0.936144 1.85606 0.822785 1.40821 0.815236 1.35451 0.8 0.772514
threshold=0.053500000000000006 72.09123301966828 1.0420000000000003 1.0215000000000003 0.50163582138092322 0.54397849508289597 47.500000000000007 1.1669000000000003 0.72778430061614874 4.5000000000000009 0.033500000000000009 0.046500000000000007 105805.69500000002 98721.280000000013 0.10650000000000001 30.470800000000001 21.105635081935308 0.81100000000000017 73.628055274700344 73.266472652803301 40.500000000000007 173.50000000000003 79235.905000000013 521.50000000000011 9.9613026206330044 9.3672273984125223 3.5000000000000004 0.53161112827105861 0.63350000000000006 0.7052206656093386
decision_type=2 2 2 2 2 2 2 2 2 2 2 2 2 2 2 2 2 2 2 2 2 2 2 2 2 2 2 2 2 2
left_child=-1 -2 3 8 -4 6 -6 -8 9 11 -11 14 13 18 15 -3 -17 -10 19 -13 -20 26 24 -24 25 -23 27 -22 -29 -26
right_child=1 2 4 -5 5 -7 7 -9 17 10 -12 12 -14 -15 -16 16 -18 -19 20 -21 21 22 23 -25 29 -27 -28 28 -30 -31
leaf_value=2.3698585099285464e-05 -0.002401838711657828 -2.3972773736555881e-05 0.018632068233867215 -0.0011651303088550623 -0.0030706335008993633 0.00013043760314331094 0.029353678979896453 -0.0032303498317605844 1.4673826187969919e-05 -0.00020322090397056886 4.4977002732382219e-06 -0.00022007336891329885 0.00026411560770249199 -0.0020132113897194099 5.1017801804888885e-05 3.2755240661791392e-05 -3.072063760932608e-05 -0.0010950044738787632 8.9762705408844549e-05 -0.0085151145209871725 -0.00054480087238614663 3.0261272416271673e-05 0.0001805812555898718 -0.0018635150843918813 1.4801730488337606e-05 -0.0017569388623404362 5.3109410804296934e-05 -0.002601965129736213 -0.0048900993112303698 -0.00081279174664380678
leaf_weight=1437 15.999999999999998 14.999999999999998 152 13.999999999999998 10.999999999999998 1275 25 9.9999999999999982 827 18.000000000000004 10.999999999999998 37 74 9.9999999999999982 215 31 9.9999999999999982 19 33 10.999999999999998 26 20.000000000000004 10.000000000000002 11.999999999999998 245 10.999999999999998 25 10.000000000000002 9.9999999999999982 11.999999999999998
leaf_count=1437 16 15 152 14 11 1275 25 10 827 18 11 37 74 10 215 31 10 19 33 11 26 20 10 12 245 11 25 10 10 12
internal_value=0.00194516 0.000571205 0.000627556 4.68935e-05 0.00130007 0.000950038 -0.00478261 0.000714286 0.000153664 -0.000791962 -0.0122414 -0.000385557 -0.00159341 -0.00241525 0.00204797 -0.00303571 0.00134146 0.00109929 -0.00203463 -0.0075 -0.00140097 -0.00195538 -0.000967742 -0.0109091 -0.000208333 -0.00790323 -0.00626761 -0.0102174 -0.02 0.000719845
internal_weight=4632 3195 3179 1706 1473 1321 46 35 1692 846 29 817 546 472 271 56 41 846 462 48 414 381 310 22 288 31 71 46 20 257
internal_count=4632 3195 3179 1706 1473 1321 46 35 1692 846 29 817 546 472 271 56 41 846 462 48 414 381 310 22 288 31 71 46 20 257
is_linear=0
shrinkage=0.05


Tree=103
num_leaves=31
num_cat=0
split_feature=4 8 6 3 4 13 16 14 9 4 7 4 16 13 4 11 11 11 16 4 13 11 2 4 16 3 14 14 16 12
split_gain=7.28317 0.68336 0.62416 0.585008 0.776308 0.916846 1.12508 0.622681 0.606048 0.70714 0.823043 1.72023 0.962791 0.939652 0.8 0.631454 0.629186 0.530068 0.636574 0.522024 1.67143 0.476529 1.04379 1.00006 0.51282 0.472449 0.470485 0.46875 0.657298 1.45185
threshold=0.057500000000000009 1.5000000000000002 0.12038803207647307 0.16050000000000003 0.44900000000000007 -19532.299999999999 17.229783311889655 5667.3650000000007 0.63350000000000006 2.3510000000000004 3.5000000000000004 0.17350000000000002 17.817508853946588 -115415.94499999999 0.44900000000000007 974.50000000000011 1026.5000000000002 1.5000000000000002 21.59285286976024 0.10350000000000001 -22823.754999999997 6.5000000000000009 5.5000000000000009 1.1160000000000003 21.329661617805851 0.38450000000000006 8938.3000000000011 98721.280000000013 20.394092077874213 107475.10000000002
decision_type=2 2 2 2 2 2 2 2 2 2 2 2 2 2 2 2 2 2 2 2 2 2 2 2 2 2 2 2 2 2
left_child=-1 -2 -3 8 5 6 -5 -6 15 10 13 -12 -13 -10 -14 17 -17 18 -4 20 -15 22 23 24 -21 -7 -9 -23 -29 -30
right_child=1 2 3 4 7 25 -8 26 9 -11 11 12 14 19 -16 16 -18 -19 -20 21 -22 27 -24 -25 -26 -27 -28 28 29 -31
leaf_value=2.2513655844320915e-05 0.0001008895312223425 -0.00014977993498069118 -8.6973753451359092e-05 -0.0030575844993449824 -0.0033446782403533945 -0.00016947865472602972 8.5610920358983593e-05 0.0030805354704922312 -0.00077108443162079976 0.0043897184900619137 -2.753100733725638e-05 0.00036618426408555624 3.1946960798778593e-05 -1.6218637594231785e-05 -0.0018301908977599 -0.003192652389834412 3.7178638526800677e-05 3.7551375309014139e-05 0.00022629128295361886 5.0705433428851014e-05 7.1016723834981244e-06 3.725181770266403e-05 -2.2107989539472081e-05 -0.0015247225058912456 -0.00014060895313168048 -0.0034051070355760903 3.2650217611685129e-05 0.00032620707349377998 -0.0011305897534888303 6.2312067458741185e-05
leaf_weight=1458 187 12.999999999999998 16.000000000000004 10.000000000000002 18 155 12.999999999999998 55 9.9999999999999982 106 9.9999999999999982 23 10.000000000000002 14.999999999999998 9.9999999999999982 10.000000000000002 21 685 10.999999999999998 48 63 320 11.999999999999998 9.9999999999999982 30 22 1227 37 15.000000000000002 11.999999999999998
leaf_count=1458 187 13 16 10 18 155 13 55 10 106 10 23 10 15 10 10 21 685 11 48 63 320 12 10 30 22 1227 37 15 12
internal_value=0.0020747 0.000730939 0.000547372 0.000595158 -9.99998e-05 -0.003 -0.0123913 0.000346154 0.00130258 0.000280438 -0.00036 -0.00632075 -0.00197674 0.000192308 -0.01 0.00230821 -0.00467742 0.00261236 -0.00425926 0.000462634 -0.00333333 0.00107438 -0.002 -0.000113636 0.00179487 -0.00177966 0.000475819 0.001875 -0.00203125 -0.00796296
internal_weight=4632 3174 2987 2974 1500 200 23 1300 1474 731 625 53 43 572 20 743 31 712 27 562 78 484 100 88 78 177 1282 384 64 27
internal_count=4632 3174 2987 2974 1500 200 23 1300 1474 731 625 53 43 572 20 743 31 712 27 562 78 484 100 88 78 177 1282 384 64 27
is_linear=0
shrinkage=0.05


Tree=104
num_leaves=31
num_cat=0
split_feature=8 3 5 3 10 14 0 6 6 5 13 6 9 6 11 5 9 6 16 16 15 14 5 5 9 11 11 6 11 6
split_gain=5.94588 1.19403 0.663469 1.42015 3.24107 0.638561 0.547365 0.770845 0.875728 0.704894 0.681965 0.676216 0.644961 0.871192 0.533199 0.519629 0.653239 0.536725 1.04712 0.518251 1.03143 0.522022 0.506176 0.921212 0.479171 0.674868 0.606957 0.867296 0.803075 0.91673
threshold=1.5000000000000002 0.18050000000000002 3.5640500000000004 0.53650000000000009 650.12500000000011 5667.3650000000007 8.5000000000000018 0.62262927117072853 0.72778430061614874 8.2165000000000017 -20132.289999999997 0.69619281195212601 0.7320000000000001 0.93723755778897766 18.500000000000004 5.088000000000001 0.46450000000000008 0.48299836391235146 17.229783311889655 9.1600478010937145 1.0000000180025095e-35 13345.710000000001 29.296000000000003 36.613600000000012 0.63350000000000006 974.50000000000011 262.50000000000006 0.90223728699552352 170.50000000000003 0.72511288273371732
decision_type=2 2 2 2 2 2 2 2 2 2 2 2 2 2 2 2 2 2 2 2 2 2 2 2 2 2 2 2 2 2
left_child=22 24 5 6 -5 -3 7 9 -9 -4 -8 15 13 -10 19 -12 -17 -18 -19 20 -7 -21 -1 -24 25 -2 28 -28 -26 -30
right_child=1 2 3 4 -6 14 10 8 12 -11 11 -13 -14 -15 -16 16 17 18 -20 21 -22 -23 23 -25 26 -27 27 -29 29 -31
leaf_value=2.1387973052104661e-05 4.366872239594191e-05 -0.0031774443283357229 0.0076427578961361965 0.003623700681262932 -0.0081320178761119955 -0.0036326129803565437 -0.0031241673925122664 -0.0016747375591095932 0.00085073410542698508 -0.0016555637120632646 0.0052389245138188606 0.0005103365162122637 0.0017707012394011423 -0.0015154263729207787 0.0041723509976137598 0.020651926909167055 0.0067244234711007298 -0.003758372471267635 -0.004773210500022401 0.0020494668359809422 -1.9281366329678567e-05 -4.5943264349591618e-05 -8.8641242243123232e-06 9.0329562008419385e-05 1.1922832646928413e-05 -9.1163816390844949e-05 4.6644698588596241e-05 -0.0010366708182510058 -0.00082740605409854307 1.4552423227042785e-05
leaf_weight=1436 855 18 40 16.000000000000004 11.999999999999998 9.9999999999999982 18 14.999999999999998 17 13.999999999999998 30 103 12.999999999999998 13.000000000000002 557 12.999999999999998 17 16.000000000000004 9.9999999999999982 45 25 433 11.000000000000002 19 474 40 264 13.999999999999998 51 33
leaf_count=1436 855 18 40 16 12 10 18 15 17 14 30 103 13 13 557 13 17 16 10 45 25 433 11 19 474 40 264 14 51 33
internal_value=0.00212867 0.000909665 -0.000156794 -0.00206052 -0.0128571 0.000450368 -0.00111285 -0.00392857 -0.00793103 0.000370371 0.000410628 0.0012963 -0.00430233 -0.00833333 0.000607477 -0.00197674 -0.00482143 -0.0077907 -0.0123077 -0.000555555 -0.00642857 -0.000125523 0.00476126 -0.00166667 0.00179376 0.00259777 0.000933015 0.00284173 -1.7921e-05 -0.00452381
internal_weight=4632 3166 1435 347 28 1088 319 112 58 54 207 189 43 30 1070 86 56 43 26 513 35 478 1466 30 1731 895 836 278 558 84
internal_count=4632 3166 1435 347 28 1088 319 112 58 54 207 189 43 30 1070 86 56 43 26 513 35 478 1466 30 1731 895 836 278 558 84
is_linear=0
shrinkage=0.05


Tree=105
num_leaves=31
num_cat=0
split_feature=4 3 8 13 17 15 11 4 16 16 2 9 15 12 0 3 14 4 16 11 17 4 16 17 12 12 12 0 0 16
split_gain=7.29196 0.840815 0.758289 0.639949 0.634786 1.22289 0.97963 0.629567 1.48956 1.95201 0.941327 0.894327 0.831169 0.964286 0.561039 0.536425 0.553458 1.4063 0.863492 1.00483 1.12508 0.70365 0.531068 0.626692 0.473172 0.566867 0.992736 1.8 0.771429 0.459653
threshold=0.053500000000000006 0.16050000000000003 1.5000000000000002 -64471.789999999994 72.984132124666615 1.0000000180025095e-35 154.50000000000003 0.10350000000000001 20.944528354710162 23.704564906138959 2.5000000000000004 0.7320000000000001 1.0000000180025095e-35 17595.155000000002 4.5000000000000009 0.16750000000000004 124341.93000000001 4.4535000000000009 17.424092913661244 446.50000000000006 79.026973577481911 11.649500000000002 21.969527098366171 72.879851949305518 1628.9350000000002 9109.2500000000018 11150.935000000001 14.500000000000002 5.5000000000000009 17.229783311889655
decision_type=2 2 2 2 2 2 2 2 2 2 2 2 2 2 2 2 2 2 2 2 2 2 2 2 2 2 2 2 2 2
left_child=-1 7 -3 -4 5 6 -5 8 11 10 -10 -2 -13 -14 -11 -6 21 18 -18 20 -20 24 23 -7 -17 -26 27 28 -27 -28
right_child=1 2 3 4 15 22 -8 -9 9 14 -12 12 13 -15 -16 16 17 -19 19 -21 -22 -23 -24 -25 25 26 29 -29 -30 -31
leaf_value=2.0318574399499913e-05 3.1988810681586483e-05 0.0092623100433108438 0.0032392196356584185 -0.00095855957351107315 -0.0021033112625943092 0.0044835964342162969 -0.00065438500822659763 3.3490370672492096e-05 -4.0424903209871239e-05 -6.2224086178479872e-05 -1.742264322786946e-05 1.5579980796584531e-05 -8.3768628897385854e-06 -1.6830223049372378e-05 3.4592415642443698e-05 -0.0015794050071874944 0.0014987093364306854 -0.0027759728699755307 -0.0033254589201682653 0.0089472273179520643 -0.0022542509494011954 0.0147914618256554 -0.00065364349701872184 -0.0047953050448613799 0.0014531735853745861 -0.0016826274943521156 0.00021190989896184071 0.0032333106634553177 -0.0056126263432322047 -0.00044921820877839185
leaf_weight=1462 98 88 54 12.000000000000002 12.999999999999998 36 14.999999999999998 1425 17.000000000000004 10.999999999999998 12.999999999999998 15.999999999999998 12.000000000000002 15.999999999999998 24 25 34 19 10.000000000000002 12.999999999999998 12.999999999999998 69 13.999999999999998 10.999999999999998 156 16.000000000000004 423 18 13.999999999999998 532
leaf_count=1462 98 88 54 12 13 36 15 1425 17 11 13 16 12 16 24 25 34 19 10 13 13 69 14 11 156 16 423 18 14 532
internal_value=0.00207202 0.000741374 -7.88642e-05 -0.000344021 -0.000544005 -0.00465909 -0.0135185 0.00153799 -0.00103865 -0.00730769 -0.0166667 0.00183099 -0.00409091 -0.00928571 0.000714286 -0.000276753 -0.000178837 -0.00398876 -0.000714286 -0.00611111 -0.0123913 9.17799e-05 -0.000737705 0.00180851 -0.000194257 -4.74545e-05 -0.000483549 -0.0075 -0.015 -0.00013089
internal_weight=4679 3217 1585 1497 1443 88 27 1632 207 65 30 142 44 28 35 1355 1342 89 70 36 23 1253 61 47 1184 1159 1003 48 30 955
internal_count=4679 3217 1585 1497 1443 88 27 1632 207 65 30 142 44 28 35 1355 1342 89 70 36 23 1253 61 47 1184 1159 1003 48 30 955
is_linear=0
shrinkage=0.05


Tree=106
num_leaves=31
num_cat=0
split_feature=3 7 6 14 6 6 5 10 13 5 3 5 5 17 17 7 5 14 5 1 16 16 13 13 16 16 1 14 14 1
split_gain=4.88483 2.7429 0.623614 0.581277 0.783871 0.794045 0.731254 0.641026 0.921474 0.60032 0.627486 0.838593 1.23355 0.634953 0.777778 0.937662 0.724182 0.871145 1.13155 0.835913 0.721269 2.3172 0.707541 1.21461 0.666275 0.877844 0.675 1.38165 1.98294 0.726675
threshold=0.056500000000000009 1.5000000000000002 0.53161112827105861 130455.29000000002 0.87010673863494847 0.91876657388012706 9.3911000000000016 435.41500000000002 -13484.829999999998 0.37365000000000004 0.16050000000000003 28.711350000000003 29.838150000000002 74.442824082973615 75.934237871110682 4.5000000000000009 2.8433000000000006 11344.450000000003 4.104000000000001 3.5000000000000004 22.053433297086823 22.536004551694877 -4980.6649999999991 -8311.1799999999985 24.970970335076718 22.965071222083161 5.5000000000000009 45355.885000000002 21171.580000000005 1.5000000000000002
decision_type=2 2 2 2 2 2 2 2 2 2 2 2 2 2 2 2 2 2 2 2 2 2 2 2 2 2 2 2 2 2
left_child=1 -1 -3 9 6 -6 -5 -7 -9 -2 11 -11 -13 24 -15 16 20 18 -18 -20 -16 -22 23 -23 25 26 29 28 -28 -12
right_child=3 2 -4 4 5 7 -8 8 -10 10 13 12 -14 14 15 -17 17 -19 19 -21 21 22 -24 -25 -26 -27 27 -29 -30 -31
leaf_value=1.9302645679525335e-05 0.006079379360375713 0.00012098145570721353 1.0272985806030436e-05 0.0028065719833603431 -0.0023283245184270245 -0.0021765136937354572 -7.0646849579651842e-05 0.0012502430352960209 -0.0012032914837395861 3.257898047690353e-05 -0.0010717183003793557 -1.4669130446458214e-05 -1.5761281942759817e-07 0.0025238837081859593 0.0013479596799364137 -0.0008738896951430644 -0.0071684049556022637 -0.00038233847964719986 0.0064026709237999723 -0.0018407480264299642 -0.013440786995065186 -5.9588270357118487e-05 0.00059462774774314477 -0.0073825059626472303 0.0021287149249623861 -0.00084093255621648039 0.0018940213854607469 0.0031627332791066597 -0.004408729655470657 0.00091904922034045933
leaf_weight=1653 141 169 804 75 9.9999999999999982 12.999999999999998 18 22.999999999999993 16.000000000000007 381 44 9.9999999999999982 38 126 393 18 10.999999999999998 361 14.999999999999998 19 12.999999999999998 44 121 12.999999999999998 23 10.999999999999998 10.000000000000002 17 12.999999999999998 76
leaf_count=1653 141 169 804 75 10 13 18 23 16 381 44 10 38 126 393 18 11 361 15 19 13 44 121 13 23 11 10 17 13 76
internal_value=0.00202928 0.00345773 0.00135149 0.000202143 -0.00274194 -0.00709677 0.000161291 -0.00461538 -0.00141026 0.000442571 0.000190666 0.00185315 -0.004375 -0.000346385 0.00010582 -0.000357143 -0.000151515 -0.0017734 -0.00833333 -0.00382353 0.000976028 -0.0015445 -5.61796e-05 -0.00464912 -0.00298969 -0.00406433 -0.003125 -0.00875 -0.0167391 -0.00125
internal_weight=4679 2626 973 2053 155 62 93 52 39 1898 1757 429 48 1328 1134 1008 990 406 45 34 584 191 178 57 194 171 160 40 23 120
internal_count=4679 2626 973 2053 155 62 93 52 39 1898 1757 429 48 1328 1134 1008 990 406 45 34 584 191 178 57 194 171 160 40 23 120
is_linear=0
shrinkage=0.05


Tree=107
num_leaves=31
num_cat=0
split_feature=4 3 5 6 14 0 4 17 4 4 5 0 5 4 9 13 10 12 16 13 0 5 0 7 10 12 13 13 5 14
split_gain=7.55439 0.669202 0.875297 1.77447 1.50326 0.923645 0.852569 0.652597 0.614122 0.715738 1.54649 0.491623 0.628912 1.97841 0.442308 0.434338 0.470443 2.4381 0.938673 0.426477 0.827383 1.13939 0.925231 0.642698 0.493593 0.769309 0.706748 0.414916 0.387936 0.833518
threshold=0.057500000000000009 0.16050000000000003 20.395050000000001 0.43082404283662995 26196.975000000002 9.5000000000000018 0.20650000000000002 74.124631334384887 0.22450000000000003 5.7745000000000006 0.46835000000000004 21.500000000000004 9.7030000000000012 0.60650000000000015 0.7320000000000001 -2146.6049999999996 673.56500000000017 19636.725000000002 19.399145007203128 -1598.1599999999996 10.500000000000002 24.526000000000003 6.5000000000000009 2.5000000000000004 678.20000000000016 5040.2550000000001 -43538.589999999989 -64471.789999999994 2.8433000000000006 124341.93000000001
decision_type=2 2 2 2 2 2 2 2 2 2 2 2 2 2 2 2 2 2 2 2 2 2 2 2 2 2 2 2 2 2
left_child=-1 2 11 4 -4 -6 19 8 -3 15 -11 -2 13 -13 -15 16 18 -18 -10 23 21 -21 -23 -5 25 -25 -27 -9 29 -29
right_child=1 7 3 6 5 -7 -8 27 9 10 -12 12 -14 14 -16 -17 17 -19 -20 20 -22 22 -24 24 -26 26 -28 28 -30 -31
leaf_value=1.833751339554851e-05 8.6964077726651561e-05 -0.00058313449725021888 -4.5802191730034362e-05 1.2310864115668753e-05 -6.4477765249335633e-05 6.3448040110055664e-05 -0.00011341034172747301 0.0048527362947185619 0.0035405212738083072 0.027270863960194448 -0.0014678550182250412 -0.0028849071885817452 0.00010678870877578952 0.0038988227322687349 -0.0034916015965270695 0.00085467149303041228 -0.0017657926935554999 0.0062125658798245159 -0.00099863232727532419 1.7829176580652185e-05 1.0833841334979396e-05 -4.7731091744808391e-06 -3.7382494984934526e-05 -2.3421511078263855e-05 2.5157947951606036e-05 -8.8801094260322491e-06 1.0432314574775934e-05 0.00046209683121236733 -0.00026772185646129436 -0.0020040366732553181
leaf_weight=1483 1068 13.999999999999998 13.999999999999998 224 14.000000000000002 14.999999999999998 10.999999999999998 46 30 13.000000000000002 9.9999999999999982 12.999999999999998 35 23 12.999999999999998 79 14.000000000000002 15.999999999999998 17 10.999999999999998 39 11.000000000000002 11.999999999999998 15.999999999999998 43 11.999999999999998 37 808 477 61
leaf_count=1483 1068 14 14 224 14 15 11 46 30 13 10 13 35 23 13 79 14 16 17 11 39 11 12 16 43 12 37 808 477 61
internal_value=0.00205065 0.000682103 0.00139975 -0.000446623 -0.0101163 -0.00362069 0.000552885 -4.73184e-05 -0.00277202 -0.00198324 -0.0102174 0.00213542 -0.00154762 -0.00520408 0.000833334 -0.000769231 -0.00344156 -0.00833333 -0.000319149 0.000925926 -0.00253425 -0.00823529 -0.0145652 0.00168675 -0.00148148 -0.00423077 -0.00112245 0.00033046 0.000170877 0.00079977
internal_weight=4679 3196 1611 459 43 29 416 1585 193 179 23 1152 84 49 36 156 77 30 47 405 73 34 23 332 108 65 49 1392 1346 869
internal_count=4679 3196 1611 459 43 29 416 1585 193 179 23 1152 84 49 36 156 77 30 47 405 73 34 23 332 108 65 49 1392 1346 869
is_linear=0
shrinkage=0.05


Tree=108
num_leaves=31
num_cat=0
split_feature=2 3 5 17 3 0 14 8 5 5 6 14 0 17 12 14 3 13 17 2 6 15 16 12 0 6 5 14 14 8
split_gain=6.46357 1.11469 0.765404 0.839506 1.01587 1.5744 0.621345 0.603568 0.603246 0.90155 1.4365 1.38889 0.787879 0.55744 0.633446 0.900234 0.748245 1.96364 0.629715 0.804762 0.736851 0.665217 0.610665 1.17616 1.70641 0.600502 1.06869 0.605221 0.82451 0.574673
threshold=1.5000000000000002 0.16050000000000003 8.9396500000000021 84.777884219555617 0.18750000000000003 6.5000000000000009 48095.115000000013 1.5000000000000002 39.950450000000011 20.395050000000001 0.43082404283662995 26196.975000000002 11.500000000000002 81.892787503235255 21969.015000000003 25171.420000000002 0.25450000000000006 -5221.3599999999997 81.388984370696846 4.5000000000000009 0.65424261313658894 1.0000000180025095e-35 14.692800721215486 101024.90000000001 3.5000000000000004 0.71961491013502954 3.4987500000000007 16873.015000000003 18920.095000000005 2.5000000000000004
decision_type=2 2 2 2 2 2 2 2 2 2 2 2 2 2 2 2 2 2 2 2 2 2 2 2 2 2 2 2 2 2
left_child=-1 8 7 4 6 -6 -4 -3 9 -2 11 -11 -13 18 -15 -16 17 -17 20 21 -9 -20 -22 25 -25 26 -24 -27 -29 -30
right_child=1 2 3 -5 5 -7 -8 13 -10 10 -12 12 -14 14 15 16 -18 -19 19 -21 22 -23 23 24 -26 27 -28 28 29 -31
leaf_value=1.742063772577074e-05 7.1944730970400245e-05 0.011582591597869459 -0.00098400334675148625 0.0004383521945604985 -0.001493252558645148 -0.00045499428173730039 0.00016601646490751402 0.0046053791180724162 5.9294250613820303e-05 -4.4281276360616966e-05 4.0919773806858223e-07 -3.9177239369773231e-05 0.00012385372817879891 0.0017129156124767245 -0.0077196441027277659 0.0010633170494434554 0.00013668362360423327 -0.0028807348078451868 0.0040847709228362715 -0.0024667963337793274 0.00027838165336174688 -0.0046421259321915032 -0.0011340307235322689 -0.0022937299460435699 -0.0014710651201386656 0.001566456332016115 -0.0037083537290972905 -0.0020459864569892365 -0.0013584144238285537 3.4865088066621648e-05
leaf_weight=1276 1152 79 19 17 12.000000000000002 15.999999999999998 17 257 266 11.999999999999998 364 11.000000000000002 12.999999999999998 208 9.9999999999999982 12.000000000000002 283 9.9999999999999982 17 13.999999999999998 191 23 33 12.999999999999998 20 50 11.999999999999998 17 104 151
leaf_count=1276 1152 79 19 17 12 16 17 257 266 12 364 11 13 208 10 12 283 10 17 14 191 23 33 13 20 50 12 17 104 151
internal_value=0.00196516 0.000827211 -0.000141956 -0.00487654 -0.0075 -0.0146429 -0.00194444 0.000113032 0.00167217 0.0012951 -0.00075 -0.0102778 -0.00333333 -0.000122807 0.00117591 -0.000238095 0.000245902 -0.00863636 -0.000875831 -0.00611111 -0.000542453 -0.0025 -0.00151438 -0.002625 -0.0116667 -0.00181199 -0.00722222 -0.0010559 -0.00198529 -0.00127451
internal_weight=4679 3403 1585 81 64 28 36 1504 1818 1552 400 36 24 1425 523 315 305 22 902 54 848 40 591 400 33 367 45 322 272 255
internal_count=4679 3403 1585 81 64 28 36 1504 1818 1552 400 36 24 1425 523 315 305 22 902 54 848 40 591 400 33 367 45 322 272 255
is_linear=0
shrinkage=0.05


Tree=109
num_leaves=31
num_cat=0
split_feature=4 3 3 1 0 8 13 4 4 8 0 4 10 0 13 2 10 7 10 14 11 4 0 16 4 3 11 18 16 0
split_gain=7.56052 0.629353 0.734709 0.720622 0.833333 0.597713 0.864055 0.571495 0.906026 0.535296 0.474659 0.931406 1.25 0.594559 0.655363 1.73172 1.10328 0.626893 0.485346 0.90855 0.548987 0.649075 0.471429 0.470575 0.469428 0.573315 0.689616 1.4467 2.67391 0.4772
threshold=0.053500000000000006 0.15650000000000003 0.24850000000000003 1.0000000180025095e-35 10.500000000000002 3.5000000000000004 -4148.9399999999987 5.190500000000001 4.7575000000000012 1.5000000000000002 4.5000000000000009 0.091500000000000012 681.58500000000015 11.500000000000002 -5980.0899999999992 4.5000000000000009 936.62500000000011 2.5000000000000004 636.12500000000011 98721.280000000013 13.500000000000002 0.17650000000000002 6.5000000000000009 9.9613026206330044 0.6605000000000002 0.046500000000000007 243.50000000000003 1.0000000180025095e-35 14.564142195440407 15.500000000000002
decision_type=2 2 2 2 2 2 2 2 2 2 2 2 2 2 2 2 2 2 2 2 2 2 2 2 2 2 2 2 2 2
left_child=-1 7 3 4 -3 -5 22 8 10 -4 11 12 -2 14 18 16 23 -15 19 20 21 -12 -7 -16 25 26 27 28 -19 -29
right_child=1 2 9 5 -6 6 -8 -9 -10 -11 13 -13 -14 17 15 -17 -18 24 -20 -21 -22 -23 -24 -25 -26 -27 -28 29 -30 -31
leaf_value=1.6549605839481786e-05 -6.6095729420338471e-05 -0.0023204677366122526 0.011003462017975987 3.0607308807511856e-06 -3.1612984662922794e-05 -0.00089120742383045975 -0.00081965256216135851 0.0032375781851614327 -0.00079545927608144708 2.0477181088451228e-05 -2.348796644459127e-05 8.7414698757768403e-05 7.8269574917130347e-05 2.7699892653542589e-05 -0.00010188281027261339 -0.00017469921310699432 -6.2620457381263011e-05 1.9287555476496878e-05 3.1663062538696618e-05 -0.00057811095239132775 5.1685290918193131e-05 -1.8317356038277293e-06 0.00037529474133398414 2.1191714894581739e-05 0.0012608624658749833 3.3000177671384233e-05 1.3965951039707381e-05 2.0441661953510336e-05 -7.0811858830100539e-05 -2.3537018787597883e-05
leaf_weight=1462 10.000000000000002 15.000000000000002 79 143 14.999999999999998 10.000000000000005 9.9999999999999982 101 10.999999999999998 1314 13.999999999999998 296 9.9999999999999982 567 9.9999999999999982 17 15.999999999999998 13.000000000000002 145 12.999999999999998 45 38 10.999999999999998 97 89 32 39 18 15.999999999999998 23
leaf_count=1462 10 15 79 143 15 10 10 101 11 1314 14 296 10 567 10 17 16 13 145 13 45 38 11 97 89 32 39 18 16 23
internal_value=0.00201859 0.000663662 -4.07011e-05 -0.00284314 -0.01 -0.0016092 -0.00790323 0.00135802 0.00111587 0.000369706 0.00122016 0.00294304 -0.0075 0.000763423 -0.000822785 -0.00357143 -0.00150406 0.00154956 0.000686275 -0.00181818 -0.000154639 -0.00365385 -0.00214286 0.000327103 -0.000652174 -0.00244681 -0.00417431 -0.00714286 -0.0156897 -0.00109756
internal_weight=4679 3217 1597 204 30 174 31 1620 1519 1393 1508 316 20 1192 395 140 123 797 255 110 97 52 21 107 230 141 109 70 29 41
internal_count=4679 3217 1597 204 30 174 31 1620 1519 1393 1508 316 20 1192 395 140 123 797 255 110 97 52 21 107 230 141 109 70 29 41
is_linear=0
shrinkage=0.05


Tree=110
num_leaves=31
num_cat=0
split_feature=8 5 5 17 17 17 16 9 11 6 8 17 6 17 3 3 10 14 10 10 1 17 0 16 14 12 6 1 14 17
split_gain=5.7566 0.708843 0.663431 1.38965 0.662883 0.713715 1.90656 0.777377 0.745534 0.64209 1.14713 0.837936 0.815256 1.9529 0.811833 1.44 0.803331 0.8 0.684473 0.63929 0.586094 0.57861 0.555989 0.809481 0.799077 1.04825 0.565161 1.44812 0.512328 1.02049
threshold=1.5000000000000002 35.282150000000009 20.395050000000001 86.431058449179559 81.591271199904114 81.194683586968679 14.564142195440407 0.26800000000000007 525.50000000000011 0.87372759483008855 4.5000000000000009 80.326964886771023 0.85712979235977849 79.064342922972628 3.4090000000000003 5.7680000000000016 442.58500000000009 44044.955000000009 282.29000000000002 765.25000000000011 5.5000000000000009 72.526432800312961 18.500000000000004 15.738373284613521 39471.225000000013 30737.640000000003 0.58720197628336834 1.0000000180025095e-35 13697.710000000001 77.207393135247102
decision_type=2 2 2 2 2 2 2 2 2 2 2 2 2 2 2 2 2 2 2 2 2 2 2 2 2 2 2 2 2 2
left_child=2 4 -1 -4 5 8 -7 -8 9 10 12 14 28 -14 -11 17 18 -16 -13 -9 21 -10 23 24 25 -6 27 -25 29 -2
right_child=1 -3 3 -5 22 6 7 19 20 11 -12 16 13 -15 15 -17 -18 -19 -20 -21 -22 -23 -24 26 -26 -27 -28 -29 -30 -31
leaf_value=1.5722125547507072e-05 0.00020319208113602044 2.9639018448584279e-05 1.2038675655704761e-05 -2.6668226224943895e-05 -5.3878300920640546e-05 -0.0040438243069492374 -0.0042878289335303759 0.00014776943922428491 -0.003280982622038141 5.4673437907092298e-05 -0.00042254888909088319 0.00013732594945735602 -0.0025528011806459933 0.00041578346878672106 -0.00080540457960976081 0.0088760939856325216 1.0315311612993905e-05 -0.00080159294991664323 -0.00020238929177749526 -0.0019905569355769715 -0.00033961448545440835 0.00026470548922282833 0.0001188023468674408 -0.0017981254725924845 6.5892892907595314e-05 -0.0025036493372601705 9.5947484102686752e-05 0.00027681709870509282 -3.7262084670725902e-06 -0.0021295425255067513
leaf_weight=1425 43 304 38 11.999999999999998 177 9.9999999999999982 14.999999999999998 36 11.999999999999998 578 19 11.999999999999998 12.000000000000002 10.999999999999998 10.000000000000002 25 46 9.9999999999999982 27 17 44 273 220 19 158 18 426 103 583 30
leaf_count=1425 43 304 38 12 177 10 15 36 12 578 19 12 12 11 10 25 46 10 27 17 44 273 220 19 158 18 426 103 583 30
internal_value=0.00207193 0.000892526 0.00466102 -0.001 0.000654397 6.3431e-05 -0.00461538 -0.00161765 0.000273775 -0.000227596 -0.00130372 0.000833334 -0.000964654 -0.0102174 0.0014687 -0.005 -0.00382353 -0.015 -0.00910256 0.00122642 0.00241641 0.00324561 0.00161017 0.00105993 -0.000807365 -0.00294872 0.00226277 -0.000737705 -0.000640244 -0.00458904
internal_weight=4713 3238 1475 50 2934 1813 78 68 1735 1406 698 708 679 23 623 45 85 20 39 53 329 285 1121 901 353 195 548 122 656 73
internal_count=4713 3238 1475 50 2934 1813 78 68 1735 1406 698 708 679 23 623 45 85 20 39 53 329 285 1121 901 353 195 548 122 656 73
is_linear=0
shrinkage=0.05


Tree=111
num_leaves=31
num_cat=0
split_feature=4 4 13 16 17 4 17 11 11 3 3 6 11 3 17 11 3 4 6 12 4 10 10 6 17 4 4 6 6 6
split_gain=7.22059 0.837718 2.18963 0.867133 0.507747 0.364659 0.393788 0.591368 1.19271 1.16422 0.67524 0.694901 1.05042 0.860119 0.641167 1.33005 0.545083 1.11339 2.04167 1.07814 1.46089 1.3636 1.03513 0.960474 0.707398 1.42374 0.630814 0.736549 0.62243 1.41304
threshold=0.065500000000000017 0.079500000000000015 -11271.65 20.944528354710162 72.09123301966828 18.947500000000002 81.767816409858952 397.50000000000006 385.50000000000006 3.0415000000000005 5.7680000000000016 0.68901159587551308 13.500000000000002 4.291500000000001 81.194683586968679 906.50000000000011 0.0075000000000000006 7.9275000000000011 0.96771459547409189 17462.920000000002 0.15650000000000003 802.75000000000011 338.33500000000009 0.99999523405763624 80.326964886771023 1.5305000000000002 0.18950000000000003 0.95219709142692111 0.58382426788999287 0.47617402030728689
decision_type=2 2 2 2 2 2 2 2 2 2 2 2 2 2 2 2 2 2 2 2 2 2 2 2 2 2 2 2 2 2
left_child=-1 2 -2 -4 -3 6 7 8 9 16 11 -11 13 -13 -9 -16 19 26 -19 24 -21 22 23 -22 28 -26 -18 -28 29 -6
right_child=1 4 3 -5 5 -7 -8 14 -10 10 -12 12 -14 -15 15 -17 17 18 -20 20 21 -23 -24 -25 25 -27 27 -29 -30 -31
leaf_value=1.493601927013144e-05 -1.7623030140345512e-05 -0.0023135006811398308 3.2884298156793321e-05 -3.5972452170912327e-06 0.015732925221632849 0.031159766681749041 3.9442633019197146e-05 0.00010220700720112885 -0.0012805800185947014 0.012897415553247624 4.1836309203187384e-05 0.00029617690726401754 -0.002899110643396343 -0.00070643994770917405 0.0061116498290597291 -0.0025777091001062259 2.6081522840493573e-05 -0.00079756911639085716 0.0015830312846148503 -4.1421250685970011e-05 8.2936667362214231e-05 -0.00075068665781087996 6.1751141436774834e-05 -0.0015566803717053928 -8.1031758310046785e-05 0.00025142589544458952 -0.00017705838624536459 0.00013937086001978706 4.3653886478698387e-05 -0.00023274150490243335
leaf_weight=1502 14.999999999999998 14.999999999999998 31 12.999999999999998 13.000000000000002 53 1158 466 11.999999999999998 19 40 16.000000000000004 17 11.999999999999998 15.000000000000002 13.999999999999998 186 12 12 17 11 12.999999999999998 79 12 15.999999999999998 22 434 292 186 9.9999999999999982
leaf_count=1502 15 15 31 13 13 53 1158 466 12 19 40 16 17 12 15 14 186 12 12 17 11 13 79 12 16 22 434 292 186 10
internal_value=0.00207193 0.000733417 -0.00516949 0.000454546 0.000843909 0.000887791 0.000817121 0.000379024 -0.000136268 -3.52342e-06 -0.00509615 -0.00828125 -0.0116667 -0.00571429 0.00186869 -0.00534483 0.00039924 0.00104701 -0.00958333 -0.00120053 -0.00484848 -0.00282609 -0.000882353 -0.0102174 0.000748988 -0.00552632 0.00132675 0.000661157 0.00188995 -0.00586956
internal_weight=4713 3211 59 44 3152 3137 3084 1926 1431 1419 104 64 45 28 495 29 1315 936 24 379 132 115 102 23 247 38 912 726 209 23
internal_count=4713 3211 59 44 3152 3137 3084 1926 1431 1419 104 64 45 28 495 29 1315 936 24 379 132 115 102 23 247 38 912 726 209 23
is_linear=0
shrinkage=0.05


Tree=112
num_leaves=31
num_cat=0
split_feature=4 5 4 6 2 1 12 10 1 0 6 14 5 5 14 1 14 11 12 7 5 0 0 10 1 11 10 4 10 8
split_gain=7.00358 0.552759 1.82174 0.83852 1.11709 0.93698 0.904615 1.45478 0.770569 0.516555 0.648322 0.56262 2.0746 0.471344 0.434188 0.668265 1.31849 0.752555 1.42917 0.900759 0.640654 1.32533 2.07424 0.578241 1.01451 1.62364 0.658009 0.46719 0.520539 0.480103
threshold=0.053500000000000006 23.097550000000002 0.19550000000000003 0.28427250907772322 2.5000000000000004 2.5000000000000004 34504.125000000007 786.50000000000011 2.5000000000000004 4.5000000000000009 0.55729782199990952 107725.14000000001 0.74765000000000004 0.22080000000000002 52657.80000000001 1.0000000180025095e-35 49367.580000000009 5.5000000000000009 14186.325000000003 1.0000000180025095e-35 0.58145000000000013 9.5000000000000018 7.5000000000000009 338.33500000000009 2.5000000000000004 14.500000000000002 272.25000000000006 0.097500000000000017 276.16500000000002 1.5000000000000002
decision_type=2 2 2 2 2 2 2 2 2 2 2 2 2 2 2 2 2 2 2 2 2 2 2 2 2 2 2 2 2 2
left_child=-1 9 3 -3 5 -5 7 -7 -4 10 -2 -12 -13 -11 15 16 17 18 -15 -19 21 22 -16 24 -22 26 -26 -17 -29 -30
right_child=1 2 8 4 -6 6 -8 -9 -10 13 11 12 -14 14 20 27 -18 19 -20 -21 23 -23 -24 -25 25 -27 -28 28 29 -31
leaf_value=1.418921830662473e-05 0.0044204878708646216 -3.9260032216019634e-05 -0.00010772607844422829 -2.2988158948366588e-05 9.452304750025908e-06 6.752449501736334e-06 8.3828208178092736e-05 -1.1517496327868073e-05 -2.191468699570249e-06 0.0097664863079862663 0.00011237623122971921 -0.0030246988195806964 6.6839638383134808e-05 -0.0017046951983342451 0.0048170113696404636 -3.4207618665281893e-05 -0.001976894015992462 -0.00023730230281803649 0.00049099301074575694 0.0055287963926093572 4.2743354514460574e-05 0.0023013118242225629 -0.0061117185696092369 0.00023382980236129442 0.00019558999493156259 -0.0015863288470679079 -0.002279115710277268 0.00039671899216368395 0.00020154479346788328 5.0030925627967661e-06
leaf_weight=1454 166 14.999999999999998 10.000000000000002 17 302 15.000000000000002 24 10.999999999999998 12.999999999999998 83 437 13.999999999999998 48 14.000000000000002 12.000000000000002 14.999999999999998 20 56 15.999999999999998 57 54 46 9.9999999999999982 568 19 12.999999999999998 13.999999999999998 82 51 1057
leaf_count=1454 166 15 10 17 302 15 24 11 13 83 437 14 48 14 12 15 20 56 16 57 54 46 10 568 19 13 14 82 51 1057
internal_value=0.00211436 0.000826941 -0.000896806 -7.81248e-05 0.000392954 -0.00544776 -0.002 -0.00846154 -0.0145652 0.00107293 0.00229323 0.00139279 -0.00306452 0.000701875 0.000556084 2.924e-05 -0.00297546 -0.00129371 -0.00833333 0.000575221 0.00153533 -0.00308824 -0.0131818 0.00200599 -0.0015 -0.00695652 -0.00106061 0.000435685 0.000546219 0.000261733
internal_weight=4713 3259 407 384 369 67 50 26 23 2852 665 499 62 2187 2104 1368 163 143 30 113 736 68 22 668 100 46 33 1205 1190 1108
internal_count=4713 3259 407 384 369 67 50 26 23 2852 665 499 62 2187 2104 1368 163 143 30 113 736 68 22 668 100 46 33 1205 1190 1108
is_linear=0
shrinkage=0.05


Tree=113
num_leaves=31
num_cat=0
split_feature=4 4 10 16 16 9 5 5 14 5 0 4 1 14 16 16 5 4 0 16 16 14 14 13 5 16 16 10 8 0
split_gain=7.16715 0.609242 1.34109 1.28951 0.881667 0.800334 0.900778 0.429386 0.452208 0.919736 1.03869 2.17348 0.788581 1.26665 0.916176 2.12188 0.7225 1.8 0.623636 0.542937 0.700163 1.55921 2.4652 0.475348 0.540516 0.550536 0.850665 0.798337 0.470831 1.5
threshold=0.065500000000000017 0.10350000000000001 1158.4150000000002 21.492295497215871 22.6737425601994 0.7320000000000001 28.711350000000003 0.22080000000000002 53080.760000000002 0.6473500000000002 9.5000000000000018 5.7745000000000006 1.0000000180025095e-35 49268.415000000001 18.421641272103351 16.82262501403476 0.92570000000000008 4.4535000000000009 10.500000000000002 26.960747077310376 26.380218818232503 34221.610000000008 47890.955000000009 -2825.8049999999998 28.000250000000005 10.062635602121558 9.2182299150233291 524.25000000000011 3.5000000000000004 8.5000000000000018
decision_type=2 2 2 2 2 2 2 2 2 2 2 2 2 2 2 2 2 2 2 2 2 2 2 2 2 2 2 2 2 2
left_child=-1 2 3 5 -5 -2 -7 -3 12 10 11 -10 13 14 15 16 17 -9 -15 20 23 -22 -23 -14 25 26 27 -25 -27 -30
right_child=1 7 -4 4 -6 6 -8 8 9 -11 -12 -13 19 18 -16 -17 -18 -19 -20 -21 21 22 -24 24 -26 28 -28 -29 29 -31
leaf_value=1.3479757391293702e-05 2.232516509209146e-05 0.010848213593142864 -0.00013233115165095575 -3.8048108829466e-05 -1.2690024173243577e-05 -8.0960970851997581e-06 3.7022835248212718e-06 -0.0031442626853933984 -0.0038117234433933112 6.6639119096380188e-05 0.00068653776060451132 9.4051554972466201e-05 3.2743118444196902e-05 -1.7909894144551892e-06 0.00017980154790861051 -0.00043725638957296543 2.52332170001679e-05 0.0097380055541743584 -0.001688586595396633 8.3078456574937681e-05 7.0356024728715239e-05 -0.0050743598941568289 0.016281720782262706 -0.00080207167286109715 -3.2573682010746904e-05 2.8892583069780358e-05 -0.0015869888693281398 0.00038366419345120002 -0.0010657988845385047 0.00014274989921132989
leaf_weight=1502 79 105 9.9999999999999982 14.999999999999998 25 12.000000000000002 17 10.000000000000002 19 916 61 31 870 11.000000000000002 98 14.999999999999998 80 9.9999999999999982 13.999999999999998 92 38 19.000000000000004 11.999999999999998 12.999999999999998 12.999999999999998 535 19 24 15.999999999999998 32
leaf_count=1502 79 105 10 15 25 12 17 10 19 916 61 31 870 11 98 15 80 10 14 92 38 19 12 13 13 535 19 24 16 32
internal_value=0.00208254 0.000748988 -0.00227848 -0.00108108 -0.00875 0.00175926 -0.00534483 0.000905667 0.000793759 0.0016407 -0.00265766 -0.008 0.000340968 -0.00235294 -0.00110329 -0.00413043 -0.0015 -0.01 -0.013 0.000721925 0.000505971 -0.00442029 -0.0127419 0.000729304 -0.000291411 -8.60718e-05 -0.00482143 -0.000405405 0.000368782 -0.004375
internal_weight=4713 3211 158 148 40 108 29 3053 2948 1027 111 50 1921 238 213 115 100 20 25 1683 1591 69 31 1522 652 639 56 37 583 48
internal_count=4713 3211 158 148 40 108 29 3053 2948 1027 111 50 1921 238 213 115 100 20 25 1683 1591 69 31 1522 652 639 56 37 583 48
is_linear=0
shrinkage=0.05


Tree=114
num_leaves=31
num_cat=0
split_feature=2 5 2 8 5 3 11 10 14 0 2 5 7 1 18 6 11 11 14 14 11 5 0 12 3 12 10 9 1 10
split_gain=5.55566 0.643641 0.634398 0.609524 0.420638 0.35419 0.907563 1.02621 0.858302 0.883482 0.81586 0.417423 0.94457 1.23077 1.64476 0.865653 0.809507 0.758333 0.627446 0.589574 0.96475 1.11323 0.581028 0.561237 0.528216 0.633076 0.907441 1.02639 0.457913 0.456616
threshold=1.5000000000000002 39.950450000000011 4.5000000000000009 3.5000000000000004 0.22080000000000002 3.0415000000000005 344.50000000000006 355.58500000000009 116153.35000000002 18.500000000000004 3.5000000000000004 11.223400000000002 3.5000000000000004 4.5000000000000009 1.0000000180025095e-35 0.42527029275826861 726.50000000000011 340.50000000000006 78205.460000000006 59251.825000000004 609.00000000000011 32.75930000000001 12.500000000000002 29333.770000000004 0.16450000000000004 3856.1650000000004 645.58500000000015 0.58550000000000002 3.5000000000000004 163.25000000000003
decision_type=2 2 2 2 2 2 2 2 2 2 2 2 2 2 2 2 2 2 2 2 2 2 2 2 2 2 2 2 2 2
left_child=-1 4 -3 -4 -2 11 7 -7 9 10 -9 -6 15 14 -14 16 17 23 19 24 21 -21 -18 -13 25 26 27 -17 29 -27
right_child=1 2 3 -5 5 6 -8 8 -10 -11 -12 12 13 -15 -16 18 22 -19 -20 20 -22 -23 -24 -25 -26 28 -28 -29 -30 -31
leaf_value=1.2805769521728738e-05 0.010305802913485717 7.8981393899792227e-05 -5.3951704772673136e-05 3.131063468251897e-06 0.00015067141339543801 0.00019246619857628098 0.012862680617270306 0.001395625026411676 -0.0042398866425595221 -0.0006639442289261895 -0.0020152851582121178 -8.7474188898509908e-05 -7.8899164488145169e-05 1.8906435372801848e-05 1.4924004390687678e-05 -5.0593673777930762e-05 -7.0317218245237134e-05 4.3812747597397217e-05 5.5404540843577619e-05 4.0475497272399115e-05 -1.9605932935569563e-05 -3.9811028010980439e-05 -0.00021050299791439218 4.5042299750849599e-06 -0.00012095368675478125 -4.3395271871347174e-06 9.6080518645945962e-06 -1.300129311828448e-07 1.5195968198243088e-05 3.9035851065392137e-06
leaf_weight=1273 105 224 11.999999999999998 30 2112 37 56 57 9.9999999999999982 18 13.999999999999998 17.000000000000004 15 26 11 14.999999999999998 12.000000000000002 26 144 41 10.999999999999998 12.999999999999998 10.999999999999998 12.999999999999998 14.999999999999998 9.9999999999999982 20 23 156 186
leaf_count=1273 105 224 12 30 2112 37 56 57 10 18 14 17 15 26 11 15 12 26 144 41 11 13 11 13 15 10 20 23 156 186
internal_value=0.00217802 0.00113372 0.00349624 -0.00214286 0.000935728 0.000829261 -0.00125 -0.00345588 -0.00611111 -0.00455056 -0.00204225 0.000968022 -3.26796e-05 -0.00653846 -0.0142308 0.000441795 -0.00449367 -0.00125 0.00105678 0.000204082 -0.00423077 -0.00148148 -0.0123913 -0.00666667 0.000882353 0.00121951 -0.00362069 -0.00815789 0.00201705 0.000408163
internal_weight=4713 3440 266 42 3174 3069 192 136 99 89 71 2877 765 52 26 713 79 56 634 490 65 54 23 30 425 410 58 38 352 196
internal_count=4713 3440 266 42 3174 3069 192 136 99 89 71 2877 765 52 26 713 79 56 634 490 65 54 23 30 425 410 58 38 352 196
is_linear=0
shrinkage=0.05


Tree=115
num_leaves=31
num_cat=0
split_feature=4 6 6 1 5 11 1 3 3 12 9 10 10 11 16 10 9 11 11 0 6 5 4 12 3 10 7 11 16 11
split_gain=7.98011 0.616444 1.4092 2.4381 0.738882 1.1672 1.96298 0.801245 1.24719 0.927253 0.697436 0.690997 0.619002 0.929714 0.850708 0.727273 0.602849 0.618824 0.90215 0.668182 0.575841 0.517922 1.18165 0.961034 0.65495 0.948103 0.64069 0.896636 2.17688 0.547146
threshold=0.053500000000000006 0.86075763319871801 0.87372759483008855 1.5000000000000002 1.6067500000000001 6.5000000000000009 1.5000000000000002 0.18050000000000002 0.23050000000000004 20100.000000000004 0.7320000000000001 321.83500000000009 427.75000000000006 337.50000000000006 22.279283682283978 631.58500000000015 0.22500000000000003 130.50000000000003 262.50000000000006 12.500000000000002 0.70154595133437869 19.608700000000002 0.18450000000000003 41353.700000000004 0.23550000000000001 239.75000000000003 2.5000000000000004 18.500000000000004 17.482681625980689 9.5000000000000018
decision_type=2 2 2 2 2 2 2 2 2 2 2 2 2 2 2 2 2 2 2 2 2 2 2 2 2 2 2 2 2 2
left_child=-1 4 3 -3 5 6 -2 -6 12 16 -5 -11 -9 15 -15 -14 -10 -18 19 -19 -20 24 26 29 -4 -26 -23 28 -28 -24
right_child=1 2 21 10 7 -7 -8 8 9 11 -12 -13 13 14 -16 -17 17 18 20 -21 -22 22 23 -25 25 -27 27 -29 -30 -31
leaf_value=1.2165481045642301e-05 -0.0051358947709796657 -0.0017758648538762402 8.0320967286458888e-05 0.00036672933019381391 1.3250405240076023e-05 0.0070905081185398096 0.0019029501192518159 0.0044600611498122602 0.0099523630315883557 -0.00089618259516002514 -0.0037412099721375494 0.0033682686837345748 -0.0023725837829709552 1.979967719763814e-05 -0.0014355925490612627 -0.0032564995220253218 0.0014009577680632363 -0.0012779940065556579 -0.00096781857266331245 -0.0070720298608699288 -0.003424078865287269 8.7500873882591394e-06 -8.9564234135302222e-05 3.3183605369466975e-05 0.00049576767619921645 -0.00031108699746175189 -3.3289559448500329e-05 2.5489991638598465e-05 1.3577737775725797e-05 -3.8820187361280041e-06
leaf_weight=1464 10.000000000000002 11.999999999999998 532 17 807 512 19 14.999999999999998 18 20 13.000000000000002 278 11.000000000000002 19 12.999999999999998 10.999999999999998 22 12.000000000000002 55 9.9999999999999982 18 103 18.000000000000004 13.999999999999998 64 503 15.999999999999998 24 18 12.999999999999998
leaf_count=1464 10 12 532 17 807 512 19 15 18 20 13 278 11 19 13 11 22 12 55 10 18 103 18 14 64 503 16 24 18 13
internal_value=0.00194272 0.000542696 -0.000270972 -0.00928571 0.00113514 0.00268946 -0.00706897 0.000492743 -0.0010757 -8.08312e-05 -0.00166667 0.00147651 -0.00731884 -0.00981481 -0.004375 -0.0177273 -0.00351852 -0.00482906 -0.00657895 -0.0154545 -0.00390411 1.91573e-05 -0.00228155 -0.00944444 0.00045041 -0.000731922 -0.000279503 -0.00448276 -0.00970588 -0.0143548
internal_weight=4661 3197 1347 42 1850 541 29 1309 502 433 30 298 69 54 32 22 135 117 95 22 73 1305 206 45 1099 567 161 58 34 31
internal_count=4661 3197 1347 42 1850 541 29 1309 502 433 30 298 69 54 32 22 135 117 95 22 73 1305 206 45 1099 567 161 58 34 31
is_linear=0
shrinkage=0.05


Tree=116
num_leaves=31
num_cat=0
split_feature=4 4 12 3 16 1 11 6 2 4 0 17 12 16 17 6 14 16 14 6 6 13 16 10 1 0 4 3 14 13
split_gain=8.37693 0.604025 1.15378 0.934644 0.921905 0.85742 0.889192 0.824341 1.16687 0.805802 0.960405 1.24782 1.07188 0.938425 1.4371 0.692733 0.539114 1.5007 1.13077 1.27648 1.74649 0.798766 0.981482 0.882511 0.986593 1.22249 1.46759 0.819493 0.896037 0.765756
threshold=0.053500000000000006 0.33550000000000008 59883.350000000013 0.18050000000000002 26.699773523443685 4.5000000000000009 10.500000000000002 0.65424261313658894 4.5000000000000009 0.29650000000000004 18.500000000000004 85.498383823981541 5895.6100000000006 15.294817651973943 83.022183844210659 0.66097378866497702 107725.14000000001 18.265762733935556 148865.80000000002 0.98431925612681404 0.85422367612093286 -6186.8049999999994 24.752702741538716 673.56500000000017 2.5000000000000004 10.500000000000002 4.1945000000000006 0.59450000000000014 18757.035000000003 -4223.9899999999989
decision_type=2 2 2 2 2 2 2 2 2 2 2 2 2 2 2 2 2 2 2 2 2 2 2 2 2 2 2 2 2 2
left_child=-1 2 4 -3 5 6 9 8 -5 10 11 12 -2 14 -14 -9 21 -18 19 20 -19 -17 23 24 25 -23 27 28 -27 -25
right_child=1 3 -4 7 -6 -7 -8 15 -10 -11 -12 -13 13 -15 -16 16 17 18 -20 -21 -22 22 -24 29 -26 26 -28 -29 -30 -31
leaf_value=1.1557206993359493e-05 -3.2524565461745545e-05 0.0003751721101722273 3.3283358800031427e-05 0.0056023692978360668 2.3490297223781835e-05 3.9359234927105996e-06 -1.8740529866862731e-05 -0.0022539545845074618 -0.00080713315231893028 -0.0010118309690413418 5.1759784924525798e-05 -0.00012692922066615613 -4.3021247365578752e-05 1.9715895104408342e-05 3.3885111046324586e-05 0.00037219443841532635 0.00070509920338427529 -0.0011745767320529075 9.0842772697493279e-05 -0.0005154917312491157 -0.0033221129435910602 0.00015642481544229792 0.00047686209750616161 -0.0031687477161222127 0.00015268343843697848 0.00034190954280647603 -0.0018245198568569772 0.0022319087294253958 -0.0028298025999222739 -0.00089062660487183908
leaf_weight=1464 19 789 203 440 52 222 380 10.999999999999998 9.9999999999999982 9.9999999999999982 27 12.999999999999998 20.000000000000004 46 10.999999999999998 297 56 14.000000000000002 26 13.999999999999998 10.999999999999998 62 104 17 159 11.000000000000002 17 22 14.999999999999998 119
leaf_count=1464 19 789 203 440 52 222 380 11 10 10 27 13 20 46 11 297 56 14 26 14 11 62 104 17 159 11 17 22 15 119
internal_value=0.00186763 0.000433219 -0.00058325 0.000897904 -0.0014375 -0.00188503 -0.00298479 0.000124555 0.00188889 -0.00630137 -0.00529412 -0.00738532 -0.00541667 -0.00279221 -0.00951613 -0.000706806 -0.00056144 -0.00367769 -0.00884615 -0.0142308 -0.021 -0.00010328 -0.00127376 -0.00234597 -0.000769231 -0.00405512 -0.00884615 -0.004375 -0.0103846 -0.00566176
internal_weight=4661 3197 1003 2194 800 748 526 1405 450 146 136 109 96 77 31 955 944 121 65 39 25 823 526 422 286 127 65 48 26 136
internal_count=4661 3197 1003 2194 800 748 526 1405 450 146 136 109 96 77 31 955 944 121 65 39 25 823 526 422 286 127 65 48 26 136
is_linear=0
shrinkage=0.05


Tree=117
num_leaves=31
num_cat=0
split_feature=2 3 18 6 5 3 10 6 13 13 10 5 16 3 16 17 6 12 12 17 9 17 16 5 6 11 2 17 6 12
split_gain=6.90782 0.800578 0.726284 1.36229 1.14654 0.889068 0.921019 0.9158 1.33156 1.23358 0.906589 1.05 1.09872 0.658772 0.795374 2.21454 1.45628 0.794124 0.742989 0.855637 0.902668 0.809717 0.762698 0.718952 0.638757 0.601058 0.562339 0.54961 0.54616 0.628586
threshold=1.5000000000000002 0.17250000000000001 1.0000000180025095e-35 0.60961052103512769 1.4385500000000002 0.38450000000000006 239.75000000000003 0.96216758431727289 -5980.0899999999992 -3915.6499999999992 509.12500000000006 1.7398500000000003 22.536004551694877 0.23050000000000004 17.673938986617191 77.99631710285712 0.65822595613387536 19143.490000000002 9562.3750000000018 82.063726726353948 0.58550000000000002 86.016578291762201 22.6737425601994 2.0617000000000005 0.98431925612681404 489.50000000000006 5.5000000000000009 75.797459280394165 0.98747028767589962 64900.12000000001
decision_type=2 2 2 2 2 2 2 2 2 2 2 2 2 2 2 2 2 2 2 2 2 2 2 2 2 2 2 2 2 2
left_child=-1 24 4 -4 26 -5 -7 8 -8 -10 -11 12 -12 14 15 -6 -17 18 23 20 22 -21 -20 -15 -2 -16 -3 -22 -26 -30
right_child=1 2 3 5 13 6 7 -9 9 10 11 -13 -14 17 25 16 -18 -19 19 21 27 -23 -24 -25 28 -27 -28 -29 29 -31
leaf_value=1.097934664369138e-05 2.5800337940236162e-05 0.0050597226758805226 -0.0024788272578816282 0.00026054182536857881 0.00055627737047092834 0.00038938800720376472 0.0010146158724912266 -0.000102022006043893 -0.0016233202988131428 -5.098012136667252e-06 -0.0029824889836117291 0.0012938439361300097 -0.001770765904622319 -0.0019397982125171126 0.0014997129982510689 -0.001910275969635077 -0.0025954859007206073 0.001565027293481082 0.0029533599448531736 0.011582479595063953 -0.00067818692880774935 -0.0021800123027800539 -0.002499389177747004 0.0010807042946723345 -0.00048283754937412634 -0.0011472188703799313 -0.00082018197110737357 -0.0015863685240821508 -3.0643569130004131e-06 0.0001117833168900903
leaf_weight=1284 1396 434 9.9999999999999982 107 19 48 32 203 19 29 19.000000000000004 11.999999999999998 10.999999999999998 19 33 11.000000000000002 9.9999999999999982 349 18.000000000000004 25 11.000000000000002 12.999999999999998 9.9999999999999982 69 12.999999999999998 20 10.999999999999998 13.999999999999998 357 55
leaf_count=1284 1396 434 10 107 19 48 32 203 19 29 19 12 11 19 33 11 10 349 18 25 11 13 10 69 13 20 11 14 357 55
internal_value=0.00187835 0.000691442 -0.000141388 -0.00173469 0.000590995 -0.00135417 -0.0025067 -0.00346154 -0.00688525 -0.01 -0.00697183 -0.0116667 -0.0166667 -0.000797101 -0.00467742 -0.01 -0.0211905 -0.000113636 -0.00282123 -0.00598901 -0.0100943 -0.000263158 -0.00392857 0.000454546 0.00140308 -0.000660377 0.00252809 -0.017 -0.000294117 2.4272e-05
internal_weight=4661 3377 1556 490 1066 480 373 325 122 90 71 42 30 621 93 40 21 528 179 91 53 38 28 88 1821 53 445 25 425 412
internal_count=4661 3377 1556 490 1066 480 373 325 122 90 71 42 30 621 93 40 21 528 179 91 53 38 28 88 1821 53 445 25 425 412
is_linear=0
shrinkage=0.05


Tree=118
num_leaves=31
num_cat=0
split_feature=4 5 12 14 5 14 1 12 17 16 14 14 13 17 4 16 13 4 1 5 14 5 2 13 17 17 5 8 4 12
split_gain=8.54995 0.566503 0.724726 0.649427 1.53277 1.21968 2.74005 1.43128 0.998791 0.819761 0.774553 1.46067 0.779133 0.744048 0.687292 1.40834 0.983618 1.15421 0.906372 1.53508 0.910134 0.808691 0.80776 0.758697 0.764487 2.13169 0.749566 0.976874 0.738294 0.726658
threshold=0.053500000000000006 0.32985000000000003 110273.85000000002 51118.470000000008 0.62320000000000009 49367.580000000009 4.5000000000000009 20647.445000000003 73.219039583239194 22.279283682283978 134970.28000000003 109406.925 -8478.6049999999977 82.151835977534603 0.33550000000000008 21.837030312862669 -7040.3949999999995 0.094500000000000015 4.5000000000000009 9.925200000000002 33331.840000000004 20.716550000000002 3.5000000000000004 -4148.9399999999987 80.678335016360677 80.857133682186017 13.681000000000003 3.5000000000000004 6.0770000000000008 36712.720000000008
decision_type=2 2 2 2 2 2 2 2 2 2 2 2 2 2 2 2 2 2 2 2 2 2 2 2 2 2 2 2 2 2
left_child=-1 2 -2 5 8 9 7 -7 -5 14 11 12 -10 -9 15 16 17 -3 19 -19 26 22 -18 -16 28 -26 -21 -28 -25 -27
right_child=1 3 -4 4 -6 6 -8 13 10 -11 -12 -13 -14 -15 23 -17 21 18 -20 20 -22 -23 -24 24 25 29 27 -29 -30 -31
leaf_value=1.0430379311507366e-05 0.0066447882130292353 -2.9242475597902229e-05 -0.0029467489223048578 -0.0037406016931629815 3.3089043165472506e-05 -0.0016186554726666811 0.013203883793131928 -0.0024419025339193542 0.0092924028965571375 4.8043746696579772e-05 0.00058004979157003252 -0.0019809271842755756 -0.006377373260307898 -0.00011922546207119095 9.8578769690588599e-05 -7.9332755539124271e-05 -2.2156409858224724e-05 -0.0023661341524171737 2.6862047259198262e-05 0.00039386574988323859 1.8176589702136901e-05 5.549647901062291e-06 -0.00069308740348838008 0.00012213129365606121 -0.0015753388719388175 -0.0012455046533884479 -7.5741195648650552e-05 2.0752755931981745e-05 -0.00081612639399963676 0.0088421372766413434
leaf_weight=1464 173 11.999999999999998 9.9999999999999982 9.9999999999999982 1024 10.999999999999998 26 10.000000000000002 23 513 21 17 18 13.999999999999998 414 15.999999999999998 169 9.9999999999999982 40 13.999999999999998 34 123 17 240 11.999999999999998 148 27 10.999999999999998 11.999999999999998 28
leaf_count=1464 173 12 10 10 1024 11 26 10 23 513 21 17 18 14 414 16 169 10 40 14 34 123 17 240 12 148 27 11 12 28
internal_value=0.00183544 0.0003863 0.00308743 0.000222296 0.00118149 -0.000339295 -0.00729508 -0.0164286 -0.00511236 -0.000108695 -0.00322785 -0.0062069 -0.00109756 -0.00958333 -0.000764883 -0.00229387 -0.00178337 -0.00513513 -0.00382353 -0.00645833 -0.00430233 -0.000177993 -0.00225806 8.19674e-05 -0.00136364 -0.0037766 -0.00846154 -0.0121053 0.000436508 -0.00238636
internal_weight=4661 3197 183 3014 1113 1901 61 35 89 1840 79 58 41 24 1327 473 457 148 136 96 86 309 186 854 440 188 52 38 252 176
internal_count=4661 3197 183 3014 1113 1901 61 35 89 1840 79 58 41 24 1327 473 457 148 136 96 86 309 186 854 440 188 52 38 252 176
is_linear=0
shrinkage=0.05


Tree=119
num_leaves=31
num_cat=0
split_feature=4 5 17 11 3 5 3 3 16 5 13 3 16 7 13 4 17 17 4 11 12 8 5 17 13 13 11 9 0 16
split_gain=8.49208 0.560092 0.610666 0.617002 1.45863 1.17985 1.00715 1.25774 0.830635 0.738508 1.48153 1.00668 1.58952 1.12597 1.06776 0.912519 0.824661 0.735167 0.909091 0.730519 0.726407 0.993339 1.00833 0.659698 0.775641 0.60388 1.09229 0.615258 0.83612 0.553689
threshold=0.053500000000000006 0.22080000000000002 86.465896934952724 16.000000000000004 3.2360000000000002 1.2797500000000002 5.4480000000000013 4.7610000000000001 19.830958086599626 27.468850000000003 -18896.969999999998 0.49900000000000005 17.321621853172775 1.0000000180025095e-35 -3915.6499999999992 6.0770000000000008 83.818524819354408 86.141154601253078 0.6605000000000002 9.5000000000000018 6110.5950000000012 2.5000000000000004 2.6391500000000003 73.828575214367078 -1165.7499999999998 -33305.264999999992 13.500000000000002 0.63350000000000006 8.5000000000000018 15.918622883138529
decision_type=2 2 2 2 2 2 2 2 2 2 2 2 2 2 2 2 2 2 2 2 2 2 2 2 2 2 2 2 2 2
left_child=-1 -2 3 4 8 -5 7 19 9 11 29 20 14 -14 -13 16 -16 -7 -19 -6 21 22 -3 24 -22 26 27 -10 -29 -11
right_child=1 2 -4 5 6 17 -8 -9 25 10 -12 12 13 -15 15 -17 -18 18 -20 -21 23 -23 -24 -25 -26 -27 -28 28 -30 -31
leaf_value=9.9088603459321366e-06 0.012444371301352099 0.00079083220523641575 0.00011156282501412897 0.0082327079508023437 -9.774411898101355e-05 1.9435893869702891e-06 -0.00053786183071730467 -0.00086171381157855139 0.0020836245277642182 -1.7727725386228133e-05 -3.1000713714047189e-06 0.00010381303610396361 -0.00096880133499143914 -0.0016681804943457544 -2.423454741952775e-05 -0.0029895674718800995 -0.0018912194614437239 3.2720318467929626e-07 -0.0026749366692456022 -0.0019816317703172286 -6.3820535394762387e-05 1.6693046874321967e-05 -0.00017768390246768043 3.7819599702244181e-05 -0.00053830314411810987 4.562625046167378e-05 -0.0014784207632267861 -0.0012282674080831288 9.9697706279129034e-06 -3.1886996637082481e-07
leaf_weight=1464 103 11.999999999999998 294 348 22 1203 29 10.999999999999998 30 12.000000000000002 42 77 24 10.999999999999998 52 9.9999999999999982 15.999999999999998 22 9.9999999999999982 13.999999999999998 39 55 20 278 12.999999999999998 401 14.999999999999998 13.000000000000002 9.9999999999999982 10.999999999999998
leaf_count=1464 103 12 294 348 22 1203 29 11 30 12 42 77 24 11 52 10 16 22 10 14 39 55 20 278 13 401 15 13 10 11
internal_value=0.00184617 0.000401939 0.00028119 5.35716e-05 -0.000792933 0.000704359 -0.0075 -0.0120213 -0.000346187 -0.00147321 -0.00653846 -0.000930807 -0.00394737 -0.0135714 -0.00177419 -0.00589744 -0.00382353 -2.02427e-05 -0.0075 -0.0075 0.000443645 -0.00362069 -0.010625 0.00151515 -0.00365385 0.00126866 -0.00308824 0.000283019 -0.00586956 -0.0167391
internal_weight=4661 3197 3094 2800 1217 1583 76 47 1141 672 65 607 190 35 155 78 68 1235 32 36 417 87 32 330 52 469 68 53 23 23
internal_count=4661 3197 3094 2800 1217 1583 76 47 1141 672 65 607 190 35 155 78 68 1235 32 36 417 87 32 330 52 469 68 53 23 23
is_linear=0
shrinkage=0.05


Tree=120
num_leaves=31
num_cat=0
split_feature=4 3 4 6 8 4 11 11 16 14 16 3 11 11 4 5 3 3 3 5 13 11 3 4 4 3 14 14 14 6
split_gain=8.04608 0.579355 0.783897 0.53401 0.49414 0.870536 0.617414 1.46746 0.592641 0.487882 0.471078 0.467412 0.979604 1.02424 0.451169 0.417845 0.360302 0.355666 0.827189 0.411247 2.07292 0.839683 0.839223 1.23283 0.819979 0.609025 0.454093 1.45535 0.750975 0.90165
threshold=0.053500000000000006 0.28250000000000003 2.3510000000000004 0.49855605343556103 1.5000000000000002 0.19950000000000004 352.50000000000006 749.50000000000011 18.606228099426705 5667.3650000000007 12.159601949487113 0.31950000000000006 142.50000000000003 9.5000000000000018 1.4495000000000002 0.18485000000000004 10.429000000000002 5.4480000000000013 4.9935000000000009 0.6473500000000002 -35416.364999999998 33.500000000000007 1.7620000000000002 4.5345000000000004 6.4335000000000013 3.1090000000000004 27221.920000000002 26196.975000000002 12923.740000000002 0.79060933428659741
decision_type=2 2 2 2 2 2 2 2 2 2 2 2 2 2 2 2 2 2 2 2 2 2 2 2 2 2 2 2 2 2
left_child=-1 2 4 14 5 6 10 8 -8 -5 -2 12 13 -11 -3 -13 17 18 19 20 -17 22 -22 -24 -25 -26 27 28 -21 -30
right_child=1 3 -4 9 -6 -7 7 -9 -10 11 -12 15 -14 -15 -16 16 -18 -19 -20 26 21 -23 23 24 25 -27 -28 -29 29 -31
leaf_value=9.413417328635321e-06 -8.254043217922335e-05 0.00084691700571605597 0.0013292459253486507 -0.003874107798272762 5.8692062799251295e-06 0.015491293756655027 -5.4259533627266232e-05 3.4172908087835944e-06 -5.4899827345278161e-05 -4.2446908272460348e-05 3.6913869835261284e-05 0.022347038533040677 0.0031309447615143478 -0.0025609236030757179 0.017684020772822072 -0.002571241538551389 -0.0077563316247346989 0.0051313383462098421 -0.0019567298301511708 0.0018246767795334858 0.0082200740799754837 0.0063061489030214858 0.001151582051740914 -0.0050005317483389593 -0.0007528146824697466 0.0065753254943480589 6.1076885072024374e-05 -0.0037369917841014485 -0.0032631039839377388 3.3988738138716498e-05
leaf_weight=1440 9.9999999999999982 137 257 18 1543 26 10.000000000000002 14.999999999999998 10.999999999999998 12.000000000000002 24 35 26 9.9999999999999982 79 9.9999999999999982 9.9999999999999982 59 9.9999999999999982 90 23 56 11.999999999999998 11.999999999999998 12.000000000000002 10.999999999999998 529 12.999999999999998 75 104
leaf_count=1440 10 137 257 18 1543 26 10 15 11 12 24 35 26 10 79 10 10 59 10 90 23 56 12 12 12 11 529 13 75 104
internal_value=0.00189036 0.000507873 0.00107068 -0.000286671 0.00066809 -0.0028125 -0.00571429 -0.0102778 -0.0188095 -0.000723159 -0.000882353 -0.000590622 -0.00541667 -0.0131818 0.00199074 -0.00037229 -0.000555555 -0.000462598 -0.00069488 -0.000543822 -0.00308824 -0.00134921 -0.005 -0.00882979 -0.0135714 -0.00804348 -0.000117139 -0.00173759 -0.000947955 -0.00282123
internal_weight=4679 3239 1896 1343 1639 96 70 36 21 1127 34 1109 48 22 216 1061 1026 1016 957 947 136 126 70 47 35 23 811 282 269 179
internal_count=4679 3239 1896 1343 1639 96 70 36 21 1127 34 1109 48 22 216 1061 1026 1016 957 947 136 126 70 47 35 23 811 282 269 179
is_linear=0
shrinkage=0.05


Tree=121
num_leaves=31
num_cat=0
split_feature=4 0 16 6 4 13 11 14 6 2 13 4 4 1 16 6 0 6 6 13 14 16 16 6 10 16 0 0 16 4
split_gain=8.10148 0.51613 1.0423 0.84095 1.09667 1.35842 0.955042 0.788158 0.525 0.507837 0.406015 0.353929 0.326197 0.322476 0.976188 0.872727 0.701871 0.870006 1.86207 1.07734 0.856155 0.916546 1.26843 1.02732 1.98294 1.21094 0.613077 0.516443 0.713928 0.574777
threshold=0.053500000000000006 21.500000000000004 17.076830125905968 0.94204774094886667 0.28150000000000003 -14030.539999999999 170.50000000000003 138730.32500000004 0.57072277832797824 2.5000000000000004 -2825.8049999999998 3.4865000000000004 0.087500000000000008 1.0000000180025095e-35 9.8904270537745465 0.96589048128286292 3.5000000000000004 0.62262927117072853 0.54003488206278183 -2699.6099999999992 49817.915000000008 22.50263362453218 14.009588202596001 0.8879412649294407 659.20000000000016 15.836786397739321 7.5000000000000009 14.500000000000002 27.638176510235287 0.11850000000000001
decision_type=2 2 2 2 2 2 2 2 2 2 2 2 2 2 2 2 2 2 2 2 2 2 2 2 2 2 2 2 2 2
left_child=-1 13 3 4 9 -6 -7 11 -8 -3 -5 12 -4 14 15 -2 -16 18 26 -20 21 22 -19 24 -24 -25 -18 29 -29 -15
right_child=1 2 7 10 5 6 8 -9 -10 -11 -12 -13 -14 27 16 -17 17 20 19 -21 -22 -23 23 25 -26 -27 -28 28 -30 -31
leaf_value=8.9427464622038318e-06 -0.0012999069518756263 -1.2325355178830758e-05 -2.3642632195837629e-06 0.0002145037055697097 -0.0021959429392046184 -0.010053161501303871 -0.0086039788659825981 -0.0037441506949112261 0.0014494030193282796 0.00015992859765365082 -7.4165667398149487e-05 -0.00045897560559423207 0.00011273014435151849 -9.8437574408651767e-06 0.0038480219821411458 -0.00024735045466106874 -0.0006719438880651282 0.0057128837353992538 -0.001830498139892462 -0.0070933353930037833 0.00036238044580660917 0.00031229706427262477 -0.0018816925580543793 -0.00041601461093728235 -8.4949987843260889e-05 5.7669219125799894e-06 0.00061663586036294791 2.5235515329525199e-05 -0.0013646683840595924 1.5359417412136861e-05
leaf_weight=1440 12 11.000000000000002 9.9999999999999982 24 14.999999999999998 12.999999999999998 10.000000000000002 12.999999999999998 13.999999999999998 18 13.999999999999998 15.999999999999998 97 161 73 10 13.999999999999998 25 15 14 72 35 13.000000000000002 10.999999999999998 9.9999999999999982 30 44 811 13.999999999999998 1620
leaf_count=1440 12 11 10 24 15 13 10 13 14 18 14 16 97 161 73 10 14 25 15 14 72 35 13 11 10 30 44 811 14 1620
internal_value=0.00187968 0.000492436 -0.00166667 -0.00508403 -0.00796296 -0.0123077 -0.00716216 0.00132353 -0.00125 -0.000172414 0.00105263 0.00256098 0.00359813 0.000676944 -0.00068783 -0.0109091 -5.61796e-05 -0.00118375 -0.00534483 -0.0156897 0.000663265 -0.00185484 -0.00455056 -0.00828125 -0.0167391 -0.00353659 -0.000172414 0.000874904 0.00190909 0.000395845
internal_weight=4679 3239 255 119 81 52 37 136 24 29 38 123 107 2984 378 22 356 283 87 29 196 124 89 64 23 41 58 2606 825 1781
internal_count=4679 3239 255 119 81 52 37 136 24 29 38 123 107 2984 378 22 356 283 87 29 196 124 89 64 23 41 58 2606 825 1781
is_linear=0
shrinkage=0.05


Tree=122
num_leaves=31
num_cat=0
split_feature=4 0 16 14 14 10 14 16 16 11 3 4 4 4 10 14 4 0 4 16 4 17 12 10 4 3 11 7 4 14
split_gain=7.9816 0.585239 1.12679 1.61059 2.00556 0.8 0.604762 0.454528 1.1702 0.542564 0.43117 0.702171 0.608012 0.931953 0.574083 0.610987 0.508426 1.12644 0.969368 1.31334 0.679564 0.437119 1.01015 1.44026 0.940617 0.703808 0.94697 0.510788 0.577745 0.803867
threshold=0.065500000000000017 21.500000000000004 13.004166075385935 44788.655000000006 21069.620000000006 758.41500000000008 138730.32500000004 17.076830125905968 15.994931823910486 117.50000000000001 0.29950000000000004 3.5835000000000004 3.0835000000000004 3.2770000000000006 209.75000000000003 5667.3650000000007 0.10950000000000001 11.500000000000002 0.097500000000000017 15.4336665436453 0.06950000000000002 74.124631334384887 18686.185000000001 673.56500000000017 5.7745000000000006 0.31950000000000006 142.50000000000003 4.5000000000000009 2.6235000000000004 124341.93000000001
decision_type=2 2 2 2 2 2 2 2 2 2 2 2 2 2 2 2 2 2 2 2 2 2 2 2 2 2 2 2 2 2
left_child=-1 10 3 4 -3 -6 7 8 -4 -10 11 12 16 -14 -12 -16 17 18 20 -20 -2 22 23 -17 -24 26 -23 28 -27 -30
right_child=1 2 6 -5 5 -7 -8 -9 9 -11 14 -13 13 -15 15 21 -18 -19 19 -21 -22 25 24 -25 -26 27 -28 -29 29 -31
leaf_value=8.495609139093364e-06 -9.6551834503103641e-06 -0.00029121087596791547 0.000486138764136386 0.00015115354312350508 -8.5855877887616033e-05 -0.0081737799226834686 -0.0035569431601656641 7.1327000943690401e-05 -0.00029969698910497572 -0.0022086695875473713 0.0025757690964088521 0.0027444280176011967 -0.0001324381043568464 0.0013831209815876311 -0.003751011751867222 2.1847538417621352e-05 1.3712167948409308e-05 5.6093776938663693e-06 -0.00011399626543302424 -7.6024332554621864e-05 1.2800359658276937e-05 -0.0024319329483529564 0.00092391706105106092 -0.0013998353087379966 -0.0020151195078531802 -6.7844476203561728e-05 0.0022471796877074177 -0.00050393092785490953 0.0017738644085452439 -0.002383797386533759
leaf_weight=1490 10.999999999999998 15.999999999999998 32 22 10.000000000000002 9.9999999999999982 12.999999999999998 121 12.000000000000002 12.999999999999998 72 159 10.999999999999998 21 17 19 1348 103 11.000000000000002 15.999999999999998 46 10.000000000000002 82 18 14.999999999999998 559 11.999999999999998 20 356 34
leaf_count=1490 11 16 32 22 10 10 13 121 12 13 72 159 11 21 17 19 1348 103 11 16 46 10 82 18 15 559 12 20 356 34
internal_value=0.00191173 0.000500157 -0.00182731 -0.00793103 -0.0144444 -0.025 2.61782e-05 0.000786517 -0.00289474 -0.011 0.000697279 0.0012051 0.000883855 -0.0059375 -2.47115e-05 -0.000297723 0.00102606 -0.00141711 -0.00571429 -0.0135185 -0.00201754 -0.000155555 -0.00283582 -0.00986486 -0.000154639 0.000206862 -0.00863636 0.000407637 0.000574289 0.00205128
internal_weight=4679 3189 249 58 36 20 191 178 57 25 2940 1726 1567 32 1214 1142 1535 187 84 27 57 1125 134 37 97 991 22 969 949 390
internal_count=4679 3189 249 58 36 20 191 178 57 25 2940 1726 1567 32 1214 1142 1535 187 84 27 57 1125 134 37 97 991 22 969 949 390
is_linear=0
shrinkage=0.05


Tree=123
num_leaves=31
num_cat=0
split_feature=4 3 4 6 5 0 4 6 17 10 11 10 3 17 4 4 5 0 18 5 17 10 4 0 7 9 10 11 10 11
split_gain=8.55622 0.563104 0.666844 0.610484 1.14711 1.53409 0.8 0.606131 0.863136 0.566458 2.02731 0.779381 0.86453 0.982732 0.688995 0.539979 0.828636 0.678707 0.601444 0.525 0.462318 0.454547 0.451169 0.450845 0.904156 0.438092 0.945616 0.543527 1.01307 1.55018
threshold=0.065500000000000017 0.28250000000000003 0.35600000000000004 0.42527029275826861 19.343300000000003 12.500000000000002 0.094500000000000015 0.49855605343556103 74.442824082973615 667.07000000000005 16.000000000000004 555.16500000000008 2.9730000000000003 73.319708989284791 2.7195000000000005 0.18450000000000003 26.461000000000002 11.500000000000002 1.0000000180025095e-35 24.956700000000001 75.173654396316437 209.75000000000003 1.4495000000000002 21.500000000000004 1.0000000180025095e-35 0.63350000000000006 215.75000000000003 340.50000000000006 842.83500000000015 187.00000000000003
decision_type=2 2 2 2 2 2 2 2 2 2 2 2 2 2 2 2 2 2 2 2 2 2 2 2 2 2 2 2 2 2
left_child=-1 2 3 4 -2 6 -6 22 9 11 -11 12 13 -9 -12 17 23 18 -5 -7 -10 -22 -3 -17 -25 26 -4 28 -27 -30
right_child=1 7 25 15 5 19 -8 8 20 10 14 -13 -14 -15 -16 16 -18 -19 -20 -21 21 -23 -24 24 -26 27 -28 -29 29 -31
leaf_value=8.0708286821384877e-06 0.00010241135170384676 0.00085825113319306853 -0.0012099092128066036 -8.48260614496787e-06 -7.6998143044943942e-05 -1.801745562090467e-05 -4.6534721634063173e-05 0.0029125665666332309 0.0038160983110051743 -0.0015836680324048018 -0.0022044351295020391 0.0023448774946069999 -0.00082371656711294466 -0.00036264677453257252 0.0026742560795354545 3.4408826232081182e-06 -8.2708599402539926e-05 1.2373196644111334e-05 7.2748812054376534e-06 6.8144597955334393e-05 0.0018345114327859029 -0.00013748952700270569 0.016855858593993869 0.00017533702188562644 -0.0017142109431444856 0.0001027421543531693 0.00050083699093007796 0.00065680632417018626 0.0017599464834982368 -0.0029733100772121207
leaf_weight=1490 68 137 12.999999999999998 165 10.000000000000002 10.000000000000002 9.9999999999999982 33 55 12.999999999999998 22 27 18 19 15.999999999999998 252 18 311 64 13.999999999999998 64 860 79 14.000000000000002 10.999999999999998 310 467 81 15.000000000000002 12.999999999999998
leaf_count=1490 68 137 13 165 10 10 10 33 55 13 22 27 18 19 16 252 18 311 64 14 64 860 79 14 11 310 467 81 15 13
internal_value=0.00180487 0.000343368 0.000910076 -1.58393e-05 -0.00348214 -0.00977273 -0.02 -0.000435592 -0.000900621 -0.00445946 -0.00872549 -0.00221649 -0.005 -0.00173077 -0.00289474 0.000449102 -0.00127119 0.00138889 -0.000676856 -0.00125 -0.000362615 -0.000627705 0.00199074 -0.000595668 -0.007 0.00188543 0.00291667 0.000704057 -0.000177515 -0.00928571
internal_weight=4679 3189 1846 947 112 44 20 1343 1127 148 51 97 70 52 38 835 295 540 229 24 979 924 216 277 25 899 480 419 338 28
internal_count=4679 3189 1846 947 112 44 20 1343 1127 148 51 97 70 52 38 835 295 540 229 24 979 924 216 277 25 899 480 419 338 28
is_linear=0
shrinkage=0.05


Tree=124
num_leaves=31
num_cat=0
split_feature=4 3 17 16 4 17 5 4 17 4 4 4 18 5 17 17 6 16 4 17 0 5 17 16 16 7 3 5 5 6
split_gain=8.60858 0.872846 1.0104 0.96 0.551983 0.486585 0.65677 1.37696 0.484034 0.472286 0.420685 0.605537 0.383364 0.88171 0.986407 0.902632 0.893584 0.884006 0.726923 0.725999 0.774654 0.666663 0.555556 0.553165 1.3125 0.528661 1.28612 0.782951 0.720611 0.487864
threshold=0.053500000000000006 0.28250000000000003 73.628055274700344 11.709719726683861 4.980500000000001 72.526432800312961 1.9185500000000002 0.81850000000000012 73.078719956340478 4.7575000000000012 11.649500000000002 10.292000000000003 1.0000000180025095e-35 0.69925000000000004 80.572803554687098 82.622269562516095 0.77748825229323681 13.510744003162833 6.2645000000000008 80.49545690502076 17.500000000000004 1.1316000000000002 75.697293322999613 10.062635602121558 9.3672273984125223 1.5000000000000002 0.38450000000000006 1.7398500000000003 1.1669000000000003 0.68105334812308727
decision_type=2 2 2 2 2 2 2 2 2 2 2 2 2 2 2 2 2 2 2 2 2 2 2 2 2 2 2 2 2 2
left_child=-1 4 3 -3 9 -5 8 -8 -7 -2 11 12 21 14 22 -16 -15 19 -17 -18 -21 29 -14 24 -23 28 -27 -28 -25 -4
right_child=1 2 10 5 -6 6 7 -9 -10 -11 -12 -13 13 16 15 18 17 -19 -20 20 -22 23 -24 25 -26 26 27 -29 -30 -31
leaf_value=7.6672872480310079e-06 6.6680518136162514e-06 -0.00073051179955164764 0.0090745822145045108 0.0032241873338415502 0.0023760816180677605 -0.0029722355660665484 0.0025775643023675 -0.0012476267495621274 0.0054371811959283926 -0.0011049673094654874 0.0082386401735486878 -0.0021298830451665827 -0.00016623334173072226 -0.0035183268731619984 -0.0036358232374972123 -0.0068183252548969404 0.00010256293077689607 0.00028975656294955861 0.0054152943592447357 -0.0019954254895617018 0.0011713445366289871 0.0081021768974860256 0.007292221393718103 -0.0031894687102694899 -0.0011278073159405996 -0.0029596738375733712 -0.0014898809424929238 0.0038452973796026108 0.001491134963408397 2.0189403729922923e-05
leaf_weight=1440 1779 20 129 33 107 17 17 14.999999999999998 18 9.9999999999999982 70 22 15.999999999999998 9.9999999999999982 9.9999999999999982 15.000000000000002 38 179 12.999999999999998 31 13.999999999999998 16.000000000000004 20 11.999999999999998 11.999999999999998 20 18 39 413 126
leaf_count=1440 1779 20 129 33 107 17 17 15 18 10 70 22 16 10 10 15 38 179 13 31 14 16 20 12 12 20 18 39 413 126
internal_value=0.0017835 0.000353504 -0.000621742 -0.005 0.0010443 -0.003 -0.00544776 -0.010625 -0.000714286 0.000835663 -0.00019215 -0.000420642 -0.000260831 -0.0016474 -0.00648649 -0.0121053 -0.000330882 0.000229008 -0.0075 -0.00403614 -0.00833333 0.000350319 -0.000555555 -0.000660377 -0.0075 -0.000278884 -0.00409091 -0.000263158 0.000411765 0.00245098
internal_weight=4679 3239 1343 120 1896 100 67 32 35 1789 1223 1153 1131 346 74 38 272 262 28 83 45 785 36 530 28 502 77 57 425 255
internal_count=4679 3239 1343 120 1896 100 67 32 35 1789 1223 1153 1131 346 74 38 272 262 28 83 45 785 36 530 28 502 77 57 425 255
is_linear=0
shrinkage=0.05


Tree=125
num_leaves=31
num_cat=0
split_feature=4 4 6 6 6 4 11 13 14 11 15 4 0 16 0 6 11 6 5 13 14 5 5 7 14 14 14 13 4 0
split_gain=8.14681 0.603005 0.545668 0.907934 2.31227 0.531431 1.0904 0.505232 0.774589 0.707939 0.654615 0.561039 0.583835 0.511325 0.436953 0.769751 0.67411 0.659684 0.619585 1.10842 1.15103 0.575706 1.39217 2.23362 0.861953 0.553318 1.18241 1.08923 0.8 0.797149
threshold=0.053500000000000006 11.649500000000002 0.51279064669064978 0.54397849508289597 0.54003488206278183 0.60650000000000015 533.50000000000011 -1.0000000180025095e-35 47890.955000000009 111.50000000000001 1.0000000180025095e-35 0.10950000000000001 12.500000000000002 20.48183243048598 8.5000000000000018 0.98431925612681404 581.50000000000011 0.98747028767589962 32.75930000000001 -11434.314999999997 54722.835000000006 4.9562500000000016 4.1683000000000012 1.0000000180025095e-35 49367.580000000009 109406.925 134970.28000000003 -8560.1299999999992 1.7285000000000001 4.5000000000000009
decision_type=2 2 2 2 2 2 2 2 2 2 2 2 2 2 2 2 2 2 2 2 2 2 2 2 2 2 2 2 2 2
left_child=-1 2 7 4 5 6 -4 -2 9 -9 -11 -12 -13 -14 18 -16 17 -17 21 -20 -21 22 25 -24 -25 29 28 -28 -27 -5
right_child=1 -3 3 14 -6 -7 -8 8 -10 10 11 12 13 -15 15 16 -18 -19 19 20 -22 -23 23 24 -26 26 27 -29 -30 -31
leaf_value=7.2839228856300127e-06 3.4581562181395105e-05 0.005053404597707381 1.8143985340111914e-05 0.00035222626794226443 -0.0011568634685441041 0.007880892122706545 -0.0016544367197629908 -0.00086318575260025819 0.00032519356979333972 6.6513480757866004e-05 -7.8147025231483524e-05 0.0084686844331914 -0.0045099491970185604 0.0010949566792320387 2.6482301205744254e-05 -0.00042282496023551982 -0.0020623611646461986 -4.3893277968079221e-06 4.1734341097194364e-05 -4.5002326989855942e-05 -0.00016857981529781399 1.4397849089948308e-05 -0.0071946028613113959 0.0024499304982885592 -0.0014049930927267618 -0.0024052844560836523 0.0002187413241173876 -0.004016380644533561 -0.0033159634727389416 -0.00019510364285776932
leaf_weight=1457 287 112 25 278 13.999999999999998 32 13.999999999999998 18 97 43 9.9999999999999982 27 17.000000000000004 11.999999999999998 1120 15.999999999999998 10.999999999999998 435 12.999999999999998 13.000000000000002 11.999999999999998 329 11.999999999999998 16.000000000000004 10.999999999999998 10.000000000000002 40 19 9.9999999999999982 204
leaf_count=1457 287 112 25 278 14 32 14 18 97 43 10 27 17 12 1120 16 11 435 13 13 12 329 12 16 11 10 40 19 10 204
internal_value=0.00189224 0.000501996 0.000373609 8.35233e-05 -0.005 -0.00133803 -0.00525641 0.00186888 8.92859e-05 -0.00248031 -0.000963303 -0.00409091 -0.00214286 -0.00706897 0.000253041 0.000764855 -0.000952381 -0.000654102 -0.000584281 -0.0068421 -0.013 -0.00032831 -0.00125 -0.0103846 -0.00240741 -0.000614973 -0.00449367 -0.000932203 -0.015 2.07471e-05
internal_weight=4714 3257 3145 2634 85 71 39 511 224 127 109 66 56 29 2549 1582 462 451 967 38 25 929 600 39 27 561 79 59 20 482
internal_count=4714 3257 3145 2634 85 71 39 511 224 127 109 66 56 29 2549 1582 462 451 967 38 25 929 600 39 27 561 79 59 20 482
is_linear=0
shrinkage=0.05


Tree=126
num_leaves=31
num_cat=0
split_feature=4 4 3 5 0 4 6 9 6 1 5 18 3 1 14 12 12 6 0 6 12 17 12 18 3 17 14 12 4 5
split_gain=8.25841 0.61332 0.628307 1.03472 1.21463 0.874848 0.792406 0.784033 1.03939 0.672478 0.634242 0.727459 0.820513 1.11154 0.769306 1.25366 0.696377 0.618132 0.717747 0.610118 0.630095 0.561404 0.525825 1 1.04167 0.812654 0.516272 0.503405 0.481334 0.575379
threshold=0.053500000000000006 11.649500000000002 0.18350000000000002 20.036550000000002 18.500000000000004 0.19950000000000004 0.65424261313658894 0.18350000000000002 0.6921541958766374 1.0000000180025095e-35 0.69925000000000004 1.0000000180025095e-35 5.7680000000000016 4.5000000000000009 53862.220000000008 74077.170000000027 76801.215000000011 0.94643766147104957 15.500000000000002 0.66097378866497702 1628.9350000000002 81.45195825214843 7811.9150000000018 1.0000000180025095e-35 0.018500000000000003 86.141154601253078 39471.225000000013 5674.0550000000012 2.6655000000000002 1.1479000000000001
decision_type=2 2 2 2 2 2 2 2 2 2 2 2 2 2 2 2 2 2 2 2 2 2 2 2 2 2 2 2 2 2
left_child=-1 2 3 -2 7 -4 9 8 -5 21 11 16 13 14 -13 -16 27 -9 22 -12 -21 -7 -19 24 -24 -25 28 -8 29 -11
right_child=1 -3 5 4 -6 6 10 17 -10 26 19 12 -14 -15 15 -17 -18 18 -20 20 -22 -23 23 25 -26 -27 -28 -29 -30 -31
leaf_value=6.9197267413487196e-06 7.1634214997652032e-05 0.0048007343678220151 -0.00096725576593721966 -2.8997025826351657e-05 7.0964925895360065e-06 -5.6058179238333551e-05 -0.00098580968887644659 -1.6013087040557471e-06 2.6015166827758235e-06 -0.0087623071551574255 -0.0017698854914950054 -0.00014365446485477794 0.0023160307828216319 -0.0023565556143421958 -0.0045592248748850305 -0.0009765503257718835 -0.0029717771223193288 4.3481192731493826e-06 -4.7630122762587154e-05 -0.0015600128900790688 -6.5606710312898218e-06 -0.0075501627536756384 -3.2665792427033158e-05 1.1776947100698044e-05 -1.2763165866277552e-05 -4.763106107811457e-05 0.0077956290464972454 0.0020986108790036193 0.0085333952723463634 1.9411103894136046e-05
leaf_weight=1457 1177 112 13.999999999999998 11.000000000000002 125 38 18 252 9.9999999999999982 17 11.999999999999998 34 26 18 12.000000000000002 13.999999999999998 11.999999999999998 25 14.999999999999998 11.999999999999998 733 19 12.000000000000002 37 11.999999999999998 10.999999999999998 225 62 42 150
leaf_count=1457 1177 112 14 11 125 38 18 252 10 17 12 34 26 18 12 14 12 25 15 12 733 19 12 37 12 11 225 62 42 150
internal_value=0.00187102 0.000471293 0.000341813 0.000998815 -0.000882353 -0.000418381 -0.000297784 -0.00227273 -0.0116667 0.00133401 -0.00113851 -0.00367347 -0.00653846 -0.00910256 -0.00583333 -0.0123077 -0.000434782 -0.00173077 -0.00482143 -0.000482166 -0.000302013 -0.00377193 -0.00324742 -0.00541667 -0.01375 -0.00125 0.00200461 0.00125 0.000215311 -0.000988024
internal_weight=4714 3257 3145 1687 510 1458 1444 385 21 491 953 196 104 78 60 26 92 364 112 757 745 57 97 72 24 48 434 80 209 167
internal_count=4714 3257 3145 1687 510 1458 1444 385 21 491 953 196 104 78 60 26 92 364 112 757 745 57 97 72 24 48 434 80 209 167
is_linear=0
shrinkage=0.05


Tree=127
num_leaves=31
num_cat=0
split_feature=4 3 4 5 0 16 17 13 4 17 9 5 16 17 3 1 3 13 0 0 4 4 4 4 17 17 14 4 5 14
split_gain=8.37076 0.632597 0.891743 0.827013 0.909732 0.552202 1.53968 1.65456 1.125 0.744048 0.717391 0.84965 0.615385 0.550671 0.690224 0.684759 1.02087 0.649001 0.692641 0.525974 0.467227 1.4596 0.450073 0.692122 0.727612 0.627193 1.17857 0.692641 0.357067 1.26923
threshold=0.053500000000000006 0.18350000000000002 0.19950000000000004 20.036550000000002 19.500000000000004 25.960474334307751 81.035691449752292 -3631.6049999999996 2.3295000000000008 75.627711195943206 0.63350000000000006 4.0388500000000009 26.311912180493408 73.404159825624234 0.42900000000000005 1.5000000000000002 1.9800000000000002 -4698.1049999999987 12.500000000000002 8.5000000000000018 5.190500000000001 4.7575000000000012 11.649500000000002 8.225500000000002 76.495414693338333 83.120394419996543 31110.415000000005 9.9675000000000029 20.716550000000002 39471.225000000013
decision_type=2 2 2 2 2 2 2 2 2 2 2 2 2 2 2 2 2 2 2 2 2 2 2 2 2 2 2 2 2 2
left_child=-1 3 -3 20 28 13 7 8 9 -7 11 -9 19 14 17 16 -16 -4 -19 -8 21 -2 23 -15 -25 26 -26 -28 29 -5
right_child=1 2 5 4 -6 6 12 10 -10 -11 -12 -13 -14 22 15 -17 -18 18 -20 -21 -22 -23 -24 24 25 -27 27 -29 -30 -31
leaf_value=6.573740404280937e-06 5.7290152671881771e-05 -0.00091889297764035879 -0.0020026323020604321 -3.851697813548184e-05 1.5491493456207578e-05 -0.0012741817875504989 -0.0031220193222996594 0.0051936936631844137 -0.0020123088141577174 -0.0004166045018811851 0.0062346343601796788 -0.0020504303716249836 0.0036829788389280294 5.5074908287928541e-05 0.00040352041075175719 0.00019929281911893924 -0.0010383265263841279 0.0052373239664050223 -0.007322568811396913 0.0034592194998690966 0.0037539751020616852 -0.00090675585691907734 0.0054758081724639585 0.0051556269463423048 -0.0037607988114563909 0.0019956659681372273 -0.0029120410040908203 0.0040784941746348268 -1.9614859632131518e-06 4.5373301524793578e-05
leaf_weight=1457 1091 13.999999999999998 10.000000000000002 13.000000000000002 92 10.000000000000002 11.000000000000002 13.000000000000002 11.999999999999998 13.999999999999998 22 10.999999999999998 65 1097 19.000000000000004 57 9.9999999999999982 10.000000000000002 10.999999999999998 13.999999999999998 105 11.999999999999998 72 14.999999999999998 11.999999999999998 19 11.000000000000002 9.9999999999999982 394 10.999999999999998
leaf_count=1457 1091 14 10 13 92 10 11 13 12 14 22 11 65 1097 19 57 10 10 11 14 105 12 72 15 12 19 11 10 394 11
internal_value=0.00184981 0.00044059 -0.000295646 0.00110012 -0.000588235 -0.000180328 -0.00284884 -0.00780488 -0.0158333 -0.00958333 -0.00152174 -0.0075 0.00166667 0.000158906 -0.00311966 -0.000813953 -0.00706897 -0.00951613 -0.00452381 -0.005 0.00181291 0.00150952 0.000469256 0.000231959 -0.00470149 -0.0075 -0.0116667 -0.00452381 -0.00157895 -0.0075
internal_weight=4714 3257 1539 1718 510 1525 172 82 36 24 46 24 90 1353 117 86 29 31 21 25 1208 1103 1236 1164 67 52 33 21 418 24
internal_count=4714 3257 1539 1718 510 1525 172 82 36 24 46 24 90 1353 117 86 29 31 21 25 1208 1103 1236 1164 67 52 33 21 418 24
is_linear=0
shrinkage=0.05


Tree=128
num_leaves=31
num_cat=0
split_feature=4 4 3 4 9 4 5 6 4 3 0 8 17 10 4 8 17 3 4 11 0 13 6 5 4 5 10 10 0 11
split_gain=8.20251 0.608152 0.544229 0.778716 0.818222 1.06408 0.864706 1.07143 0.573712 1.18241 0.8 0.610668 0.60049 0.629762 0.557967 0.50678 0.552369 0.94198 0.796313 0.646066 0.459677 0.439014 0.427518 0.783282 0.505994 0.772584 0.703663 0.936039 0.922782 0.967526
threshold=0.053500000000000006 11.649500000000002 0.18350000000000002 0.10350000000000001 0.7320000000000001 0.076500000000000012 38.939000000000007 0.64973867425201048 8.225500000000002 3.1090000000000004 9.5000000000000018 2.5000000000000004 76.577485099679038 714.87500000000011 0.057500000000000009 1.5000000000000002 72.984132124666615 1.2900000000000003 1.0420000000000003 20.500000000000004 11.500000000000002 -66252.304999999978 0.98431925612681404 38.939000000000007 2.3510000000000004 1.6874000000000002 438.83500000000009 747.75000000000011 6.5000000000000009 7.5000000000000009
decision_type=2 2 2 2 2 2 2 2 2 2 2 2 2 2 2 2 2 2 2 2 2 2 2 2 2 2 2 2 2 2
left_child=-1 2 3 4 14 20 7 -7 15 10 -10 12 -11 -14 -2 -4 17 18 19 -17 -6 -18 -5 24 25 -24 -27 28 -28 -30
right_child=1 -3 8 22 5 6 -8 -9 9 11 -12 -13 13 -15 -16 16 21 -19 -20 -21 -22 -23 23 -25 -26 26 27 -29 29 -31
leaf_value=6.245053384067168e-06 -1.2885707005014582e-06 0.0042869072408077162 0.0038030054226832581 3.1779544687856432e-05 -9.511417116004064e-06 -0.00013794255281168082 -0.00012967521493120773 2.0944230881937941e-06 -0.00020535506442502277 0.022025223450071744 -0.002187611109371458 0.0042907237050692588 -0.0031319945085704556 0.0048600516845557027 7.1521165942153492e-06 -0.00048151779561824809 0.0044206610640403826 -0.0019327382522685553 0.0026143710781543848 -9.0611346750101224e-05 1.9055989180233797e-05 -3.7484686645778358e-05 -0.0013645885218674045 -3.7546510843700141e-05 0.0011676061478597594 3.6722224179357137e-05 2.1372068776274523e-05 4.7838461611584133e-05 -0.00024077733552958184 -9.313986811574228e-06
leaf_weight=1457 13.999999999999998 112 80 1078 12.000000000000002 10.000000000000002 9.9999999999999982 13.999999999999998 10.000000000000002 9.9999999999999982 9.9999999999999982 25 14.000000000000002 9.9999999999999982 132 11.999999999999998 41 18 27 23 19 1178 20 10.999999999999998 68 89 51 56 45 58
leaf_count=1457 14 112 80 1078 12 10 10 14 10 10 10 25 14 10 132 12 41 18 27 23 19 1178 20 11 68 89 51 56 45 58
internal_value=0.00188163 0.000486644 0.000357711 0.000969176 -0.00187204 -0.00653846 -0.0126471 -0.0075 -0.000349794 -0.00449367 -0.015 -0.000932203 -0.00529412 -0.00958333 0.00020548 -0.0001124 -0.000350269 -0.004375 -0.00145161 -0.00642857 0.000161291 -8.6136e-05 0.00137534 -2.51254e-05 0.000348837 -0.000485893 0.000150502 -0.00142857 -0.00344156 -0.00616505
internal_weight=4714 3257 3145 1687 211 65 34 24 1458 79 20 59 34 24 146 1379 1299 80 62 35 31 1219 1476 398 387 319 299 210 154 103
internal_count=4714 3257 3145 1687 211 65 34 24 1458 79 20 59 34 24 146 1379 1299 80 62 35 31 1219 1476 398 387 319 299 210 154 103
is_linear=0
shrinkage=0.05


Tree=129
num_leaves=31
num_cat=0
split_feature=4 4 17 7 6 6 1 5 0 16 16 10 16 6 5 0 18 5 1 14 4 0 0 15 17 6 13 5 17 10
split_gain=8.48388 0.634212 0.378538 0.368431 0.372668 1.66164 2.6973 0.847933 0.611102 0.635258 2.7342 3.01254 1.63636 0.753846 0.748988 0.571429 0.54 0.527001 1.13281 0.908067 0.717391 0.812759 1.02744 0.806667 0.745587 0.779325 0.876623 0.594403 0.759629 0.974801
threshold=0.053500000000000006 11.649500000000002 87.567211109478265 5.5000000000000009 0.53161112827105861 0.54397849508289597 1.5000000000000002 4.6487500000000006 8.5000000000000018 26.00327529733875 26.960747077310376 567.91500000000008 26.678607172480483 0.68105334812308727 32.75930000000001 9.5000000000000018 1.0000000180025095e-35 20.395050000000001 1.5000000000000002 95295.450000000026 0.15650000000000003 19.500000000000004 12.500000000000002 1.0000000180025095e-35 74.124631334384887 0.65192968804278817 -2768.3699999999994 4.5345500000000012 72.785229391660792 696.25000000000011
decision_type=2 2 2 2 2 2 2 2 2 2 2 2 2 2 2 2 2 2 2 2 2 2 2 2 2 2 2 2 2 2
left_child=-1 2 3 4 7 6 -6 -2 9 14 11 12 -11 -13 -7 -8 -16 27 -19 20 24 22 -22 -24 -20 26 -26 28 29 -10
right_child=1 -3 -4 -5 5 8 15 -9 17 10 -12 13 -14 -15 16 -17 -18 18 19 -21 21 -23 23 -25 25 -27 -28 -29 -30 -31
leaf_value=5.9328007148640177e-06 0.0075526908965885672 0.0040725618787673242 0.00012948809922192024 0.00019686275513288674 -0.00085051589519069396 -4.633339415862757e-06 -0.002970323829422087 -3.0442903982038062e-06 -4.4937437174596783e-05 -0.0043303918352566107 8.1964310418858698e-05 -0.0011587637244047926 -0.0052262322364168175 3.3637004992480289e-05 -0.00012372968477819213 0.00010913477999659073 -1.9479458334476052e-05 7.2837952568595752e-06 -1.192050657657334e-05 4.5153105245565497e-05 -1.9053790655027117e-06 1.395950223182761e-05 -0.00015684102223875322 -2.6739209317920577e-05 -9.7311994310901034e-06 4.3195006871304646e-06 6.6329185796682667e-05 7.877707966084504e-05 8.8008833877388623e-05 -0.0019281088582288439
leaf_weight=1457 280 112 78 58 10.999999999999998 759 14.000000000000002 261 29 11.000000000000002 65 9.9999999999999982 10.999999999999998 26 15 13.999999999999998 10 55 18 30 18 13.999999999999998 10 15 10.000000000000002 85 10.999999999999998 431 786 9.9999999999999982
leaf_count=1457 280 112 78 58 11 759 14 261 29 11 65 10 11 26 15 14 10 55 18 30 18 14 10 15 10 85 11 431 786 10
internal_value=0.0018286 0.000409887 0.00027822 0.00019074 0.000114656 -0.000145867 -0.0103846 0.00130314 1.85263e-05 -0.00100882 -0.00434959 -0.0122414 -0.0268182 -0.00333333 -0.000484694 -0.00214286 -0.009 0.000630749 -0.00139098 -0.00305687 -0.00439226 -0.00903509 -0.0124419 -0.019 -0.00225806 -0.000660377 -0.00928571 0.00105892 0.000272727 -0.00653846
internal_weight=4714 3257 3145 3067 3009 2468 39 541 2429 907 123 58 22 36 784 28 25 1522 266 211 181 57 43 25 124 106 21 1256 825 39
internal_count=4714 3257 3145 3067 3009 2468 39 541 2429 907 123 58 22 36 784 28 25 1522 266 211 181 57 43 25 124 106 21 1256 825 39
is_linear=0
shrinkage=0.05


Tree=130
num_leaves=31
num_cat=0
split_feature=4 17 16 6 13 13 0 0 13 11 11 6 4 16 17 6 9 11 11 4 6 13 11 0 6 6 11 4 4 7
split_gain=8.87694 0.498745 0.539616 0.953212 0.99793 1.30905 1.14693 2.6213 0.8 0.638177 0.604665 1.84118 0.497301 0.857246 0.465982 0.400411 0.399093 0.541198 1.6929 0.860116 0.675558 0.694444 0.533109 1.41304 0.473212 1.12079 0.530303 0.490195 0.942716 2.31314
threshold=0.053500000000000006 74.16860399804294 19.399145007203128 0.97195042873871573 -3162.6999999999994 -5980.0899999999992 9.5000000000000018 5.5000000000000009 -4148.9399999999987 328.50000000000006 11.500000000000002 0.71961491013502954 1.0075000000000001 15.918622883138529 73.319708989284791 0.34521341642591102 0.46450000000000008 632.50000000000011 619.50000000000011 0.16750000000000004 0.65192968804278817 -1.0000000180025095e-35 1080.5000000000002 8.5000000000000018 0.41798842286087839 0.43082404283662995 302.50000000000006 0.15650000000000003 0.17350000000000002 1.5000000000000002
decision_type=2 2 2 2 2 2 2 2 2 2 2 2 2 2 2 2 2 2 2 2 2 2 2 2 2 2 2 2 2 2
left_child=-1 2 10 4 5 6 7 9 -7 -4 11 -2 -13 -14 -6 -12 22 18 24 20 21 -19 -3 -24 -18 26 -26 -27 29 -29
right_child=1 16 3 -5 14 8 -8 -9 -10 -11 15 12 13 -15 -16 -17 17 19 -20 -21 -22 -23 23 -25 25 27 -28 28 -30 -31
leaf_value=5.6361606791205393e-06 -0.00070094452447642681 3.4595168930300029e-05 -7.5624278487210255e-05 2.3539509666568805e-05 5.1205299523280414e-05 -0.0049862125745900494 0.00010158939685063571 -0.0035919057710350022 -0.00030070926670868863 0.007167782390626049 -0.00042207469183630394 3.6767658387602252e-05 0.0017435161853540096 -0.00039287386743430263 -0.0019658955098272703 0.0001013141780313248 0.00010083661931098453 7.9629298807147743e-06 -0.010265848315051656 0.003304589163044944 4.641677797413185e-05 -0.00031282866195351242 0.0084304837026498696 -0.0031692152464699247 -1.3979006200302489e-06 6.5916269917933411e-06 -0.0004774566313889257 1.2290336703445692e-05 -1.2559126265173599e-05 -3.0854436087656213e-05
leaf_weight=1453 10.999999999999998 656 13.000000000000002 47 41 10.000000000000002 25 10.999999999999998 9.9999999999999982 13.999999999999998 12.999999999999998 47 23 11.999999999999998 15.999999999999998 165 125 18 12.999999999999998 240 26 18 13.000000000000002 9.9999999999999982 11.000000000000002 250 9.9999999999999982 32 1390 23
leaf_count=1453 11 656 13 47 41 10 25 11 10 14 13 47 23 12 16 165 125 18 13 240 26 18 13 10 11 250 10 32 1390 23
internal_value=0.00174463 0.00030823 -0.00122271 -0.00328877 -0.00535714 -0.00885542 -0.00531746 -0.0107895 -0.02 -0.00240741 0.000202952 -0.00306452 -0.000487805 -0.005 -0.000263158 0.00191011 0.000555556 0.000222635 -9.70872e-05 0.00218543 -0.00306452 -0.0075 0.00161267 -0.00586956 2.98753e-05 -0.00018648 -0.0116667 -4.42476e-05 -0.000397924 -0.00681818
internal_weight=4746 3293 458 187 140 83 63 38 20 27 271 93 82 35 57 178 2835 2156 1854 302 62 36 679 23 1841 1716 21 1695 1445 55
internal_count=4746 3293 458 187 140 83 63 38 20 27 271 93 82 35 57 178 2835 2156 1854 302 62 36 679 23 1841 1716 21 1695 1445 55
is_linear=0
shrinkage=0.05


Tree=131
num_leaves=31
num_cat=0
split_feature=4 6 6 4 18 4 14 4 5 6 13 4 0 0 5 16 6 5 10 16 12 6 11 14 11 13 14 16 17 13
split_gain=8.6486 0.526925 1.23109 1.63333 0.69432 0.521191 1.83273 0.466672 1.37947 0.676592 1.31125 0.459483 0.401122 0.850752 1.18347 0.986896 1.37855 0.530842 1.38462 0.464515 0.841166 0.968271 2.89104 1.14469 0.834497 1.69314 0.554751 0.687253 0.844917 1.23924
threshold=0.053500000000000006 0.53626198271711323 0.54397849508289597 1.7285000000000001 1.0000000180025095e-35 0.063500000000000015 59251.825000000004 0.15650000000000003 35.282150000000009 0.6065769306779335 -4030.8149999999991 18.947500000000002 8.5000000000000018 7.5000000000000009 0.78645000000000009 19.69991305986153 0.81115194921972866 26.461000000000002 699.87500000000011 19.830958086599626 14786.35 0.86075763319871801 14.500000000000002 85103.595000000016 963.50000000000011 -13190.759999999998 5667.3650000000007 17.581560083318418 80.918654326016281 -39274.484999999993
decision_type=2 2 2 2 2 2 2 2 2 2 2 2 2 2 2 2 2 2 2 2 2 2 2 2 2 2 2 2 2 2
left_child=-1 4 3 -3 -2 6 -4 9 11 10 -7 12 13 -9 -15 -16 -17 19 -19 24 -21 -22 -23 -24 26 -26 -14 -28 29 -29
right_child=1 2 5 -5 -6 7 -8 8 -10 -11 -12 -13 17 14 15 16 -18 18 -20 20 21 22 23 -25 25 -27 27 28 -30 -31
leaf_value=5.3543526451649283e-06 4.8330550593842234e-05 0.00015956970532967314 2.3226333182466593e-05 -0.0027493492563591872 -0.00054862591828328108 -6.1894857880880335e-05 -1.3825170360431664e-05 -1.8316891118011676e-05 -1.8878349366646521e-05 1.3903150054112514e-05 5.9875522788600501e-05 0.020073810639754556 -0.0023710526850278984 -0.0045417668570406624 0.00012468521585226396 -0.0012383744203982212 -8.1201922702717845e-05 -9.6994627268206859e-05 3.1862288295547517e-05 0.00045587886181668253 0.0033265438795792666 7.8207861655955074e-05 -0.00019855112861829209 -0.0033839610115431167 -0.0031223626399277575 0.00012598714203568685 3.1619041526343233e-05 0.00017713599095956818 0.0014649694834545568 -0.0010238556208158227
leaf_weight=1453 580 15.000000000000002 14.000000000000002 14.999999999999998 13.999999999999998 10.000000000000002 10.999999999999998 780 19 317 19 47 19 14.999999999999998 39 13.000000000000002 18 13.000000000000002 12.999999999999998 172 164 147 13.000000000000002 13.999999999999998 12.999999999999998 23 649 20 44 63
leaf_count=1453 580 15 14 15 14 10 11 780 19 317 19 47 19 15 39 13 18 13 13 172 164 147 13 14 13 23 649 20 44 63
internal_value=0.00178677 0.000368965 7.22492e-05 -0.01 0.00171717 0.000185463 -0.007 0.000253404 -4.35142e-06 0.00196532 -0.00534483 0.000107503 4.48047e-06 -0.00083815 -0.00558823 -0.00285714 -0.00951613 0.000537674 -0.00653846 0.00067487 0.00186275 0.000414201 -0.00218391 -0.0172222 -5.41514e-05 -0.0075 0.000283019 0.000489691 -0.00287402 -0.00584337
internal_weight=4746 3293 2699 30 594 2669 25 2644 2298 346 29 2279 2232 865 85 70 31 1367 26 1341 510 338 174 27 831 36 795 776 127 83
internal_count=4746 3293 2699 30 594 2669 25 2644 2298 346 29 2279 2232 865 85 70 31 1367 26 1341 510 338 174 27 831 36 795 776 127 83
is_linear=0
shrinkage=0.05


end of trees

feature_importances:
elapsed_hours_since_first_tx=616
hop_velocity=473
min_account_age_days=330
victim_lat=296
terminal_readiness=292
stolen_amount=281
victim_lon=265
time_since_last_hop_hours=215
avg_account_age_days=212
as_of_hour=210
amount_trend=160
last_hop_amount=159
as_of_day_of_week=98
n_hops_observed=92
dormant_account_ratio=73
n_unique_banks_seen=69
n_split_events=52
is_final_snapshot=34
urban=33

parameters:
[boosting: gbdt]
[objective: quantile]
[metric: quantile]
[tree_learner: serial]
[device_type: cpu]
[data_sample_strategy: bagging]
[data: ]
[valid: ]
[num_iterations: 300]
[learning_rate: 0.05]
[num_leaves: 31]
[num_threads: 0]
[seed: 0]
[deterministic: 0]
[force_col_wise: 0]
[force_row_wise: 0]
[histogram_pool_size: -1]
[max_depth: -1]
[min_data_in_leaf: 10]
[min_sum_hessian_in_leaf: 0.001]
[bagging_fraction: 0.8]
[pos_bagging_fraction: 1]
[neg_bagging_fraction: 1]
[bagging_freq: 5]
[bagging_seed: 3]
[bagging_by_query: 0]
[feature_fraction: 0.8]
[feature_fraction_bynode: 1]
[feature_fraction_seed: 2]
[extra_trees: 0]
[extra_seed: 6]
[early_stopping_round: 0]
[early_stopping_min_delta: 0]
[first_metric_only: 0]
[max_delta_step: 0]
[lambda_l1: 0]
[lambda_l2: 0]
[linear_lambda: 0]
[min_gain_to_split: 0]
[drop_rate: 0.1]
[max_drop: 50]
[skip_drop: 0.5]
[xgboost_dart_mode: 0]
[uniform_drop: 0]
[drop_seed: 4]
[top_rate: 0.2]
[other_rate: 0.1]
[min_data_per_group: 100]
[max_cat_threshold: 32]
[cat_l2: 10]
[cat_smooth: 10]
[max_cat_to_onehot: 4]
[top_k: 20]
[monotone_constraints: ]
[monotone_constraints_method: basic]
[monotone_penalty: 0]
[feature_contri: ]
[forcedsplits_filename: ]
[refit_decay_rate: 0.9]
[cegb_tradeoff: 1]
[cegb_penalty_split: 0]
[cegb_penalty_feature_lazy: ]
[cegb_penalty_feature_coupled: ]
[path_smooth: 0]
[interaction_constraints: ]
[verbosity: -1]
[saved_feature_importance_type: 0]
[use_quantized_grad: 0]
[num_grad_quant_bins: 4]
[quant_train_renew_leaf: 0]
[stochastic_rounding: 1]
[linear_tree: 0]
[max_bin: 255]
[max_bin_by_feature: ]
[min_data_in_bin: 3]
[bin_construct_sample_cnt: 200000]
[data_random_seed: 1]
[is_enable_sparse: 1]
[enable_bundle: 1]
[use_missing: 1]
[zero_as_missing: 0]
[feature_pre_filter: 1]
[pre_partition: 0]
[two_round: 0]
[header: 0]
[label_column: ]
[weight_column: ]
[group_column: ]
[ignore_column: ]
[categorical_feature: ]
[forcedbins_filename: ]
[precise_float_parser: 0]
[parser_config_file: ]
[objective_seed: 5]
[num_class: 1]
[is_unbalance: 0]
[scale_pos_weight: 1]
[sigmoid: 1]
[boost_from_average: 1]
[reg_sqrt: 0]
[alpha: 0.1]
[fair_c: 1]
[poisson_max_delta_step: 0.7]
[tweedie_variance_power: 1.5]
[lambdarank_truncation_level: 30]
[lambdarank_norm: 1]
[label_gain: ]
[lambdarank_position_bias_regularization: 0]
[eval_at: ]
[multi_error_top_k: 1]
[auc_mu_weights: ]
[num_machines: 1]
[local_listen_port: 12400]
[time_out: 120]
[machine_list_filename: ]
[machines: ]
[gpu_platform_id: -1]
[gpu_device_id: -1]
[gpu_device_id_list: ]
[gpu_use_dp: 0]
[num_gpu: 1]

end of parameters

pandas_categorical:[]
