tree
version=v4
num_class=5
num_tree_per_iteration=5
label_index=0
max_feature_idx=18
objective=multiclass num_class:5
feature_names=as_of_hour as_of_day_of_week n_hops_observed time_since_last_hop_hours elapsed_hours_since_first_tx hop_velocity terminal_readiness n_split_events n_unique_banks_seen dormant_account_ratio avg_account_age_days min_account_age_days last_hop_amount amount_trend stolen_amount urban victim_lat victim_lon is_final_snapshot
feature_infos=[0:23] [0:6] [1:7] [0:38.106999999999999] [0.050000000000000003:51.409999999999997] [0.052499999999999998:80] [0:1] [0:9] [1:6] [0:1] [1:1498] [1:1498] [34.93:869914.03000000003] [-354904.27000000002:0] [1420.8699999999999:869914.03000000003] [0:1] [8.0010303635327862:27.981254666683899] [72.008716291938057:87.937942083841548] [0:1]
tree_sizes=3344 3272 3265 3291 3278 3386 3359 3340 3354 3346 3365 3362 3359 3363 3351 3377 3350 3358 3337 3371 3382 3362 3364 3347 3375 3378 3357 3365 3351 3376 3370 3376 3360 3349 3367 3376 3365 3362 3363 3367 3381 3369 3370 3367 3368 3380 3370 3349 3370 3390 3385 3362 3356 3369 3371 3385 3374 3359 3371 3385 3380 3352 3374 3369 3382

Tree=0
num_leaves=31
num_cat=0
split_feature=15 14 16 1 16 16 16 16 14 16 10 1 16 16 17 14 14 1 17 17 7 5 17 14 1 17 17 16 14 16
split_gain=153.53 34.9377 25.7198 19.2595 19.2171 22.4243 29.0943 24.8475 29.2379 28.2397 28.007 17.8325 16.1531 23.9287 24.2982 16.0438 18.9412 18.6675 16.0008 17.1154 15.6119 14.5458 19.5631 15.0623 12.6122 12.0321 11.7371 11.1701 11.0839 18.6994
threshold=1.0000000180025095e-35 11694.595000000001 16.93142270458414 3.5000000000000004 9.1659961102698571 25.33725579843054 27.138266981008375 23.252661526642903 76020.450000000012 19.155645228645806 504.62500000000006 1.5000000000000002 9.8099420385027454 10.295210961977173 87.479799756488774 45763.42500000001 124026.26000000002 4.5000000000000009 86.793659298349084 86.677625498977264 1.0000000180025095e-35 3.6798500000000005 75.798148857968968 20679.255000000001 4.5000000000000009 84.993059885711105 86.093151370441589 22.471497447847799 42080.995000000003 26.573171398361335
decision_type=2 2 2 2 2 2 2 2 2 2 2 2 2 2 2 2 2 2 2 2 2 2 2 2 2 2 2 2 2 2
left_child=15 2 -2 -4 26 7 28 9 25 12 24 -12 -6 -14 18 -1 17 20 19 21 -17 22 -15 -24 -11 -9 -3 -13 -7 -30
right_child=1 4 3 -5 5 6 -8 8 -10 10 11 27 13 14 -16 16 -18 -19 -20 -21 -22 -23 23 -25 -26 -27 -28 -29 29 -31
leaf_value=-0.96482206822207728 -0.98162772751402549 -0.96263818950356816 -0.95208029964447216 -0.8697378438842539 -0.82252619283181549 -0.9762182753348303 -0.875280912226443 -0.83818775015209557 -0.96452431253568793 -0.87053096622730997 -0.88857182990338412 -0.9636213038253294 -0.96571757404580449 -0.85593751511507965 -0.98958280424813605 -0.92276015968160785 -0.97456647962644427 -0.96034789725027991 -0.84108803854474001 -0.98958280424813605 -0.85413149769436258 -0.87370198576568836 -0.85964988425766453 -0.93476735362715579 -0.97439583957392506 -0.93389726710936249 -0.85593751511507965 -0.89515950214325923 -0.86750297282851718 -0.9819893219110305
leaf_weight=159.52676501870155 25.141178727149963 18.556584298610691 14.66568759083748 13.767788350582121 8.6796926558017713 22.447481006383896 17.060085564851761 38.310367584228516 5.9859949350357047 26.039077967405323 12.869889110326765 44.296362519264221 10.475491136312483 14.964987337589262 5.6866951882839194 32.922972142696381 26.63767746090889 23.943979740142822 18.855884045362473 4.190196454524993 11.074090629816054 85.001128077507019 8.0810931622982007 38.310367584228516 3.2922972142696372 3.5915969610214225 2.9929974675178519 6.8838941752910605 7.7817934155464155 6.5845944285392761
leaf_count=533 84 62 49 46 29 75 57 128 20 87 43 148 35 50 19 110 89 80 63 14 37 284 27 128 11 12 10 23 26 22
internal_value=-0.923901 -0.906808 -0.944786 -0.912209 -0.901857 -0.899313 -0.929257 -0.894505 -0.861158 -0.900057 -0.922653 -0.941183 -0.889194 -0.892313 -0.887921 -0.955148 -0.938831 -0.924821 -0.884508 -0.889947 -0.905486 -0.887094 -0.905647 -0.921682 -0.882189 -0.846391 -0.947819 -0.954413 -0.95427 -0.919976
internal_weight=718.619 464.513 53.5747 28.4335 410.939 389.389 53.874 335.515 47.888 287.627 93.3815 64.0501 194.246 185.566 175.09 254.105 94.5787 67.941 169.404 150.548 43.9971 146.358 61.3564 46.3915 29.3314 41.902 21.5496 51.1803 36.8139 14.3664
internal_count=2401 1552 179 95 1373 1301 180 1121 160 961 312 214 649 620 585 849 316 227 566 503 147 489 205 155 98 140 72 171 123 48
is_linear=0
shrinkage=1


Tree=1
num_leaves=31
num_cat=0
split_feature=15 17 14 17 14 17 17 1 10 14 17 14 7 16 17 1 9 0 17 16 17 14 14 10 10 17 14 17 17 16
split_gain=290.017 25.3317 28.1332 24.2149 22.9411 16.898 16.5809 15.2835 34.4068 25.3182 23.5233 27.5122 16.2151 15.9801 15.0923 13.4587 13.0165 12.2789 10.0644 12.6467 27.66 10.013 12.8995 13.4299 12.8461 19.6737 15.3188 16.3008 9.21354 20.6477
threshold=1.0000000180025095e-35 81.101802189404438 74782.37000000001 79.862794907542863 66786.165000000023 73.005249268407496 87.831549829888772 1.5000000000000002 635.82500000000016 261927.56500000003 78.341635327687456 23445.490000000002 1.0000000180025095e-35 14.227340565271055 77.982491973029923 2.5000000000000004 0.46450000000000008 17.500000000000004 84.771119119447036 27.437631174893696 79.504096169313456 5729.9300000000012 8006.5300000000016 1213.5000000000002 496.10000000000008 85.882504859091469 17179.405000000002 82.960867722324124 73.049886649887497 22.245391054756549
decision_type=2 2 2 2 2 2 2 2 2 2 2 2 2 2 2 2 2 2 2 2 2 2 2 2 2 2 2 2 2 2
left_child=1 3 4 5 17 -1 18 8 14 10 12 -12 13 -9 16 -14 -7 21 19 28 -21 -3 -23 24 -24 26 -26 -28 29 -2
right_child=6 2 -4 -5 -6 7 -8 9 -10 -11 11 -13 15 -15 -16 -17 -18 -19 -20 20 -22 22 23 -25 25 -27 27 -29 -30 -31
leaf_value=-1.4361961311820584 -1.4498038041729746 -1.4641992898107337 -1.4547926302118219 -1.28513763645609 -1.271188960772816 -1.4788096334430858 -1.3644678137116328 -1.2753084185638928 -1.4490936802925389 -1.478809633443086 -1.3102287453774821 -1.4499734289055484 -1.3911475716489721 -1.3666230662660948 -1.2823257018355891 -1.259654478957801 -1.3393472624069955 -1.4422837743622052 -1.470957168624395 -1.478809633443086 -1.2870488732684617 -1.259654478957801 -1.4048777740986524 -1.4588864375807873 -1.442283774362205 -1.4349786025460289 -1.3760806547781086 -1.2827234425878311 -1.4542146662882593 -1.3385503345725036
leaf_weight=8.213359057903288 15.514122664928438 3.4222329407930365 16.654866978526115 9.8104010969400388 4.3348283916711798 2.5096374899148959 5.2474238425493231 6.3881681561470058 13.460782900452612 3.4222329407930365 5.9318704307079306 8.6696567833423597 2.2814886271953574 19.16450446844101 6.616317018866539 13.232634037733076 5.0192749798297882 9.582252234220503 70.041700854897499 3.8785306662321082 3.6503818035125732 2.2814886271953574 18.936355605721474 5.0192749798297873 2.7377863526344361 5.7037215679883948 7.3007636070251491 13.00448517501354 250.05115354061127 5.7037215679883948
leaf_count=36 68 15 73 43 19 11 23 28 59 15 26 38 10 84 29 58 22 42 307 17 16 10 83 22 12 25 32 57 1096 25
internal_value=-1.42578 -1.37659 -1.3962 -1.35992 -1.38271 -1.36765 -1.45269 -1.36116 -1.39187 -1.34681 -1.33869 -1.3932 -1.31931 -1.34379 -1.33742 -1.27899 -1.38583 -1.38982 -1.45401 -1.44976 -1.38583 -1.38122 -1.37605 -1.38109 -1.3729 -1.35184 -1.33126 -1.31629 -1.45153 -1.4199
internal_weight=547.785 193.698 88.9781 104.72 72.3232 94.9099 354.087 86.6966 27.606 59.0906 55.6683 14.6015 41.0668 25.5527 14.1452 15.5141 7.52891 67.9884 348.84 278.798 7.52891 58.4061 54.9839 52.7024 47.6831 28.7468 23.043 20.3052 271.269 21.2178
internal_count=2401 849 390 459 317 416 1552 380 121 259 244 64 180 112 62 68 33 298 1529 1222 33 256 241 231 209 126 101 89 1189 93
is_linear=0
shrinkage=1


Tree=2
num_leaves=31
num_cat=0
split_feature=14 1 1 0 1 14 14 14 14 14 5 10 11 5 11 8 0 0 1 14 17 14 10 5 17 6 12 8 3 14
split_gain=104.179 64.5474 47.1025 25.0297 23.2588 40.354 16.7967 22.0528 54.119 13.1493 11.2036 15.3785 28.0646 28.6864 18.0908 10.5897 10.4351 22.56 33.4242 12.4298 10.3114 8.6054 7.30222 8.65471 20.2478 13.9735 16.5765 10.1168 7.27439 7.20606
threshold=124611.29000000002 1.5000000000000002 3.5000000000000004 11.500000000000002 5.5000000000000009 137218.77000000005 15742.515000000001 17615.100000000002 17333.210000000003 144266.42500000002 2.8284000000000007 873.83500000000015 269.50000000000006 1.1736000000000002 447.50000000000006 2.5000000000000004 3.5000000000000004 2.5000000000000004 4.5000000000000009 36356.505000000012 79.166285845101626 16073.895000000002 638.16500000000008 0.86380000000000012 73.882194451995716 0.83269357769827468 28072.555000000004 3.5000000000000004 0.87250000000000016 5597.2850000000008
decision_type=2 2 2 2 2 2 2 2 2 2 2 2 2 2 2 2 2 2 2 2 2 2 2 2 2 2 2 2 2 2
left_child=6 -2 3 -3 5 -4 29 8 21 -5 11 12 22 -14 15 -15 17 -12 19 -19 -10 -8 23 24 -9 26 28 -27 -25 -1
right_child=1 2 4 9 -6 -7 7 10 20 -11 16 -13 13 14 -16 -17 -18 18 -20 -21 -22 -23 -24 25 -26 27 -28 -29 -30 -31
leaf_value=-2.0263796968664209 -2.0687508876610217 -1.9656120506848089 -1.7713454817979672 -1.8880247881493575 -1.8479746829944181 -2.063629095367169 -1.9601149774282487 -1.8778787615101062 -1.9015528236683594 -1.7358343885605878 -2.0648342229657226 -2.0838431022869082 -2.0282786858095965 -1.8936614696156084 -2.0263796968664209 -1.7358343885605878 -2.0669242883048149 -1.9331182398793636 -1.8024176883806746 -2.0700564425594545 -1.7358343885605878 -2.0598731143516766 -2.0756717324451883 -1.7950195439562211 -2.0767408836394319 -2.0564206469535984 -2.0348751737174688 -1.9133898547474859 -1.9489009479848656 -2.0831311439383837
leaf_weight=6.1952471733093253 9.011268615722658 2.3936182260513323 1.408010721206663 1.9712150096893308 2.6752203702926627 7.3216557502746582 2.6752203702926662 1.4080107212066639 2.1120160818099971 5.0688385963439941 19.148945808410645 14.080107212066649 7.1808546781539899 2.5344192981719971 1.5488117933273313 1.8304139375686643 124.89055097103119 2.5344192981719988 2.2528171539306641 4.7872364521026611 1.6896128654479978 11.264085769653319 13.094499707221983 1.6896128654480009 14.080107212066649 10.137677192687987 2.6752203702926636 1.4080107212066639 1.4080107212066648 57.5876384973526
leaf_count=44 64 17 10 14 19 52 19 10 15 36 136 100 51 18 11 13 887 18 16 34 12 80 93 12 100 72 19 10 10 409
internal_value=-2.04613 -1.95694 -1.90859 -1.82594 -1.97696 -2.01649 -2.05477 -2.04881 -1.99512 -1.77845 -2.05301 -2.03689 -2.02569 -1.96112 -1.87957 -1.82748 -2.06067 -2.0335 -1.97083 -2.02265 -1.8279 -2.04073 -2.04411 -2.03151 -2.05866 -2.00722 -1.9437 -2.03898 -1.86497 -2.07762
internal_weight=338.063 29.8498 20.8386 9.43367 11.4049 8.72967 308.214 244.431 17.7409 7.04005 226.69 73.0758 58.9956 13.0945 5.91365 4.36483 153.614 28.7234 9.57447 7.32166 3.80163 13.9393 45.9011 32.8066 15.4881 17.3185 5.77284 11.5457 3.09762 63.7829
internal_count=2401 212 148 67 81 62 2189 1736 126 50 1610 519 419 93 42 31 1091 204 68 52 27 99 326 233 110 123 41 82 22 453
is_linear=0
shrinkage=1


Tree=3
num_leaves=31
num_cat=0
split_feature=16 15 16 5 1 1 16 14 1 16 5 11 14 10 10 16 16 16 15 10 14 14 1 5 10 10 11 16 14 1
split_gain=38.2835 38.4155 40.495 75.9813 53.6901 47.246 36.9342 23.5004 70.5909 104.668 20.3274 7.80594 23.5161 6.9481 9.00616 7.4922 16.7509 17.9652 6.67841 8.72069 6.965 25.9619 17.3091 16.8762 18.9331 44.7888 6.51296 5.03385 4.49373 11.2421
threshold=10.237145529883515 1.0000000180025095e-35 9.8099420385027454 11.251850000000003 3.5000000000000004 1.5000000000000002 8.5498635215146006 120428.63500000002 1.0000000180025095e-35 14.831189043058862 37.763650000000005 638.50000000000011 144266.42500000002 666.83500000000015 661.33500000000015 25.952548069151771 26.638830125549728 26.287919313944872 1.0000000180025095e-35 640.93000000000018 45239.31500000001 42904.825000000004 2.5000000000000004 27.097300000000004 199.25000000000003 122.50000000000001 302.50000000000006 10.124659967582778 86506.390000000029 3.5000000000000004
decision_type=2 2 2 2 2 2 2 2 2 2 2 2 2 2 2 2 2 2 2 2 2 2 2 2 2 2 2 2 2 2
left_child=1 27 4 -4 5 -3 -7 13 9 -9 11 -10 -13 14 15 18 17 -17 -2 20 21 22 23 24 25 -20 -26 -1 -15 -30
right_child=7 2 3 -5 -6 6 -8 8 10 -11 -12 12 -14 28 -16 16 -18 -19 19 -21 -22 -23 -24 -25 26 -27 -28 -29 29 -31
leaf_value=-3.0655446599533316 -3.0671948773444346 -3.0748237511852712 -3.0748237511852712 -2.3964190811168051 -3.0502537631345015 -2.82561387238461 -2.3367791101217756 -3.0748237511852712 -3.0573790596692247 -2.2025891753829581 -2.7840788925845001 -2.7113926779343078 -3.0748237511852712 -3.0649456699191067 -2.8567651072346925 -2.9876002936050394 -3.0566521975227228 -2.6722539469688189 -3.0146696425092494 -2.8911954194374156 -3.069781932828032 -2.7669762538432776 -3.0748237511852712 -2.7633114026844452 -3.0660133009246415 -2.5197653847656172 -2.9294513218848857 -2.9162356464939414 -2.8567651072346925 -3.0748237511852712
leaf_weight=5.3884587734937641 19.662142120301723 0.74521238356828701 0.68788835406303395 1.0318325310945509 4.0700060948729515 0.80253641307353973 0.7452123835682869 0.68788835406303295 8.5986044257879204 0.68788835406303406 0.85986044257879335 0.68788835406303483 1.2611286491155622 50.617118053138256 0.68788835406303306 1.1464805901050557 2.7515534162521362 0.74521238356828678 1.6623968556523396 1.0891565605998028 9.9170571044087392 0.97450850158929725 10.776917546987532 0.80253641307354051 5.675078921020031 0.63056432455778111 1.0318325310945509 0.63056432455778111 0.91718447208404486 1.6623968556523321
leaf_count=94 343 13 12 18 71 14 13 12 150 12 15 12 22 883 12 20 48 13 29 19 173 17 188 14 99 11 18 11 16 29
internal_value=-3.03232 -2.95427 -2.88306 -2.66778 -2.94124 -2.74774 -2.59025 -3.04123 -2.97704 -2.63871 -3.01784 -3.0369 -2.94655 -3.04864 -3.0366 -3.03877 -2.97791 -2.86337 -3.04419 -3.03029 -3.0351 -3.01915 -3.03109 -2.98301 -3.0026 -2.87857 -3.045 -3.0499 -3.06167 -2.99729
internal_weight=137.635 14.1017 8.08269 1.71972 6.36297 2.29296 1.54775 123.533 12.7833 1.37578 11.4075 10.5476 1.94902 110.75 57.5533 56.8654 4.64325 1.89169 52.2222 32.56 31.4709 21.5538 20.5793 9.80241 8.99987 2.29296 6.70691 6.01902 53.1967 2.57958
internal_count=2401 246 141 30 111 40 27 2155 223 24 199 184 34 1932 1004 992 81 33 911 568 549 376 359 171 157 40 117 105 928 45
is_linear=0
shrinkage=1


Tree=4
num_leaves=31
num_cat=0
split_feature=14 10 14 15 16 17 10 16 14 17 17 16 16 17 14 16 10 17 12 14 17 17 14 15 17 16 13 17 17 16
split_gain=135.838 58.9617 29.902 29.2824 28.5199 28.4069 25.6255 24.3375 59.7737 30.8224 22.8736 22.6432 22.1054 20.4819 16.636 15.7075 26.1306 13.6201 12.2844 15.205 22.613 13.3646 11.0822 11.0478 15.765 13.3288 11.9973 10.8598 26.0199 20.6684
threshold=15005.845000000003 710.75000000000011 14295.370000000001 1.0000000180025095e-35 9.0408417965197909 87.721695233601409 740.66500000000008 25.33725579843054 42080.995000000003 73.806396595974505 82.543014272090318 8.9408011719724616 27.317881397539463 76.375531304967467 12493.820000000002 8.400439926168163 646.33500000000015 87.846783884935846 7363.9000000000005 13582.360000000002 82.543014272090318 85.270615145529817 26819.350000000002 1.0000000180025095e-35 79.504096169313456 20.764693479305269 -1166.7999999999997 74.050821958299579 73.753964870118139 20.686723667870666
decision_type=2 2 2 2 2 2 2 2 2 2 2 2 2 2 2 2 2 2 2 2 2 2 2 2 2 2 2 2 2 2
left_child=1 18 6 15 11 7 -3 27 9 -9 23 13 22 -5 -12 16 -2 -7 -1 20 -20 -22 -11 -8 25 26 -25 28 29 -6
right_child=3 2 -4 4 5 17 10 8 -10 12 14 -13 -14 -15 -16 -17 -18 -19 19 -21 21 -23 -24 24 -26 -27 -28 -29 -30 -31
leaf_value=-1.6979836074874206 -1.7366232949944116 -1.4839320052661522 -1.4864589181634349 -1.5376289043334073 -1.7224725827696292 -1.4712974407797392 -1.716969528015547 -1.7366232949944116 -1.7264184544476935 -1.5830135899227593 -1.5230683391630899 -1.4712974407797392 -1.6570255387300099 -1.6935974807974377 -1.6585862790489199 -1.7208575558309311 -1.4954179729810733 -1.6570255387300099 -1.6642616983904102 -1.7117489961617862 -1.4845637334904729 -1.6345748895272301 -1.4712974407797392 -1.4712974407797395 -1.7218829697602631 -1.6958039328075389 -1.6097283212395683 -1.7059170444504663 -1.5557193034844077 -1.5906940751763419
leaf_weight=19.410094574093819 2.4498177617788306 3.9573979228734961 6.5956632047891608 3.0151603221893293 14.133564010262495 2.0729227215051642 5.0880830436945006 2.8267128020525041 14.698906570672987 3.5805028825998289 7.7263483256101591 2.2613702416419974 3.7689504027366629 6.9725582450628281 3.2036078423261642 130.0287888944149 2.0729227215051651 1.8844752013683321 10.364613607525831 6.0303206443786612 3.7689504027366629 2.4498177617788315 5.8418731242418289 2.4498177617788333 3.3920553624629983 2.4498177617788315 4.3342929631471598 167.71829292178154 4.1458454430103293 3.7689504027366629
leaf_count=103 13 21 35 16 75 11 27 15 78 19 41 12 20 37 17 690 11 10 55 32 20 13 31 13 18 13 23 890 22 20
internal_value=-1.68623 -1.62766 -1.58355 -1.69905 -1.68846 -1.69251 -1.60319 -1.6949 -1.65361 -1.58679 -1.61967 -1.61417 -1.55469 -1.64651 -1.56279 -1.71767 -1.62607 -1.55974 -1.6688 -1.64376 -1.61904 -1.54366 -1.51375 -1.65477 -1.6297 -1.59584 -1.55974 -1.70158 -1.66859 -1.69473
internal_weight=452.462 81.2209 39.1971 371.242 236.69 224.441 32.6014 220.484 30.7169 16.018 28.644 12.2491 13.1913 9.98772 10.93 134.552 4.52274 3.9574 42.0238 22.6137 16.5834 6.21877 9.42238 17.7141 12.626 9.23393 6.78411 189.767 22.0484 17.9025
internal_count=2401 431 208 1970 1256 1191 173 1170 163 85 152 65 70 53 58 714 24 21 223 120 88 33 50 94 67 49 36 1007 117 95
is_linear=0
shrinkage=1


Tree=5
num_leaves=31
num_cat=0
split_feature=15 14 16 14 4 17 16 16 16 16 14 16 14 14 14 14 17 16 16 17 9 17 17 14 17 17 5 16 5 14
split_gain=137.44 30.9418 23.7586 18.1159 19.0939 17.0674 19.1241 18.6776 32.6183 19.7529 26.3341 25.0718 14.8447 17.3664 17.1061 13.3244 14.7913 13.3002 22.3135 13.0082 12.0455 10.8319 10.8242 10.4661 11.5321 16.4989 15.8448 13.1026 10.486 9.9998
threshold=1.0000000180025095e-35 11694.595000000001 16.93142270458414 9194.4750000000022 2.3720000000000003 87.596030505307866 9.1659961102698571 25.33725579843054 27.138266981008375 23.252661526642903 76020.450000000012 19.155645228645806 45763.42500000001 106687.46000000001 97538.315000000017 72089.210000000006 81.792772483534435 9.8099420385027454 10.295210961977173 73.233579958826056 0.58550000000000002 84.993059885711105 72.594893836567522 15742.515000000001 72.594893836567522 73.09838525335897 2.0804500000000004 16.801689717540544 1.0872000000000004 42080.995000000003
decision_type=2 2 2 2 2 2 2 2 2 2 2 2 2 2 2 2 2 2 2 2 2 2 2 2 2 2 2 2 2 2
left_child=12 2 -2 4 -4 6 -3 9 29 11 21 17 22 14 20 16 19 -8 -19 -13 -14 -11 -1 -20 -25 -26 27 28 -27 -9
right_child=1 5 3 -5 -6 -7 7 8 -10 10 -12 15 13 -15 -16 -17 -18 18 23 -21 -22 -23 -24 24 25 26 -28 -29 -30 -31
leaf_value=0.046290108510661482 -0.056287051814450331 -0.024794143011162034 0.056129078390530343 -0.058318005058253332 -0.066413445228012916 -0.048421436660186286 0.093495478665963888 -0.050509603762801586 0.059302967515466071 0.079379724743991562 -0.040534852090022597 -0.064881025885964311 0.018656906745457901 -0.045308340970255163 0.08786520185633255 -0.026813016472722908 -0.020422257061657286 -0.040568790342869171 0.079848601429655316 0.039175671009653794 -0.027355179043373392 -0.011236125775714596 -0.041753305160536935 0.095999712624327507 -0.06828281022460618 0.040737399089506965 0.041723595918883763 -0.042897374767331714 -0.022834877242223748 0.0031355214061657062
leaf_weight=3.5720108151435843 24.695082306861877 21.022920876741409 17.441605061292655 7.11936992406845 3.8872457146644583 8.8846456408500654 8.8736697733402234 22.001302629709244 14.529179602861403 39.028468668460846 5.9539391398429862 3.2498437762260428 25.178068339824677 30.955819100141525 5.1372889578342429 28.025154829025269 20.419712215662003 10.329507321119307 12.139486342668532 39.609652400016785 32.693684369325638 3.6022980213165274 153.83684304356575 6.6835861802101126 4.2458912730216971 21.711765140295032 108.37205299735069 10.496679395437239 9.2500427365303022 14.35493218898773
leaf_count=12 84 71 58 24 13 30 29 75 48 128 20 11 84 105 17 94 68 35 40 132 110 12 521 22 14 72 358 35 31 48
internal_value=-0.000570406 0.0155055 -0.0204049 0.0107433 0.0337953 0.0201288 0.0216367 0.0241861 -0.00402165 0.0285096 0.0579658 0.0234599 -0.0303676 -0.0146413 0.000425212 0.00188847 0.0145998 0.0337125 0.0308173 0.0312855 -0.00733686 0.0717227 -0.0397554 0.0350821 0.0317016 0.0289125 0.0316668 0.00537833 0.0217448 -0.0293283
internal_weight=717.302 465.928 53.1433 28.4482 21.3289 412.785 403.9 382.877 50.8854 331.992 48.5847 283.407 251.374 93.9649 63.009 91.3044 63.2792 192.103 183.229 42.8595 57.8718 42.6308 157.409 172.9 160.76 154.076 149.831 41.4585 30.9618 36.3562
internal_count=2401 1552 179 95 71 1373 1343 1272 171 1101 160 941 849 316 211 305 211 636 607 143 194 140 533 572 532 510 496 138 103 123
is_linear=0
shrinkage=0.05


Tree=6
num_leaves=31
num_cat=0
split_feature=15 17 14 17 14 17 17 14 14 14 14 14 14 17 0 14 17 14 14 0 4 17 13 14 14 0 17 17 14 0
split_gain=252.683 20.9668 24.4669 18.9012 18.239 14.9647 14.5004 11.1494 18.5137 14.5884 14.9176 12.7813 25.51 12.3677 24.9129 11.6976 9.78302 9.03432 33.9206 12.6352 9.6015 13.9757 15.066 13.1284 29.3736 15.7324 10.4052 9.74066 8.0872 22.6835
threshold=1.0000000180025095e-35 81.101802189404438 74782.37000000001 79.862794907542863 66786.165000000023 87.831549829888772 73.005249268407496 58161.090000000004 51384.305000000008 44320.670000000006 38110.810000000005 30629.145000000004 23637.365000000005 85.412848632172611 14.500000000000002 39989.375000000007 84.771119119447036 122496.08000000002 110825.955 12.500000000000002 2.7190000000000007 73.049886649887497 -8692.159999999998 29990.250000000004 31230.285000000007 2.5000000000000004 77.915235392041609 78.159111904973685 5923.1600000000008 15.500000000000002
decision_type=2 2 2 2 2 2 2 2 2 2 2 2 2 2 2 2 2 2 2 2 2 2 2 2 2 2 2 2 2 2
left_child=1 3 4 6 7 16 -1 8 9 10 11 12 13 -3 -15 -12 17 18 20 -20 21 22 -2 -22 -25 -26 -23 -28 29 -29
right_child=5 2 -4 -5 -6 -7 -8 -9 -10 -11 15 -13 -14 14 -16 -17 -18 -19 19 -21 23 26 -24 24 25 -27 27 28 -30 -31
leaf_value=-0.010453751857505163 0.11193919811619689 -0.015788564295661049 -0.027953906750822551 0.12298795558073286 0.13428829254140964 0.056839324374019118 0.058733540667117314 -0.053523647310128944 0.13182695168301781 -0.052983568034128285 0.15269678017045896 -0.026010070138274118 0.098436779282851161 0.14155046740600058 -0.01221376478240589 0.031615376786578837 -0.043791675494072424 -0.052031875368778818 0.015518515488232191 0.15507417925284916 -0.028723827322009527 -0.045899022074889134 -0.0072153917197752245 0.16683910677303079 0.11212203627356504 -0.018470637581159143 0.059478460837120911 0.14638594667223784 -0.027626615363933654 -0.052229912698150284
leaf_weight=8.2640848159790021 3.3197562545537957 16.136932864785198 16.419167548418045 10.672666832804678 4.7480170279741278 5.4343194961547843 90.554552644491196 3.5335371494293204 4.8358851820230475 4.8523167669773093 4.5907525867223722 9.2531625777482969 12.461812645196913 4.5951224565505964 6.1730135381221771 3.5273950099945068 67.802695378661156 23.764989823102951 2.9420683681964865 3.6145703792572021 21.152364045381546 73.320163950324059 13.206144377589226 3.1896277070045498 2.7319224327802685 14.799170315265654 3.5816021561622611 2.5117845535278311 101.86999516189098 3.3612859547138214
leaf_count=36 14 70 73 43 19 23 380 15 20 21 19 40 52 19 27 15 307 107 13 16 94 330 58 14 12 66 16 11 456 15
internal_value=0.000369545 0.0450283 0.0273103 0.0597747 0.0394561 -0.0254796 0.0529475 0.0330201 0.0376238 0.0302273 0.0373435 0.0268674 0.0392962 0.0119036 0.0534026 0.100086 -0.0267908 -0.0225741 -0.0197694 0.0924533 -0.0227968 -0.0273308 0.0167206 -0.0010141 0.0272729 0.00188001 -0.0312735 -0.0216409 -0.0243375 0.0327138
internal_weight=547.221 200.618 91.1271 109.491 74.7079 346.602 98.8186 69.9599 66.4264 61.5905 56.7382 48.62 39.3669 26.9051 10.7681 8.11815 341.168 273.365 249.6 6.55664 243.044 201.171 16.5259 41.8731 20.7207 17.5311 184.645 111.325 107.743 5.87307
internal_count=2401 849 390 459 317 1552 416 298 283 263 242 208 168 116 46 34 1529 1222 1115 29 1086 900 72 186 92 78 828 498 482 26
is_linear=0
shrinkage=0.05


Tree=7
num_leaves=31
num_cat=0
split_feature=14 16 14 15 16 12 17 9 16 16 14 0 9 14 0 16 1 4 14 17 17 2 13 9 14 14 9 1 4 14
split_gain=88.4527 57.1472 51.924 32.5671 32.1102 24.99 16.1739 25.0242 13.2587 21.6702 37.694 17.5876 18.4851 14.4163 26.4363 50.8075 13.0739 12.6763 11.6098 12.2875 42.0933 11.4214 11.4026 12.1898 10.4276 37.0295 12.0684 9.41777 17.1936 9.3692
threshold=124611.29000000002 21.007262178349492 164480.99000000002 1.0000000180025095e-35 12.480749344527382 149590.64500000002 79.19551951280171 0.46450000000000008 14.975888802998432 15.147038538844516 38110.810000000005 13.500000000000002 0.29150000000000004 42904.825000000004 8.5000000000000018 23.680703569635394 1.5000000000000002 1.5290000000000001 15742.515000000001 77.107311112970351 77.515968220962506 1.5000000000000002 -1040.6099999999999 0.58550000000000002 77733.585000000006 84059.640000000014 0.69050000000000011 4.5000000000000009 1.7630000000000001 17615.100000000002
decision_type=2 2 2 2 2 2 2 2 2 2 2 2 2 2 2 2 2 2 2 2 2 2 2 2 2 2 2 2 2 2
left_child=3 2 -2 8 -4 -3 7 -6 27 10 -10 13 21 -11 15 -15 -14 22 -5 -20 -21 -13 23 -18 29 26 -26 -1 -29 -22
right_child=1 5 4 18 6 -7 -8 -9 9 11 -12 12 16 14 -16 -17 17 -19 19 20 24 -23 -24 -25 25 -27 -28 28 -30 -31
leaf_value=-0.030831838000991658 -0.037723021164595347 0.22114543394025143 -0.045827386026988576 -0.044525560078444382 0.21520824610741873 0.036369588813837145 0.23334828243850453 -0.045726569992997991 0.294934037297716 -0.021307607521721807 -0.045969930656904703 0.08515440302865758 -0.045768554491731006 0.2161145296503475 -0.038022425537642644 -0.023549699760259571 0.057732468918699466 -0.022356224841252492 -0.035109063184905996 0.17453828138604707 0.037183164561202901 0.2646484998357676 0.04198674762818224 0.21574355297995063 0.084210828202806343 -0.012170246895188863 0.28346088246129425 -0.0067807042176720334 0.1451695732926572 -0.022469090147602032
leaf_weight=23.320623382925987 11.951567366719248 7.6224189102649671 2.3500420451164228 42.665009334683418 1.8989990502595904 2.4078966826200485 4.101204514503479 1.7801621109247205 1.9044083058834069 28.477188885211945 1.4121217727661131 2.2854125648736985 4.127883896231654 4.3764348328113538 6.4617567211389533 4.4700296223163605 2.4081723690033021 4.2321463823318473 51.3400027602911 3.1577860265970221 7.1799625605344763 1.4476333558559416 8.5188432186841911 2.4750290662050247 1.5253557413816445 11.827985838055609 1.5145431160926817 8.9715392887592298 2.3491351455450049 79.100606754422188
leaf_count=168 84 45 17 313 11 16 26 13 13 204 10 16 30 29 47 32 17 30 371 20 49 10 60 16 10 84 10 65 16 569
internal_value=-0.0011186 0.0778201 0.0328659 -0.00941481 0.116145 0.176788 0.165068 0.0889549 0.0127834 0.0249279 0.149783 0.018951 0.0519654 -0.000272445 0.0388583 0.0950146 0.0343321 0.0530824 -0.0214186 -0.0150847 -0.00522859 0.15476 0.0769047 0.13782 -0.0108408 0.0278329 0.183481 -0.0126678 0.0247503 -0.017505
internal_weight=337.662 32.1123 22.082 305.55 10.1304 10.0303 7.78037 3.67916 107.238 72.5971 3.31653 69.2805 25.4951 43.7854 15.3082 8.84646 21.7621 17.6342 198.311 155.646 104.306 3.73305 13.402 4.8832 101.148 14.8679 3.0399 34.6413 11.3207 86.2806
internal_count=2401 212 151 2189 67 61 50 24 763 514 23 491 179 312 108 61 153 123 1426 1113 742 26 93 33 722 104 20 249 81 618
is_linear=0
shrinkage=0.05


Tree=8
num_leaves=31
num_cat=0
split_feature=16 15 17 17 14 14 16 16 17 11 3 17 17 17 17 14 10 16 16 16 17 16 16 14 11 10 13 17 17 9
split_gain=31.5319 26.9493 35.6936 59.4747 61.545 20.4481 28.1402 69.7181 20.5249 17.5054 33.4233 13.3445 32.2928 26.7654 29.869 19.7368 12.2848 10.6111 72.2611 4.33388 4.05403 14.1891 18.2242 4.04856 3.2319 6.1143 2.33886 2.09897 4.3485 1.86754
threshold=10.237145529883515 1.0000000180025095e-35 75.28979390544238 83.670857414349555 74107.97500000002 86506.390000000029 19.361024622865273 19.03805597472822 87.479799756488774 564.50000000000011 0.12850000000000003 86.093151370441589 86.844306792562236 86.712718439370704 86.793659298349084 31407.630000000001 252.25000000000003 26.442439486365583 26.856700805143994 10.124659967582778 72.928714755831734 15.94865508800881 14.461963793933784 147314.66500000001 13.500000000000002 649.90000000000009 -689.94999999999993 74.759789243346276 73.753964870118139 0.63350000000000006
decision_type=2 2 2 2 2 2 2 2 2 2 2 2 2 2 2 2 2 2 2 2 2 2 2 2 2 2 2 2 2 2
left_child=1 19 -3 -4 26 11 7 8 9 24 23 17 13 15 -15 -13 -14 20 -19 -1 21 22 -2 -11 25 -7 -5 28 -8 -22
right_child=5 2 3 4 -6 6 27 -9 -10 10 -12 12 16 14 -16 -17 -18 18 -20 -21 29 -23 -24 -25 -26 -27 -28 -29 -30 -31
leaf_value=-0.032328398712837228 -0.042050763200153184 0.35403763162821389 -0.042159702009229465 0.42924274990320122 -0.04235791069003602 -0.018333898626988542 -0.042073935111552579 0.44197472321194903 0.30430265666276268 0.096846981639933646 0.41579624803981885 -0.042019520065738059 0.17952184345529576 0.56710954344253639 0.09895453486373669 0.22193285393779855 -0.041963425025280672 0.50673474405056851 -0.030697935863688908 0.099934792130444872 -0.039440185413197631 -0.041966143670188902 0.28350766625488893 -0.042029283042309136 -0.041987409673596897 0.14358805326815258 0.32896028388156112 -0.042028842043285081 0.13073549561256889 -0.023973074941212796
leaf_weight=5.1983842477202389 0.80709799006581195 1.3849176727235324 4.5073288269340974 1.26754367351532 1.3329506181180475 2.1161727197468285 0.98439520224928656 1.2384238019585598 0.71692447736859399 1.0757804214954383 0.76133827120065678 1.8833229467272752 0.6771615594625463 0.6562707796692846 0.70856333151459694 1.1350429616868494 8.2970757707953435 0.72798752784728904 4.4408014416694641 0.70312652736902226 39.209408819675446 3.7366034016013145 0.91969407722353935 1.0246221683919428 4.2667232677340508 0.80470683425664891 1.0741322338581087 7.2991920411586761 0.57765749469399452 38.856453996151686
leaf_count=94 14 18 77 12 21 38 17 18 7 16 8 33 12 10 12 18 149 10 80 11 698 67 13 18 76 12 13 128 9 692
internal_value=0.000178268 0.067458 0.119292 0.0795583 0.228859 -0.00828819 0.0368123 0.0866992 0.0458325 0.0273932 0.131977 -0.0175093 0.0290813 0.140322 0.324064 0.0572386 -0.025251 -0.0245256 0.0449957 -0.0165701 -0.0288276 0.0128108 0.131343 0.0291001 -0.0142468 0.0262758 0.383243 -0.0307715 0.0218321 -0.0317416
internal_weight=138.39 15.4684 9.56687 8.18196 3.67463 122.921 20.8659 12.0047 10.7663 10.0493 2.86174 102.055 13.3574 4.3832 1.36483 3.01837 8.97424 88.698 5.16879 5.90151 83.5293 5.4634 1.72679 2.1004 7.1876 2.92088 2.34168 8.86124 1.56205 78.0659
internal_count=2401 246 141 123 46 2155 347 193 175 168 42 1808 234 73 22 51 161 1574 90 105 1484 94 27 34 126 50 25 154 26 1390
is_linear=0
shrinkage=0.05


Tree=9
num_leaves=31
num_cat=0
split_feature=14 15 14 14 14 14 0 9 15 4 0 14 1 5 5 4 6 5 14 1 14 9 14 4 14 14 1 14 14 14
split_gain=117.843 27.8579 19.3569 19.9907 17.1897 14.8863 14.8215 16.7537 15.4654 15.3315 14.4052 13.6166 14.3734 13.4938 16.3828 12.701 19.2668 10.125 8.88923 14.371 6.97671 7.78625 8.31278 6.93142 6.79806 18.4857 22.8222 9.01366 20.7004 6.45488
threshold=15005.845000000003 1.0000000180025095e-35 14295.370000000001 13800.605000000001 7171.2600000000011 124026.26000000002 8.5000000000000018 0.46450000000000008 1.0000000180025095e-35 4.4910000000000005 22.500000000000004 14583.415000000003 2.5000000000000004 30.321250000000003 1.6325000000000001 1.2175000000000002 0.68853915995794501 1.1349000000000002 11694.595000000001 1.5000000000000002 11694.595000000001 0.9285000000000001 8555.5150000000012 0.83250000000000013 38110.810000000005 31975.805000000004 3.5000000000000004 37560.725000000006 34301.045000000006 12928.160000000002
decision_type=2 2 2 2 2 2 2 2 2 2 2 2 2 2 2 2 2 2 2 2 2 2 2 2 2 2 2 2 2 2
left_child=2 10 3 4 15 13 8 -8 -6 17 24 -4 -13 14 -3 -1 -17 -9 -10 -20 21 22 -19 -12 25 -2 27 28 -27 -22
right_child=1 5 11 -5 6 -7 7 9 18 -11 23 12 -14 -15 -16 16 -18 20 19 -21 29 -23 -24 -25 -26 26 -28 -29 -30 -31
leaf_value=-0.0095675554009454853 -0.034843957182018985 -0.018295949958826996 0.1676579166642955 -0.048971837053474007 0.02408455528092741 -0.038206700687124902 -0.02575576911760169 -0.04909302596798721 0.15326463461050019 0.1735403026083725 0.1325717682101557 0.14420490088002172 -0.029197051873916899 -0.037788066887607087 0.015573606434137076 0.20469772938048184 0.008549934171205786 0.053066158168768467 0.15785815973937622 -0.025585428923361839 -0.048985737020824767 0.037237869280315326 0.16284780560967463 0.0002239696019345871 -0.042481253834993377 0.17283301780153695 -0.040018641838271828 0.18841280598854826 -0.030950221677048181 0.062124688272319199
leaf_weight=15.087423071265222 43.003180548548698 47.190147086977959 5.9411810487508756 5.2333990186452857 4.7329881787300119 23.831775084137917 6.3426097631454494 2.2632176727056565 10.299771428108214 2.8990022540092459 1.9225520789623254 2.3059146106243134 2.4807370752096176 18.121559888124466 146.67816585302353 1.9644084572792042 3.4518109411001205 2.9211944937706011 2.1668324470520028 2.104619488120079 2.2448214739561072 5.1615195721387863 4.2087352126836777 2.0380203425884247 72.152343809604645 2.2536345124244672 5.713208481669426 1.8806748390197752 2.7876593470573425 3.1292468160390854
leaf_count=79 233 252 28 28 24 130 33 12 50 14 10 11 13 98 776 10 18 15 11 11 12 26 20 11 393 12 31 9 15 16
internal_value=0.00123747 -0.0110282 0.0543166 0.0452415 0.0523894 -0.000739511 0.0686227 0.0461314 0.102609 0.066105 -0.0294438 0.117095 0.0543374 0.00347253 0.0073293 0.0140108 0.0796908 0.0504766 0.128115 0.0674723 0.063233 0.0840099 0.117869 0.0644686 -0.0323544 -0.0192218 0.0339475 0.0949971 0.060148 0.0157124
internal_weight=452.512 367.573 84.9394 74.2116 68.9782 235.822 48.4746 29.1703 19.3042 22.8277 131.751 10.7278 4.78665 211.99 193.868 20.5036 5.41622 19.9287 14.5712 4.27145 17.6655 12.2914 7.12993 3.96057 127.791 55.6384 12.6352 6.92197 5.04129 5.37407
internal_count=2401 1970 431 379 351 1256 244 148 96 115 714 52 24 1126 1028 107 28 101 72 22 89 61 35 21 693 300 67 36 27 28
is_linear=0
shrinkage=0.05


Tree=10
num_leaves=31
num_cat=0
split_feature=15 14 1 14 12 14 14 1 13 1 1 11 1 11 6 14 0 5 5 0 12 10 5 5 0 14 12 11 10 6
split_gain=121.588 27.0359 21.7805 13.7781 15.939 12.8455 22.1875 19.4004 16.9575 14.6556 13.0523 14.1123 11.9815 9.52185 19.5088 9.26721 8.87795 13.8774 15.4903 8.77042 8.69784 8.24696 7.51358 8.24212 7.56393 7.28396 7.24333 7.12673 6.76682 6.39127
threshold=1.0000000180025095e-35 11694.595000000001 3.5000000000000004 45763.42500000001 107955.96000000001 81017.87000000001 41312.480000000003 1.5000000000000002 -13677.254999999999 4.5000000000000009 4.5000000000000009 447.50000000000006 4.5000000000000009 254.00000000000003 0.9999851064301134 6743.3450000000003 16.500000000000004 1.7976500000000002 0.56735000000000013 6.5000000000000009 25902.625000000004 691.3850000000001 0.25640000000000002 0.36495000000000005 21.500000000000004 99786.380000000019 61883.855000000003 14.500000000000002 243.50000000000003 0.3272999895821484
decision_type=2 2 2 2 2 2 2 2 2 2 2 2 2 2 2 2 2 2 2 2 2 2 2 2 2 2 2 2 2 2
left_child=3 2 -2 21 12 6 8 -7 13 28 16 27 20 14 -3 -4 17 18 -8 -11 -5 -1 -10 -24 29 -21 -22 -12 -9 -25
right_child=1 5 15 4 -6 7 10 9 22 19 11 -13 -14 -15 -16 -17 -18 -19 -20 25 26 -23 23 24 -26 -27 -28 -29 -30 -31
leaf_value=-0.047278989121613081 -0.044816527515607552 0.062395969112594755 0.053574953152322351 0.059329348477015376 -0.05117503108190663 0.038991490608555862 0.083475430360026887 0.037193814735365781 0.080430790080989495 0.064985575697511427 0.014203984811122269 -0.030016395977823237 -0.030785360882138287 -0.050666336259955452 -0.04396324221649181 -0.013976406642255365 0.019039356845846876 0.07165090179138156 -0.018627596030044831 0.03893428902816809 -0.014306787029738042 -0.023713951534530375 -0.054021745798729419 0.00093434826221801867 -0.016380212755119319 -0.041478497653304913 0.029959994214539681 0.075833224675710298 -0.037248397479745336 0.027116540455962086
leaf_weight=93.30480745434761 32.208726316690445 7.9352160394191786 10.614844352006914 8.183302313089369 21.634650647640228 24.200438916683197 5.8341975808143642 3.3268723189830771 4.9301239550113669 7.3481204807758358 11.504460096359258 11.787401556968687 24.231176465749741 14.124727040529249 9.440897524356842 9.7320987284183484 17.380381613969803 51.906638830900192 10.225203692913054 5.1421430110931379 24.13261616230011 61.665497213602066 3.9008840918540946 28.300103217363358 13.568052440881727 6.2257990837097168 14.975698888301848 7.9204435050487509 37.04446941614151 132.15008220076561
leaf_count=321 111 26 35 27 75 80 19 11 16 24 38 39 83 48 32 33 58 170 34 17 81 212 13 94 45 21 50 26 125 437
internal_value=-0.000485391 0.0145492 -0.0192332 -0.028767 -0.0135706 0.0188357 0.0232533 0.00128463 0.013706 -0.014159 0.0408106 0.0131431 -0.00219572 -0.0201765 0.00460822 0.0212646 0.050929 0.0590839 0.0184653 0.0224134 0.012453 -0.037902 0.0195431 0.017856 0.0194672 -0.0051048 0.00264424 0.0393331 -0.0311139 0.0224985
internal_weight=714.88 466.752 52.5557 248.128 93.1574 414.197 330.909 83.2878 214.35 59.0874 116.559 31.2123 71.5228 31.5008 17.3761 20.3469 85.3464 67.966 16.0594 18.7161 47.2916 154.97 182.849 177.919 174.018 11.3679 39.1083 19.4249 40.3713 160.45
internal_count=2401 1552 179 849 316 1373 1095 278 711 198 384 103 241 106 58 68 281 223 53 62 158 533 605 589 576 38 131 64 136 531
is_linear=0
shrinkage=0.05


Tree=11
num_leaves=31
num_cat=0
split_feature=15 17 17 17 17 1 10 9 17 17 17 10 6 12 17 1 16 16 16 17 17 1 17 10 5 5 17 1 16 16
split_gain=223.002 17.7615 15.3329 15.1163 13.5243 15.8145 21.1657 14.7576 13.4312 11.7508 13.0715 14.2919 12.8519 11.5021 12.259 10.489 13.5408 9.51595 16.9891 22.5502 10.3733 30.1214 13.109 13.727 21.707 24.6806 14.5858 13.0298 12.3897 18.429
threshold=1.0000000180025095e-35 81.101802189404438 79.770534235382357 79.524429203794554 73.005249268407496 1.5000000000000002 626.08500000000015 0.46450000000000008 87.831549829888772 84.93190361598765 85.882504859091469 401.83500000000009 0.9999851064301134 86653.895000000004 75.798148857968968 4.5000000000000009 22.125916666441793 13.561243222063183 13.983918511676972 79.270229461126021 73.049886649887497 4.5000000000000009 76.287243756184537 564.41500000000008 1.2970500000000003 0.5021500000000001 76.484411724550171 2.5000000000000004 14.831189043058862 14.346172560566568
decision_type=2 2 2 2 2 2 2 2 2 2 2 2 2 2 2 2 2 2 2 2 2 2 2 2 2 2 2 2 2 2
left_child=1 2 3 4 -1 6 7 -6 17 12 11 -11 -3 -7 -15 16 -12 -2 19 -19 21 -20 -22 -24 25 -25 -26 -27 29 -28
right_child=8 9 -4 -5 5 13 -8 -9 -10 10 15 -13 -14 14 -16 -17 -18 18 20 -21 22 -23 23 24 26 27 28 -29 -30 -31
leaf_value=-0.0099850412353085036 -0.040305812896938978 -0.001318250955637318 0.10288094672918167 -0.053639255072433292 -0.035337360648449612 0.08050827937560634 -0.024286567920645971 0.093750656243096697 0.05206880924100285 -0.011623755587210195 -0.041584636444998303 0.10057581619689247 0.064963777907511996 0.08220111036853843 -0.026962904231612662 0.064517469480373776 0.062454456812694972 0.15431932223011513 -0.0269133225513946 -0.051127081275180723 -0.047582104738936405 0.11298659509383167 -0.036049556670259872 -0.051575884942478535 0.097718468329918928 0.12546848512966138 -0.051198410178367362 0.024370461136756508 -0.027022131499442232 0.13770670976119509
leaf_weight=8.2030992358922941 84.865065425634384 44.095817133784294 14.379352658987044 3.5528294593095771 2.792491719126704 51.451321333646774 11.999068528413771 10.688076734542845 5.6243856847286215 3.5585451871156719 9.2245425730943698 14.021699190139769 8.7674280703067762 4.7249614298343641 5.6436130404472351 8.3568500429391843 4.7316587120294562 3.119195654988288 13.613821715116503 2.3358867168426514 53.098788410425186 5.363283932209014 70.700636431574821 4.9968697577714947 2.6337918490171424 6.9915207326412183 2.3482328355312339 5.8569582104682922 75.240812867879868 2.8678776174783707
leaf_count=36 392 189 55 15 12 205 51 42 23 15 41 55 36 19 24 34 20 13 60 11 247 22 325 23 11 30 11 26 346 12
internal_value=0.000345058 0.0413629 0.054633 0.0476291 0.0513965 0.0571642 0.024016 0.0670102 -0.0245551 0.0251345 0.0456206 0.0778647 0.0096747 0.0708265 0.0227832 0.0202158 -0.00631161 -0.0258453 -0.0209202 0.0663464 -0.0228735 0.012625 -0.025871 -0.0191543 -0.0073201 0.0427133 -0.0180658 0.0793831 -0.021856 0.0526638
internal_weight=545.848 206.191 113.435 99.0555 95.5026 87.2995 25.4796 13.4806 339.657 92.7565 39.8933 17.5802 52.8632 61.8199 10.3686 22.3131 13.9562 334.033 249.168 5.45508 243.713 18.9771 224.735 171.637 100.936 17.8453 83.0907 12.8485 80.4569 5.21611
internal_count=2401 849 459 404 389 353 105 54 1552 390 165 70 225 248 43 95 61 1529 1137 24 1113 82 1031 784 459 79 380 56 369 23
is_linear=0
shrinkage=0.05


Tree=12
num_leaves=31
num_cat=0
split_feature=14 16 14 15 16 12 16 16 14 12 16 1 4 16 1 11 16 11 16 16 14 16 16 14 1 16 16 12 11 11
split_gain=75.8565 41.5457 43.8767 29.7989 24.6486 16.5514 11.8696 17.1308 11.3037 10.1774 9.10909 8.84738 13.9123 8.83528 8.67312 8.47625 16.1392 14.5818 10.263 9.27328 8.55899 8.47458 21.9708 27.7582 19.2 24.5499 11.1603 7.52583 14.5598 9.69287
threshold=124611.29000000002 21.007262178349492 164480.99000000002 1.0000000180025095e-35 12.480749344527382 149590.64500000002 14.975888802998432 15.147038538844516 15742.515000000001 22685.445000000003 25.33725579843054 4.5000000000000009 1.7630000000000001 25.696221399911909 1.5000000000000002 179.00000000000003 23.446738192613982 272.00000000000006 19.976334203739494 23.652185932263748 9559.1400000000012 19.361024622865273 20.506896768150519 82250.960000000006 5.5000000000000009 23.131436463266557 25.016473903361454 22504.400000000005 490.50000000000006 1041.0000000000002
decision_type=2 2 2 2 2 2 2 2 2 2 2 2 2 2 2 2 2 2 2 2 2 2 2 2 2 2 2 2 2 2
left_child=3 2 -2 6 -4 -3 11 9 -5 -8 21 -1 -13 15 -6 20 17 18 -17 -18 -9 -10 23 -23 26 -26 -24 29 -29 -19
right_child=1 5 4 8 14 -7 7 13 10 -11 -12 12 -14 -15 -16 16 19 27 -20 -21 -22 22 24 -25 25 -27 -28 28 -30 -31
leaf_value=-0.030371301145676627 -0.037304694857518354 0.17898302819169898 -0.045524789584834989 -0.044161574804669285 0.050356408325716411 0.0332506669190899 0.19387679431973368 0.10831189445060677 -0.019292947791334867 0.023626509894911552 -0.045681593520307318 -0.0064015240074764383 0.12483681677878644 -0.025880386139667744 0.16758845460294572 0.021172363351609401 0.20411963071272773 -0.045834715752941041 0.19303843725276348 0.065324082041761974 8.0830746480630185e-06 0.0070171814854828448 -0.032506776014400759 0.17288722936571951 0.17411923886014702 -0.045510701829854588 0.097399783165899256 0.11521172986217088 -0.0018345860629263974 0.097918975417321336
leaf_weight=22.851179033517838 11.639723084867002 8.9514670968055707 2.2531194537878028 40.857356838881969 2.0649897158145887 2.4903821945190421 2.2698567211627956 1.9455056637525583 84.927218712866306 1.4313623160123823 20.395060688257217 8.8975844085216504 2.6122449040412894 9.9904811978340131 6.6857201308012009 1.4955320656299655 2.1754153221845618 7.4778716564178485 2.0721696764230728 2.6934327483177185 29.259182021021843 6.6262223720550519 30.471941232681274 4.0725011825561523 2.9166672527790061 2.2568697929382324 1.7481508553028096 4.0046768337488157 7.8947485387325287 1.3906872496008871
leaf_count=168 84 45 17 313 14 16 13 14 619 10 150 65 16 72 36 11 12 54 12 19 206 48 226 24 16 17 13 26 55 10
internal_value=-0.00110752 0.0696079 0.0303683 -0.00906951 0.101952 0.147264 0.011925 0.0231884 -0.0207907 0.128036 -0.0145666 -0.012365 0.023384 0.0176761 0.139924 0.0248795 0.0442395 0.0276139 0.120995 0.127338 0.00676046 -0.00979596 0.00697495 0.0701561 -0.0111019 0.0783093 -0.0254585 0.0115722 0.0375566 -0.0232926
internal_weight=336.819 34.0854 22.6436 302.734 11.0038 11.4418 108.462 74.1009 194.272 3.70122 153.415 34.361 11.5098 70.3997 8.75071 60.4092 29.2045 24.3357 3.5677 4.86885 31.2047 133.02 48.0924 10.6987 37.3936 5.17354 32.2201 20.768 11.8994 8.86856
internal_count=2401 212 151 2189 67 61 763 514 1426 23 1113 249 81 491 50 419 199 168 23 31 220 963 344 72 272 33 239 145 81 64
is_linear=0
shrinkage=0.05


Tree=13
num_leaves=31
num_cat=0
split_feature=16 15 17 17 14 14 14 1 10 11 17 17 1 16 5 10 16 16 11 14 13 16 14 17 1 16 16 9 14 14
split_gain=26.6787 20.3584 19.3822 42.465 34.3725 18.3504 31.9281 29.8315 25.2839 15.4707 12.1275 25.4159 25.4364 34.5957 13.0314 10.0573 9.56788 46.2727 6.11659 8.78586 5.8876 5.42343 4.35699 3.85687 11.8738 16.0161 3.8354 1.88524 4.15959 32.7385
threshold=10.237145529883515 1.0000000180025095e-35 75.28979390544238 83.670857414349555 74107.97500000002 86506.390000000029 86685.680000000008 1.5000000000000002 635.82500000000016 700.50000000000011 86.093151370441589 86.844306792562236 3.5000000000000004 14.936790958897943 26.836450000000003 252.25000000000003 26.442439486365583 26.638830125549728 663.50000000000011 137218.77000000005 -25512.304999999997 18.699374622402356 27946.480000000003 72.928714755831734 1.5000000000000002 17.161655684627252 10.124659967582778 0.63350000000000006 42904.825000000004 47185.835000000006
decision_type=2 2 2 2 2 2 2 2 2 2 2 2 2 2 2 2 2 2 2 2 2 2 2 2 2 2 2 2 2 2
left_child=1 26 -3 -4 -5 10 -7 8 -8 20 16 12 13 -12 22 -13 23 -18 -9 21 -10 -20 -15 24 25 -2 -1 -25 -29 -30
right_child=5 2 3 4 -6 6 7 18 9 -11 11 15 -14 14 -16 -17 17 -19 19 -21 -22 -23 -24 27 -26 -27 -28 28 29 -31
leaf_value=-0.031941415430112356 0.24537814779286082 0.24511428717665162 -0.042094492843708801 0.26350606114827019 -0.042273750866391076 0.35261941699334631 -0.020727589559477483 -0.033483432154329411 0.30826918347776122 0.0095170949697331968 0.46336380452780379 0.14319380260499956 -0.042188582047211702 -0.042323844584357735 0.26276096961777395 -0.041888214963363639 0.34021902647810287 -0.030608347369631528 0.2319526056679993 -0.042239835625239051 0.17201271509721905 0.033740075591373257 0.12718746291156038 -0.039251434246754591 -0.042032235690556405 -0.041885374382329955 0.088237187533456593 -0.034364177446244162 0.16551956313477925 -0.041904569485931818
leaf_weight=5.0311473906040201 1.0390921309590329 1.8987891376018531 4.3651517368853074 3.2332079783082008 1.2840215116739271 0.75709712505340832 2.3155229948461082 11.728503901511429 1.5559785738587379 0.95736926794052113 0.88711492717266027 0.80809783190488715 1.6922681741416452 1.0584241040050986 0.81523194909095753 8.0038452185690385 1.0391915664076794 4.4163409769535065 0.72777957469224863 1.3228805549442766 1.6163727901875973 0.65633109956979752 0.59060740470886219 37.671429820358753 3.5920960754156113 0.91028197482228268 0.76481245458126057 26.425162553787231 2.4087773822247973 9.0473545342683774
leaf_count=94 13 18 77 25 21 8 40 211 14 14 9 12 28 17 9 149 9 81 10 22 18 10 10 698 64 17 11 483 42 167
internal_value=-2.88139e-05 0.0594882 0.100115 0.0691189 0.176588 -0.00811302 0.0336515 0.0220863 0.111526 0.18568 -0.0171135 0.0263174 0.115828 0.195618 0.0992314 -0.0249153 -0.0240662 0.0400283 -0.0178472 0.0498992 0.238844 0.137962 0.0183873 -0.0283781 0.0118848 0.111237 -0.0160831 -0.0313313 -0.023455 0.00170863
internal_weight=138.62 16.5771 10.7812 8.88238 4.51723 122.043 21.6378 20.8807 6.44524 4.12972 100.405 13.8556 5.04365 3.35138 2.46426 8.81194 86.5497 5.45553 14.4355 2.70699 3.17235 1.38411 1.64903 81.0942 5.54147 1.94937 5.79596 75.5527 37.8813 11.4561
internal_count=2401 246 141 123 46 2155 347 339 86 46 1808 234 73 45 36 161 1574 90 253 42 32 20 27 1484 94 30 105 1390 692 209
is_linear=0
shrinkage=0.05


Tree=14
num_leaves=31
num_cat=0
split_feature=14 10 15 16 16 14 16 14 14 10 11 0 16 14 0 14 14 0 12 14 15 16 10 10 16 16 16 16 14 14
split_gain=102.927 40.0882 26.2619 23.0466 23.4587 35.4482 16.1441 16.0161 15.5445 13.5774 17.796 13.2792 13.0383 12.0019 13.0728 11.9167 12.1472 10.1211 9.72078 11.6206 9.63568 9.4665 14.7645 9.2948 9.1438 8.62149 18.1444 11.9957 11.6794 15.9537
threshold=15005.845000000003 710.75000000000011 1.0000000180025095e-35 9.0408417965197909 26.007581085145656 37560.725000000006 8.9408011719724616 14295.370000000001 11694.595000000001 777.00000000000011 3.5000000000000004 22.500000000000004 27.317881397539463 8555.5150000000012 8.5000000000000018 50788.205000000009 47813.31500000001 7.5000000000000009 7363.9000000000005 13582.360000000002 1.0000000180025095e-35 8.400439926168163 646.33500000000015 780.16500000000008 27.687369116201058 15.273266350406027 16.801689717540544 16.444565510263867 64596.430000000008 95570.765000000014
decision_type=2 2 2 2 2 2 2 2 2 2 2 2 2 2 2 2 2 2 2 2 2 2 2 2 2 2 2 2 2 2
left_child=1 18 11 6 9 12 15 8 13 -5 -11 21 -6 14 -3 16 -4 -10 -1 -20 -15 22 -2 -16 -14 -12 27 -27 -28 -30
right_child=2 7 3 4 5 -7 -8 -9 17 10 25 -13 24 20 23 -17 -18 -19 19 -21 -22 -23 -24 -25 -26 26 28 -29 29 -31
leaf_value=-0.010691825481508051 -0.048066534525023505 0.09659569295731385 0.023220257258371773 -0.019351718863764789 0.14256603489516187 -0.020805897866038935 0.17375652189356453 0.14582178067594251 0.091008775327500388 0.14491198386026577 -0.020244724743212525 0.059740077374013115 -0.049049873177360925 0.039348027849732861 0.089354239414813963 -0.013887957565451478 0.18213258258307971 -0.030933747831766473 0.056701058556260446 -0.023811793324827038 0.15770831377644784 -0.034266796240063395 0.13556467823590329 -0.029278603117357221 0.1058980420908926 0.02812484290166541 -0.014048539779694292 0.17970095768128658 0.10462088303741651 -0.013254235391210002
leaf_weight=19.473529294133186 2.2686530947685233 11.133179977536207 2.7416804134845716 130.5878731161356 7.7134346812963503 10.828710094094275 2.6580568552017203 8.2715151160955411 2.4679137766361228 2.2963159829378119 24.517499148845673 4.1073112040758124 1.87805712223053 2.2249097079038602 2.4931062757968894 5.6124392449855804 2.1421090960502625 5.4800626486539841 18.141897037625316 5.9519981890916815 7.5701852142810822 120.17001678049564 2.115225225687027 4.88866226375103 1.9311941415071485 2.5977713465690604 25.617217600345612 2.6234724968671799 5.8349117934703809 5.6500494182109833
leaf_count=103 13 52 14 707 35 60 12 35 12 11 133 21 10 11 12 29 10 29 88 32 32 671 9 25 10 14 136 14 30 31
internal_value=0.00118515 0.0496778 -0.0105547 -0.000620743 -0.00442972 0.0441478 0.0636842 0.08304 0.0687176 -0.00986607 0.00805063 -0.028717 0.105189 0.0860642 0.0623849 0.0358095 0.0929218 0.00693044 0.0155788 0.0368117 0.130823 -0.031634 0.0405357 0.0107883 0.0295048 0.00334876 0.0170162 0.104286 0.00473509 0.046632
internal_weight=451.989 88.097 363.892 235.231 222.077 22.3514 13.1543 44.5295 36.258 199.725 69.1372 128.661 11.5227 28.31 18.5149 10.4962 4.88379 7.94798 43.5674 24.0939 9.79509 124.554 4.38388 7.38177 3.80925 66.8409 42.3234 5.22124 37.1022 11.485
internal_count=2401 431 1970 1256 1191 115 65 208 173 1076 369 714 55 132 89 53 24 41 223 120 43 693 22 37 20 358 225 28 197 61
is_linear=0
shrinkage=0.05


Tree=15
num_leaves=31
num_cat=0
split_feature=14 14 17 16 16 16 14 1 17 14 17 17 17 1 14 0 14 16 5 16 14 16 16 1 14 14 16 14 16 17
split_gain=21.8523 19.3829 17.2833 18.9197 32.182 17.5747 19.0007 18.902 17.0174 15.3892 37.3866 21.3543 20.668 21.6212 16.8231 16.1912 13.826 13.152 12.8692 12.8185 12.2282 11.9783 19.0861 11.4804 16.0851 14.2349 10.8913 10.7204 10.9052 10.7736
threshold=11694.595000000001 3282.6450000000004 72.594893836567522 25.33725579843054 27.138266981008375 23.680703569635394 76020.450000000012 4.5000000000000009 84.993059885711105 44320.670000000006 82.972720627968656 84.667565021002687 77.982491973029923 1.5000000000000002 49088.525000000001 11.500000000000002 22142.140000000003 22.203245181922863 0.25640000000000002 13.048624988655137 195889.38000000003 21.404491056375818 25.77082073588581 4.5000000000000009 115013.07500000003 53033.515000000007 21.169877512263472 42904.825000000004 10.56928009079534 87.470337323657688
decision_type=2 2 2 2 2 2 2 2 2 2 2 2 2 2 2 2 2 2 2 2 2 2 2 2 2 2 2 2 2 2
left_child=1 -1 21 5 -5 9 7 8 -7 18 12 -12 13 -11 -13 19 -9 -14 -4 -15 23 -2 -23 24 25 -16 -21 28 -20 -30
right_child=2 -3 3 4 -6 6 -8 16 -10 10 11 14 17 15 20 -17 -18 -19 27 26 -22 22 -24 -25 -26 -27 -28 -29 29 -31
leaf_value=0.092109200535508362 0.090976282181430307 -0.030577632771745324 0.085504584389907684 -0.04289474145347618 0.030164078860254479 0.071356715004016344 -0.032746536688724404 0.062977976713426642 -0.032510576994878609 0.057757055466614221 0.087016591326797829 0.090320836947443778 -0.0254903562879654 -0.05280929850202945 -0.065341640950437554 -0.027252172638479545 -0.062706642957366054 0.047490460168900211 -0.031869555158492914 0.072890155851367558 0.086761651089663105 -0.062811098708881852 0.096345989308901592 -0.050766910796639059 -0.065992186858193899 0.053191968554296767 -0.010841833261807305 -0.063523541406476244 3.428673167749356e-05 -0.064187633098084354
leaf_weight=3.363519459962844 9.2173314690589923 75.084999024868011 3.7324559092521659 53.547617644071579 20.978653967380524 33.912629753351212 9.8306512236595136 3.3543002307414991 4.4623413383960715 22.617123484611511 19.302192956209183 8.0044222474098188 74.930496841669083 3.8394164741039303 2.9598188698291841 27.078001618385315 6.2938261032104492 6.7274857461452475 35.438736379146576 12.86692935228348 4.6327578723430625 4.3325749039649954 3.3325831592082977 8.3372290134429914 4.7523409128189078 17.558875977993011 5.562603533267974 8.4132803678512555 210.58625566959381 6.7393318712711325
leaf_count=11 30 261 12 185 69 110 34 11 15 74 63 26 253 13 10 93 22 22 122 42 15 15 11 29 16 58 19 29 708 23
internal_value=-0.000424857 -0.0253174 0.00265844 0.00129156 -0.0223292 0.00453986 0.0305855 0.0435499 0.0592788 0.00142708 0.0112283 0.0428428 -0.00226102 0.0172749 0.0244052 -0.00127926 -0.0190107 -0.0194777 -0.00668181 0.0303026 0.0106081 0.0525696 0.00638568 0.000110658 0.0168958 0.0360935 0.0476172 -0.00799923 -0.0061511 -0.00195725
internal_weight=711.791 78.4485 633.342 616.46 74.5263 541.934 57.8537 48.0231 38.375 484.08 219.17 65.5476 153.622 71.9641 46.2454 49.347 9.64813 81.658 264.91 22.2689 38.241 16.8825 7.66516 33.6083 25.271 20.5187 18.4295 261.178 252.764 217.326
internal_count=2401 272 2129 2073 254 1819 192 158 125 1627 733 217 516 241 154 167 33 275 894 74 128 56 26 113 84 68 61 882 853 731
is_linear=0
shrinkage=0.05


Tree=16
num_leaves=31
num_cat=0
split_feature=15 13 11 0 14 14 14 10 6 13 0 0 1 10 1 0 16 10 14 14 13 16 16 14 1 16 14 1 16 0
split_gain=197.404 12.5216 12.9879 12.5043 9.01887 29.6842 9.00632 12.4338 9.53169 8.9192 8.62409 8.17497 8.1573 8.60547 7.92068 10.924 10.5015 9.99847 9.15517 12.3071 10.0517 7.60459 7.92384 8.28614 7.43073 20.1956 15.5508 8.72201 13.008 8.28587
threshold=1.0000000180025095e-35 -68816.154999999984 1041.0000000000002 20.500000000000004 122496.08000000002 110825.955 70001.885000000024 394.25000000000006 0.40880377914444727 -31317.109999999997 18.500000000000004 12.500000000000002 3.5000000000000004 507.16500000000002 2.5000000000000004 15.500000000000002 12.26029197207653 555.83500000000015 38110.810000000005 42904.825000000004 -6591.0299999999997 17.094124830969808 24.245576452781354 37560.725000000006 4.5000000000000009 25.926766103419006 8245.4000000000015 2.5000000000000004 14.7157607942827 8.5000000000000018
decision_type=2 2 2 2 2 2 2 2 2 2 2 2 2 2 2 2 2 2 2 2 2 2 2 2 2 2 2 2 2 2
left_child=1 -1 3 6 5 24 8 -8 -3 -10 -9 -7 -5 -14 16 21 -11 -17 20 -20 -18 -16 -23 -24 26 -26 27 28 -2 -30
right_child=4 2 -4 12 -6 11 7 10 9 14 -12 -13 13 -15 15 17 18 -19 19 -21 -22 22 23 -25 25 -27 -28 -29 29 -31
leaf_value=-0.029916321676795078 -0.05123627739730291 0.079792018029981676 -0.0015110037109594551 -0.027335211545324253 -0.050644133584208641 0.01630005189777944 0.087194809629375009 -0.004885983891426751 0.094171735659570335 0.075884157732607385 0.090493118437049436 0.12572570478173209 -0.033352811863651237 0.083338043686488422 0.044760605861847637 -0.022371864204840716 -0.053800397165166935 0.058653632441060047 0.11700350075237378 0.0050617070564408862 0.01786851527885441 0.10187989716081246 -0.014287676291557045 0.09288959201590348 -0.018881988862990431 0.06541977375729062 -0.031982162605509824 -0.033425831318065695 0.13914302174129248 0.036759998851406885
leaf_weight=6.547514095902442 2.7759401351213482 27.473359152674675 17.006261497735977 9.5727647244930285 28.361354634165764 2.9152971804141989 5.9579878747463253 20.42063753306866 9.2100343555212003 8.3301119208335859 2.6811635047197333 4.1174838244915009 2.3962997496128073 4.6376782357692719 23.241077363491058 7.8488499820232374 7.1127919405698767 7.3943547010421753 4.2814604938030225 5.756733700633049 15.671699777245523 18.226820111274723 3.5621524453163138 3.6524962335824966 67.491832822561264 7.9401161670684806 204.95008334517479 5.574506238102912 3.0688768923282606 5.5500217527151108
leaf_count=29 13 107 71 41 137 13 24 87 35 33 10 16 10 18 92 33 30 29 16 23 63 70 14 14 314 34 963 26 12 24
internal_value=0.000312835 0.0381476 0.0403275 0.0441237 -0.0236768 -0.0211641 0.0481504 0.0227929 0.0533484 0.0469917 0.00618358 0.0803655 0.00270361 0.0435844 0.0428565 0.0538707 0.0257472 0.0169329 0.0130228 0.0528068 -0.00450486 0.0654365 0.0843242 0.039972 -0.0235654 -0.0100082 -0.0281736 0.0178245 0.0428969 0.0732149
internal_weight=543.728 210.982 204.435 187.428 332.746 304.384 170.822 29.0598 141.762 114.289 23.1018 7.03278 16.6067 7.03398 105.079 63.9258 41.1528 15.2432 32.8227 10.0382 22.7845 48.6825 25.4415 7.21465 297.351 75.4319 221.919 16.9693 11.3948 8.6189
internal_count=2401 849 820 749 1552 1415 680 121 559 452 97 29 69 28 417 252 165 62 132 39 93 190 98 28 1386 348 1038 75 49 36
is_linear=0
shrinkage=0.05


Tree=17
num_leaves=31
num_cat=0
split_feature=14 1 15 1 9 17 14 17 17 14 16 16 0 1 1 0 11 0 14 0 16 11 17 17 14 14 0 16 14 6
split_gain=66.117 32.3777 27.356 19.9295 11.8243 11.0937 11.0753 11.6712 32.0742 10.8199 12.412 14.2669 16.8919 15.1052 15.2468 20.1577 24.6085 16.6826 15.0637 21.0672 32.4163 10.8963 10.1065 24.9316 18.8461 22.5581 19.3748 41.2041 15.3534 10.6525
threshold=124611.29000000002 1.5000000000000002 1.0000000180025095e-35 3.5000000000000004 0.7320000000000001 74.569237748499262 15742.515000000001 77.107311112970351 77.515968220962506 5597.2850000000008 14.975888802998432 15.147038538844516 13.500000000000002 1.5000000000000002 2.5000000000000004 16.500000000000004 533.00000000000011 15.500000000000002 42904.825000000004 8.5000000000000018 23.680703569635394 482.50000000000006 82.972720627968656 82.776074366912269 77733.585000000006 84059.640000000014 4.5000000000000009 11.932273147573413 19116.940000000006 0.69970696362263796
decision_type=2 2 2 2 2 2 2 2 2 2 2 2 2 2 2 2 2 2 2 2 2 2 2 2 2 2 2 2 2 2
left_child=2 -2 9 -3 5 -5 -4 -8 -9 -1 -11 21 18 -14 17 -16 -17 -15 -13 20 -20 -12 23 24 26 -26 27 -10 -29 -25
right_child=1 3 6 4 -6 -7 7 8 22 10 11 12 13 14 15 16 -18 -19 19 -21 -22 -23 -24 29 25 -27 -28 28 -30 -31
leaf_value=0.11447082487328547 -0.022019768701350077 0.13264232292136888 -0.043845263136325252 0.11863642284258638 0.10308557356422732 -0.023104298965335494 -0.034173719816260967 0.14023264032813429 0.25586964146936103 -0.016814679423818788 0.17975548039991368 -0.0273182756052129 -0.035142832118663717 0.21341640360028347 -0.030509883521215888 0.12849907597638441 -0.046161791478402298 0.037065823069700535 0.16035552996357519 -0.037643417587582016 -0.022636703796937632 0.013191347995054304 -0.026553855395234034 0.23350195902427617 0.18814864648057558 0.010379840848311738 -0.040381669378906526 0.12224545047822864 -0.045537624824865862 0.064877952988821416
leaf_weight=2.4782214015722266 8.4802719876170141 13.609770864248278 39.25959213078022 1.7717293351888637 5.5574039518833152 6.2510535567998886 48.737673953175545 3.6926241070032111 1.8181283622980098 32.808361038565636 2.3888930827379218 27.071735501289368 4.7364549562335041 3.0512954890728023 6.3611825257539776 7.6567272841930372 2.7377393841743469 2.3926506340503693 5.4799630492925662 6.2958231270313254 4.3342785835266113 1.6670707613229749 47.240526705980301 1.4302883744239796 2.5082725584506971 6.1850314140319824 28.846781760454178 1.753820940852165 6.1261050924658775 2.7134629040956497
leaf_count=16 64 67 313 9 30 42 371 20 12 241 12 197 35 17 44 47 19 16 29 47 32 11 352 10 12 44 216 10 46 20
internal_value=-0.00107343 0.0632783 -0.0087307 0.0898819 0.0470283 0.00819733 -0.0201857 -0.0140364 -0.00444406 0.0111854 0.00879285 0.0201195 0.0148455 0.0459182 0.0632132 0.0395941 0.0824961 0.135909 -0.00453712 0.0337449 0.0795404 0.111295 -0.00986105 0.00548633 -0.00482918 0.0616713 -0.0198275 0.0413106 -0.00819445 0.123081
internal_weight=335.443 35.6702 299.773 27.19 13.5802 8.02278 190.312 151.053 102.315 109.46 106.982 74.1738 70.1179 26.9361 22.1996 16.7556 10.3945 5.44395 43.1818 16.1101 9.81424 4.05596 98.6224 51.3819 47.2381 8.6933 38.5448 9.69805 7.87993 4.14375
internal_count=2401 212 2189 148 81 51 1426 1113 742 763 747 506 483 178 143 110 66 33 305 108 61 23 722 370 340 56 284 68 56 30
is_linear=0
shrinkage=0.05


Tree=18
num_leaves=31
num_cat=0
split_feature=16 14 1 17 15 0 17 17 17 5 17 17 1 16 10 14 1 14 14 1 0 9 14 17 17 0 10 0 1 16
split_gain=23.3568 16.8376 26.82 21.9112 16.5335 16.7083 17.9126 29.1111 11.0225 9.0984 9.05809 19.8047 20.1836 21.2171 8.57553 7.85501 13.7875 6.80129 12.4403 43.6225 23.4168 11.2364 9.54681 7.25531 17.9027 6.057 4.76823 7.5793 10.2071 6.85859
threshold=10.237145529883515 120428.63500000002 1.5000000000000002 78.24456158195683 1.0000000180025095e-35 4.5000000000000009 83.670857414349555 75.28979390544238 81.055726430744656 6.1084000000000005 86.093151370441589 86.844306792562236 3.5000000000000004 18.739130640068613 252.25000000000003 125613.27 3.5000000000000004 39610.80000000001 47185.835000000006 4.5000000000000009 13.500000000000002 0.63350000000000006 40483.535000000011 84.731945630098224 84.904306125582536 6.5000000000000009 199.25000000000003 17.500000000000004 2.5000000000000004 24.773812023993589
decision_type=2 2 2 2 2 2 2 2 2 2 2 2 2 2 2 2 2 2 2 2 2 2 2 2 2 2 2 2 2 2
left_child=4 10 3 -3 -1 -6 7 -7 -5 -10 17 12 13 -12 -13 16 -4 26 19 22 21 -21 -19 -20 -25 -8 27 29 -29 -2
right_child=1 2 15 8 5 6 25 -9 9 -11 11 14 -14 -15 -16 -17 -18 18 23 20 -22 -23 -24 24 -26 -27 -28 28 -30 -31
leaf_value=-0.015678115184751509 -0.041910021259190272 -0.042030476397978078 -0.042053032686688814 0.24814518000995733 -0.042811876235632054 0.19095463786227379 0.10573569163925396 -0.041917115347669238 0.18145989696519141 -0.042201532563693744 0.25317720195291021 0.11858081084729202 -0.042120066381356347 0.018603868988815251 -0.041832026775724812 -0.035082018640097044 0.26368711699813491 0.14844702973601406 -0.033126442527777369 0.20802740798622393 0.011466673902158372 0.46059726022283543 -0.035154747136650538 0.19558253298262029 -0.042056210864278409 0.23532016073569478 -0.037642071911178049 0.19697486928812402 -0.04183807265810343 0.14897924679022173
leaf_weight=5.7077930197119722 4.9324809797108164 1.4760479182004917 0.8494894988834838 2.5478184409439564 2.0142587535083303 2.3218814283609372 1.3246787115931509 3.1801491007208824 1.0919280573725698 0.7791490927338599 2.3426663354039188 0.92919419705867667 1.8803745321929453 1.6380055397748945 8.060400076210497 7.1967944987118244 0.6515670008957386 0.78431468084454348 22.522345401346687 0.98750878870487147 0.93293258920311917 0.79476069286465645 7.27832917496562 1.2516455352306359 2.1607100404798985 2.8245354108512402 47.56674812734127 1.0379933118820188 0.78642479702830304 0.52018136903643597
leaf_count=105 92 26 15 21 30 18 15 60 8 13 20 12 32 25 155 131 9 12 420 10 16 11 130 15 39 18 907 13 15 8
internal_value=-0.000159397 -0.00794333 0.0424222 0.124759 0.0540534 0.0881722 0.115509 0.0563558 0.180472 0.0883234 -0.0148505 0.0213717 0.0928813 0.156653 -0.0252512 -0.0133817 0.0906603 -0.0207258 -0.00406956 0.0410799 0.214419 0.320655 -0.0172944 -0.0228326 0.0451092 0.193949 -0.0318756 0.00581716 0.0940333 -0.0236993
internal_weight=138.373 121 14.5928 5.89494 17.3733 11.6655 9.65124 5.50203 4.4189 1.87108 106.407 14.8506 5.86105 3.98067 8.98959 8.69785 1.50106 91.5564 36.7125 10.7778 2.7152 1.78227 8.06264 25.9347 3.41236 4.14921 54.8438 7.27708 1.82442 5.45266
internal_count=2401 2155 223 68 246 141 111 78 42 21 1932 244 77 45 167 155 24 1688 653 179 37 21 142 474 54 33 1035 128 28 100
is_linear=0
shrinkage=0.05


Tree=19
num_leaves=31
num_cat=0
split_feature=15 17 10 13 16 16 10 10 0 17 17 17 17 0 16 10 17 11 1 1 7 16 0 17 17 16 17 10 1 4
split_gain=36.3066 25.8539 22.6657 20.6364 15.5336 14.2814 11.87 11.8261 12.8824 11.2327 10.9782 12.7478 10.8454 22.0701 12.146 11.156 10.5945 10.1467 9.01174 21.1566 8.52611 8.51954 8.32329 8.31869 8.97163 8.4924 10.6338 8.17095 8.12592 8.33164
threshold=1.0000000180025095e-35 87.721695233601409 828.10000000000014 -5094.2299999999987 8.6933578220345069 27.441891379316228 646.33500000000015 858.30000000000007 2.5000000000000004 87.831549829888772 75.897520299417081 73.753964870118139 84.759965017900129 21.500000000000004 9.1659961102698571 612.58500000000015 78.159111904973685 444.50000000000006 1.0000000180025095e-35 2.5000000000000004 1.0000000180025095e-35 8.6933578220345069 22.500000000000004 75.413458725232786 81.716519499421963 19.950576258858472 82.112334332974385 555.83500000000015 1.0000000180025095e-35 5.6735000000000007
decision_type=2 2 2 2 2 2 2 2 2 2 2 2 2 2 2 2 2 2 2 2 2 2 2 2 2 2 2 2 2 2
left_child=4 2 3 -2 6 22 -1 17 -9 -3 11 -10 14 15 21 -14 -12 -4 -13 -20 -21 -5 -6 28 -25 26 -26 -27 -16 -30
right_child=1 9 7 12 5 -7 -8 8 10 -11 16 18 13 -15 23 -17 -18 -19 19 20 -22 -23 -24 24 25 27 -28 -29 29 -31
leaf_value=-0.0011108371695829028 -0.020981200052177785 0.15733160191204498 0.12879542904171801 0.013239765135294845 -0.025975906855188829 0.12010933883769766 0.12967331919575051 0.081085522763617079 -0.005492631826859112 0.043724920227707825 -0.036882339599693587 0.15790391961329825 -0.0029029858730178315 0.16954519574134536 0.097853763994659282 0.070569466479959236 0.016465022294381858 0.026721792884384352 -0.048657663629808112 0.054387969678609642 0.15676931834217245 0.14518317229761207 0.045640927080112581 -0.022367015202018562 0.058491812762796691 0.024995101184997232 -0.031681930940897766 0.13388760727506308 0.0001136886323194379 0.087300975164104511
leaf_weight=4.16566078364849 76.948774814605713 4.0259434878826124 5.2385045737028104 2.375869780778884 139.94691513478756 1.7424036413431157 2.9732231795787811 8.5830744504928571 7.9040965884923962 4.7344851642847061 12.349546462297438 2.5952240526676169 13.985874995589262 2.9622313678264609 3.3548885732889202 8.1932212561368924 37.771099701523781 4.5487187653779984 3.4724037796258918 4.7385308593511564 3.5622527897357941 2.5222455412149429 4.1781199872493735 43.000560253858566 4.5838544219732311 6.0095102787017805 11.401194512844084 2.4150371700525284 17.295463815331463 3.255912020802497
leaf_count=23 419 17 24 12 785 8 12 39 41 23 67 11 74 15 16 40 197 23 19 23 15 11 21 231 23 31 61 11 93 16
internal_value=0.00114109 0.0113112 0.00874664 -0.000725392 -0.0186551 -0.0221796 0.0533585 0.0294416 0.023167 0.095934 0.0163001 0.0455087 0.0121183 0.0413591 0.00447756 0.0242386 0.00332042 0.0813556 0.0735647 0.0549734 0.0983246 0.081183 -0.0238998 0.000363164 -0.00862387 0.0155864 -0.00582381 0.056211 0.0257045 0.0139266
internal_weight=450.835 297.829 289.068 198.305 153.006 145.867 7.13888 90.7635 80.9762 8.76043 72.3932 22.2725 121.356 25.1413 96.2145 22.1791 50.1206 9.78722 14.3684 11.7732 8.30078 4.89812 144.125 91.3164 67.4102 24.4096 15.985 8.42455 23.9063 20.5514
internal_count=2401 1552 1512 1053 849 814 35 459 412 40 373 109 634 129 505 114 264 47 68 57 38 23 806 482 357 126 84 42 125 109
is_linear=0
shrinkage=0.05


Tree=20
num_leaves=31
num_cat=0
split_feature=15 14 16 14 4 16 16 16 16 16 16 14 16 10 14 14 11 11 11 14 16 14 14 14 8 14 0 16 16 16
split_gain=101.022 21.8193 20.4713 14.9975 16.0802 13.0042 15.2589 14.2219 14.2309 19.8746 16.4785 20.5531 19.731 21.7084 12.5854 13.7632 10.2842 8.95951 11.2059 8.85732 15.4728 8.76202 15.3638 8.64826 12.2199 10.8437 8.96493 8.27151 11.742 8.01532
threshold=1.0000000180025095e-35 11694.595000000001 16.93142270458414 9194.4750000000022 2.3720000000000003 9.1659961102698571 9.8099420385027454 10.037245751867212 25.33725579843054 27.138266981008375 23.252661526642903 76020.450000000012 19.155645228645806 504.62500000000006 45763.42500000001 124026.26000000002 4.5000000000000009 518.00000000000011 313.50000000000006 42080.995000000003 26.573171398361335 56664.270000000011 33946.69000000001 60927.92500000001 3.5000000000000004 62878.210000000014 14.500000000000002 18.854750967608805 18.739130640068613 21.622929806081491
decision_type=2 2 2 2 2 2 2 2 2 2 2 2 2 2 2 2 2 2 2 2 2 2 2 2 2 2 2 2 2 2
left_child=14 2 -2 4 -4 -3 -7 -8 10 19 12 -12 27 16 -1 23 -14 18 -11 -10 -21 22 29 26 25 -25 -16 28 -9 -15
right_child=1 5 3 -5 -6 6 7 8 9 17 11 -13 13 21 15 -17 -18 -19 -20 20 -22 -23 -24 24 -26 -27 -28 -29 -30 -31
leaf_value=-0.035406470538606398 -0.051981959416078909 -0.021303686347224255 0.051796009500191864 -0.053588762353088883 -0.062540585292060039 0.083353514007545218 -0.062591674812780468 0.027570298104979449 -0.047274750154215922 0.048082583324230099 0.061093883688772145 -0.038636643477964916 -0.030039198349546572 -0.0060197469852365836 -0.038750288494978795 -0.043828077259356342 0.047619075979517596 0.086513734733477274 -0.056199092929941831 0.050248955676709499 -0.054699000477522887 -0.042094677389954864 0.053362523951619813 0.093867584856061392 0.085776147728756746 -0.0049477214278416748 0.025233634238436553 0.07508230647813896 -0.042308511351031121 -0.065612916948123698
leaf_weight=151.01918336749077 23.401724338531494 20.962547421455383 17.636143684387214 6.7602691054344168 3.7245383560657492 9.0314904451370221 5.4500244855880728 168.30872151255608 21.226020067930222 7.4083866178989428 43.546156704425812 5.8614558279514304 5.1480509638786343 23.829587757587436 20.253148227930073 24.657769024372101 24.80233108997345 6.2097994387149802 3.9495179653167725 7.91964143514633 6.310549795627594 22.909776240587234 9.20866811275482 3.0523054599761954 5.281381517648696 30.704119712114334 7.5024547278881064 8.6801031827926618 6.2343092262744895 7.3929953873157492
leaf_count=533 84 72 58 24 13 29 19 552 75 24 140 20 17 80 70 89 81 20 13 26 22 79 30 10 17 105 25 28 21 25
internal_value=-0.000368167 0.0132532 -0.017433 0.011318 0.0318598 0.0170685 0.0191131 0.0176037 0.0187571 -0.00526543 0.0226653 0.0492624 0.017913 -0.000804846 -0.026542 -0.0119035 0.0342707 0.0382229 0.0118204 -0.0268128 0.00370852 -0.0173901 -0.00339159 -0.000118087 0.0150524 0.0039873 -0.0214552 0.0274435 0.0250744 -0.0201304
internal_weight=708.383 465.913 51.5227 28.121 21.3607 414.39 393.428 384.396 378.946 53.0239 325.922 49.4076 276.515 93.2914 242.47 91.4512 29.9504 17.5677 11.3579 35.4562 14.2302 63.341 40.4313 66.7934 39.0378 33.7564 27.7556 183.223 174.543 31.2226
internal_count=2401 1552 179 95 71 1373 1301 1272 1253 180 1073 160 913 312 849 316 98 57 37 123 48 214 135 227 132 115 95 601 573 105
is_linear=0
shrinkage=0.05


Tree=21
num_leaves=31
num_cat=0
split_feature=15 17 14 14 17 17 17 14 14 14 14 9 4 17 14 17 5 14 14 4 17 14 14 17 14 14 17 12 17 14
split_gain=178.381 14.3274 17.897 12.9054 12.22 12.2176 9.65783 9.41596 12.6852 11.7485 10.8268 11.4442 10.5302 9.91067 12.6647 9.294 9.18654 8.31063 24.8986 8.46848 12.0147 11.5297 19.8722 10.8043 11.0095 10.6869 10.1215 9.76745 8.4516 7.40484
threshold=1.0000000180025095e-35 81.101802189404438 74782.37000000001 66786.165000000023 73.005249268407496 87.831549829888772 79.862794907542863 58161.090000000004 51384.305000000008 44320.670000000006 23637.365000000005 0.58550000000000002 2.4065000000000007 85.412848632172611 16385.940000000006 84.771119119447036 3.0724500000000003 122496.08000000002 110825.955 2.7190000000000007 73.049886649887497 29990.250000000004 31230.285000000007 80.923744056922843 63660.695000000007 30293.545000000002 77.915235392041609 35227.250000000007 78.159111904973685 38110.810000000005
decision_type=2 2 2 2 2 2 2 2 2 2 2 2 2 2 2 2 2 2 2 2 2 2 2 2 2 2 2 2 2 2
left_child=1 4 3 7 -1 15 -6 8 9 10 13 12 29 -3 -15 17 -13 18 19 20 25 -21 -23 -24 -25 -2 -22 -27 -28 -12
right_child=5 2 -4 -5 6 -7 -8 -9 -10 -11 11 16 -14 14 -16 -17 -18 -19 -20 21 26 22 23 24 -26 27 28 -29 -30 -31
leaf_value=-0.011083743256946825 -0.035493559270530765 -0.017921191615576659 -0.026909858227031021 0.10577042212811841 0.046517332415717871 0.049442953972866965 0.093632152281016526 -0.053733399753169958 0.10227851626863603 -0.052472739712970812 -0.02577058685377245 0.011179587654168315 0.10964110130270979 0.088560002933252474 -0.016489436959392891 -0.041554296181176308 0.10001433702075663 -0.049976115228648629 0.073475909410763193 -0.026598850573159451 -0.043740041749695868 0.13150948614534694 -0.027452034323248466 -0.03073983226359453 0.10430105304014836 0.11085377457130155 0.055431977926572465 0.0098943860363561939 -0.021627925627307202 0.053156090596027807
leaf_weight=8.3258062303066236 6.2508022636175182 16.646327257156376 16.008557051420212 5.3850946128368369 98.280444130301476 5.7266061753034583 12.230453282594679 3.5600745975971213 5.5342295169830313 4.7281621843576422 8.7696927785873395 3.8124642223119762 2.6797799170017234 6.5045361965894681 5.1334373503923416 62.424317389726639 12.297259792685507 21.303717508912086 7.309134602546691 20.11405473947525 67.418905094265938 3.7030608952045467 10.568556547164919 2.3903328627347937 4.0949490070343018 3.8146490901708585 3.6871589124202719 6.4403206557035446 101.67768284678459 4.4948603063821784
leaf_count=36 29 70 73 19 380 23 43 15 20 21 37 16 10 25 21 307 46 107 29 94 330 14 50 11 17 14 16 29 482 17
internal_value=0.000296535 0.0357403 0.0213258 0.0310332 0.0473307 -0.0229468 0.0517316 0.0256062 0.0296069 0.0234259 0.0293733 0.0492689 0.0192384 0.00682613 0.0422234 -0.0242375 0.0789911 -0.0200601 -0.0173763 -0.0202615 -0.0247181 0.000378694 0.0265207 0.00372354 0.0545279 0.0160385 -0.0286115 0.0474493 -0.0189313 0.000974708
internal_weight=541.315 214.391 95.5545 79.5459 118.837 326.924 110.511 74.1608 70.6007 65.0665 60.3384 32.0541 15.9443 28.2843 11.638 321.198 16.1097 258.773 237.47 230.16 189.29 40.871 20.7569 17.0538 6.48528 16.5058 172.784 10.255 105.365 13.2646
internal_count=2401 849 390 317 459 1552 423 298 283 263 242 126 64 116 46 1529 62 1222 1115 1086 900 186 92 78 28 72 828 43 498 54
is_linear=0
shrinkage=0.05


Tree=22
num_leaves=31
num_cat=0
split_feature=14 1 15 16 14 17 17 16 16 5 17 17 14 14 16 17 1 4 14 14 14 17 10 16 1 10 16 17 17 17
split_gain=58.2291 26.6081 25.9101 15.2205 10.7752 10.983 27.1346 9.65011 11.6188 9.3773 9.15595 20.5809 16.6201 17.6306 15.1178 39.4089 8.29892 11.4655 8.11267 10.5214 7.88874 15.662 7.46325 7.34659 9.87235 8.57667 7.27995 7.70473 19.3163 10.346
threshold=124611.29000000002 1.5000000000000002 1.0000000180025095e-35 12.480749344527382 15742.515000000001 77.107311112970351 77.515968220962506 14.975888802998432 15.147038538844516 6.9640000000000013 82.972720627968656 82.776074366912269 77733.585000000006 84059.640000000014 11.165287429392679 80.902180393090234 4.5000000000000009 1.7630000000000001 18530.515000000003 17179.405000000002 91587.400000000009 80.965407153322531 412.12500000000006 12.924166088099154 3.5000000000000004 528.25000000000011 25.696221399911909 86.05146900138358 87.239259272620487 75.615982676050336
decision_type=2 2 2 2 2 2 2 2 2 2 2 2 2 2 2 2 2 2 2 2 2 2 2 2 2 2 2 2 2 2
left_child=2 -2 7 -3 -4 -6 -7 16 -9 22 11 12 14 -14 15 -8 -1 -18 19 -16 -15 -22 -5 -11 -25 -26 27 29 -29 -10
right_child=1 3 4 9 5 6 10 8 26 23 -12 -13 13 20 18 -17 17 -19 -20 -21 21 -23 -24 24 25 -27 -28 28 -30 -31
leaf_value=-0.029499189055347402 -0.021143501252830359 -0.045466671606031253 -0.043568016964485451 0.041555196932393186 -0.03361904748592881 0.12257918213926296 -0.045547233105689061 0.10047855943690098 0.054926937994256964 0.16466210639569767 -0.025912335056196112 0.10585633190900717 0.15965806356894285 -0.045600831871599551 -0.046426369074653945 0.18409728059955494 -0.0055558825296242037 0.11010981558823041 -0.045285695501686235 0.12406161109119876 -0.045953277397742659 0.179414804239902 0.13285551085816927 0.10415909522342037 0.075380268941948519 -0.046486023608405237 -0.024687340822783573 0.13550484534639831 -0.045961472548263688 0.0041674941293060111
leaf_weight=21.984672680497169 8.2448774725198728 2.2062991186976459 37.849714450538158 2.7214446216821697 47.275490298867226 4.0366711169481269 4.9072976112365714 4.3086813092231742 13.144076630473135 1.3790924102067936 46.096371658146381 4.5849949270486823 2.8122777342796308 3.2216589972376823 1.9086930304765728 3.0166112035512924 8.7369606196880323 2.8386047780513755 26.588041193783283 1.7208499908447266 1.5480136573314669 1.53566338121891 12.608693823218344 3.8399257361888868 2.3856927528977394 3.6566271483898163 9.5563306733965856 4.2982778698205939 2.2258767709136009 42.491123966872692
leaf_count=168 64 17 313 14 371 20 37 23 85 6 352 30 12 24 13 18 65 16 207 9 11 9 55 18 13 25 72 22 16 296
internal_value=-0.00105296 0.0580543 -0.00843276 0.0807288 -0.0197409 -0.0136984 -0.00446344 0.0108745 0.0207327 0.0911993 -0.00969958 0.00471575 -0.00509674 0.0555493 -0.019594 0.0418778 -0.0114574 0.0228081 -0.0357136 0.0344059 0.00911515 0.0662795 0.116648 0.0565563 0.0414699 0.00163052 0.0159415 0.0221878 0.0735931 0.0161597
internal_weight=333.73 37.0427 296.687 28.7978 187.102 149.253 101.977 109.585 76.0244 26.5915 97.9405 51.8441 47.2591 9.11761 38.1415 7.92391 33.5602 11.5756 30.2176 3.62954 6.30534 3.08368 15.3301 11.2613 9.88225 6.04232 71.7157 62.1594 6.52415 55.6352
internal_count=2401 212 2189 148 1426 1113 742 763 514 131 722 370 340 56 284 55 249 81 229 22 44 20 69 62 56 38 491 419 38 381
is_linear=0
shrinkage=0.05


Tree=23
num_leaves=31
num_cat=0
split_feature=16 14 14 16 1 5 16 16 16 16 1 10 0 16 16 16 16 16 16 16 16 16 16 16 16 5 16 1 0 14
split_gain=20.9382 19.6831 21.7 27.3033 20.2137 16.3348 15.3674 10.4383 10.4343 12.307 10.7856 7.09912 9.47798 15.6645 20.4302 11.9481 21.7553 6.79073 10.6223 5.79059 14.5987 13.3311 5.87221 5.66765 14.6737 4.88678 4.27284 7.41519 4.25789 4.06469
threshold=19.361024622865273 86506.390000000029 164480.99000000002 19.03805597472822 2.5000000000000004 61.219550000000005 18.660666839608144 10.237145529883515 8.5498635215146006 8.6933578220345069 1.5000000000000002 524.25000000000011 16.500000000000004 18.699374622402356 18.759473480947296 15.444518873745212 13.983918511676972 14.831189043058862 8.6933578220345069 25.952548069151771 26.638830125549728 26.573171398361335 26.152437405121798 9.1659961102698571 9.0408417965197909 39.956800000000008 13.111311154315088 4.5000000000000009 21.500000000000004 8555.5150000000012
decision_type=2 2 2 2 2 2 2 2 2 2 2 2 2 2 2 2 2 2 2 2 2 2 2 2 2 2 2 2 2 2
left_child=1 5 3 4 6 7 17 8 -1 -10 29 12 13 25 -15 16 -14 18 -3 -2 21 22 -21 24 -12 -9 27 -6 -25 -11
right_child=19 2 -4 -5 26 -7 -8 11 9 10 23 -13 15 14 -16 -17 -18 -19 -20 20 -22 -23 -24 28 -26 -27 -28 -29 -30 -31
leaf_value=-0.041891620032117452 -0.032591996440451139 0.2181155201466837 -0.042121614674629729 0.27289925869785903 -0.04185292463436624 0.20696678716933317 -0.042023424933092135 -0.037565780668668759 0.21406233331723312 0.18639658477637713 -0.042763034935583095 -0.025537215026386374 0.0032854237420955586 0.30499543632881254 -0.041735006723365747 -0.041748406784950468 0.23277448421687744 0.21201235590448275 -0.04237114979294071 0.13266329686846048 -0.035357492061951011 0.20773645653764686 -0.020903248004963022 -0.042231520266921563 0.15560191805498838 0.09753102305920229 -0.04196979631233802 0.18598637242125451 0.087768121072674399 0.056444695236058419
leaf_weight=3.3108632862567893 43.278490010648966 0.76018121838569441 3.6100164428353301 1.876009166240691 0.78930791094899155 0.97446903586387534 1.0648740530014036 11.413698729127645 1.1476510763168324 1.4746323078870767 1.7832360453903657 30.306078318506479 2.1688924692571154 0.85371945053338893 0.84568852931261063 1.7999117672443388 1.971386946737766 3.0586521998047829 0.80667959898710251 0.85588566213846062 7.7308881990611553 1.3735344558954237 2.2830382622778416 3.9564372003078461 1.9536944329738617 0.71108202636241991 3.2971639186143875 0.65218542143702507 0.7491314224898814 1.0165305770933626
leaf_count=63 840 7 64 12 15 5 19 214 9 7 29 575 35 6 17 36 18 18 13 13 151 9 37 68 12 11 61 9 9 19
internal_value=-0.000273247 0.0157257 0.0656694 0.0972928 0.0657041 0.00376169 0.129227 0.000736801 0.0367473 0.0582982 0.0419484 -0.0103332 0.0129802 -0.00971675 0.132449 0.0658011 0.112556 0.168651 0.0840071 -0.0240036 0.00635529 0.077819 0.0209695 0.0149725 0.0609436 -0.0296428 -0.0105765 0.0612301 -0.0215354 0.133369
internal_weight=137.874 82.3522 15.9151 12.3051 10.429 66.4371 5.69039 65.4626 15.3922 12.0813 10.9337 50.0705 19.7644 13.8242 1.69941 5.94019 4.14028 4.62551 1.56686 55.5218 12.2433 4.51246 3.13892 8.4425 3.73693 12.1248 4.73866 1.44149 4.70557 2.49116
internal_count=2401 1351 218 154 142 1133 57 1128 216 153 144 912 337 248 23 89 53 38 20 1050 210 59 50 118 41 225 85 24 77 26
is_linear=0
shrinkage=0.05


Tree=24
num_leaves=31
num_cat=0
split_feature=14 10 15 16 16 14 17 17 16 10 14 14 17 15 16 16 10 10 14 16 16 12 14 17 17 2 4 16 6 12
split_gain=85.2744 30.4126 22.592 18.3201 19.6534 27.184 13.1834 12.7429 12.3903 12.0337 11.4568 12.3139 12.5886 11.8874 13.1865 10.9744 12.8245 10.1847 11.7602 11.9057 9.34262 8.32115 9.89999 12.9875 8.08234 7.95692 7.80038 7.42075 7.20007 6.87016
threshold=15005.845000000003 710.75000000000011 1.0000000180025095e-35 9.0408417965197909 26.007581085145656 37560.725000000006 85.981283397876169 87.721695233601409 8.400439926168163 1158.2500000000002 14295.370000000001 11694.595000000001 82.543014272090318 1.0000000180025095e-35 21.063469055116567 8.400439926168163 646.33500000000015 229.33500000000001 34654.500000000007 13.983918511676972 27.317881397539463 7363.9000000000005 13582.360000000002 82.543014272090318 85.270615145529817 1.5000000000000002 0.071500000000000008 27.687369116201058 0.72948800519514256 22685.445000000003
decision_type=2 2 2 2 2 2 2 2 2 2 2 2 2 2 2 2 2 2 2 2 2 2 2 2 2 2 2 2 2 2
left_child=1 21 15 6 7 20 8 9 -4 28 11 12 13 -3 -15 16 -2 18 19 -17 -6 -1 23 -23 -25 29 -13 -22 -5 -21
right_child=2 10 3 4 5 -7 -8 -9 -10 -11 -12 26 -14 14 -16 17 -18 -19 -20 25 27 22 -24 24 -26 -27 -28 -29 -30 -31
leaf_value=-0.010420959126687441 -0.047573593291000554 -0.034717377492188381 0.009109964240217136 -0.025248096325686465 0.11766996157544735 -0.019973257445818893 -0.048575846178253258 0.076533975059911177 0.11678590813756183 0.03084963528569383 0.12188352534086518 0.060300682597925474 0.11304167125132568 0.096596536020866319 -0.011581185867345134 -0.048217217229143274 0.11274611351776659 -0.036760082577129823 -0.029397334532639419 -0.020443006222430199 -0.048726593704131092 0.01641996442837762 -0.023386253262750237 0.13973917983793119 0.034221362969596388 0.17888775225434272 -0.038412682406363668 0.088240289425025598 -0.0051365312135199289 0.11799255264500362
leaf_weight=19.337734624743462 2.1728146970272055 3.5252625197172209 4.2199127972125989 87.755039721727371 8.6751595586538333 10.599308073520659 2.5402558594942084 4.2127416282892218 7.2820570766925812 15.525640964508055 9.1986575871705991 3.5773068368434888 12.439684391021727 10.554865777492521 3.8426175713539132 2.1174438744783428 2.9288209974765778 99.335322052240372 10.860550969839094 1.783765032887459 1.8334925770759576 11.200788766145712 5.8774121403694144 4.8850714564323416 2.8874703943729401 1.7614456862211225 4.5424643903970718 2.1468090862035751 90.291342496871948 1.8011757880449293
leaf_count=103 13 19 21 485 35 60 14 18 30 81 35 17 50 44 19 12 11 584 64 10 10 55 32 20 13 10 24 10 492 10
internal_value=0.00108816 0.0440589 -0.00994375 -0.000865085 -0.00438318 0.0390973 0.0545134 -0.00949544 0.0772811 -0.0113677 0.0717535 0.0597705 0.0743971 0.0475749 0.0677244 -0.0273289 0.0444651 -0.0304419 0.00380872 0.0521265 0.0885705 0.0141756 0.0333155 0.0508801 0.10054 0.0918678 0.00507721 0.0251476 -0.0150491 0.0491109
internal_weight=449.712 91.8693 357.843 235.082 221.04 23.2548 14.0422 197.785 11.502 193.572 47.6809 38.4822 30.3624 17.9227 14.3975 122.761 5.10164 117.66 18.3244 7.46383 12.6555 44.1885 24.8507 18.9733 7.77254 5.34639 8.11977 3.9803 178.046 3.58494
internal_count=2401 431 1970 1256 1191 115 65 1076 51 1058 208 173 132 82 63 714 24 690 106 42 55 223 120 88 33 30 41 20 977 20
is_linear=0
shrinkage=0.05


Tree=25
num_leaves=31
num_cat=0
split_feature=15 14 1 10 5 5 14 14 1 16 1 11 11 14 16 16 16 5 14 4 10 14 16 16 16 1 1 10 16 12
split_gain=107.73 20.6619 16.4417 13.0721 15.4912 14.023 11.5621 13.6183 17.5469 12.8495 14.3505 9.44809 9.30712 9.06574 7.90563 8.59455 9.11714 10.1758 8.81412 8.29265 7.87912 7.31848 7.83481 7.6431 16.0437 12.6897 9.03398 13.0315 8.36539 7.28754
threshold=1.0000000180025095e-35 13800.605000000001 3.5000000000000004 448.50000000000006 2.7718000000000003 0.77570000000000017 55081.535000000011 124026.26000000002 4.5000000000000009 20.835682607989913 3.5000000000000004 467.50000000000006 833.50000000000011 170993.59000000003 10.56928009079534 14.290873910892385 15.444518873745212 31.578950000000003 35904.370000000003 0.27100000000000007 1130.5000000000002 14295.370000000001 15.914038626489075 22.903763827132796 24.255667389378583 1.5000000000000002 1.0000000180025095e-35 708.75000000000011 19.155645228645806 69753.420000000013
decision_type=2 2 2 2 2 2 2 2 2 2 2 2 2 2 2 2 2 2 2 2 2 2 2 2 2 2 2 2 2 2
left_child=6 2 -2 29 5 -5 -1 8 9 -8 -11 -4 -7 14 20 19 -17 21 -19 -16 -6 -18 -23 25 -25 -24 -26 -28 -27 -3
right_child=1 3 11 4 13 12 7 -9 -10 10 -12 -13 -14 -15 15 16 17 18 -20 -21 -22 22 23 24 26 28 27 -29 -30 -31
leaf_value=-0.035574890496964336 -0.032891095202039609 0.039162730066848866 0.042144483657185296 0.020828963573683669 -0.023467143468656314 -0.023283413786942923 0.054212708512591502 -0.040961350072107112 -0.033732022180910787 -0.063691174013619442 0.061178004989334671 -0.025831453572543774 0.048552872923971375 0.081680428706604136 0.024546702202231992 -0.026844769542988568 0.083987795678004157 -0.012858109372023727 0.07574997822846026 0.079475972647489943 0.057749643996269508 0.08716752080526069 0.035593369857215486 0.076937577699071169 -0.041360563993212619 0.0088870619820524445 -0.027388199676758603 0.046569295637951758 -0.039410003133063455 0.0081129493234788994
leaf_weight=160.51029381155968 39.155918151140213 86.847057223320007 15.780708312988283 37.215082675218582 17.776427745819095 58.943465739488602 18.296974241733555 25.170910328626633 18.033502012491226 6.1171204745769483 3.688155859708786 7.5610159933567038 4.8823419213294974 5.9080626368522635 16.368599116802219 10.789525926113127 3.736214965581893 3.5541106462478664 13.343022167682646 11.842070609331129 3.589195877313613 3.4134870171546927 15.08346390724182 11.228384524583815 7.2844938933849326 15.591616392135618 9.0123148560524005 17.564636617898941 21.097486197948456 24.153070747852325
leaf_count=575 138 284 52 123 61 201 60 93 64 21 12 26 16 19 53 36 12 12 43 38 12 11 49 36 26 51 31 58 72 80
internal_value=-0.000321009 0.0136422 -0.0130905 0.0178271 0.0122123 -0.00356491 -0.0281322 -0.0113788 0.00476094 0.0294623 -0.0167229 0.0201252 -0.0177883 0.0207289 0.0187423 0.0225591 0.0171942 0.0211241 0.0571123 0.0476045 -0.00982359 0.0152776 0.0127176 0.0100939 0.0251439 -0.00301351 0.00796927 0.0214901 -0.0188854 0.0324065
internal_weight=693.539 461.722 62.4976 399.224 288.224 101.041 231.817 71.3067 46.1358 28.1023 9.80528 23.3417 63.8258 187.183 181.275 159.909 131.699 120.909 16.8971 28.2107 21.3656 104.012 100.276 96.8624 45.0898 51.7726 33.8614 26.577 36.6891 111
internal_count=2365 1540 216 1324 960 340 825 250 157 93 33 78 217 620 601 528 437 401 55 91 73 346 334 323 151 172 115 89 123 364
is_linear=0
shrinkage=0.05


Tree=26
num_leaves=31
num_cat=0
split_feature=15 13 0 10 16 14 0 1 1 0 16 4 14 5 5 14 5 10 16 16 16 16 16 14 1 14 5 5 16 16
split_gain=154.786 13.914 10.0031 9.1337 8.96173 16.8341 11.2382 8.72749 8.64706 19.2529 11.6345 11.6499 12.8021 10.0777 8.09667 13.7726 7.42849 12.8435 14.0137 5.97448 16.2025 8.53155 14.3551 9.40775 7.00842 8.45157 6.86871 8.6455 8.05952 7.28887
threshold=1.0000000180025095e-35 -59769.959999999992 21.500000000000004 1249.5000000000002 27.437631174893696 27946.480000000003 9.5000000000000018 4.5000000000000009 4.5000000000000009 15.500000000000002 10.966725249237497 1.2005000000000001 30293.545000000002 0.63050000000000006 1.2791500000000002 5923.1600000000008 0.53655000000000019 564.41500000000008 13.561243222063183 11.816895400272299 13.111311154315088 14.975888802998432 17.041884306252943 138471.62000000002 5.5000000000000009 38110.810000000005 0.63050000000000006 22.583500000000004 8.6933578220345069 9.5234714016566056
decision_type=2 2 2 2 2 2 2 2 2 2 2 2 2 2 2 2 2 2 2 2 2 2 2 2 2 2 2 2 2 2
left_child=1 -1 3 19 6 -6 14 -7 -8 10 -10 12 -12 -11 16 -16 -2 -18 -19 26 -21 -22 24 -24 25 -23 -3 28 -28 -30
right_child=4 2 -4 -5 5 7 8 -9 9 13 11 -13 -14 -15 15 -17 17 18 -20 20 21 22 23 -25 -26 -27 27 -29 29 -31
leaf_value=-0.026159964694269996 -0.044732001589112592 0.10888724156063599 -0.013191062989594016 -0.015356609830068389 0.10997250713462647 -0.05006019529409126 -0.021444516264702177 0.06993857819569356 -0.050261725196147314 0.04368400059138014 0.0055304858914242182 -0.013915642047717145 0.11913840230987501 -0.038545744835548679 0.089474873704337266 -0.041723771581086866 -0.04253458527408488 -0.050300927193687874 0.084864231454432976 -0.040194265740230745 0.075482469928802531 -0.041695381631641361 0.047228982291928318 -0.010203231914754729 0.070472629196930717 0.034130879996098276 -0.022443744140140692 0.095922634189635869 0.086271641511319691 0.029054245925691405
leaf_weight=9.3553975224494916 8.9139575064182299 5.5970988422632209 9.75160865485668 7.5044063180685034 3.6667182296514493 5.9427109956741333 121.74106800556183 2.0337740778923035 2.8309623003006008 4.5352048128843334 3.550800845026969 3.9982552379369727 8.2207510620355588 20.882319688796997 2.0362817496061316 113.25147810578346 6.4635821878910091 2.6264005750417692 7.1058315336704254 6.6568184345960608 14.837234199047087 11.041238546371465 93.270302176475525 7.7206483185291281 2.6962688565254203 5.5080864280462256 4.7693919986486462 7.9131665825843802 8.43840339779854 16.35160531103611
leaf_count=42 44 20 41 31 16 30 589 9 14 19 17 19 33 102 8 566 32 13 29 27 55 45 356 32 10 22 21 28 30 65
internal_value=0.000298606 0.0334524 0.0362126 0.0387178 -0.0217565 0.0212986 -0.0233939 -0.019464 -0.0145776 0.00441427 0.043069 0.0598236 0.0848694 -0.0238736 -0.0338028 -0.0394065 -0.00807432 0.0121016 0.0483877 0.0409136 0.0359577 0.0397107 0.0352965 0.0428384 -0.0042794 -0.0164582 0.0572222 0.0495052 0.0370791 0.0485308
internal_weight=529.212 211.412 202.056 192.305 317.8 11.6432 306.157 7.97649 165.759 44.0183 18.6008 15.7698 11.7716 25.4175 140.398 115.288 25.1098 16.1958 9.73223 184.8 141.731 135.074 120.237 100.991 19.2456 16.5493 43.0697 37.4726 29.5594 24.79
internal_count=2365 825 783 742 1540 55 1485 39 793 204 83 69 50 121 692 574 118 74 42 711 547 520 465 388 77 67 164 144 116 95
is_linear=0
shrinkage=0.05


Tree=27
num_leaves=31
num_cat=0
split_feature=14 15 14 16 17 16 0 16 1 16 14 17 17 17 11 16 16 17 13 14 12 0 17 14 14 14 14 0 7 17
split_gain=55.6544 23.2194 18.6564 28.8642 15.8589 16.2777 16.5745 14.6529 13.8509 18.9175 12.3234 10.9824 14.9012 11.8966 9.62946 9.46829 17.1327 19.4076 13.6886 10.0583 9.89784 11.6699 8.43783 8.43595 8.22239 14.7511 9.31742 10.2764 16.9378 13.2738
threshold=164480.99000000002 1.0000000180025095e-35 77733.585000000006 19.361024622865273 72.738590669675986 14.975888802998432 16.500000000000004 12.480749344527382 1.5000000000000002 20.835682607989913 110825.955 78.699943827567822 73.806396595974505 81.101802189404438 451.00000000000006 23.680703569635394 23.521814970566606 83.891722958473395 -481.47499999999997 11973.565000000002 60437.160000000011 5.5000000000000009 85.270615145529817 106687.46000000001 15742.515000000001 16177.695000000002 39989.375000000007 6.5000000000000009 1.0000000180025095e-35 77.107311112970351
decision_type=2 2 2 2 2 2 2 2 2 2 2 2 2 2 2 2 2 2 2 2 2 2 2 2 2 2 2 2 2 2
left_child=1 4 24 -4 -1 -6 15 -2 -8 -10 -11 12 -5 -13 -9 16 17 20 22 -17 -7 -22 -19 -15 -3 -26 27 28 -27 -30
right_child=7 2 3 11 5 6 8 14 9 10 -12 13 -14 23 -16 19 -18 18 -20 -21 21 -23 -24 -25 25 26 -28 -29 29 -31
leaf_value=0.11032508446175471 -0.044963180451951287 -0.044652372723499388 -0.028732948000853145 0.11807517761861851 -0.019197655109329793 -0.024229955475881002 -0.030083578683436463 0.11739628526215327 0.14208835744888054 -0.0045552898010639623 0.14736460705619134 0.12236359163803211 -0.045582828606257023 -0.045296634811089267 0.010981902066611336 0.10659588451572927 0.13872184382214445 0.18001229747042805 0.01310474197736736 -0.038330103670722558 0.1321461296834657 -0.0076346418437027719 0.059152090503661242 0.093390189593266393 0.097774874414002302 -0.016583899957632188 -0.036078000643366727 -0.020883249259323874 -0.044716947306052746 0.099923455269201114
leaf_weight=4.0515681952238074 1.9267180934548402 33.544729046523571 17.928414322435856 2.0389463901519802 33.966794796288013 22.896134905517105 3.2122840061783817 13.700909912586214 7.2790577411651594 5.9463708698749542 1.7212866246700285 8.2055759876966459 4.375907376408577 2.3131144493818274 2.5163384974002829 1.315095230937003 2.8904006928205481 3.0053948312997818 5.771544545888899 13.356722362339495 2.4395612329244605 3.8491174653172493 2.7798837348818779 2.0846993327140808 2.7490842938423148 13.551754489541056 49.417506687343121 49.025882378220558 1.9994368627667407 7.6745727509260178
leaf_count=23 16 289 139 10 255 163 24 62 38 40 7 36 33 18 15 10 14 14 37 100 11 27 17 11 17 101 395 382 17 44
internal_value=0.000287316 -0.00470387 -0.0152015 0.0167843 0.0131689 0.00960429 0.0223989 0.0853969 0.0641116 0.0843556 0.0295487 0.0596932 0.00643549 0.0868003 0.100885 0.00940725 0.0210914 0.0127461 0.0675859 -0.0253398 -0.00896975 0.0465904 0.121938 0.0204452 -0.0226828 -0.0167595 -0.0193474 -0.00790431 0.0194922 0.070029
internal_weight=327.535 309.391 194.91 36.9467 114.481 110.43 76.4629 18.144 18.159 14.9467 7.66766 19.0182 6.41485 12.6034 16.2172 58.3039 43.632 40.7416 11.5568 14.6718 29.1848 6.28868 5.78528 4.39781 157.963 124.418 121.669 72.2516 23.2258 9.67401
internal_count=2365 2272 1492 247 780 757 502 93 109 85 47 108 43 65 77 393 283 269 68 110 201 38 31 29 1245 956 939 544 162 61
is_linear=0
shrinkage=0.05


Tree=28
num_leaves=31
num_cat=0
split_feature=16 14 16 16 17 17 5 1 10 1 0 17 14 14 1 14 3 10 16 16 17 17 16 16 17 5 1 10 9 5
split_gain=16.6943 21.0592 18.9237 13.7567 12.0305 12.6857 11.35 10.8666 9.73174 7.77038 6.97424 13.2936 19.1502 7.89034 14.8536 6.90403 6.33517 7.31723 5.81368 12.2657 13.2026 7.60764 5.40883 4.91125 3.80227 3.47224 8.82261 3.46714 3.30391 2.89205
threshold=19.361024622865273 86506.390000000029 19.03805597472822 8.1680667889043708 85.65839643812636 86.844306792562236 61.219550000000005 1.0000000180025095e-35 252.25000000000003 3.5000000000000004 1.5000000000000002 80.923744056922843 32312.445000000003 10582.695000000002 1.5000000000000002 32312.445000000003 0.23250000000000004 785.25000000000011 25.952548069151771 26.638830125549728 79.082881195789298 82.028115912773686 10.037245751867212 14.994326440419377 86.368047682203112 24.853200000000005 5.5000000000000009 1012.1650000000001 0.63350000000000006 2.0463500000000003
decision_type=2 2 2 2 2 2 2 2 2 2 2 2 2 2 2 2 2 2 2 2 2 2 2 2 2 2 2 2 2 2
left_child=1 4 3 -3 6 9 10 23 -7 15 11 12 -1 14 -12 24 -9 29 -2 20 -20 -22 -11 -5 -6 -15 -27 -17 -23 -18
right_child=18 2 -4 7 5 8 -8 16 -10 22 13 -13 -14 25 -16 27 17 -19 19 -21 21 28 -24 -25 -26 26 -28 -29 -30 -31
leaf_value=-0.041727455576427389 -0.033184475402422087 0.22752443123240673 0.18859544538290895 0.045162110153993545 0.092124462523918732 0.1106320632895178 0.15840445363438055 -0.027046594798129226 -0.041809664892112908 0.13856898353875455 0.11867994903705764 -0.041734760720093508 0.24705261686901081 -0.035942454162939889 -0.041918374417740885 -0.042051804682758605 -0.041816858489183789 0.18260635766837408 -0.043130375738116948 -0.034918678949306767 0.1926608318921896 0.1172912327769967 -0.041831109973796993 0.16877400905566259 0.18427178485562418 -0.028249097343849588 0.13297652409106928 0.10922482218247598 -0.042787452541745014 0.08114759319539909
leaf_weight=0.98911836743354742 40.702417865395546 0.91034076362848537 2.5306566134095183 1.6372441127896302 2.1216749623417837 1.2951597496867169 0.95194417983293433 6.6898797973990423 5.4627937562763691 0.54523895680904422 2.6764197610318652 2.3743847124278545 1.3681893870234487 33.641459867358208 3.1159518770873547 0.93797954916954018 1.1631517037749293 0.87234982103109349 1.7440258897840957 7.3030264489352703 1.8706753775477412 0.62586374208331086 1.7461556307971475 1.5780351459980009 2.3699875101447105 3.5790380015969268 1.1122238822281358 0.6353020928800106 0.66462297737598419 0.81198179349303234
leaf_count=20 815 6 15 19 19 14 5 127 111 5 22 48 14 657 59 17 23 7 26 147 14 10 34 7 17 64 12 6 10 15
internal_value=-0.00225807 0.0119939 0.0630048 0.0397429 -0.000729717 0.0383429 -0.0125862 0.0263382 -0.0125943 0.0795368 -0.0159178 0.0417709 0.125881 -0.022104 0.0322876 0.109173 -0.000460382 0.0620013 -0.0241075 0.00615521 0.0673076 0.128237 0.00109522 0.10583 0.140745 -0.030323 0.00997494 0.0190348 0.0348479 0.0087341
internal_weight=134.027 81.1167 16.1936 13.663 64.923 15.1143 49.8087 12.7526 6.75795 8.35634 48.8568 4.73169 2.35731 44.1251 5.79237 6.06494 9.53736 2.84748 52.9106 12.2082 4.90519 3.16116 2.29139 3.21528 4.49166 38.3327 4.69126 1.57328 1.29049 1.97513
internal_count=2365 1343 219 204 1124 223 901 198 125 98 896 82 34 814 81 59 172 45 1022 207 60 34 39 26 36 733 76 23 20 38
is_linear=0
shrinkage=0.05


Tree=29
num_leaves=31
num_cat=0
split_feature=12 13 11 10 10 16 15 0 0 12 17 16 16 6 11 13 16 16 7 16 16 17 12 16 12 17 12 0 0 10
split_gain=34.3574 22.5832 13.8194 13.792 12.4008 14.7272 11.5987 11.6156 11.4096 9.52707 9.48856 8.83145 13.5422 8.26735 9.93796 8.01431 9.72207 7.89259 12.2226 7.88016 7.95412 14.6473 10.571 13.2268 14.9773 7.94197 9.99742 12.2408 17.5681 7.69626
threshold=14822.51 -8692.159999999998 1252.5000000000002 568.58500000000015 710.75000000000011 22.542464529959442 1.0000000180025095e-35 22.500000000000004 20.500000000000004 6426.2600000000011 87.721695233601409 9.0408417965197909 8.9408011719724616 0.97143411292160708 63.500000000000007 -36523.314999999995 25.935859416234941 22.070420863755547 1.0000000180025095e-35 15.147038538844516 12.600779347059726 74.050821958299579 33937.44000000001 10.459893608432493 18013.005000000001 83.66421951461227 41920.810000000005 5.5000000000000009 20.500000000000004 664.7650000000001
decision_type=2 2 2 2 2 2 2 2 2 2 2 2 2 2 2 2 2 2 2 2 2 2 2 2 2 2 2 2 2 2
left_child=1 3 6 -1 9 8 7 -2 -6 17 11 12 -8 14 -11 -5 29 -3 -19 20 21 -13 23 -23 -25 -21 27 -27 -29 -17
right_child=2 4 -4 15 5 -7 10 -9 -10 13 -12 19 -14 -15 -16 16 -18 18 -20 25 -22 22 -24 24 -26 26 -28 28 -30 -31
leaf_value=-0.03793617052227026 -0.030069754268936238 -0.043329388889050718 0.039252556132343103 -0.020375494223361653 0.079049749781952977 0.0012428549626740323 0.0038947513891051909 0.062569305593093247 -0.012409858834418154 0.095813400180324193 0.077805129508972198 0.11989153056631022 0.12894663310488982 -0.0034116831869734107 0.023851183400105846 0.06685085934467494 0.09803197719869762 -0.048786004174792175 0.11355701871444075 -0.0093545777114057704 -0.048128197261361791 -0.048337794154393432 -0.048215195545156339 -0.048633350156702615 0.096661599107114193 0.12650226909443096 -0.012913812093568074 -0.0093149183633860575 0.12747060836075055 -0.00050173105900984437
leaf_weight=19.839939534664154 87.581599339842796 9.428330257534979 13.875272318720816 12.389743417501448 31.75755412876606 10.263460054993628 8.2147157937288267 3.5197040289640418 3.8201874494552603 7.7346385419368771 3.4205034971237174 2.0667278021574047 2.9397007822990409 10.517166659235956 12.63471409678459 5.5591091364622178 4.2041041851043692 2.2126631140708914 2.4356741458177567 89.367004811763763 22.006014674901962 5.3223041146993664 14.242437630891798 2.5492829680442792 5.8296793848276138 3.686439171433455 12.608409032225607 9.8657910376787168 3.0802946984767905 17.893829479813576
leaf_count=116 525 52 70 71 131 50 40 17 18 35 15 11 11 52 62 29 17 12 12 487 126 30 81 14 31 19 70 52 15 94
internal_value=0.000619559 0.0199888 -0.00943908 -0.00384574 0.035708 0.0540076 -0.0118843 -0.0264906 0.0692292 0.0170511 -0.00469927 -0.00625174 0.0368517 0.0325888 0.0511766 0.0130433 0.0280142 -0.0170412 0.0362798 -0.00906959 -0.0252953 -0.0085524 -0.0180522 0.0133022 0.0524559 -0.00195368 0.0206652 0.0461199 0.0232308 0.015463
internal_weight=440.867 150.691 290.176 59.8867 90.8044 45.8412 276.301 91.1013 35.5777 44.9632 185.199 181.779 11.1544 30.8865 20.3694 40.0468 27.657 14.0767 4.64834 170.624 52.0164 30.0104 27.9437 13.7013 8.37896 118.608 29.2409 16.6325 12.9461 23.4529
internal_count=2365 751 1614 327 424 199 1544 542 149 225 1002 987 51 149 97 211 140 76 24 936 293 167 156 75 45 643 156 86 67 123
is_linear=0
shrinkage=0.05


Tree=30
num_leaves=31
num_cat=0
split_feature=15 17 14 1 17 17 14 17 16 14 14 1 14 16 16 17 1 14 17 14 17 14 16 17 5 1 16 3 0 16
split_gain=95.5891 20.0082 16.0706 11.9847 10.9759 12.3643 10.8464 22.8371 19.3412 19.0433 14.4671 10.6273 24.2294 23.9289 18.1146 18.3389 11.136 18.4963 12.7231 12.9687 11.6767 10.7684 10.4851 9.83325 9.60929 10.3274 15.4365 9.99397 9.14664 8.79622
threshold=1.0000000180025095e-35 87.556912595543295 13800.605000000001 3.5000000000000004 86.793659298349084 86.677625498977264 60927.92500000001 82.20556191651805 24.773812023993589 74782.37000000001 79416.750000000015 1.5000000000000002 71330.200000000012 11.547223022133162 18.759473480947296 83.670857414349555 4.5000000000000009 29990.250000000004 81.870475766374 56664.270000000011 84.506012204994761 18338.620000000003 8.2564816114823696 87.470337323657688 2.5430000000000006 1.0000000180025095e-35 25.402299452312185 1.2315000000000003 11.500000000000002 15.223739430650616
decision_type=2 2 2 2 2 2 2 2 2 2 2 2 2 2 2 2 2 2 2 2 2 2 2 2 2 2 2 2 2 2
left_child=6 2 3 -2 5 11 -1 10 9 -9 -8 24 13 22 15 28 18 21 -15 29 -19 -18 -13 -6 27 26 -26 -4 -14 -20
right_child=1 -3 4 -5 23 -7 7 8 -10 -11 -12 12 14 16 -16 -17 17 20 19 -21 -22 -23 -24 -25 25 -27 -28 -29 -30 -31
leaf_value=-0.03343137474046845 -0.028689466193408127 -0.046843370245573938 -0.02691980808436354 0.017860293075690564 0.058546820444263653 -0.067077464772281561 0.020928437569018153 -0.032942539928620049 -0.058595360088885828 0.079753818009730484 -0.051596547421807498 0.080681883602256324 0.040317108442686836 0.052397181917435601 -0.035583685149051955 0.080782528247959451 -0.016379758529790921 -0.020903402580391979 0.05726074166848194 0.082430160292053731 0.080988708496180561 0.069521401684143141 -0.021322436263423696 -0.004455719955148517 0.039869678980534666 0.056143967008710417 -0.036118522550043199 0.036993233926401872 -0.038662178641133055 -0.020233277346892644
leaf_weight=166.12829679250717 34.492529630661011 13.640979781746863 12.906935155391695 23.078878313302994 27.979801148176193 4.4652108550071707 9.1234811544418317 5.0435549616813722 5.0847043842077246 14.599096417427061 27.91564553976059 2.7058672606945029 5.583336651325232 64.543213099241257 40.567671805620193 8.0389896631240827 4.7761602103710201 30.14954087138176 4.595330059528357 5.2958210110664359 3.100976586341857 15.449732720851896 36.53223842382431 7.953853875398635 23.999735444784164 41.296660810709 9.2628513276576978 11.625756859779356 10.674243986606596 18.026396751403809
leaf_count=605 122 49 43 77 90 15 31 18 19 48 104 9 18 210 142 26 16 102 15 17 10 50 124 27 78 133 33 38 36 60
internal_value=-0.00029268 0.0128087 0.0146287 -0.0100289 0.018273 0.0155974 -0.0267802 -0.00889098 0.0283187 0.0508173 -0.0337322 0.0166548 0.0111631 0.020375 -0.015135 0.0190078 0.0296949 0.0115335 0.0401989 0.0119973 -0.0114008 0.0492366 -0.0142882 0.0446013 0.0305119 0.0394433 0.0187087 0.00336784 -0.0115383 -0.00449131
internal_weight=688.637 460.743 447.102 57.5714 389.53 353.597 227.895 61.7665 24.7274 19.6427 37.0391 349.131 250.04 185.175 64.8642 24.2966 145.937 53.4764 92.4608 27.9175 33.2505 20.2259 39.2381 35.9337 99.0919 74.5592 33.2626 24.5327 16.2576 22.6217
internal_count=2365 1540 1491 199 1292 1175 825 220 85 66 135 1160 835 613 222 80 480 178 302 92 112 66 133 117 325 244 111 81 54 75
is_linear=0
shrinkage=0.05


Tree=31
num_leaves=31
num_cat=0
split_feature=1 16 14 10 17 14 17 16 5 0 16 16 17 16 11 16 14 16 1 14 14 14 14 14 5 14 14 14 14 14
split_gain=12.7723 14.5103 17.2436 9.74821 9.84614 16.8347 16.0053 18.0874 16.2515 12.4571 14.6087 10.3991 15.0495 11.679 11.651 8.92696 11.895 10.7293 9.01153 8.70776 8.39034 12.0538 8.94529 26.8882 14.769 8.36227 11.8912 10.1975 15.0252 13.8597
threshold=4.5000000000000009 23.652185932263748 22142.140000000003 1213.5000000000002 82.646449543620477 56664.270000000011 82.112334332974385 11.680900003906785 0.76360000000000017 6.5000000000000009 8.2564816114823696 19.23233293083474 87.831549829888772 8.2564816114823696 925.00000000000011 13.561243222063183 13800.605000000001 24.846441133496473 1.5000000000000002 18186.750000000004 22595.405000000002 30214.09 122496.08000000002 110825.955 1.0542500000000004 75035.305000000008 66786.165000000023 58161.090000000004 54471.805000000008 42080.995000000003
decision_type=2 2 2 2 2 2 2 2 2 2 2 2 2 2 2 2 2 2 2 2 2 2 2 2 2 2 2 2 2 2
left_child=3 25 -3 4 6 11 7 8 -1 -10 -11 12 13 -6 -13 -9 17 18 -17 -18 -21 -22 23 24 -23 26 27 28 29 -2
right_child=1 2 -4 -5 5 -7 -8 15 9 10 -12 14 -14 -15 -16 16 19 -19 -20 20 21 22 -24 -25 -26 -27 -28 -29 -30 -31
leaf_value=0.10850986939960366 0.014632106817426951 -0.020951279951841484 0.066671527132522251 -0.036354499286848668 0.084189689466555903 -0.045291729321450133 0.066581920686023574 -0.044667693409274546 -0.024656707492604707 -0.051189297310920479 0.068530636626357028 0.0062473459405244314 0.072147227804748637 -0.030235629993860071 0.095573346073564699 -0.04197973986625609 -0.040604672637280327 0.088462586002223897 0.037110092624270188 0.039232917211442023 -0.051252515464183183 0.043619253260772727 -0.032204407928445498 0.10509452974287177 -0.012752316094957304 -0.024865814179206726 0.069206115716949276 -0.051833853241582573 0.11429530822997239 -0.045834392629915524
leaf_weight=6.1396511346101752 68.240257352590561 7.5536624342203167 21.874606609344482 22.699139028787613 2.332699015736579 31.317885413765907 9.7579980790615064 13.277239441871641 10.343477442860605 3.1570166647434261 13.211176455020903 43.840483829379082 4.2922214716672888 50.638046413660049 3.9820232391357413 5.4152227491140428 17.31001204252243 6.0958619266748419 10.754012659192083 10.859220206737517 13.429570257663725 14.349188134074209 18.503129005432129 6.3513483703136435 61.067886665463448 19.629318326711655 8.0254760831594449 7.0973332971334449 3.3529249727725974 11.005226939916609
leaf_count=22 296 33 85 108 8 158 40 62 47 15 55 196 17 242 17 26 81 23 46 45 66 58 92 23 283 91 30 33 12 55
internal_value=0.000264119 0.0127872 0.0441805 -0.00458422 -0.00256091 -0.0131154 0.00398241 0.00107727 0.0351566 0.0182965 0.0454396 -0.00352618 -0.0179001 -0.0251966 0.0136852 -0.00523316 -0.00204323 0.0319338 0.0106222 -0.00737557 -0.00275775 -0.00676815 -0.000810264 0.00629382 -0.00202681 0.00491464 0.0108967 0.00567945 0.0106213 0.00623481
internal_weight=525.903 146.779 29.4283 379.125 356.425 136.403 220.022 210.264 32.8513 26.7117 16.3682 105.085 57.263 52.9707 47.8225 177.413 164.135 22.2651 16.1692 141.87 124.56 113.701 100.272 81.7684 75.4171 117.351 97.7212 89.6957 82.5984 79.2455
internal_count=2365 635 118 1730 1622 638 984 944 139 117 70 480 267 250 213 805 743 95 72 648 567 522 456 364 341 517 426 396 363 351
is_linear=0
shrinkage=0.05


Tree=32
num_leaves=31
num_cat=0
split_feature=14 15 14 16 17 16 0 1 16 14 0 16 10 17 17 17 17 14 14 14 0 1 14 17 14 17 14 11 17 0
split_gain=48.4721 21.2812 17.2814 25.6211 13.1693 14.5954 14.2258 11.7886 14.7292 10.2365 9.87047 9.60615 9.46717 9.43912 13.1775 9.76231 8.80789 8.12407 12.977 9.03891 9.45666 14.8024 12.2574 13.6251 10.414 24.581 8.90966 7.81674 10.4471 9.67211
threshold=164480.99000000002 1.0000000180025095e-35 77733.585000000006 19.361024622865273 72.738590669675986 14.975888802998432 16.500000000000004 1.5000000000000002 20.835682607989913 110825.955 7.5000000000000009 16.516300169994654 612.58500000000015 78.699943827567822 73.806396595974505 81.101802189404438 86.213867244182168 15742.515000000001 16177.695000000002 39989.375000000007 6.5000000000000009 2.5000000000000004 28591.445000000003 82.112334332974385 37363.545000000006 82.865918100591017 17615.100000000002 652.00000000000011 75.615982676050336 9.5000000000000018
decision_type=2 2 2 2 2 2 2 2 2 2 2 2 2 2 2 2 2 2 2 2 2 2 2 2 2 2 2 2 2 2
left_child=1 4 17 -4 12 -6 16 -8 -9 -10 11 -2 -1 14 -5 -15 27 -3 -19 20 21 -20 26 -24 -22 -26 -23 29 -29 -7
right_child=10 2 3 13 5 6 7 8 9 -11 -12 -13 -14 15 -16 -17 -18 18 19 -21 24 22 23 -25 25 -27 -28 28 -30 -31
leaf_value=0.0086503168110557069 -0.045173703955604438 -0.04443143868788272 -0.028113869401191285 0.10585146681666827 -0.018555897859225925 0.013602420210995551 -0.029599589233284464 0.12433572041341223 -0.004458803737757761 0.13027690982547788 0.10260265988901457 0.081600797990349194 0.15863231585323814 0.11026482504119453 -0.04540574747448467 0.019179042834346328 0.077448358466101111 0.087632528203700433 -0.038619255520754091 -0.03558242812652327 -0.027060633185619964 0.073545394444822013 0.12629149499335054 -0.0085554427959029684 -0.044858682473454058 0.21385998774337436 -0.045286857331117536 0.10829317329846887 0.0062309272171357684 -0.034587847471815349
leaf_weight=1.772383764386176 2.6920290589332607 32.230971314013004 17.463101305067539 2.1725240796804455 33.322302140295506 25.124940492212772 3.1448713764548328 7.9444932639598829 5.9331586435437202 1.8490129709243772 12.895338550209997 3.3583888858556747 2.5892422497272491 8.7027122974395734 4.2701089307665825 4.4436869621276847 4.3322479501366606 2.9362504780292502 7.6275322064757374 47.848556883633137 44.14758375287056 2.4299501255154601 6.1515433639287931 2.6934764385223389 2.2874157279729839 1.5336373597383497 4.49564478546381 3.7723432406783086 7.4766063168644905 17.780909232795238
leaf_count=11 22 289 139 10 255 165 24 38 40 7 55 16 12 36 33 29 25 17 61 395 353 15 30 20 19 10 36 21 50 132
internal_value=0.000268946 -0.00452893 -0.0147427 0.0159222 0.0124672 0.00910897 0.0210256 0.0587724 0.0764443 0.0275539 0.077882 0.0251947 0.0976859 0.0551791 0.00559979 0.0794764 0.00884619 -0.0221024 -0.0162106 -0.0187683 -0.00749503 0.0185652 0.0462228 0.085228 -0.0202067 0.058982 -0.00359276 0.00335818 0.0404576 -0.00636844
internal_weight=325.423 306.477 191.435 37.0521 115.043 110.681 77.3586 18.8715 15.7267 7.78217 18.9458 6.05042 4.36163 19.589 6.44263 13.1464 58.487 154.383 122.152 119.215 71.3668 23.3981 15.7706 8.84502 47.9686 3.82105 6.92559 54.1548 11.2489 42.9058
internal_count=2365 2272 1492 247 780 757 502 109 85 47 93 38 23 108 43 65 393 1245 956 939 544 162 101 50 382 29 51 368 71 297
is_linear=0
shrinkage=0.05


Tree=33
num_leaves=31
num_cat=0
split_feature=16 14 14 16 1 17 17 15 11 0 10 0 17 14 1 16 16 1 1 16 16 17 17 14 14 0 10 2 10 16
split_gain=15.46 18.4554 16.3824 13.014 11.2709 10.8911 10.7431 12.8662 8.87961 9.78781 8.62695 7.41421 9.13088 6.97197 10.5865 5.92083 16.0012 5.64107 6.72387 5.60846 10.8524 10.9234 5.54547 5.20932 4.77233 4.27894 4.15318 4.11946 3.68456 5.93563
threshold=19.361024622865273 86506.390000000029 164480.99000000002 19.03805597472822 2.5000000000000004 85.65839643812636 86.844306792562236 1.0000000180025095e-35 1.5000000000000002 21.500000000000004 252.25000000000003 1.0000000180025095e-35 81.101802189404438 10582.695000000002 1.5000000000000002 13.111311154315088 10.906398144400542 1.5000000000000002 1.0000000180025095e-35 25.952548069151771 26.638830125549728 79.082881195789298 82.028115912773686 19116.940000000006 23767.910000000003 10.500000000000002 599.37500000000011 4.5000000000000009 477.83500000000009 10.56928009079534
decision_type=2 2 2 2 2 2 2 2 2 2 2 2 2 2 2 2 2 2 2 2 2 2 2 2 2 2 2 2 2 2
left_child=1 5 3 4 17 8 7 -7 9 -1 -8 12 26 14 28 16 -6 18 -3 -2 21 -21 -23 -9 -25 -26 -10 -20 -13 -30
right_child=19 2 -4 -5 15 6 10 23 11 -11 -12 13 -14 -15 -16 -17 -18 -19 27 20 -22 22 -24 24 25 -27 -28 -29 29 -31
leaf_value=-0.041770974723433024 -0.032828014311427831 0.12647848735175993 -0.042001785529648394 0.18413560977228002 -0.042087087105479627 -0.041913495107274913 0.097540858315643714 0.022078608554508748 0.19994845189909563 0.1468007038437128 -0.041738203560327668 0.14539216868121038 -0.041633534193557163 -0.031122287442853315 -0.041835897278345503 -0.041853325110857931 0.27808521831401051 0.1875228933454296 -0.042095093622229462 -0.043034676291540959 -0.034534709387114983 0.16214768671587895 0.032136958817960588 0.17510418320412635 0.022557839616044188 0.14800415183354318 0.036786376704942766 0.11233682048434655 0.14470387873787804 -0.041967590686610823
leaf_weight=1.1331555396318427 39.350800514221191 2.7776366174221057 3.2920086793601504 2.5495552718639365 1.0644161328673361 1.9360130093991736 1.4110560864210118 1.5139950104057787 1.0129585638642304 1.7521855793893337 5.2423022761940956 1.5164040029048913 1.2614023648202417 36.985246732831001 2.995013352483511 3.0112849585711956 0.61611383035778988 1.4897864945232866 1.3766957558691504 1.6916917115449885 6.9919839799404144 2.1259503066539769 1.3354041203856466 2.6351166516542435 1.4641059674322607 1.2689052037894724 0.6342000514268874 0.62917538732290257 0.74992597103118874 0.98540671169757843
leaf_count=23 815 15 63 12 20 37 14 21 9 9 111 8 27 733 59 59 6 12 25 26 147 14 20 12 18 10 12 7 3 18
internal_value=-0.00222488 0.0113522 0.0580188 0.0823826 0.0587235 -0.000808156 0.0357666 0.0719576 -0.0123504 0.0727432 -0.0121997 -0.0176716 0.0596009 -0.0228703 0.0259873 0.000106928 0.0752941 0.102563 0.0761029 -0.023661 0.00604084 0.0610964 0.111989 0.103991 0.127093 0.0808011 0.137127 0.00634509 0.0884559 0.0387027
internal_weight=132.8 81.3041 16.8067 13.5147 10.9651 64.4974 15.4715 8.81814 49.0259 2.88534 6.65336 46.1406 2.90856 43.232 6.24675 4.69181 1.68053 6.27329 4.78351 51.4958 12.145 5.15305 3.46135 6.88212 5.36813 2.73301 1.64716 2.00587 3.25174 1.73533
internal_count=2365 1343 219 156 144 1124 223 98 901 32 125 869 48 821 88 85 26 59 47 1022 207 60 34 61 40 28 21 32 29 21
is_linear=0
shrinkage=0.05


Tree=34
num_leaves=31
num_cat=0
split_feature=14 14 14 10 5 15 0 17 11 11 0 17 17 9 17 9 0 17 17 17 14 17 4 14 14 0 4 17 17 17
split_gain=58.2403 20.5875 16.0674 14.4834 14.3571 11.6757 12.1919 11.7372 10.8219 11.1952 10.8904 13.36 27.0782 11.7211 10.0489 8.31226 8.27587 7.83626 12.7297 8.28665 7.91983 12.1451 7.50045 9.71676 7.35164 7.32598 7.21026 6.76161 9.77054 8.55074
threshold=15005.845000000003 5923.1600000000008 85597.85000000002 710.75000000000011 30.321250000000003 1.0000000180025095e-35 21.500000000000004 87.721695233601409 318.00000000000006 11.500000000000002 4.5000000000000009 85.412848632172611 84.993059885711105 0.9285000000000001 72.928714755831734 0.46450000000000008 2.5000000000000004 74.989774578177148 78.628625246272762 75.693433102594852 32312.445000000003 81.009023453912249 4.0120000000000013 14295.370000000001 13582.360000000002 8.5000000000000018 0.89450000000000018 82.543014272090318 83.670857414349555 79.504096169313456
decision_type=2 2 2 2 2 2 2 2 2 2 2 2 2 2 2 2 2 2 2 2 2 2 2 2 2 2 2 2 2 2
left_child=1 15 4 24 5 6 -2 8 9 26 -10 12 13 14 -12 -1 -5 -16 19 -19 -20 -22 23 25 27 -18 -7 29 -29 -3
right_child=2 3 -4 16 -6 7 -8 -9 10 -11 11 -13 -14 -15 17 -17 22 18 20 -21 21 -23 -24 -25 -26 -27 -28 28 -30 -31
leaf_value=0.053069651512675613 -0.020980681068913012 0.03277752615727577 -0.031377597668497854 0.10778998901904097 -0.041184217513787945 0.031604637220281506 0.060188107624513487 0.07803446330746322 -0.021339548329315339 -0.022499795727813257 -0.033800655212614772 -0.027751189710833096 0.191781861599015 -0.0015322212840847699 0.12592971212347143 -0.044258886112465833 0.064748649508196018 0.060849754809649194 0.11170501649321396 -0.032103733833772595 0.11172516911531689 -0.022091303941969159 0.11930608127754633 0.10615365012249896 -0.025767948196472008 0.0083401721895096648 -0.008087529329399247 0.13435003545414909 0.033225299739095583 -0.049735198066997076
leaf_weight=2.8189246207475653 75.897830814123154 13.701976567506795 63.67054583132267 9.1801184266805631 23.319196626543999 22.544917404651642 4.9266018867492667 5.6080823838710776 14.048294782638548 51.645790725946426 3.386637598276141 9.3858048915863019 2.6811466366052619 19.669333457946777 3.6296271830797222 9.890820309519766 9.8126755654811912 3.9239516407251376 7.7515841424465162 6.1641660779714584 3.0747492611408234 3.7802398353815079 3.8919399976730338 5.3674193918704978 6.4555166065692893 13.922859430313109 23.231210857629776 3.3904265165328971 8.0836259424686414 4.0731587857007971
leaf_count=13 456 66 380 33 142 116 24 23 75 289 19 51 13 103 16 53 40 18 33 35 15 21 14 19 35 65 127 13 37 21
internal_value=0.000616481 0.0363312 -0.00867151 0.0459604 -0.00359296 -0.000238841 -0.0160331 0.00683252 0.00454969 -0.00654246 0.018494 0.0273138 0.0368738 0.0287903 0.0475985 -0.0226722 0.0657997 0.0573311 0.0472485 0.00405217 0.0770822 0.037931 0.0541169 0.0453991 0.0225258 0.0316604 0.011461 0.0331846 0.0631063 0.0138698
internal_weight=438.929 90.5895 348.34 77.8797 284.669 261.35 80.8244 180.526 174.917 97.4219 77.4955 63.4472 54.0614 51.3803 31.711 12.7097 42.175 28.3243 24.6947 10.0881 14.6066 6.85499 32.9949 29.103 35.7047 23.7355 45.7761 29.2492 11.4741 17.7751
internal_count=2365 409 1956 343 1576 1434 480 954 931 532 399 324 273 260 157 66 171 138 122 53 69 36 138 124 172 105 243 137 50 87
is_linear=0
shrinkage=0.05


Tree=35
num_leaves=31
num_cat=0
split_feature=15 17 17 10 17 1 1 17 0 5 17 0 0 17 0 1 12 12 12 1 12 4 0 17 12 10 11 5 8 1
split_gain=87.732 17.9495 12.7068 11.1835 17.419 11.1855 14.312 9.69355 10.551 9.67881 9.52822 9.54537 9.4586 9.1292 8.17892 8.18873 8.0099 10.1568 8.94973 8.14911 9.14785 7.75899 7.14755 6.72929 11.5608 6.95178 10.2495 7.45349 6.36507 6.18548
threshold=1.0000000180025095e-35 87.556912595543295 86.844306792562236 470.75000000000006 80.863088705039601 1.5000000000000002 1.0000000180025095e-35 75.28979390544238 8.5000000000000018 2.5430000000000006 85.680372101992219 6.5000000000000009 16.500000000000004 87.470337323657688 7.5000000000000009 3.5000000000000004 52106.44000000001 136735.57000000004 20231.175000000003 5.5000000000000009 24801.995000000006 0.41050000000000003 5.5000000000000009 82.028115912773686 61883.855000000003 777.00000000000011 204.00000000000003 0.45300000000000001 3.5000000000000004 1.5000000000000002
decision_type=2 2 2 2 2 2 2 2 2 2 2 2 2 2 2 2 2 2 2 2 2 2 2 2 2 2 2 2 2 2
left_child=23 2 3 7 5 6 12 8 -2 -8 -9 -12 22 14 15 -4 18 -18 -7 -20 -21 -15 -5 29 25 27 -27 -25 -6 -1
right_child=1 -3 13 4 28 16 9 10 -10 -11 11 -13 -14 21 -16 -17 17 -19 19 20 -22 -23 -24 24 -26 26 -28 -29 -30 -31
leaf_value=-0.015939469728690845 0.032406987635027244 -0.044999312790370755 -0.026371787116109519 0.017579323288237907 -0.0041412394709848359 -0.001149141512027366 0.0024989947404247433 0.035832483111283592 -0.033668399436352046 0.071538706041815711 0.051004422120041207 -0.044222791312853033 0.075007404964804181 0.038197959365990464 0.074205943346010605 0.074419278416210863 -0.034610952135132697 0.057304792601636415 0.039019212378803736 0.051164654927306243 -0.054358373562082132 -0.061784128866744663 -0.043704911553563153 0.037473685715704752 0.022152425637168582 0.054071763236090802 -0.020543979131149661 -0.039046834726515323 -0.035523414305194977 -0.040010422840912774
leaf_weight=37.292124330997467 10.804138153791429 13.279563114047049 4.9205523729324359 10.789590239524847 87.086879968643188 51.080263748764992 6.4237067401409176 92.024844497442245 13.705945685505865 24.205510795116425 3.9786974787712079 7.7720411121845245 4.0032094419002524 4.5326319038867942 19.239153891801834 3.4128985404968262 18.721227645874027 3.5802858471870413 38.29803067445755 3.3008200228214246 5.4365556836128235 3.393002063035965 8.5104541182517988 3.4034917354583731 16.656750336289406 6.1478185206651714 18.308288156986237 48.970985814929008 19.838301241397858 93.863336622714996
leaf_count=134 35 49 16 37 294 176 21 301 48 78 13 26 13 15 62 11 66 12 126 11 19 12 29 12 58 21 68 181 70 351
internal_value=-0.000262862 0.0122829 0.0139921 0.0115048 0.00592495 0.0156691 0.0345929 0.0237391 -0.00454212 0.0570594 0.0304186 -0.0119797 0.00506347 0.042689 0.0562834 0.0149064 0.00719359 -0.0198548 0.0133416 0.0290786 -0.0144937 -0.00460485 -0.00944428 -0.02586 -0.01561 -0.0237968 -0.00178694 -0.0340742 -0.00996371 -0.0331662
internal_weight=682.981 458.338 445.059 409.561 281.275 174.35 53.9325 128.286 24.5101 30.6292 103.776 11.7507 23.3033 35.4982 27.5726 8.33345 120.417 22.3015 98.1157 47.0354 8.73738 7.92563 19.3 224.643 93.4873 76.8306 24.4561 52.3745 106.925 131.155
internal_count=2365 1540 1491 1375 952 588 178 423 83 99 340 39 79 116 89 27 410 78 332 156 30 27 66 825 340 282 89 193 364 485
is_linear=0
shrinkage=0.05


Tree=36
num_leaves=31
num_cat=0
split_feature=15 14 7 10 9 14 14 4 5 10 9 16 14 14 14 16 14 14 14 2 14 10 6 12 4 16 11 11 6 14
split_gain=130.333 8.30569 10.7357 8.11183 9.40842 8.08914 24.8404 11.3674 11.2295 11.8943 10.2421 10.1455 7.69291 9.05217 7.36487 17.6568 8.45876 7.15226 12.6356 7.92061 7.15584 6.8909 6.85306 6.92944 6.51102 10.6256 6.06828 5.21996 7.11502 5.17599
threshold=1.0000000180025095e-35 94126.610000000015 1.0000000180025095e-35 1249.5000000000002 0.41450000000000004 121918.71000000002 110825.955 2.7190000000000007 0.53655000000000019 561.83500000000015 0.9285000000000001 16.801689717540544 45763.42500000001 41223.540000000008 22595.405000000002 13.983918511676972 11973.565000000002 20184.435000000005 16744.960000000003 3.5000000000000004 22595.405000000002 300.83500000000009 0.41420411937602264 75967.305000000008 5.3095000000000008 21.622929806081491 684.50000000000011 544.50000000000011 0.78399715838865391 5923.1600000000008
decision_type=2 2 2 2 2 2 2 2 2 2 2 2 2 2 2 2 2 2 2 2 2 2 2 2 2 2 2 2 2 2
left_child=1 3 26 4 12 6 7 29 -9 -10 11 -11 13 14 16 -16 -1 18 -6 20 -19 -18 -22 -24 25 -13 27 28 -3 -2
right_child=5 2 -4 -5 17 -7 -8 8 9 10 -12 24 -14 -15 15 -17 21 19 -20 -21 22 -23 23 -25 -26 -27 -28 -29 -30 -31
leaf_value=-0.018538509800990838 0.020578018356390802 -0.0086493470521618095 -0.036520325391206587 -0.018798583826697232 0.039092188279488051 -0.048506308562305839 0.074611176230963069 -0.02718461909702255 -0.028341433260053225 -0.032484474482187574 0.10751561637171968 -0.037179050724166766 -0.018682261030589956 0.10485277913299723 0.075789526309883878 -0.035475927047473974 0.010877536918761723 0.10203672862840554 -0.034627024117574803 0.080288441340840039 0.064089371454116889 0.086888779611441258 0.021221600355533388 0.097987268278182132 0.11523573652128392 0.079147171530951729 -0.024579864781024925 0.10084287559657792 0.058541430229238967 -0.026676479761538547
leaf_weight=4.2247035950422314 5.9516126811504355 7.372585862874991 9.8952575623989087 6.919340804219245 35.388201668858528 24.004670262336731 7.0191829204559317 21.020078137516975 8.7527391910552996 5.5262172520160737 4.5414802283048621 3.5331890136003476 11.107243821024893 3.5305574238300315 5.0618963837623623 12.062162801623343 4.3974319249391547 4.8589993864297858 6.9550737142562857 19.309306994080544 18.494763910770416 9.2612625360488874 37.029868811368942 3.1932088434696189 2.8766704052686691 4.4174845367670059 4.7985386699438086 2.8427620977163306 8.4624546170234662 220.10174012184143
leaf_count=18 26 31 47 29 132 134 26 104 42 28 18 17 48 12 18 48 17 17 28 68 66 32 139 12 11 18 20 11 32 1116
internal_value=0.000236284 0.0300896 0.00716127 0.0342985 0.0363994 -0.0206362 -0.0182784 -0.0206346 0.000770544 0.0205906 0.0410877 0.0226403 0.0179799 0.0285465 0.0208509 -0.0025857 0.0432923 0.0437016 0.0269835 0.0522422 0.0437241 0.0624169 0.0388986 0.0273158 0.0507757 0.0274531 0.025573 0.0384579 0.0272583 -0.0254323
internal_weight=522.911 215.166 33.3716 181.794 174.875 307.745 283.74 276.721 50.6679 29.6478 20.895 16.3536 49.6453 38.538 35.0075 17.1241 17.8834 125.229 42.3433 82.8861 63.5768 13.6587 58.7178 40.2231 10.8273 7.95067 23.4763 18.6778 15.835 226.053
internal_count=2365 825 141 684 655 1540 1406 1380 238 134 92 74 193 145 133 66 67 462 160 302 234 49 217 151 46 35 94 74 63 1142
is_linear=0
shrinkage=0.05


Tree=37
num_leaves=31
num_cat=0
split_feature=14 15 14 16 16 17 16 16 17 17 16 1 17 17 14 5 14 14 14 5 7 14 17 16 17 16 14 17 17 17
split_gain=41.6169 18.8189 15.8336 22.4842 11.1646 9.41992 8.6976 20.224 13.6566 16.9791 10.0695 8.68316 8.59525 12.1461 8.49261 8.42112 8.03981 11.6006 9.30625 7.24155 12.4779 18.1554 6.79784 9.09155 6.67449 14.0576 6.11502 9.56889 5.21854 8.7167
threshold=164480.99000000002 1.0000000180025095e-35 77733.585000000006 19.361024622865273 14.975888802998432 72.738590669675986 17.041884306252943 16.801689717540544 73.882194451995716 73.464276172712928 15.147038538844516 5.5000000000000009 78.699943827567822 73.806396595974505 81017.87000000001 31.952700000000004 15742.515000000001 15847.070000000002 39989.375000000007 9.4888500000000011 2.5000000000000004 23767.910000000003 81.101802189404438 22.591854299940035 84.119272664767081 21.259897814666587 35174.160000000011 80.902180393090234 78.482219509890072 79.097264918431776
decision_type=2 2 2 2 2 2 2 2 2 2 2 2 2 2 2 2 2 2 2 2 2 2 2 2 2 2 2 2 2 2
left_child=1 4 16 -4 5 -1 7 10 9 14 -6 12 13 -5 -8 -2 -3 -18 19 20 26 -22 -14 -24 -10 -26 -19 -28 -7 -30
right_child=15 2 3 11 6 28 8 -9 24 -11 -12 -13 22 -15 -16 -17 17 18 -20 -21 21 -23 23 -25 25 -27 27 -29 29 -31
leaf_value=0.10438671093375523 0.081961826465966281 -0.044195067581251954 -0.027394596522563847 0.10539737276106641 0.077366932824835033 -0.045268990789805126 -0.02115279013249503 0.16023988077845522 -0.0087974262359508306 0.16812623715919017 -0.012928054658080107 -0.04605265444918779 0.11009860417833972 -0.045065793491734139 0.10181212092480008 -0.02252811235168322 0.10731225672652987 -0.014238552504574578 -0.03501642820290176 -0.022410611839040494 -0.044815050185824781 0.12441437738997362 -0.046719904595401179 0.10803802965168736 0.072318793623442942 -0.010974714707332155 -0.04440702544792352 0.11410408972971441 0.1083072711594348 -0.012674428253288184
leaf_weight=1.6455213427543629 17.595163106918339 30.788175597786903 16.937410861253738 2.1438104063272538 5.3105085939168948 11.557039454579352 3.9467388167977315 3.5257475376129142 35.842182956635952 2.9786894619464874 7.3762673586606979 2.0772520899772635 8.5491774380207044 3.5829037874937057 2.1796351745724678 2.1655616015195838 1.8911929726600636 25.106682345271114 46.124576561152935 35.026774749159813 2.365678943693637 4.8017904534935951 1.9218697473406785 1.874765448272228 9.3138741254806536 11.105653263628481 1.560460403561591 2.4421534836292267 1.6099292114377046 19.797513842582703
leaf_count=10 76 289 139 9 25 91 27 16 242 16 50 15 32 29 9 17 9 194 395 285 20 25 13 10 51 79 14 14 11 153
internal_value=0.000203398 -0.00437603 -0.0141869 0.0150682 0.0114304 -0.0123652 0.0215257 0.0543075 0.0133951 0.0702054 0.0248682 0.0507614 0.0618892 0.0112605 0.0225955 0.0705109 -0.021415 -0.015537 -0.0175155 -0.00619459 0.00946267 0.0685589 0.0853738 0.029699 0.00420122 0.0270176 -0.00508836 0.0523069 -0.0181932 -0.0035761
internal_weight=323.145 303.384 187.195 37.0872 116.189 34.61 81.5793 16.2125 65.3668 9.10506 12.6868 20.1498 18.0725 5.72671 6.12637 19.7607 150.107 119.319 117.428 71.3035 36.2768 7.16747 12.3458 3.79664 56.2617 20.4195 29.1093 4.00261 32.9645 21.4074
internal_count=2365 2272 1492 247 780 265 515 91 424 52 75 108 93 38 36 93 1245 956 947 552 267 45 55 23 372 130 222 28 255 164
is_linear=0
shrinkage=0.05


Tree=38
num_leaves=31
num_cat=0
split_feature=16 14 14 17 16 1 17 15 5 0 15 12 16 0 17 14 14 1 16 16 17 14 0 1 14 11 5 14 0 1
split_gain=14.2185 16.0012 14.0258 9.87407 9.43496 9.30425 9.1531 10.9347 8.43405 8.10942 13.7762 6.35278 7.49413 6.03226 9.48973 12.1127 6.84874 10.6538 5.40341 9.86813 9.30793 4.66506 4.5377 4.67119 3.98337 3.55967 6.16538 3.36281 3.37258 3.24994
threshold=19.361024622865273 86506.390000000029 164480.99000000002 85.65839643812636 19.03805597472822 2.5000000000000004 86.844306792562236 1.0000000180025095e-35 61.219550000000005 16.500000000000004 1.0000000180025095e-35 120314.11500000001 13.414232365406107 1.5000000000000002 80.923744056922843 32312.445000000003 10582.695000000002 1.5000000000000002 25.952548069151771 26.638830125549728 79.082881195789298 50166.135000000002 5.5000000000000009 1.0000000180025095e-35 19116.940000000006 1.5000000000000002 39.956800000000008 23767.910000000003 10.500000000000002 1.5000000000000002
decision_type=2 2 2 2 2 2 2 2 2 2 2 2 2 2 2 2 2 2 2 2 2 2 2 2 2 2 2 2 2 2
left_child=1 3 4 8 5 22 7 -5 13 -8 -11 -7 -13 14 15 -1 17 -15 -2 20 -20 -22 23 -3 29 26 -18 -26 -29 -9
right_child=18 2 -4 6 -6 11 9 24 -10 10 -12 12 -14 16 -16 -17 25 -19 19 -21 21 -23 -24 -25 27 -27 -28 28 -30 -31
leaf_value=-0.041752191942254657 -0.032443270931147475 0.11250665956229888 -0.041927086066586065 -0.041850534401139151 0.15551613522343855 -0.041832564864738665 -0.042140971765404822 0.10508566409216145 0.12430851622189652 0.26357719935479718 -0.042324901950966581 0.17749488687700909 -0.041976431299901452 0.092440812718889931 -0.041576895202627778 0.17587357265056597 -0.041749489162443469 -0.041724258139081448 -0.042909648995048927 -0.034213297206946817 0.14356901150029655 0.027257683999730754 0.11841337345831325 -0.04225760248900879 0.14997000460296483 -0.033103185280409751 0.15057344180993679 0.021386575326462012 0.12977520515207866 -0.042188187318287877
leaf_weight=0.99570013582706396 37.970715690404177 0.89300266280770468 3.1674419790506354 1.8823073096573333 2.8640581816434851 3.0926901437342167 5.0348784849047652 0.65934444963932015 1.1069584041833866 0.6499647684395311 0.84854723885655403 0.88832339271903016 0.69192840903997421 3.0974037982523432 2.1659043543040752 1.7866882756352422 0.96834200993180164 2.833085011690855 1.625482551753519 6.7455706745386124 2.3348982818424706 1.3667078055441377 4.7164962366223335 1.0738568454980848 2.9214980453252792 34.476968534290791 0.73150947690010071 1.4843485318124297 1.3895241953432558 0.86739217489957809
leaf_count=20 815 5 63 37 12 63 101 6 5 8 16 9 13 22 48 14 20 59 26 147 17 17 35 19 12 710 3 18 10 15
internal_value=-0.00221128 0.0106971 0.0532238 -0.000874751 0.0744177 0.0539647 0.0335087 0.0656344 -0.01211 -0.0117509 0.0903571 -0.000159854 0.0813973 -0.0153192 0.036903 0.0979944 -0.0214562 0.0283481 -0.0231791 0.00595852 0.0568272 0.100625 0.0918081 0.0280092 0.0932658 -0.0296206 0.0410142 0.112194 0.0737927 0.0214143
internal_weight=131.332 81.2882 17.3878 63.9004 14.2204 11.3563 15.7378 9.20441 48.1626 6.53339 1.49851 4.67294 1.58025 47.0556 4.94829 2.78239 42.1073 5.93049 50.0434 12.0727 5.32709 3.70161 6.68336 1.96686 7.32211 36.1768 1.69985 5.79537 2.87387 1.52674
internal_count=2365 1343 219 1124 156 144 223 98 901 125 24 85 22 896 82 34 814 81 1022 207 60 34 59 24 61 733 23 40 28 21
is_linear=0
shrinkage=0.05


Tree=39
num_leaves=31
num_cat=0
split_feature=12 11 15 0 16 1 0 1 17 7 17 17 16 16 0 15 9 17 16 16 16 16 17 12 16 12 4 17 17 7
split_gain=27.6344 11.824 10.893 9.88367 9.70304 12.1115 13.148 12.4896 12.9231 12.4513 9.59627 8.43463 9.62844 8.42726 7.83123 7.60703 16.6481 7.1055 7.8375 11.4761 7.55 7.65087 12.2033 9.9256 11.7703 12.2246 7.33092 7.00606 11.1168 8.07691
threshold=14822.51 1252.5000000000002 1.0000000180025095e-35 22.500000000000004 9.1659961102698571 4.5000000000000009 9.5000000000000018 1.0000000180025095e-35 81.870475766374 1.0000000180025095e-35 75.555848200730324 74.818393490052046 15.532626248149365 15.532626248149365 13.500000000000002 1.0000000180025095e-35 0.46450000000000008 87.721695233601409 9.0408417965197909 8.6933578220345069 15.147038538844516 12.600779347059726 74.050821958299579 33937.44000000001 10.459893608432493 18013.005000000001 2.6450000000000005 84.993059885711105 73.09838525335897 1.0000000180025095e-35
decision_type=2 2 2 2 2 2 2 2 2 2 2 2 2 2 2 2 2 2 2 2 2 2 2 2 2 2 2 2 2 2
left_child=4 2 3 -2 -1 6 15 10 -9 -10 -8 12 -7 -12 -14 16 -6 18 19 -4 21 22 -20 24 -24 -26 -22 28 -17 -30
right_child=1 -3 17 -5 5 11 7 8 9 -11 13 -13 14 -15 -16 27 -18 -19 20 -21 26 -23 23 -25 25 -27 -28 -29 29 -31
leaf_value=0.070643993648195458 -0.028933600343243798 0.035755597179756564 -0.0060825365301745453 0.054012978779631918 0.085942946030296383 -0.048482730258909222 0.12752991265049238 -0.032334093175263513 0.062750762079676933 -0.020117630811786798 -0.034723888330019444 -0.02918322420501206 -0.002547561676779166 0.059677028350709531 0.10158609930742575 0.15783700034039042 -0.029179482470710123 0.064448788139892646 0.10382530847769789 0.097072135753551836 0.0044081015728701326 -0.047507312998258416 -0.047807386181010596 -0.047616875073540614 -0.047899162049514298 0.084724990789548385 -0.029623362930679128 0.09063458514322198 0.059935038459094286 0.0092081907197812882
leaf_weight=8.2230853736400586 84.038875415921211 14.283941596746443 6.7655812948942167 3.751707434654235 4.6498192697763434 3.1149812936782819 2.9360843747854224 23.72751173377037 9.6143796145916003 8.5764337927103025 3.7428248673677427 22.397888094186783 3.1889467686414719 6.4181516170501709 4.1615999191999435 1.8891387879848469 9.6741109788417798 3.7201465070247641 2.2566541880369213 4.4826420098543167 97.669412046670914 20.79896342754364 5.0704632848501232 13.503178983926771 2.4013626575469953 6.285198986530304 18.884493485093117 8.5989861190319044 14.758740827441217 16.756288096308708
leaf_count=35 525 70 34 17 21 18 11 134 40 47 22 124 18 27 18 8 52 15 11 17 533 126 30 81 14 31 110 34 59 83
internal_value=0.000643209 -0.00857663 -0.0109252 -0.0253889 0.017816 0.0148036 0.0226759 0.00529041 -0.00802598 0.0236808 0.0479107 -0.0118682 0.0251888 0.0249042 0.056409 0.0396565 0.00819144 -0.00394218 -0.00537058 0.0350267 -0.00809365 -0.0242806 -0.00791401 -0.017164 0.0127269 0.0480616 -0.0011058 0.0503867 0.040026 0.032964
internal_weight=436.342 283.913 269.629 87.7906 152.429 144.206 111.342 55.0154 41.9183 18.1908 13.0971 32.8634 10.4655 10.161 7.35055 56.3271 14.3239 181.838 178.118 11.2482 166.87 50.3158 29.5169 27.2602 13.757 8.68656 116.554 42.0032 33.4042 31.515
internal_count=2365 1614 1544 542 751 716 538 281 221 87 60 178 54 49 36 257 73 1002 987 51 936 293 167 156 75 45 643 184 150 142
is_linear=0
shrinkage=0.05


Tree=40
num_leaves=31
num_cat=0
split_feature=15 17 14 14 14 17 16 14 14 17 17 17 17 17 14 16 9 17 17 17 17 17 17 17 17 17 16 16 14 17
split_gain=78.056 16.3955 13.4942 9.87697 9.62853 14.9831 14.5569 23.5349 13.4545 8.69969 10.8369 9.06291 14.1797 13.7567 13.0498 12.7324 14.4884 10.6835 10.371 8.97654 8.94313 16.7497 8.41961 9.47824 7.92425 7.8522 7.583 24.0153 11.1409 10.0172
threshold=1.0000000180025095e-35 87.556912595543295 13800.605000000001 4689.8350000000009 55081.535000000011 82.20556191651805 24.773812023993589 74782.37000000001 79416.750000000015 86.793659298349084 86.677625498977264 72.310252816726049 73.09838525335897 73.753964870118139 82250.960000000006 18.759473480947296 0.46450000000000008 73.966606435301031 72.594893836567522 83.752561739469641 84.993059885711105 86.319797909170248 81.870475766374 73.233579958826056 87.470337323657688 77.815636082512853 25.402299452312185 22.764137354912403 60927.92500000001 83.311874830810368
decision_type=2 2 2 2 2 2 2 2 2 2 2 2 2 2 2 2 2 2 2 2 2 2 2 2 2 2 2 2 2 2
left_child=4 2 3 -2 -1 8 7 -7 25 10 11 -4 18 -14 17 16 -16 -15 -13 -18 26 -22 23 -5 -11 -6 27 29 -28 -19
right_child=1 -3 9 22 5 6 -8 -9 -10 24 -12 12 13 14 15 -17 19 20 -20 -21 21 -23 -24 -25 -26 -27 28 -29 -30 -31
leaf_value=-0.031640929554122184 0.060321865964732692 -0.043754153874340521 0.062669308730680648 -0.059268077748332697 0.046366241777406496 -0.038658874992383518 -0.05713145763496829 0.073939390069167651 -0.049180834187465342 0.052558248542943754 -0.064296013405864189 0.02260593979338615 0.06910232950104897 -0.050594286321683002 0.072091942348984792 -0.027028017022290199 -0.029213472737157326 0.013561453910972174 -0.058753170838172081 0.042570133829989663 -0.033989195206773452 0.05455185062780319 -0.041904894623988276 0.01186784026422256 -0.0044642190905154 -0.024738518258887014 -0.017641743112399435 0.062509167898002746 0.080149886125768663 0.051627113551860608
leaf_weight=152.38110226392746 4.6458066999912253 13.013328596949576 9.7421153187751752 5.6542554199695578 7.4612831175327292 6.7915544062852922 4.9135058820247641 14.654110223054884 26.581202924251556 27.82671132683754 4.3488444685935965 6.0119115114212063 11.805528074502943 5.3506755530834189 8.7015624642372149 33.894649341702461 13.131908416748049 133.39217992126942 11.240488752722738 6.5161314308643332 17.689560070633892 7.6520065367221823 19.371643856167793 27.249909430742264 7.8005883395671836 8.0953746140003187 19.495953842997555 38.844303905963898 3.4239337444305411 19.855569183826447
leaf_count=575 15 49 32 21 25 25 19 48 104 90 15 20 38 18 28 121 45 442 40 21 60 25 70 93 27 29 69 126 11 64
internal_value=-0.000239756 0.0115631 0.0131857 -0.00954369 -0.0246418 -0.00907127 0.0204956 0.038281 -0.0275667 0.0165312 0.0141423 0.015126 0.0137517 0.016134 0.0141034 -0.00634643 0.0183804 0.019284 -0.0304021 -0.00540695 0.0208396 -0.00725381 -0.0157527 -0.000356164 0.0400732 0.00936474 0.0241507 0.0273942 -0.00303294 0.0184934
internal_weight=677.538 456.66 443.646 56.9216 220.878 68.497 26.3592 21.4457 42.1379 386.725 351.097 346.748 337.006 319.754 307.948 62.2443 28.3496 245.704 17.2524 19.648 240.354 25.3416 52.2758 32.9042 35.6273 15.5567 215.012 192.092 22.9199 153.248
internal_count=2365 1540 1491 199 825 250 92 73 158 1292 1175 1160 1128 1068 1030 215 94 815 60 66 797 85 184 114 117 54 712 632 80 506
is_linear=0
shrinkage=0.05


Tree=41
num_leaves=31
num_cat=0
split_feature=15 13 16 5 0 0 5 16 16 10 16 16 16 5 10 16 16 0 11 11 5 10 16 10 0 0 10 11 11 16
split_gain=116.032 9.86324 7.71958 13.3167 10.6662 7.70027 7.30685 7.18793 14.134 11.3302 9.92706 8.14403 9.90557 8.81933 6.84258 6.36401 22.8167 9.00738 9.45378 15.3195 6.2913 10.4601 10.9989 5.79977 6.82632 6.1371 5.69352 5.53912 5.30877 5.21579
threshold=1.0000000180025095e-35 -59769.959999999992 27.437631174893696 2.4731500000000004 9.5000000000000018 21.500000000000004 1.2791500000000002 21.106629504348334 21.941745539960039 612.58500000000015 15.147038538844516 13.561243222063183 13.681726913733046 21.200950000000002 727.12500000000011 12.033837797321896 11.816895400272299 13.500000000000002 255.50000000000003 630.50000000000011 0.53655000000000019 564.41500000000008 13.561243222063183 282.50000000000006 15.500000000000002 1.5000000000000002 356.25000000000006 451.00000000000006 122.50000000000001 10.56928009079534
decision_type=2 2 2 2 2 2 2 2 2 2 2 2 2 2 2 2 2 2 2 2 2 2 2 2 2 2 2 2 2 2
left_child=1 -1 4 -4 6 14 20 10 9 -9 11 15 -13 -14 23 16 17 18 -6 -20 -2 -22 -23 24 25 -3 -25 -7 -27 -16
right_child=2 5 3 -5 7 27 -8 8 -10 -11 -12 12 13 -15 29 -17 -18 -19 19 -21 21 22 -24 26 -26 28 -28 -29 -30 -31
leaf_value=-0.023852866363084139 -0.042926876140046782 -0.012617575951083421 0.087628270658071966 -0.022249817291285237 -0.04858110395945197 -0.039143299149533239 -0.037628882343929429 -0.024821293132577124 -0.0075301967541562369 0.1147885619761751 -0.034774835963195035 0.10908906693929801 -0.015346895507316686 0.084003306002346581 0.057557265861641976 -0.048964162958641005 0.12405436605840597 -0.040576985296941447 0.15710105886981196 -0.025930306272551901 -0.041000513779908709 -0.049489900088000027 0.072065999168126033 0.076779565306968431 -0.011199809965948122 0.058176282753516211 0.040822530493558717 0.041748879907595265 -0.0113675421398738 0.014491978034255233
leaf_weight=8.7840136438608152 8.1912339627742785 5.2293290048837688 4.4825668036937696 7.1652653217315674 2.6767528653144899 6.6043703705072385 107.09967133402824 2.1275176256895056 42.473027288913727 4.5856105834245682 55.336558967828751 2.8977733254432669 10.026041105389593 2.8741101324558249 7.9601116329431525 11.126558691263197 3.0807178914546958 16.800646230578423 2.3937570601701736 2.1883608400821686 6.0560304373502758 2.4671241343021375 7.5741610825061798 12.7574605345726 10.745450437068937 18.326701760292057 80.332917422056198 3.1141190230846405 3.2274866104125968 60.224116519093513
leaf_count=42 44 19 18 37 15 28 574 12 208 18 282 10 52 12 30 60 13 88 11 12 32 13 29 45 42 66 295 13 13 232
internal_value=0.000192989 0.0280478 -0.0198752 0.0200358 -0.0214783 0.0302342 -0.0320137 -0.0127499 0.00312563 0.0705436 -0.0198874 -0.00464974 0.0255528 0.00678799 0.0323586 -0.0171185 -0.00406282 -0.0204677 0.0260753 0.0696876 -0.00725373 0.0108988 0.0422 0.0390606 0.022467 0.035974 0.0457502 -0.0132228 0.0477629 0.0195196
internal_weight=518.93 217.306 301.623 11.6478 289.976 208.522 131.388 158.587 49.1862 6.71313 109.401 54.0647 15.7979 12.9002 198.804 38.2668 27.1402 24.0595 7.25887 4.58212 24.2885 16.0973 10.0413 130.619 37.529 26.7835 93.0904 9.71849 21.5542 68.1842
internal_count=2365 825 1540 55 1485 783 692 793 238 30 555 273 74 64 742 199 139 126 38 23 118 74 42 480 140 98 340 41 79 262
is_linear=0
shrinkage=0.05


Tree=42
num_leaves=31
num_cat=0
split_feature=12 13 16 16 13 5 10 17 0 6 17 16 16 16 16 12 13 17 6 6 16 16 16 17 16 6 5 17 9 17
split_gain=21.4708 11.5083 11.3642 9.17423 15.8709 7.39721 7.09936 9.48019 8.96437 12.0072 9.04938 8.27617 17.1222 10.0652 8.68832 9.79441 9.41833 8.15509 8.12858 8.98319 8.1527 7.40249 7.16456 7.72722 7.08209 7.00906 6.81758 6.69786 6.3451 10.4128
threshold=86653.895000000004 -125890.25999999998 12.480749344527382 25.33725579843054 -59769.959999999992 58.112700000000011 873.83500000000015 72.248022534577487 9.5000000000000018 0.85507649397888963 77.107311112970351 16.917168339910148 20.517140857705712 20.417767045831987 16.93142270458414 14345.035000000002 -7502.4249999999993 75.28979390544238 0.64499843386226074 0.69760159089468965 11.816895400272299 19.404241503843117 22.125916666441793 73.753964870118139 9.8099420385027454 0.82580974951572872 2.0087500000000005 84.667565021002687 0.7320000000000001 78.870697019233447
decision_type=2 2 2 2 2 2 2 2 2 2 2 2 2 2 2 2 2 2 2 2 2 2 2 2 2 2 2 2 2 2
left_child=1 -1 -2 5 -5 6 8 -8 9 10 -3 -10 13 14 -13 -16 -17 22 20 -20 24 -22 -14 -24 -12 -21 -4 -18 -28 -30
right_child=2 3 26 4 -6 -7 7 -9 11 -11 18 12 17 -15 15 16 27 -19 19 25 21 -23 23 -25 -26 -27 28 -29 29 -31
leaf_value=0.070376003884217442 -0.044833486692065661 -0.015061265433838523 0.072693196284303624 0.097934383831817073 -0.043001891889749275 0.072016933880387921 0.085462043797875947 -0.023999464553251752 -0.024637888728224741 -0.0099618953133267137 -0.01280264939486569 0.12916145978436441 -0.044992278488364491 0.10053914572912366 -0.04462237802654196 -0.04455856840456951 0.032513881805133926 -0.042209452962435098 0.1294555664878326 0.013824805442921438 -0.014965586198917783 0.0438581940220579 0.005914495428400118 0.15904723534289547 0.11309822622936117 0.11518671983009632 0.0030751903888814216 0.12735919160442336 -0.014448846974323595 0.075341150687489256
leaf_weight=4.9622999504208556 4.3596572503447524 9.8359596803784353 11.528096869587896 2.154442451894286 27.429485306143761 3.2222338765859595 2.0543043017387381 53.278772115707397 48.095210462808609 35.658824741840363 1.5579634606838251 1.6286022812128127 2.0853392481803921 4.6087930649518958 5.8588291853666332 2.9225525483489099 6.8820860534906299 17.882919460535049 4.3656139671802512 6.2674383744597417 12.894892923533918 9.1385214924812299 1.8780096992850306 1.4675827398896215 3.9461738914251328 2.3430966064333916 14.104035064578056 2.5515432581305504 4.5481224432587632 11.131487861275671
leaf_count=22 37 80 54 8 234 19 9 436 389 274 13 7 17 18 52 26 48 151 22 40 103 61 12 12 22 11 88 16 31 53
internal_value=0.000195607 -0.00507744 0.0319428 -0.00646415 -0.0327382 -0.00323116 -0.00425335 -0.0199356 0.000517889 0.0122372 0.0279591 -0.00999684 0.00474504 0.0339755 0.0185157 0.0086229 0.0338698 -0.0259129 0.0384036 0.0710298 0.0230296 0.00943201 0.0277481 0.0730879 0.0774616 0.0414074 0.040045 0.058167 0.0274082 0.0492961
internal_weight=320.643 274.971 45.6714 270.009 29.5839 240.425 237.203 55.3331 181.87 86.0085 50.3497 95.8615 47.7663 24.4524 19.8436 18.215 12.3562 23.3139 40.5137 12.9761 27.5376 22.0334 5.43093 3.34559 5.50414 8.61053 41.3117 9.43363 29.7836 15.6796
internal_count=2365 2102 263 2080 242 1838 1819 445 1374 626 352 748 359 167 149 142 90 192 272 73 199 164 41 24 35 51 226 64 172 84
is_linear=0
shrinkage=0.05


Tree=43
num_leaves=31
num_cat=0
split_feature=14 14 17 17 15 5 11 10 17 14 17 17 17 17 10 11 11 11 17 11 4 18 13 5 6 1 10 0 17 17
split_gain=8.7038 9.13641 7.65972 8.86135 13.1158 8.28275 10.476 6.45816 6.29752 5.92482 9.66528 6.89369 5.42886 9.2 5.29714 5.43539 6.35013 4.84937 4.09699 4.59056 5.86374 6.84534 7.85256 3.78549 4.64072 3.89423 4.13183 3.20247 2.96323 2.98717
threshold=86506.390000000029 164480.99000000002 85.65839643812636 86.844306792562236 1.0000000180025095e-35 46.985300000000002 5.5000000000000009 252.25000000000003 74.687795128240722 86685.680000000008 80.511211340609592 87.479799756488774 78.24456158195683 75.131588722546155 638.16500000000008 457.00000000000006 472.00000000000006 630.50000000000011 72.594893836567522 19.500000000000004 0.41050000000000003 1.0000000180025095e-35 -4277.2549999999992 0.44135000000000008 0.30917830082706654 3.5000000000000004 552.50000000000011 1.5000000000000002 79.082881195789298 84.289862847099769
decision_type=2 2 2 2 2 2 2 2 2 2 2 2 2 2 2 2 2 2 2 2 2 2 2 2 2 2 2 2 2 2
left_child=2 8 5 4 -4 14 -7 -5 -2 -10 12 -12 13 -11 15 18 -17 -18 -1 20 21 22 -20 -6 -25 -26 -27 -22 -23 -30
right_child=1 -3 3 7 23 6 -8 -9 9 10 11 -13 -14 -15 -16 16 17 -19 19 -21 27 28 -24 24 25 26 -28 -29 29 -31
leaf_value=0.060233070730023403 -0.042271900411158872 -0.041754741281911784 -0.041843739302261353 0.063587356224699659 -0.04286296823322118 0.14809753457024108 -0.041500170990068426 -0.041552962040966861 0.1417203797859318 0.12363498323276617 -0.026239763178703714 0.086220827559040827 0.10959797808943826 -0.023685007766918557 -0.032338062654061556 0.13734949144915351 -0.024425096017020368 0.11015379229246294 0.0075924032650660795 -0.038253479028150246 0.05902680048819562 -0.028618359278126428 0.21256600122095068 -0.042372287595763308 0.11315589817736138 -0.042717583321703043 0.12879415246055995 -0.03661098697183747 0.048835712063148476 -0.041710255005117519
leaf_weight=1.8228398747742165 2.2055899426341119 4.3722293749451628 3.1572741605341443 1.8433528319001178 0.61899776011705476 1.6936576925218099 1.2785677462816236 7.0326562412083149 1.5186109095811868 1.7292609028518215 6.240905884653329 1.7433161586523054 4.891266793012619 2.7372177615761757 37.027715872973204 1.307295624166726 2.7180108688771729 0.88809219002723683 0.92743771523237228 14.625717502087353 0.96039792895316978 3.7061178684234619 0.94169716164469786 0.65704886987805178 6.3044634833931923 0.91445881500840165 0.57005176693201065 9.880756311118601 4.2484531588852406 1.1594742126762865
leaf_count=19 40 93 65 17 8 7 30 163 6 16 118 12 35 54 804 7 52 4 16 320 14 72 8 11 44 14 6 215 70 25
internal_value=-0.00220367 0.0240193 -0.0086003 0.0183069 0.0459209 -0.0154247 0.0665379 -0.0197176 0.0376705 0.0470191 0.0387262 -0.00168454 0.0732056 0.033352 -0.0184617 -0.0065642 0.0429429 0.00871829 -0.0129198 -0.0165781 -0.00205227 0.0236967 0.110861 0.0764886 0.0852357 0.0960002 0.0231429 -0.0281386 0.00582082 0.0294224
internal_weight=129.723 25.4384 104.285 21.0983 12.2223 83.1862 2.97223 8.87601 21.0662 18.8606 17.342 7.98422 9.35775 4.46648 80.214 43.1863 4.9134 3.6061 38.2729 36.4501 21.8243 10.9832 1.86913 9.06502 8.44602 7.78897 1.48451 10.8412 9.11405 5.40793
internal_count=2365 374 1991 328 148 1663 37 180 281 241 235 130 105 70 1626 822 63 56 759 740 420 191 24 83 75 64 20 229 167 95
is_linear=0
shrinkage=0.05


Tree=44
num_leaves=31
num_cat=0
split_feature=14 14 14 16 16 10 5 16 15 16 16 16 16 0 0 14 4 10 1 14 14 14 1 12 7 0 0 0 5 1
split_gain=47.1611 17.3178 14.6178 13.8241 13.5548 13.7525 13.3506 12.9091 10.4576 11.0158 9.79843 9.70531 14.5061 8.62738 8.54225 8.47683 8.9421 8.17478 10.5759 22.9898 11.6711 9.09304 11.4426 10.1216 8.08228 7.64055 7.34747 10.7821 15.6688 9.11803
threshold=15005.845000000003 5923.1600000000008 85597.85000000002 27.468856662908255 22.542464529959442 710.75000000000011 30.321250000000003 21.53215161557025 1.0000000180025095e-35 8.400439926168163 9.5234714016566056 26.007581085145656 27.050435323950452 17.500000000000004 21.500000000000004 14295.370000000001 7.0400000000000009 777.00000000000011 2.5000000000000004 30629.145000000004 24144.370000000006 62878.210000000014 3.5000000000000004 33937.44000000001 1.0000000180025095e-35 20.500000000000004 9.5000000000000018 6.5000000000000009 4.2631500000000004 1.5000000000000002
decision_type=2 2 2 2 2 2 2 2 2 2 2 2 2 2 2 2 2 2 2 2 2 2 2 2 2 2 2 2 2 2
left_child=1 3 6 -1 5 7 8 24 9 -2 -4 17 -13 -14 26 16 -6 -10 20 -20 -19 23 -23 -21 -3 -7 27 -11 -29 -30
right_child=2 4 10 -5 15 25 -8 -9 11 14 -12 12 13 -15 -16 -17 -18 18 19 21 -22 22 -24 -25 -26 -27 -28 28 29 -31
leaf_value=-0.044658150048084794 0.059310657984515028 0.032340962736968036 0.053602925350435954 0.10165162262133061 -0.025270987827491986 0.080937409973079091 -0.040384797130224193 0.11576216453000361 -0.0061837306083361854 -0.025990933774475013 -0.034986113910461129 0.081976907793991707 -0.048461631164159968 0.064465963901408546 0.046103986307387129 0.096207977643581993 0.08428215785363033 0.040971251599206629 -0.026529771632555068 0.072609525974928993 -0.031541568854030012 0.027937801631160587 0.15035528212705235 0.00016994179313775196 -0.029662708743619978 0.0034208667118352945 -0.039993288947967963 -0.035769060342338128 0.14252606037439847 0.015138471754378947
leaf_weight=10.615679830312725 4.6772466897964469 16.733467012643821 3.3006524294614783 1.9040524363517768 13.574148923158647 30.895766735076904 22.135168358683586 3.4834068715572348 97.707977548241615 23.623061776161194 57.444228395819664 9.9004414081573504 4.9758158773183814 2.5621849894523621 4.6100118011236182 2.1226492524147025 2.1588855236768714 8.1711452603340167 11.391373857855795 10.53807950019837 17.292832121253014 3.1249838620424253 4.9051403105258942 8.8900701403617841 7.6625245958566657 3.5434852242469779 35.708820529282093 4.3775006234645826 3.3817430734634399 2.402776688337326
leaf_count=58 20 75 16 8 67 113 142 14 545 149 364 38 28 12 22 7 9 41 65 47 96 15 21 46 42 16 228 28 18 15
internal_value=0.00065798 0.0322835 -0.00793573 -0.0224068 0.0408237 0.0518284 -0.00311803 0.0257226 7.62936e-05 -0.0151098 -0.0301725 0.00674283 0.0421853 -0.0100773 -0.019807 0.00241599 -0.0102381 0.00292815 0.0167713 0.0331865 -0.0082729 0.0579605 0.102716 0.0394621 0.0128663 0.0729617 -0.0241793 -0.00746494 0.0356014 0.0896117
internal_weight=433.815 92.6941 341.121 12.5197 80.1743 62.3187 280.376 27.8794 258.241 78.7812 60.7449 179.46 17.4384 7.538 74.1039 17.8557 15.733 162.022 64.3136 38.8496 25.464 27.4583 8.03012 19.4281 24.396 34.4393 69.4939 33.7851 10.162 5.78452
internal_count=2365 409 1956 66 343 260 1576 131 1434 480 380 954 78 40 460 83 76 876 331 194 137 129 36 93 117 129 438 210 61 33
is_linear=0
shrinkage=0.05


Tree=45
num_leaves=31
num_cat=0
split_feature=15 17 14 1 10 5 1 14 17 14 14 17 1 5 17 17 14 17 4 14 17 10 13 14 17 17 14 1 17 17
split_gain=70.2508 14.9919 12.0246 10.1766 9.17467 10.0874 11.4933 8.96523 13.8525 12.6928 11.7486 8.92652 8.92577 8.18669 9.14384 7.86356 10.1508 8.72713 7.64217 7.29776 7.23324 7.02419 7.74974 6.98275 6.80693 9.28607 6.60317 6.33705 6.01877 9.2701
threshold=1.0000000180025095e-35 87.556912595543295 13800.605000000001 3.5000000000000004 470.75000000000006 2.6051500000000005 1.5000000000000002 55081.535000000011 82.20556191651805 79416.750000000015 74782.37000000001 87.085889924818829 1.0000000180025095e-35 0.77570000000000017 75.064125694894358 75.28979390544238 41312.480000000003 74.989774578177148 0.67700000000000016 124026.26000000002 77.815636082512853 1109.8350000000003 -1948.5799999999997 15331.770000000002 74.818393490052046 81.870475766374 70001.885000000024 2.5000000000000004 75.615982676050336 73.464276172712928
decision_type=2 2 2 2 2 2 2 2 2 2 2 2 2 2 2 2 2 2 2 2 2 2 2 2 2 2 2 2 2 2
left_child=7 2 3 28 15 13 12 -1 9 20 -10 18 23 -6 -15 16 -4 -18 -8 -12 -9 22 -16 -7 -5 -26 -17 -21 29 -2
right_child=1 -3 4 24 5 6 11 8 10 -11 19 -13 -14 14 21 26 17 -19 -20 27 -22 -23 -24 -25 25 -27 -28 -29 -30 -31
leaf_value=-0.03042410654744317 -0.057777287617374606 -0.042517431921931109 -0.047615348305685291 -0.021421555313220864 0.015360819931976534 -0.058262974542380955 0.0095452357376567924 0.044547593658283847 -0.037224334538620778 -0.047934051371826325 0.063969704742644115 0.050059186738285494 0.054093311351818101 0.051883339343433643 -0.040166723447750463 0.040646351967107433 0.052035416652775557 -0.046327049284308759 -0.02840966986806483 -0.057460012615060896 -0.02375985603752355 0.038958454447902115 0.010043378576908736 0.02356878669263264 0.06219536059209111 -0.022859756701617912 0.010600277805066248 0.037366102822603373 -0.038844860155999167 0.05091589647277555
leaf_weight=149.71634431183338 3.1403124928474409 12.730225786566733 7.4316696226596859 7.7568686604499844 34.653790727257729 2.9260762631893185 96.41211661696434 7.5064479410648337 6.6560778021812466 25.824624598026276 11.950916022062303 11.794696241617201 30.799467325210571 4.5256459712982169 33.162892371416092 73.181296408176422 8.8297614902257902 3.0284706056118003 15.377694711089132 2.8625683486461631 8.0123560726642591 4.2334323227405539 10.003095000982283 23.898291766643524 10.496768087148665 4.6220291852951041 24.377061277627945 4.5819991677999496 25.117119431495667 5.2263661026954651
leaf_count=575 12 49 26 27 116 11 324 25 25 104 39 39 100 15 119 238 29 11 54 11 29 14 34 81 34 16 81 17 93 17
internal_value=-0.00021652 0.0109761 0.0125203 -0.00904865 0.0156807 0.0105797 0.0172876 -0.0236072 -0.00846354 -0.0264578 0.0200931 0.00868907 0.0357286 -0.00345969 -0.0160201 0.027371 -0.00179894 0.0269147 0.0043242 0.0397631 0.00928047 -0.0225035 -0.0285313 0.0146424 0.0166565 0.0361928 0.0331387 0.000903778 -0.02661 0.0101195
internal_weight=670.836 453.725 440.995 56.3595 384.635 267.787 181.208 217.111 67.395 41.3434 26.0516 123.585 57.6238 86.5789 51.9251 116.848 19.2899 11.8582 111.79 19.3955 15.5188 47.3994 43.166 26.8244 22.8757 15.1188 97.5584 7.44457 33.4838 8.36668
internal_count=2365 1540 1491 199 1292 907 609 825 250 158 92 417 192 298 182 385 66 40 378 67 54 167 153 92 77 50 319 28 122 29
is_linear=0
shrinkage=0.05


Tree=46
num_leaves=31
num_cat=0
split_feature=15 17 17 17 16 16 1 1 16 13 5 0 10 10 1 17 17 10 5 17 6 4 17 0 10 17 5 1 16 16
split_gain=102.693 8.78121 9.43653 14.8114 10.6277 10.1667 10.0443 9.56978 18.1893 8.70799 8.29717 6.935 6.72697 6.70044 14.3513 9.43573 7.54282 6.69072 6.46646 6.27802 10.302 9.36796 7.41358 9.12047 6.15428 5.66178 5.55863 5.45368 5.44261 15.8064
threshold=1.0000000180025095e-35 87.831549829888772 82.92811580848506 82.112334332974385 14.7157607942827 21.622929806081491 3.5000000000000004 4.5000000000000009 25.926766103419006 -85415.514999999985 35.556100000000008 21.500000000000004 664.7650000000001 646.33500000000015 3.5000000000000004 73.09838525335897 74.652466441842094 1055.7500000000002 1.9219500000000003 81.101802189404438 0.99156677295330253 2.8215000000000003 84.93190361598765 16.500000000000004 1230.5000000000002 80.724190763620868 0.32945000000000008 4.5000000000000009 17.161655684627252 16.738551221311997
decision_type=2 2 2 2 2 2 2 2 2 2 2 2 2 2 2 2 2 2 2 2 2 2 2 2 2 2 2 2 2 2
left_child=9 2 3 7 -5 -4 -6 28 10 -1 26 13 -12 19 -15 -16 -17 -7 -18 -11 21 22 -21 -24 -19 -10 -9 -20 29 -2
right_child=1 -3 5 4 6 17 -8 8 25 11 12 -13 -14 14 15 16 18 24 27 20 -22 -23 23 -25 -26 -27 -28 -29 -30 -31
leaf_value=-0.049847304182450536 -0.023851084607087365 0.043968680853711098 -0.044545469427316485 -0.049680740284376218 0.095098156400980752 -0.01911494144153995 -0.0029330068689591956 0.048726602837675825 0.036393627209807981 0.047270982441917499 -0.020285266714323538 -0.013639361899119044 0.10722330705115957 0.00024514698657819779 -0.05365044620811156 0.10007339254553622 0.083128818131675636 0.09604176561986455 -0.014534122649988705 -0.002376634709202961 0.057466832805145057 -0.056022830582227713 0.067277072197897289 -0.036682716137724475 -0.022276172553285067 0.1229697701737239 -0.023571486670096897 0.039314028120034067 -0.033365423911883726 0.057561928111924787
leaf_weight=3.7169949561357489 41.788489252328873 5.4133083671331397 63.631503343582153 2.9096939861774436 6.8492557853460294 21.28912311792374 4.2246138453483582 2.8429832458496085 5.061906620860098 66.312955960631371 1.7702466845512379 9.8533188700675947 2.4883750379085541 47.581211283802986 2.4856384843587866 5.6745080947875968 6.279868632555007 2.6896266341209403 6.1532876491546658 17.406675860285763 15.908518001437185 4.7842942625284186 10.837778270244597 2.6196888089179984 1.8584554046392439 3.0121192038059235 40.994338154792786 19.937015205621719 81.329460792243481 6.9540272802114478
leaf_count=19 220 21 359 15 28 112 21 12 20 232 10 42 11 186 11 19 21 12 29 70 56 19 38 11 10 11 210 72 438 30
internal_value=0.000138131 -0.0191264 -0.0203054 -0.0142731 0.0353562 -0.0338053 0.0576999 -0.0179994 -0.000752109 0.0260323 -0.0124099 0.0273391 0.0542199 0.0292993 0.0188691 0.040733 0.0468995 -0.00735463 0.0375781 0.0370962 0.0240094 0.00907859 0.0191701 0.0470398 0.0476942 0.068692 -0.0188827 0.0266142 -0.0254475 -0.012236
internal_weight=514.659 295.108 289.694 200.226 13.9836 89.4687 11.0739 186.242 56.17 219.552 48.0959 215.835 4.25862 205.981 88.1115 40.5303 38.0447 25.8372 32.3702 117.87 51.557 35.6484 30.8641 13.4575 4.54808 8.07403 43.8373 26.0903 130.072 48.7425
internal_count=2365 1540 1519 1026 64 493 49 962 274 825 243 806 21 764 338 152 141 134 122 426 194 138 119 49 22 31 222 101 688 250
is_linear=0
shrinkage=0.05


Tree=47
num_leaves=31
num_cat=0
split_feature=15 12 16 17 12 10 5 7 1 5 17 17 17 12 5 1 16 13 5 17 5 8 16 9 17 17 12 7 17 17
split_gain=21.9591 14.5653 11.2939 9.97947 9.10005 7.59588 7.03964 11.1548 9.50502 8.02689 7.39361 6.92498 10.6101 6.77458 6.64633 6.71699 6.2932 6.23784 5.8544 5.06188 4.57053 6.57368 4.54516 6.20334 4.52478 4.21826 6.29916 4.12997 4.12322 7.69328
threshold=1.0000000180025095e-35 69055.35500000001 10.966725249237497 72.738590669675986 48732.80000000001 924.30000000000007 7.1364500000000008 2.5000000000000004 1.5000000000000002 0.74090000000000011 87.105697107722037 78.870697019233447 74.32481813450174 206555.45500000005 2.8284000000000007 1.5000000000000002 19.79359458055804 -20924.919999999995 58.112700000000011 78.699943827567822 5.6989500000000008 1.5000000000000002 22.591854299940035 0.9285000000000001 83.616872512609305 77.107311112970351 11720.770000000002 1.5000000000000002 83.891722958473395 87.00199926944741
decision_type=2 2 2 2 2 2 2 2 2 2 2 2 2 2 2 2 2 2 2 2 2 2 2 2 2 2 2 2 2 2
left_child=2 6 -1 -4 18 11 7 20 -9 -10 25 12 -6 -14 15 -3 24 -17 28 -16 -2 -22 -21 -24 -13 -11 -27 -18 -5 -30
right_child=1 14 3 4 5 -7 -8 8 9 10 -12 16 13 -15 19 17 27 -19 -20 22 21 -23 23 -25 -26 26 -28 -29 29 -31
leaf_value=-0.020295902638105739 -0.022125461425799957 -0.044840284501849952 0.097990058690531956 -0.0011046328358893982 0.10109323760290878 -0.032179715751007421 -0.028801927634663927 -0.034580389464356508 -0.044922555653222396 0.011343593506761522 -0.044374764538485628 0.12427050899372168 -0.046411124288172928 0.061643559044950759 -0.029283671988482241 0.10147823650114676 0.023886234169235881 0.029089886670896466 0.094758836067425412 -0.0003789040486032389 0.1191379173188921 -0.012334072170365751 -0.0055553456592747578 0.10730039909014054 0.045178500428899135 0.022268087474119545 0.11296313364630675 0.097655234923589129 0.036314324329754122 -0.045640804345111974
leaf_weight=18.087996229529381 54.988915368914604 1.8681576922535885 4.1942262798547736 47.920895367860794 2.6538550034165436 3.1390632688999167 72.273093730211258 5.1051286980509785 2.17220914363861 2.2806040197610846 1.5350150913000096 5.7994573861360568 5.1442520543932915 2.0202093571424484 8.862443260848524 4.8166647851467124 7.9397211968898755 7.7878189384937277 1.9654500186443318 10.618101440370081 1.4269822537899006 2.8491327986121178 2.173568218946456 2.7686376869678497 2.6276160329580307 2.6764175593852979 6.7251572087407112 2.4930729568004608 19.938284151256088 3.3437371477484694
leaf_count=148 466 16 19 329 15 21 647 48 19 16 14 27 38 8 71 17 44 45 8 77 6 23 13 13 16 18 31 9 118 25
internal_value=0.000209799 -0.0105142 0.0162979 0.0223605 0.0193391 0.0416623 -0.0174993 -0.00725756 0.0245397 0.0441516 0.0587907 0.0497449 0.015692 -0.0159422 0.0167891 0.0436385 0.0674726 0.0567523 0.0096318 0.000878397 -0.0182534 0.0315394 0.0180573 0.0576668 0.0996091 0.0723464 0.0871443 0.0415144 0.007282 0.024544
internal_weight=318.196 190.928 127.268 109.18 104.986 31.8172 152.033 79.7596 20.4945 15.3894 13.2172 28.6782 9.81832 7.16446 38.8954 14.4726 18.8599 12.6045 73.1684 24.4228 59.265 4.27612 15.5603 4.94221 8.42707 11.6822 9.40157 10.4328 71.2029 23.282
internal_count=2365 1540 825 677 658 178 1288 641 146 98 79 157 61 46 252 78 96 62 480 174 495 29 103 26 43 65 49 53 472 143
is_linear=0
shrinkage=0.05


Tree=48
num_leaves=31
num_cat=0
split_feature=16 14 14 17 17 15 17 15 5 10 16 16 17 1 14 12 16 14 14 1 12 14 14 17 1 1 10 14 17 1
split_gain=12.2602 12.9167 10.9569 8.32616 6.93523 8.06805 6.89968 6.52501 6.47339 6.16756 5.19138 8.78604 7.52916 4.62501 6.64716 6.12865 3.81278 4.66387 3.77658 6.71219 4.07553 9.66192 7.20198 8.15584 4.16112 3.78674 3.37516 2.97003 2.64424 2.41403
threshold=19.361024622865273 86506.390000000029 164480.99000000002 85.65839643812636 86.844306792562236 1.0000000180025095e-35 75.064125694894358 1.0000000180025095e-35 46.985300000000002 314.58500000000009 25.952548069151771 26.638830125549728 79.082881195789298 2.5000000000000004 87161.220000000016 120314.11500000001 26.573171398361335 50166.135000000002 10582.695000000002 1.5000000000000002 32222.745000000003 47185.835000000006 44677.910000000011 78.482219509890072 1.5000000000000002 4.5000000000000009 633.25000000000011 19116.940000000006 81.993488826072948 1.5000000000000002
decision_type=2 2 2 2 2 2 2 2 2 2 2 2 2 2 2 2 2 2 2 2 2 2 2 2 2 2 2 2 2 2
left_child=1 3 6 8 5 -5 -3 9 18 -6 -2 12 -12 28 -15 -16 17 -14 19 26 -20 22 23 24 -22 -26 -1 29 -8 -7
right_child=10 2 -4 4 7 27 13 -9 -10 -11 11 -13 16 14 15 -17 -18 -19 20 -21 21 -23 -24 -25 25 -27 -28 -29 -30 -31
leaf_value=0.092203434844069232 -0.031788262587766396 -0.041784817636995167 -0.04177066213860095 -0.041684789555105684 0.15108821870483322 0.080411861300670018 0.11735339418274265 -0.042049840398506788 0.067978117411073166 -0.041671778764971544 -0.042676714406160804 -0.033642904898587261 0.1050691577459249 0.12554003307411141 -0.04172686891713389 0.086039460902730042 0.14407930777456254 -0.042307254861950083 -0.035422081901165345 -0.041597956095936646 0.16009725539326283 -0.041568090554287999 0.14792789705129497 -0.041863539310260066 -0.042065673391090075 0.099670244514010839 -0.0073131703390801788 0.092861770594539733 0.053771265446503416 -0.042070898524302007
leaf_weight=2.672704234719276 35.769923847168684 1.3942652828991438 2.9111163467168799 1.722627621144057 1.0147075429558743 0.77598295360803582 5.7628635168075544 4.5763666108250618 2.41345141083002 0.70210388302803028 1.4988638833165149 6.3373096622526646 1.3270079754292967 1.627200961112975 2.525324959307909 1.4937670193612573 1.7488317638635638 0.90151743218302716 22.911303177475929 2.7317348718643188 0.98103689774870728 7.382577583193779 1.2720072008669374 2.9460575878620148 0.88734623789787281 1.0049338601529596 1.2507090680301187 6.4012999273836613 2.2829966172575951 0.83534064888954163
leaf_count=15 815 28 63 37 8 6 32 102 22 15 26 147 12 6 55 18 7 15 504 61 13 167 12 59 16 12 20 40 17 15
internal_value=-0.00217752 0.00971819 0.0470409 -0.00103234 0.0300404 0.0564837 0.0641783 -0.0108662 -0.0117537 0.0722575 -0.0222972 0.00644052 0.0528267 0.0749684 0.0402791 0.00575976 0.0888171 0.0454502 -0.016123 0.0185798 -0.0223007 -0.00153035 0.0401515 0.0165936 0.0765305 0.0332061 0.0604794 0.0775889 0.0993121 0.0169145
internal_weight=128.063 80.4798 17.9975 62.4823 16.0284 9.73525 15.0864 6.29318 46.4539 1.71681 47.5835 11.8135 5.47622 13.6922 5.64629 4.01909 3.97736 2.22853 44.0404 6.65515 37.3853 14.474 7.09138 5.81937 2.87332 1.89228 3.92341 8.01262 8.04586 1.61132
internal_count=2365 1343 219 1124 223 98 156 125 901 23 1022 207 60 128 79 73 34 27 879 96 783 279 112 100 41 28 35 61 49 21
is_linear=0
shrinkage=0.05


Tree=49
num_leaves=31
num_cat=0
split_feature=14 14 14 16 5 16 10 16 16 14 14 9 16 16 16 16 14 10 16 11 12 12 17 4 1 16 17 17 11 16
split_gain=41.8481 15.3791 13.7065 12.582 12.5304 11.8169 12.0741 9.01491 8.30148 13.4695 17.2037 13.9692 12.6367 9.16329 8.52533 8.20478 9.65292 6.3053 10.528 10.0381 6.40909 8.86781 7.15142 6.11006 6.96125 21.7057 17.8713 9.11982 8.76749 7.55976
threshold=15005.845000000003 5923.1600000000008 85597.85000000002 27.468856662908255 30.321250000000003 22.542464529959442 362.36500000000007 9.5234714016566056 24.245576452781354 81017.87000000001 41312.480000000003 0.81650000000000011 22.764137354912403 27.303261542238236 22.542464529959442 23.895596783076591 12928.160000000002 760.66500000000008 8.4349167095213442 6.5000000000000009 30660.345000000005 33937.44000000001 85.270615145529817 1.3180000000000003 1.5000000000000002 18.054771356587498 87.192511385029988 82.349513434258228 2.5000000000000004 9.8099420385027454
decision_type=2 2 2 2 2 2 2 2 2 2 2 2 2 2 2 2 2 2 2 2 2 2 2 2 2 2 2 2 2 2
left_child=1 3 4 -1 8 6 -3 -4 12 10 11 13 14 -10 17 -7 -17 23 -19 -20 -21 -22 -23 24 25 26 -2 28 -26 -30
right_child=2 5 7 -5 -6 15 -8 -9 9 -11 -12 -13 -14 -15 -16 16 -18 18 19 20 21 22 -24 -25 27 -27 -28 -29 29 -31
leaf_value=-0.044144136178471446 -0.026977995869720856 0.0036804860770850104 0.049555272069629376 0.09331549887293468 -0.039767417463606403 -0.04961291250114247 0.058890898534978336 -0.034277741511025611 0.07491327539829977 0.14569681092854106 -0.03321788463561369 -0.013298487112253041 -0.044403402040519589 -0.0060092192480925089 0.10312455909740129 -0.0052093796069263495 0.08995909612158326 0.081714603179015549 0.088101295440860844 -0.014038475331538453 0.083570791760249841 0.02005271676191147 -0.047817128025040463 -0.02430750984827838 0.092088372945253197 0.10737587307865398 0.11480781861154543 -0.033091838350218734 0.048569885043696977 -0.013526171873554441
leaf_weight=10.292066782712933 14.491132289171224 12.275998950004576 3.4031468033790579 1.9859374612569816 21.287313789129257 5.3580566495656994 51.22149270772934 55.580093137919903 16.374655827879909 2.0128246843814841 13.703560993075369 10.415344983339311 17.799527272582054 4.448679417371749 1.9696226269006718 8.563301280140875 3.8680183738470069 4.8234030753374091 3.4578966796398154 34.022282063961029 4.3808999210596111 18.988214835524563 4.8785121142864218 40.224890306591988 2.8011634051799765 5.7057814896106711 2.625025510787963 24.09157644957304 6.2061197310686138 23.314323574304581
leaf_count=58 88 58 16 8 142 28 202 364 74 9 82 53 112 23 11 41 14 17 15 192 20 98 30 242 14 29 11 147 28 139
internal_value=0.000664844 0.0302482 -0.00754856 -0.0219104 -0.00290405 0.0381265 0.048217 -0.0294408 0.000152489 0.0191565 0.0134892 0.0339783 -0.00410118 0.0576251 -0.000364555 0.00210941 0.0244024 -0.00143731 0.0104147 0.00518241 0.000577858 0.0181822 0.00617969 -0.00843692 -0.000379983 0.0229207 -0.00523296 -0.00980627 0.00755011 -0.00047164
internal_weight=430.571 93.5649 337.006 12.278 278.023 81.2869 63.4975 58.9832 256.735 46.9551 44.9422 31.2387 209.78 20.8233 191.981 17.7894 12.4313 190.011 70.5512 65.7278 62.2699 28.2476 23.8667 119.46 79.2351 22.8219 17.1162 56.4132 32.3216 29.5204
internal_count=2365 409 1956 66 1576 343 260 380 1434 241 232 150 1193 97 1081 83 55 1070 372 355 340 148 128 698 456 128 99 328 181 167
is_linear=0
shrinkage=0.05


Tree=50
num_leaves=31
num_cat=0
split_feature=15 14 14 16 14 14 0 11 11 13 11 16 11 0 6 14 14 14 14 9 16 16 16 14 9 0 14 10 10 14
split_gain=50.4315 18.017 10.0433 9.73543 14.6495 13.4162 12.6359 8.49509 9.60354 8.59516 7.57182 7.65619 10.8024 12.2548 7.10092 7.07918 13.1085 7.47693 7.78728 7.93432 6.67716 6.19124 7.50497 6.14576 6.09342 11.2308 5.71179 6.7143 8.84783 6.16273
threshold=1.0000000180025095e-35 13800.605000000001 14295.370000000001 18.925545894380313 12493.820000000002 7447.2700000000013 20.500000000000004 254.00000000000003 756.50000000000011 -3639.0099999999998 657.00000000000011 25.926766103419006 482.50000000000006 14.500000000000002 0.72204365963006778 60927.92500000001 106687.46000000001 64596.430000000008 97538.315000000017 0.7320000000000001 15.444518873745212 19.66294101734152 22.903763827132796 79416.750000000015 0.69050000000000011 12.500000000000002 63660.695000000007 401.83500000000009 157.25000000000003 53833.030000000006
decision_type=2 2 2 2 2 2 2 2 2 2 2 2 2 2 2 2 2 2 2 2 2 2 2 2 2 2 2 2 2 2
left_child=15 3 -3 4 -2 -5 -7 24 10 -10 11 12 13 14 -9 -1 17 -17 19 23 -15 -14 -23 -19 25 -4 29 28 -28 -26
right_child=1 2 7 5 -6 6 -8 8 9 -11 -12 -13 21 20 -16 16 -18 18 -20 -21 -22 22 -24 -25 26 -27 27 -29 -30 -31
leaf_value=-0.025613401187577725 -0.050231135279421815 0.073529247518017191 0.036390349921723013 0.045523474335804372 0.077540091201346167 -0.036137619634782694 0.058968535778653734 -0.0079278642040987723 0.056032221772752827 0.010386319971404254 -0.038258225029010523 -0.035049264762380787 0.044663515475975912 -0.016386622210528161 -0.055430952190192867 0.08134009913821455 -0.030079050637648236 0.051268502116001258 0.067809953202274786 -0.034810687425633396 0.059350653321980029 -0.045906987320834418 0.051467937046836124 -0.024912822569582053 0.010399066092606227 0.0063890124639284021 -0.022247340240572355 -0.034415038999574495 0.068049986916003904 0.065977648862367025
leaf_weight=159.5359763354063 24.35676904022694 6.7792377769947043 84.59763391315937 11.627555578947065 2.4709224402904502 20.228389531373981 4.2212271690368643 24.125347346067429 12.456531852483748 59.935506522655487 15.031113788485525 13.273919507861136 20.83516222238541 4.427707463502883 11.673714011907576 3.947871774435046 28.124041929841042 7.5356238782405889 4.4911926686763755 10.954129442572594 8.4906550943851453 4.8997349143028242 3.3192541897296906 4.0811805129051208 34.582967847585678 49.414984032511711 6.1623219251632708 14.336036324501036 4.8464093804359436 5.8282428681850424
leaf_count=622 95 22 281 38 8 73 14 83 41 200 53 49 69 15 42 13 114 25 15 41 28 17 11 16 115 168 21 52 16 19
internal_value=-0.000452958 0.00915619 0.0132095 -0.0156527 -0.038463 0.00130943 -0.0197175 0.0121284 0.00420057 0.0182406 -0.00538108 4.67543e-05 0.00603688 -0.00835382 -0.0234181 -0.0201362 -0.00535954 0.0170594 0.00768207 -0.00428225 0.0333921 0.0301669 -0.00658194 0.0245047 0.0192109 0.0253278 0.00674451 -0.0118633 0.0175045 0.0184148
internal_weight=666.591 447.921 385.016 62.9049 26.8277 36.0772 24.4496 378.237 178.469 72.392 106.077 91.0455 77.7716 48.7174 35.7991 218.67 59.134 31.01 27.0621 22.5709 12.9184 29.0542 8.21899 11.6168 199.769 134.013 65.756 25.3448 11.0087 40.4112
internal_count=2376 1530 1302 228 103 125 87 1280 608 241 367 314 265 168 125 846 224 110 97 82 43 97 28 41 672 449 223 89 37 134
is_linear=0
shrinkage=0.05


Tree=51
num_leaves=31
num_cat=0
split_feature=15 0 16 17 16 1 14 16 16 17 17 16 17 11 11 4 17 0 17 5 17 1 14 14 16 9 14 5 16 16
split_gain=83.4163 8.09171 18.2319 8.69885 10.9029 14.7487 9.67439 13.8648 9.80415 11.3628 9.11498 8.55294 18.9966 7.72398 14.8611 7.64527 7.45676 8.85838 8.19444 8.12489 8.05078 10.3132 9.04432 10.778 8.08854 7.34476 7.26512 6.83558 6.5331 7.78422
threshold=1.0000000180025095e-35 9.5000000000000018 27.437631174893696 87.470337323657688 21.106629504348334 4.5000000000000009 25982.005000000005 25.77082073588581 22.764137354912403 76.555713653022949 83.752561739469641 14.461963793933784 80.511211340609592 536.00000000000011 255.50000000000003 0.093500000000000014 81.101802189404438 17.500000000000004 79.862794907542863 0.76360000000000017 81.60173787340743 4.5000000000000009 13900.885 63660.695000000007 25.84432124470851 0.58550000000000002 31975.805000000004 3.6798500000000005 25.696221399911909 24.245576452781354
decision_type=2 2 2 2 2 2 2 2 2 2 2 2 2 2 2 2 2 2 2 2 2 2 2 2 2 2 2 2 2 2
left_child=16 2 -2 4 11 6 7 10 9 -8 -6 12 13 14 15 -3 18 19 28 -18 -21 22 -22 24 25 -24 -27 -5 29 -1
right_child=1 3 -4 27 5 -7 8 -9 -10 -11 -12 -13 -14 -15 -16 -17 17 -19 -20 20 21 -23 23 -25 -26 26 -28 -29 -30 -31
leaf_value=0.024934274220385116 -0.03188977193949951 -0.048526395539911789 0.061576645870318164 0.077375184351990256 -0.040260358352168193 0.048400222007900423 0.10845936209918504 0.13619487764598784 -0.041959700176393049 -0.04829278016282839 0.062974250124820788 -0.036986056320935233 -0.045584946773142981 -0.016995475669102474 0.11588604637293726 0.037092721560126524 -0.044812489001835126 -0.022220909183595847 0.068554816419380368 -0.04473641237626888 -0.036888348202453659 0.05279427410058788 -0.0024075980952645375 -0.028693920130935763 0.093448096986584336 0.071300690303836192 0.0068321658351691173 -0.019016667159484704 0.065687965297311135 -0.047547034329412312
leaf_weight=98.744499266147614 123.09762854874134 3.7304179668426576 5.4484246075153342 4.8063101768493643 5.5926416218280774 14.132375866174696 2.5658879131078747 2.3205462247133246 21.917929962277412 2.1041985303163528 3.4616444855928421 53.570869542658329 18.944147646427155 9.1249137073755247 4.6812099963426581 8.6601092815399152 4.8214146643877021 15.997250601649283 12.502877831459044 4.2862836867570868 7.6539376974105826 24.134753733873367 14.300023049116133 8.5887000858783704 4.8792400360107413 10.909808456897737 7.2902615219354621 2.9793168306350708 9.4371884167194349 3.8486508131027213
leaf_count=361 686 21 23 19 30 60 9 9 123 12 16 290 109 49 20 40 21 66 41 17 31 84 57 41 16 38 27 14 32 14
internal_value=-0.000689508 -0.0186052 -0.0279282 -0.0110485 -0.0137092 0.00479692 -0.0114352 0.0271546 -0.0279446 0.0378316 -0.000791591 -0.0234758 -0.00744249 0.0201403 0.0399895 0.0113154 0.0219332 0.0119706 0.030162 0.0182675 0.0219745 0.0256519 0.0134353 0.0218145 0.0334199 0.0244078 0.045477 0.040489 0.0258773 0.0222152
internal_weight=514.533 287.139 128.546 158.593 150.807 52.0952 37.9628 11.3748 26.588 4.67009 9.05429 98.7117 45.1408 26.1967 17.0717 12.3905 227.395 102.862 124.533 86.8644 82.043 77.7567 53.622 45.968 37.3793 32.5001 18.2001 7.78563 112.03 102.593
internal_count=2376 1530 709 821 788 259 199 55 144 21 46 529 239 130 81 61 846 398 448 332 311 294 210 179 138 122 65 33 407 375
is_linear=0
shrinkage=0.05


Tree=52
num_leaves=31
num_cat=0
split_feature=15 16 5 13 17 0 16 5 17 16 17 17 1 17 17 17 1 17 16 1 1 16 17 10 0 16 17 1 10 17
split_gain=16.3924 13.9798 9.66445 9.59013 9.38632 10.3115 8.90786 9.91407 8.2216 7.76661 7.71844 8.38409 13.04 10.7897 11.7851 8.30046 9.72476 11.2959 7.62156 7.54222 7.26809 6.12868 15.3286 6.03583 5.85741 6.80531 11.6031 15.3386 5.72271 5.56356
threshold=1.0000000180025095e-35 10.966725249237497 2.8162500000000006 -20480.374999999996 87.00199926944741 16.500000000000004 16.917168339910148 39.956800000000008 82.349513434258228 12.600779347059726 86.213867244182168 75.507650486260715 3.5000000000000004 79.270229461126021 81.60173787340743 83.153127621988389 3.5000000000000004 84.705680522437504 23.252661526642903 4.5000000000000009 4.5000000000000009 20.106541304142894 83.311874830810368 815.25000000000011 7.5000000000000009 12.22883389752011 85.270615145529817 3.5000000000000004 740.66500000000008 86.13829549664095
decision_type=2 2 2 2 2 2 2 2 2 2 2 2 2 2 2 2 2 2 2 2 2 2 2 2 2 2 2 2 2 2
left_child=1 -1 3 8 5 9 7 -7 28 19 11 12 -11 -13 18 -16 17 -17 20 -3 23 -8 -23 -15 25 26 27 -4 -2 -26
right_child=2 4 24 -5 -6 6 21 -9 -10 10 -12 13 -14 14 15 16 -18 -19 -20 -21 -22 22 -24 -25 29 -27 -28 -29 -30 -31
leaf_value=-0.027607202052024611 0.079714346152277599 0.0078309344570908056 0.1157874592321986 -0.0050384512993251413 -0.046450029393059811 -0.013848380504238223 0.10539302448312154 0.11926610531798583 -0.01680085049599337 0.071539995893771177 0.086113914993722632 -0.041736232921249783 -0.013026560095287222 -0.0025338295914653563 -0.046347020378837069 0.097664287791118673 -0.029189445271274955 -0.0016796457444651699 -0.044900940682982678 0.1191161337449535 0.13632228981270608 -0.011555241629006851 0.10730206988841109 0.10366069907887077 -0.031448592141601152 -0.014272989774800505 -0.044311084627118608 -0.04459673186655861 0.008054382308467287 0.0086002135243133087
leaf_weight=17.22949193418026 9.1692313030362147 2.7783102691173545 5.0265826806426031 52.046739667654037 4.9716485291719428 7.6506646946072596 7.4444070830941227 1.7117002010345457 5.1055981367826453 10.765978962183 3.2164303734898558 13.539761140942572 7.9059995487332335 3.2992226704955083 8.9241288304328936 5.0340434610843676 8.4717290475964528 6.6299216970801353 1.5747819989919651 3.3684432804584503 3.0789707154035568 5.5544864758849126 5.3019426017999649 2.2509665489196777 64.147381745278835 31.662859655916691 3.3713358491659164 2.119262121617794 4.0020690932869902 10.027472168207167
leaf_count=145 40 21 28 418 36 55 33 7 41 58 16 105 49 22 64 21 60 45 13 15 12 35 22 12 566 274 31 19 28 85
internal_value=0.000777769 0.0143579 -0.00873038 0.00590328 0.0207298 0.023808 0.0501574 0.0104886 0.0370618 0.0147912 0.0103453 0.00693567 0.0357332 -0.00324751 0.010025 -0.00620725 0.0115827 0.0411961 0.0562528 0.0688156 0.0747129 0.0704511 0.046491 0.040535 -0.0175748 -0.00269815 0.0321489 0.0682219 0.0579406 -0.0260345
internal_weight=317.382 130.703 186.679 70.3236 113.474 108.502 27.6632 9.36236 18.2769 80.8387 74.6919 71.4755 18.672 52.8035 39.2638 29.0598 20.1357 11.664 10.2039 6.14675 8.62916 18.3008 10.8564 5.55019 116.355 42.18 10.5172 7.14584 13.1713 74.1749
internal_count=2376 846 1530 527 701 665 152 62 109 513 477 461 107 354 249 190 126 66 59 36 46 90 57 34 1003 352 78 47 68 651
is_linear=0
shrinkage=0.05


Tree=53
num_leaves=31
num_cat=0
split_feature=14 14 1 0 14 10 0 17 15 17 17 15 17 17 11 1 0 14 1 17 1 14 12 1 10 14 15 11 10 0
split_gain=7.70631 9.01744 6.89231 8.38979 8.16217 5.7588 18.3983 10.0653 11.6732 7.64205 12.3622 6.38844 6.47454 11.3489 6.28779 5.51187 8.0672 5.70373 5.2093 8.31757 7.21613 4.15634 3.20734 4.75097 2.88985 6.17165 2.61305 2.81319 6.40311 6.39636
threshold=86506.390000000029 164480.99000000002 2.5000000000000004 3.5000000000000004 86685.680000000008 524.25000000000011 16.500000000000004 87.192511385029988 1.0000000180025095e-35 81.603823344622455 81.649779829936065 1.0000000180025095e-35 86.793659298349084 85.65839643812636 467.50000000000006 5.5000000000000009 15.500000000000002 7447.2700000000013 2.5000000000000004 77.982491973029923 1.5000000000000002 11101.870000000001 120314.11500000001 4.5000000000000009 626.08500000000015 99786.380000000019 1.0000000180025095e-35 10.500000000000002 429.75000000000006 3.5000000000000004
decision_type=2 2 2 2 2 2 2 2 2 2 2 2 2 2 2 2 2 2 2 2 2 2 2 2 2 2 2 2 2 2
left_child=5 2 3 -2 -4 6 14 8 -8 -7 -11 -12 13 15 26 17 -17 -13 20 -20 21 -10 -6 -24 25 -5 -1 28 29 -28
right_child=1 -3 4 24 22 9 7 -9 18 10 11 12 -14 -15 -16 16 -18 -19 19 -21 -22 -23 23 -25 -26 -27 27 -29 -30 -31
leaf_value=-0.041798885998398157 -0.042866019491442586 -0.041679761886518465 0.11385376346130732 0.11730809176518964 -0.041639431105755353 -0.032286494626932463 -0.041738939117695079 0.21420762354338005 0.12255073040500702 0.12631933807709764 -0.041530893582862806 0.061514636805965785 -0.04148902622319478 0.080270780540212305 0.070312100793384305 0.23511962941044207 -0.041517477208867011 -0.0414862551650447 0.09121814785333221 -0.041750055980216472 0.19792078761264942 -0.004258159519783246 -0.041960276034893731 0.088271755612089456 0.093380391006824146 -0.018500716954151081 0.094528949342318994 -0.027130057256372672 0.087410658419745615 -0.042186472384021081
leaf_weight=9.2716744244098717 1.6910633370280326 4.28598903492093 1.4230583012104014 1.4391796402633175 4.7641927637159824 32.050613038241863 2.8958901613950685 0.95691884309053499 1.374090224504471 1.8951412811875368 8.6254516914486903 1.671219654381275 4.7024096846580496 5.8697432279586783 2.0568455941975108 0.53890405967831678 0.51575257256627083 6.8656641282141209 2.9712496213614941 1.9466030560433862 1.6006144210696218 1.2197965420782564 1.3470010347664358 1.4586593918502329 7.8162160478532314 1.9977458268404005 1.0675623565912271 9.2838508449494821 2.1296053826808929 4.3076567836105824
leaf_count=197 25 96 5 7 106 744 62 9 5 8 202 13 116 43 19 8 12 163 20 44 14 18 26 18 46 36 15 191 24 84
internal_value=0.00043539 0.0246539 0.0376139 0.060974 0.00398983 -0.00568193 0.00887024 0.0581455 0.0457091 -0.0152115 0.00262378 -0.0055189 0.00988601 0.0255113 -0.0138511 -0.00799997 0.0998374 -0.0213223 0.0735 0.0385862 0.114435 0.0629178 -0.0166635 0.0257472 0.0765785 0.0383679 -0.0204938 -0.00872794 0.0140364 -0.0150337
internal_weight=130.04 26.2231 21.9371 12.9442 8.99291 103.817 41.0824 12.9652 12.0082 62.7349 30.6843 28.7891 20.1637 15.4613 28.1172 9.59154 1.05466 8.53688 9.11235 4.91785 4.1945 2.59389 7.56985 2.80566 11.2531 3.43693 26.0603 16.7887 7.50482 5.37522
internal_count=2376 365 269 114 155 2011 702 172 163 1309 565 557 355 239 530 196 20 176 101 64 37 23 150 44 89 43 511 314 123 99
is_linear=0
shrinkage=0.05


Tree=54
num_leaves=31
num_cat=0
split_feature=14 14 17 0 16 17 10 14 14 0 10 4 0 16 14 14 17 17 5 0 15 14 14 5 17 17 0 0 10 16
split_gain=55.3558 13.5492 13.3705 26.1117 16.8408 14.0241 12.589 11.4969 13.7239 11.9485 8.66598 10.6717 8.19901 11.0708 8.11696 8.55327 7.65826 7.9912 8.23664 7.34276 7.30648 7.01677 12.8849 6.72167 9.19401 10.4637 13.3909 6.57131 7.3171 10.4497
threshold=15005.845000000003 51384.305000000008 81.101802189404438 21.500000000000004 9.1659961102698571 78.915674872275432 646.33500000000015 28591.445000000003 38110.810000000005 3.5000000000000004 164.50000000000003 0.077500000000000013 8.5000000000000018 20.764693479305269 6368.1550000000016 13582.360000000002 82.543014272090318 79.504096169313456 2.1802000000000006 15.500000000000002 1.0000000180025095e-35 43915.575000000004 45763.42500000001 1.3895500000000001 87.192511385029988 83.891722958473395 7.5000000000000009 18.500000000000004 777.00000000000011 16.738551221311997
decision_type=2 2 2 2 2 2 2 2 2 2 2 2 2 2 2 2 2 2 2 2 2 2 2 2 2 2 2 2 2 2
left_child=6 2 4 7 5 -2 14 -4 19 -10 11 -6 -8 -14 -1 16 17 18 -16 23 -3 -11 -23 -9 25 26 -25 28 -22 -30
right_child=1 20 3 -5 10 -7 12 8 9 21 -12 -13 13 -15 15 -17 -18 -19 -20 -21 27 22 -24 24 -26 -27 -28 -29 29 -31
leaf_value=-0.03971522139594208 0.11467291745030728 -0.039845975419620351 -0.013674659590514183 0.10970065437854837 -1.0345258898156426e-05 -0.022073321461230359 0.065989237662328157 0.11496992730625849 0.11249009577354802 -0.047773468069395864 -0.024017977100593248 0.12804978803135053 0.048806466112232633 -0.021133538489702824 0.097563793768399437 -0.032294605765942647 0.069570952586091736 -0.049855191722158174 0.0094584110732328728 -0.0059975776286579361 -0.020340441362961485 0.10766739606530412 -0.025117118240725923 -0.019544806146591015 0.1206518067865322 -0.023884324491433587 0.10163492420795346 -0.047747156600260264 -0.027700748610412385 0.037637412540905968
leaf_weight=6.367212936282157 4.5057941526174536 39.727139458060265 43.367138810455799 6.3877296745777121 9.1518855541944486 3.2111020982265472 31.194747567176819 4.0370700657367768 1.8535754084587122 10.665560305118563 89.85226995497942 1.9785412251949299 19.522319078445438 7.9671102017164221 3.5489922016859117 5.9860513657331458 9.6411604583263379 3.8190429359674445 10.503472924232481 5.9328164383769026 43.627329438924789 2.5374514460563642 6.5246042609214783 3.489976987242704 3.2545461505651465 5.9824026226997367 6.5742869526147842 12.086235396564005 9.7933543920516986 16.312256179749966
leaf_count=39 16 280 247 27 51 16 116 17 10 66 538 11 76 40 14 33 37 20 49 35 271 13 39 20 12 35 28 74 60 86
internal_value=0.000822641 -0.00897519 -0.00126459 0.0118711 -0.0134223 0.057771 0.033716 0.00523857 0.0213679 -0.00888275 -0.0188628 0.0227536 0.0484451 0.0285361 0.0120341 0.0218703 0.0336552 0.0142797 0.0317097 0.0436713 -0.0222531 -0.0202868 0.0120637 0.0562976 0.0440256 0.0284845 0.0596135 -0.0137109 -0.00781168 0.0131262
internal_weight=429.403 330.853 209.307 100.607 108.7 7.7169 98.5501 94.2194 50.8523 21.5812 100.983 11.1304 58.6842 27.4894 39.8659 33.4987 27.5127 17.8715 14.0525 29.2711 121.546 19.7276 9.06206 23.3383 19.3012 16.0467 10.0643 81.8192 69.7329 26.1056
internal_count=2376 1952 1181 549 632 32 424 522 275 128 600 62 232 116 192 153 120 83 63 147 771 118 52 112 95 83 48 491 417 146
is_linear=0
shrinkage=0.05


Tree=55
num_leaves=31
num_cat=0
split_feature=15 14 1 17 16 17 14 10 17 1 16 16 16 10 1 17 17 14 16 17 1 14 17 0 0 0 5 14 17 14
split_gain=44.7484 15.7685 12.1816 11.9346 11.1182 9.60047 9.38513 9.06912 18.1191 14.3653 11.1364 9.22951 8.56655 8.49477 7.2143 9.26118 7.14936 13.7006 22.0809 9.58243 9.40789 13.3538 7.60771 13.6693 7.14028 10.5479 7.13101 12.0858 8.21049 7.56366
threshold=1.0000000180025095e-35 13800.605000000001 3.5000000000000004 87.470337323657688 11.816895400272299 86.863883687981854 14295.370000000001 561.83500000000015 80.863088705039601 5.5000000000000009 12.676852869243071 25.926766103419006 19.596798811158873 6.5000000000000009 3.5000000000000004 83.551592923237436 81.668708609830304 74782.37000000001 24.773812023993589 73.005249268407496 1.5000000000000002 13263.345000000003 82.805850288628875 8.5000000000000018 13.500000000000002 18.500000000000004 4.6340500000000011 82250.960000000006 74.050821958299579 16385.940000000006
decision_type=2 2 2 2 2 2 2 2 2 2 2 2 2 2 2 2 2 2 2 2 2 2 2 2 2 2 2 2 2 2
left_child=16 2 -2 5 -5 6 -3 10 9 26 -8 13 -4 -12 -10 24 19 22 -19 -1 21 -21 23 -18 -16 -26 27 -9 -28 -30
right_child=1 3 12 4 -6 -7 7 8 14 -11 11 -13 -14 -15 15 -17 17 18 -20 20 -22 -23 -24 -25 25 -27 28 -29 29 -31
leaf_value=0.022055586084190872 -0.032578101742023489 0.070785438581827398 -0.019089455588781029 0.071569466113872313 -0.046774834220444782 0.046865523361785816 -0.0080909154856333224 0.020847861057878971 -0.028107095400443451 -0.03035059227746725 -0.021591217383059542 -0.017120528690804569 0.040669414169854444 0.036261843685729073 -0.045499341624322294 0.036515411429592706 0.095437042795881 0.065386226406481576 -0.055221729475933137 0.092404855317165344 -0.040455251972105567 -0.018708945421240051 -0.025587139012878759 -0.016307858366377836 0.062451803248145914 -0.05294660999042046 0.00031601690101218708 -0.040796490929750295 -0.041045944218703626 0.047591445195961035
leaf_weight=9.1395921707153303 37.700122445821762 6.7107401192188254 11.193212866783144 2.3183443248271969 13.787046954035757 21.239024132490158 26.752704501152039 36.216984733939171 44.062275171279907 14.745311528444288 6.799681991338729 10.370888009667395 12.918649077415465 94.912722900509834 10.815046265721326 12.565709710121153 3.8547627776861182 12.936790138483049 5.3702915906906119 2.9748913943767539 79.616949200630188 29.696031421422958 61.954858034849167 9.4357143193483335 4.9472715854644758 3.3017495274543762 14.67388343811035 10.187753498554228 2.539013907313346 46.21634940803051
leaf_count=34 145 22 40 8 51 70 91 121 156 51 22 37 43 314 38 41 14 43 22 11 325 114 247 36 16 11 50 40 10 153
internal_value=-0.000442184 0.0086075 -0.0148268 0.0123879 -0.0297394 0.0142364 0.0122324 0.0110737 0.00426556 0.0159883 0.0208944 0.0278127 0.0129281 0.0323942 -0.0150286 0.00319048 -0.0191736 -0.00878551 0.0300065 -0.027177 -0.0311842 -0.00859134 -0.0182235 0.0161026 -0.018775 0.0162625 0.0222094 0.00731438 0.0331066 0.0429755
internal_weight=659.954 444.974 61.812 383.163 16.1054 367.057 345.818 339.107 200.271 124.579 138.836 112.083 24.1119 101.712 75.6921 31.6298 214.98 93.5524 18.3071 121.427 112.288 32.6709 75.2453 13.2905 19.0641 8.24902 109.834 46.4047 63.4292 48.7554
internal_count=2376 1530 228 1302 59 1243 1173 1151 687 425 464 373 83 336 262 106 846 362 65 484 450 125 297 50 65 27 374 161 213 163
is_linear=0
shrinkage=0.05


Tree=56
num_leaves=31
num_cat=0
split_feature=15 14 14 16 5 1 5 14 4 5 16 10 16 10 14 13 0 14 10 14 1 6 1 14 14 14 14 14 5 14
split_gain=74.8635 8.03064 10.8783 9.5617 8.849 9.36559 11.6276 10.244 10.02 8.59662 9.64704 8.25632 7.29257 7.1583 9.17995 6.78626 6.52524 10.6457 8.95681 8.05758 8.84421 7.29069 7.74209 12.3144 9.37866 7.67471 6.71017 6.51707 9.21009 5.59167
threshold=1.0000000180025095e-35 121918.71000000002 84059.640000000014 13.561243222063183 1.2791500000000002 4.5000000000000009 9.4888500000000011 5923.1600000000008 0.19750000000000004 0.5021500000000001 16.117471736954581 477.83500000000009 10.966725249237497 610.87500000000011 106687.46000000001 -85415.514999999985 17.500000000000004 311148.40000000008 1267.4150000000002 94126.610000000015 2.5000000000000004 0.41039236689859743 2.5000000000000004 38110.810000000005 30496.945000000003 44320.670000000006 143385.76000000004 13394.540000000003 23.926800000000004 20184.435000000005
decision_type=2 2 2 2 2 2 2 2 2 2 2 2 2 2 2 2 2 2 2 2 2 2 2 2 2 2 2 2 2 2
left_child=15 2 4 -4 9 7 -7 -6 12 -2 -11 -12 -8 14 -5 -1 18 29 19 21 26 -17 23 24 27 -25 -21 -23 -29 -18
right_child=1 -3 3 13 5 6 8 -9 -10 10 11 -13 -14 -15 -16 16 17 -19 -20 20 -22 22 -24 25 -26 -27 -28 28 -30 -31
leaf_value=-0.049485569717190633 -0.027306719827245831 -0.047045671464306778 -0.048020699905253761 -0.033854423450700395 0.063857551155094366 -0.039549032120586428 -0.048128034659968962 -0.032150312618590374 0.072838141440540363 -0.021641232554507558 -0.025535534819564328 0.05405923890252548 0.013051125817413998 0.063298355323773897 0.082624817724143096 0.051054606091033905 -0.031088274779445087 0.094726262551093107 -0.03218249866727662 0.11004027128913665 -0.023696122463673364 -0.039357496470526443 0.035663087595194848 0.074988534219669042 -0.056195601522970963 0.0075740532711211193 -0.0030899540944642496 0.045611578122917856 -0.055978433300865806 0.0095537843304494257
leaf_weight=3.4017501920461646 17.525585368275642 21.856681033968925 4.4142077416181591 5.8454280495643633 2.8363494575023642 16.450496718287468 6.241530209779742 136.00842269510031 5.5914208739995948 10.659387201070787 4.119794666767123 15.57594160735607 22.181998893618584 9.6741744577884656 2.3803731799125671 37.269957020878792 11.93779021501541 3.0379871726036063 6.4072918444871894 2.5808636248111751 13.796090185642241 5.351940304040915 73.392181068658829 8.8459957242012042 8.1984601318836194 8.076153099536894 2.6633928269147873 11.260742276906965 2.7822356075048438 29.076355457305908
leaf_count=18 94 140 26 30 11 92 36 776 23 57 22 64 110 40 9 129 49 10 27 9 60 21 259 29 33 30 11 39 11 111
internal_value=-0.00068182 -0.0179389 -0.0154874 0.0178886 -0.0186274 -0.0234843 -0.00503761 -0.030189 0.011653 0.000575887 0.016674 0.0374102 -0.000383222 0.0341421 -0.000147791 0.0206068 0.0216681 0.00441389 0.0258761 0.0280114 -0.00268612 0.031778 0.0256847 0.00923355 -0.0113607 0.0428147 0.052585 0.00759148 0.0254843 -0.0022757
internal_weight=509.441 281.362 259.505 22.3142 237.191 189.31 50.4654 138.845 34.0149 47.8807 30.3551 19.6957 28.4235 17.9 8.2258 228.079 224.677 44.0521 180.625 174.218 19.0403 155.178 117.908 44.5155 27.5934 16.9221 5.24426 19.3949 14.043 41.0141
internal_count=2376 1530 1390 105 1285 1048 261 787 169 237 143 86 146 79 39 846 828 170 658 631 80 551 422 163 104 59 20 71 50 160
is_linear=0
shrinkage=0.05


Tree=57
num_leaves=31
num_cat=0
split_feature=14 15 16 14 0 17 1 0 16 1 1 14 16 17 17 14 14 9 14 16 17 17 0 16 16 14 12 0 1 16
split_gain=31.4967 11.5115 13.6405 12.7365 11.1538 8.50427 8.01576 7.13379 12.4914 17.9425 10.1838 9.92295 9.5432 8.09357 13.1181 11.4955 23.2632 11.4049 9.41947 8.87073 6.60156 6.85003 6.55621 9.80377 6.15102 7.87271 6.54308 14.3273 7.26911 10.7778
threshold=164480.99000000002 1.0000000180025095e-35 14.975888802998432 15742.515000000001 16.500000000000004 87.065492383176192 1.5000000000000002 4.5000000000000009 14.227340565271055 4.5000000000000009 4.5000000000000009 18794.635000000006 10.966725249237497 86.213867244182168 86.863883687981854 30796.375000000004 23767.910000000003 0.9285000000000001 82250.960000000006 19.361024622865273 81.649779829936065 80.144214779848824 18.500000000000004 24.329720624234039 25.696221399911909 9559.1400000000012 48732.80000000001 8.5000000000000018 2.5000000000000004 23.521814970566606
decision_type=2 2 2 2 2 2 2 2 2 2 2 2 2 2 2 2 2 2 2 2 2 2 2 2 2 2 2 2 2 2
left_child=1 2 -1 -3 24 6 -6 8 10 -10 12 -11 -5 18 15 16 -15 -16 -9 -20 21 -21 -8 -24 25 -4 28 -28 29 -27
right_child=-2 3 4 7 5 -7 22 13 9 11 -12 -13 -14 14 17 -17 -18 -19 19 20 -22 -23 23 -25 -26 26 27 -29 -30 -31
leaf_value=-0.019234220038616016 0.05901546487202261 -0.041949458370335958 0.096554002390944915 0.033575484981504665 -0.025137562089113347 -0.045206770763634795 0.10250817061989659 -0.025989257300575587 -0.035597248426115308 0.1607119518268578 -0.044668481310972716 0.025278092090322141 0.14393302100454239 -0.044392971058134799 -0.039178390470987076 -0.019630320866448794 0.2121914510136243 0.076764318615102189 -0.02813060635256108 0.010264862087660878 -0.046788958113431228 0.087233000257346802 0.0098123788624998754 0.12917003597031332 -0.032957084987886666 0.0045032434438680843 0.079885441031527338 -0.026124200783685905 -0.021109289932961618 0.10165576061682911
leaf_weight=32.424568891525269 21.616826593875885 29.040411479771137 2.7522598952054969 4.0187452584505099 2.4465978890657487 2.142231471836566 8.6295798122882861 73.099249683320522 15.291738845407965 1.8470468819141377 1.794530853629112 5.0508677288889885 3.8221048340201378 1.3126371651887918 8.8294237777590734 1.9524835571646688 2.70134237408638 2.7916322126984587 8.7810296937823313 5.4784779325127584 2.0335516706109038 6.1200034916400909 6.5255622938275319 2.336379811167717 7.925291195511817 16.570515841245655 8.4536943808197957 5.1161054074764243 20.517239071428776 3.4488666057586661
leaf_count=261 96 306 16 24 19 17 36 645 133 8 16 34 21 12 81 16 18 21 75 34 14 22 35 9 64 104 38 40 146 15
internal_value=0.00076998 -0.00352351 0.00843961 -0.0117267 0.0187697 0.0494593 0.0596306 -0.00567056 0.0152419 -0.00540004 0.062779 0.0615431 0.0873704 -0.0115551 0.0196149 0.0798802 0.128284 -0.0113264 -0.0172947 0.0110622 0.0363082 0.0508775 0.0714874 0.0412801 0.00830968 0.0140617 0.0098655 0.0399175 -0.000194543 0.0212403
internal_weight=314.871 293.254 119.289 173.965 86.8643 22.0804 19.9381 144.925 31.825 22.1897 9.63538 6.89791 7.84085 113.1 17.5875 5.96646 4.01398 11.6211 95.5123 22.4131 13.632 11.5985 17.4915 8.86194 64.784 56.8587 54.1064 13.5698 40.5366 20.0194
internal_count=2376 2280 800 1480 539 116 99 1174 236 175 61 42 45 938 148 46 30 102 790 145 70 56 80 44 423 359 343 78 265 119
is_linear=0
shrinkage=0.05


Tree=58
num_leaves=31
num_cat=0
split_feature=14 14 17 1 14 14 15 17 10 0 17 17 0 9 0 0 11 4 12 1 17 0 14 14 14 0 10 11 4 11
split_gain=7.07013 8.26513 6.26534 6.38157 6.48719 5.54688 6.41447 12.2195 7.51556 12.2572 8.38179 10.5433 8.14517 6.96112 4.69505 4.00213 7.78413 5.82516 3.81063 9.9789 3.59337 5.36095 3.24528 4.83966 10.4418 6.60572 3.10278 5.57517 2.98669 2.89849
threshold=86506.390000000029 164480.99000000002 75.064125694894358 2.5000000000000004 87161.220000000016 60544.235000000008 1.0000000180025095e-35 87.818982711788252 524.25000000000011 17.500000000000004 83.670857414349555 86.793659298349084 1.0000000180025095e-35 0.63350000000000006 3.5000000000000004 20.500000000000004 3.5000000000000004 0.10800000000000001 35692.850000000013 5.5000000000000009 79.270229461126021 11.500000000000002 32312.445000000003 41223.540000000008 40648.650000000001 1.5000000000000002 429.75000000000006 10.500000000000002 0.19250000000000003 302.50000000000006
decision_type=2 2 2 2 2 2 2 2 2 2 2 2 2 2 2 2 2 2 2 2 2 2 2 2 2 2 2 2 2 2
left_child=5 2 -2 14 -5 6 7 22 9 12 18 13 -8 -12 -4 17 -17 -11 -10 -20 21 -6 -1 24 25 -24 29 28 -28 -14
right_child=1 -3 3 4 20 -7 8 -9 10 15 11 -13 26 -15 -16 16 -18 -19 19 -21 -22 -23 23 -25 -26 -27 27 -29 -30 -31
leaf_value=-0.041546604090859973 -0.041893039967538792 -0.041611333007298745 -0.043083081171953676 0.10419742910033286 0.10706803817688909 -0.037386277025161715 0.11723392854623593 0.1512509728687553 -0.035910217082316294 0.18284649569851752 0.080032779816470265 -0.041433455637842939 -0.028019025370280295 -0.020905915152501071 0.076774138944934164 0.09449889136958145 -0.041969640634024211 0.063161066961929982 -0.026040169678172926 0.15500288968437234 -0.041675441551142195 -0.041686279462671963 0.14758954384869025 -0.041644339976705039 0.11928293140965485 -0.041591824818564646 0.17864981258148047 -0.023135238447406947 0.048631167659171803 0.070886954730955409
leaf_weight=16.002309668809183 2.3276158757507863 4.0998488496989003 0.88243586942553776 1.4766531586647023 1.2624899782240393 12.061650613322852 1.4489160366356433 0.9975733794271936 17.948313003405932 1.7107296958565692 6.7912382595241052 4.1665485352277747 10.304538078606125 2.2820101045072079 11.027898404747246 2.814852386713028 1.6618232689797876 2.5056977309286594 3.202171776443719 0.99845461919903744 3.9305531810969114 1.1642072722315786 0.52224450930952837 5.4656175300478935 1.9398915767669676 3.9623542930930853 0.63525626063346807 2.4363161213696003 1.4495826736092565 0.79811326414346773
leaf_count=375 48 96 12 5 13 294 9 8 443 17 49 107 210 45 79 12 33 22 72 11 87 25 7 122 7 93 3 46 18 8
internal_value=0.000398109 0.0235837 0.0356937 0.0448402 0.00979037 -0.00554478 -0.00127955 -0.0206957 0.00789281 0.028435 -0.00706354 0.0244097 0.00382677 0.0546457 0.0678939 0.076764 0.0438393 0.111721 -0.0258771 0.0169923 -0.0121384 0.0357032 -0.0268453 -0.00705963 0.0223632 -0.0195611 -0.00669035 0.028227 0.0882482 -0.0209092
internal_weight=128.278 26.1717 22.0719 19.7442 7.8339 102.106 90.0446 28.89 61.1546 25.7658 35.3887 13.2398 17.0727 9.07325 11.9103 8.6931 4.47668 4.21643 22.1489 4.20063 6.35725 2.4267 27.8924 11.8901 6.42449 4.4846 15.6238 4.52116 2.08484 11.1027
internal_count=2376 365 269 221 130 2011 1717 612 1105 378 727 201 294 94 91 84 45 39 526 83 125 38 604 229 107 100 285 67 21 218
is_linear=0
shrinkage=0.05


Tree=59
num_leaves=31
num_cat=0
split_feature=12 13 10 0 17 12 10 13 10 12 0 6 1 5 10 5 17 12 17 9 1 10 17 12 5 0 1 17 0 5
split_gain=26.7583 14.6249 16.1592 12.2299 17.4911 15.7304 10.8211 7.00085 6.67376 7.59225 6.60872 7.84063 9.52267 7.99848 6.04951 5.95536 5.37776 5.22982 6.21264 6.20962 6.00102 6.93911 5.07709 5.04163 4.9845 5.94748 4.98213 4.92881 7.16409 4.83732
threshold=33937.44000000001 -4778.5449999999992 584.25000000000011 21.500000000000004 81.447661284194581 14661.515000000001 1304.5000000000002 -49715.869999999988 635.82500000000016 7363.9000000000005 15.500000000000002 0.49070582380926758 3.5000000000000004 4.3163000000000009 655.62500000000011 1.7207000000000001 74.818393490052046 28463.395000000004 82.112334332974385 0.58550000000000002 1.0000000180025095e-35 75.500000000000014 82.756106494640662 84801.300000000017 19.849850000000004 8.5000000000000018 1.0000000180025095e-35 83.891722958473395 5.5000000000000009 2.5110000000000006
decision_type=2 2 2 2 2 2 2 2 2 2 2 2 2 2 2 2 2 2 2 2 2 2 2 2 2 2 2 2 2 2
left_child=1 2 -1 5 -5 8 23 -4 9 16 11 -9 14 -14 -13 -16 -3 19 -19 20 -7 -22 -8 29 -10 -26 -27 -20 -29 -2
right_child=6 3 7 4 -6 17 22 10 24 -11 -12 12 13 -15 15 -17 -18 18 27 -21 21 -23 -24 -25 25 26 -28 28 -30 -31
leaf_value=-0.032166003483285112 -0.033197122483673278 0.033706351794446095 -0.02802714937966665 -0.0055800624035675858 0.11133463996537232 0.050809590794133885 0.080048709465921852 -0.018120055796129273 0.056655743235476966 0.028397844639826881 -0.018679891941147476 0.11746317939876544 0.038923864774365324 -0.039251675344653063 0.0041040735042449034 0.061985559995785866 -0.048052928383968498 -0.0036268020487909211 0.10708815837458599 -0.025317916684580971 0.050905570054037154 -0.014146569904399629 -0.020787948678817357 -0.034839229632323526 0.049494460713819105 0.059122414927213818 -0.02209879510912292 0.088296441213899221 -0.019609486888463184 -0.007400621972335617
leaf_weight=36.113171800971031 23.892805233597755 2.8438763618469221 10.560781501233576 5.3350032120943052 7.9901763647794724 6.2285804301500312 4.1256692558526984 8.6555687040090543 26.666023403406143 23.618662148714066 10.877411589026449 3.210600450634959 6.6613794267177564 6.430467277765274 6.5027571767568615 14.03621795773506 6.8696039468050003 10.961093418300154 2.8267582803964597 27.762440130114555 4.9263887256383923 24.420289397239685 1.7898506969213483 38.683801934123039 11.327302247285845 2.4753338247537595 7.9580879062414169 2.7313611060380936 3.5211774632334709 75.910171635448933
leaf_count=234 150 13 72 27 31 31 19 50 103 104 59 14 32 42 31 60 41 62 14 162 26 143 10 266 43 9 38 12 21 457
internal_value=0.000811563 0.00978747 -0.00521013 0.0184475 0.0645255 0.0147293 -0.0166869 0.00933322 0.0303132 0.0130946 0.0163321 0.0247027 0.0347635 0.000525519 0.0536371 0.0436599 -0.0241158 -0.000551927 0.0217101 -0.00759576 0.00623436 -0.00322635 0.0495387 -0.0195157 0.0421648 0.0244074 -0.00282903 0.0522985 0.0275282 -0.0135763
internal_weight=425.913 281.511 103.048 178.462 13.3252 165.137 144.402 66.9352 81.7589 33.3321 56.3744 45.497 36.8414 13.0918 23.7496 20.539 9.71348 83.3781 20.0404 63.3377 35.5753 29.3467 5.91552 138.487 48.4267 21.7607 10.4334 9.0793 6.25254 99.803
internal_count=2376 1474 594 880 58 822 902 360 351 158 288 229 179 74 105 91 54 471 109 362 200 169 29 873 193 90 47 47 33 607
is_linear=0
shrinkage=0.05


Tree=60
num_leaves=31
num_cat=0
split_feature=15 14 1 14 16 11 11 13 11 16 11 0 4 0 14 12 14 0 11 16 16 16 12 11 14 16 10 1 10 16
split_gain=39.5944 14.114 11.2296 8.63513 7.90878 7.05871 8.30688 7.47236 6.86028 6.41648 9.56231 10.6663 6.04771 6.05194 6.01743 11.985 7.78839 6.76567 6.15578 5.77829 14.0901 5.71942 5.62256 5.47443 6.04406 8.07353 5.48653 5.43642 5.39445 5.3084
threshold=1.0000000180025095e-35 13800.605000000001 3.5000000000000004 14295.370000000001 19.596798811158873 254.00000000000003 756.50000000000011 -3639.0099999999998 657.00000000000011 25.926766103419006 482.50000000000006 14.500000000000002 0.33150000000000007 8.5000000000000018 60927.92500000001 107955.96000000001 64596.430000000008 18.500000000000004 399.00000000000006 23.741906263537157 25.016473903361454 15.444518873745212 94296.055000000008 79.500000000000014 63660.695000000007 17.041884306252943 818.35000000000014 4.5000000000000009 944.25000000000011 19.66294101734152
decision_type=2 2 2 2 2 2 2 2 2 2 2 2 2 2 2 2 2 2 2 2 2 2 2 2 2 2 2 2 2 2
left_child=14 2 19 -3 27 23 8 -8 9 10 11 12 13 -7 -1 16 -16 18 -18 -2 -21 -13 -20 26 -25 -26 -5 -4 -11 -12
right_child=1 3 4 5 -6 6 7 -9 -10 28 29 21 -14 -15 15 -17 17 -19 22 20 -22 -23 -24 24 25 -27 -28 -29 -30 -31
leaf_value=-0.023372474723908326 -0.041210434194954092 0.068286038930330945 0.030805765313108004 0.015000507588594135 0.039051863200270674 -0.024309988731887226 0.051912950427006867 0.0091344030417918748 -0.037205519729638994 -0.052295699892403208 0.041415633963280178 -0.015765740678944522 -0.03919740815607458 0.043813385266745462 0.078040209266644067 -0.036660664060935433 0.029116335117069833 -0.058725842737073652 -0.039596363586187316 0.082381493273822701 -0.056963018767231643 0.054802007667524959 0.04002137970855723 0.045289559694684331 0.045296465045893741 -0.018894404136438208 -0.02206067748990698 -0.04330330192509578 0.021636090700236796 -0.0064943085248961481
leaf_weight=153.9334729462862 29.80802009999752 6.6199221909046164 3.7200314253568667 136.6215598732233 12.905692934989927 8.0006850361824018 12.317384570837019 59.612124770879745 14.767196327447889 9.5119327902793867 20.564332231879238 4.3703282177448264 21.627943933010101 5.5023190677165976 3.9776619970798484 19.146879091858864 19.224811211228374 3.806061163544654 8.0421086102724058 3.420114040374755 3.8635025471448898 8.3711545765399915 3.0616379380226126 30.639658331871033 8.8708177357912081 10.938783615827559 10.7736679315567 7.3917623311281204 3.3314743041992179 8.0429195910692197
leaf_count=622 119 22 13 460 43 27 41 200 53 37 69 15 80 18 13 83 70 15 32 11 15 28 11 102 30 41 39 27 12 28
internal_value=-0.000418745 0.00809713 -0.0142077 0.0116795 0.0124285 0.0106772 0.00339339 0.0164599 -0.00563596 -0.000416774 0.00507488 -0.00859213 -0.0228056 0.0034495 -0.018225 -0.00438681 0.011827 0.00411121 0.0119969 -0.0314552 0.00846795 0.0305973 -0.0176433 0.0171575 0.0313739 0.00985052 0.0122916 -0.0184929 -0.0331184 0.0279458
internal_weight=652.786 441.593 61.1091 380.484 24.0175 373.864 176.02 71.9295 104.09 89.3231 76.4797 47.8724 35.1309 13.503 211.193 57.2592 38.1123 34.1346 30.3286 37.0916 7.28362 12.7415 11.1037 197.844 50.4493 19.8096 147.395 11.1118 12.8434 28.6073
internal_count=2376 1530 228 1302 83 1280 608 241 367 314 265 168 125 45 846 224 141 128 113 145 26 43 43 672 173 71 499 40 49 97
is_linear=0
shrinkage=0.05


Tree=61
num_leaves=31
num_cat=0
split_feature=15 14 14 5 1 5 10 5 14 4 11 13 0 12 10 10 14 1 6 1 14 14 12 14 14 12 12 11 5 6
split_gain=67.4214 7.80847 10.1045 9.08833 10.0301 9.94036 9.5983 9.55012 9.04067 8.48359 8.28032 6.15641 5.85341 11.6876 8.63542 8.11497 6.99536 7.9861 6.48985 6.73924 10.9428 8.77206 7.75692 7.03134 5.77306 4.87166 4.48479 4.26888 7.95207 5.05544
threshold=1.0000000180025095e-35 121918.71000000002 110825.955 1.2791500000000002 4.5000000000000009 0.56735000000000013 561.83500000000015 9.4888500000000011 5923.1600000000008 0.19750000000000004 544.50000000000011 -85415.514999999985 17.500000000000004 14822.51 314.58500000000009 1267.4150000000002 94126.610000000015 2.5000000000000004 0.41039236689859743 2.5000000000000004 38110.810000000005 30496.945000000003 11968.225 44320.670000000006 143385.76000000004 52106.44000000001 20794.005000000001 63.500000000000007 29.112350000000003 0.30917830082706654
decision_type=2 2 2 2 2 2 2 2 2 2 2 2 2 2 2 2 2 2 2 2 2 2 2 2 2 2 2 2 2 2
left_child=11 2 3 5 8 -2 -7 25 -5 27 -8 -1 15 -14 -15 16 18 24 -13 20 21 22 -20 -22 -18 -6 -24 -9 29 -29
right_child=1 -3 -4 4 7 6 10 9 -10 -11 -12 12 13 14 -16 -17 17 -19 19 -21 23 -23 26 -25 -26 -27 -28 28 -30 -31
leaf_value=-0.048877318124322805 -0.023288483979110122 -0.046653384151759625 0.052924004894911864 0.058968003947368897 -0.04467288669476388 -0.019688660884739913 0.05425907892723101 -0.027000226557819407 -0.029970464848687896 0.067857811820537003 -0.03441207293035433 0.047968050316018931 -0.03830794465404018 -0.029802472490682044 0.033313516472925755 -0.03137417163875366 0.101674480493987 -0.022776346029940983 -0.040383053032982501 0.033359722384804294 0.070801463346902779 -0.055111883904008764 0.049862991910030352 0.006517414443221254 -0.0026693955570160225 0.023158690359025205 -0.010516535779537161 0.030172923949032066 0.080609919736443103 -0.024333412008482977
leaf_weight=3.2520361542701712 22.016082182526588 20.950281783938408 5.3758756369352332 2.9165947884321204 14.803687363862993 9.7921765297651309 17.114240616559986 9.1635525375604647 140.63022816926241 5.7262666821479788 3.1114944517612448 37.602504029870033 11.884099572896956 6.9047184735536566 25.191175580024719 6.2977058440446845 2.6571718454360989 13.527556091547011 5.9239253848791185 73.988035142421722 8.9154171645641345 7.9577628374099723 8.6208514124155027 8.135259196162222 2.6452544182538986 3.2233493775129309 4.7809728085994712 7.6051508039236131 3.6834275722503653 9.6544693857431394
leaf_count=18 119 140 20 11 87 52 70 51 823 23 16 129 50 27 93 27 9 60 24 259 29 33 30 30 11 15 17 36 16 51
internal_value=-0.000672732 -0.0173106 -0.0148982 -0.0163598 -0.0212598 0.00222958 0.0209453 -0.00286032 -0.0281634 0.0120732 0.0406181 0.0194258 0.0204129 0.00405124 0.0197355 0.0243873 0.0263968 -0.00238996 0.0298732 0.0241227 0.00870737 -0.0109301 0.00726264 0.0401301 0.0496198 -0.0325442 0.0283232 0.00146301 0.013917 -0.000316145
internal_weight=504.051 275.767 254.817 249.441 197.407 52.034 30.0179 53.8599 143.547 35.8329 20.2257 228.284 225.032 43.98 32.0959 181.052 174.755 18.83 155.925 118.322 44.3342 27.2835 19.3257 17.0507 5.30243 18.027 13.4018 30.1066 20.943 17.2596
internal_count=2376 1530 1390 1370 1113 257 138 279 834 177 86 846 828 170 120 658 631 80 551 422 163 104 71 59 20 102 47 154 103 87
is_linear=0
shrinkage=0.05


Tree=62
num_leaves=31
num_cat=0
split_feature=14 16 16 14 14 14 15 16 16 17 1 14 17 1 4 0 11 11 16 5 16 14 14 16 9 4 11 4 17 17
split_gain=27.8465 10.4803 9.93707 8.43121 11.4285 11.3251 8.63927 10.3874 8.38027 8.31847 7.71803 8.7563 8.87578 7.20156 7.0659 11.6752 8.18146 9.48879 11.502 6.30048 5.93428 5.82162 24.879 5.63109 9.17734 7.85047 7.03898 6.51532 5.28706 8.00314
threshold=102797.35000000002 25.402299452312185 12.480749344527382 15742.515000000001 17615.100000000002 17179.405000000002 1.0000000180025095e-35 24.846441133496473 25.276138660858447 78.628625246272762 1.5000000000000002 164480.99000000002 79.770534235382357 3.5000000000000004 1.4805000000000004 4.5000000000000009 302.50000000000006 1020.5000000000001 15.671443435898629 36.617600000000003 20.835682607989913 23445.490000000002 24144.370000000006 17.708243230883976 0.29150000000000004 4.2650000000000015 269.50000000000006 3.4945000000000004 77.107311112970351 83.098496191597107
decision_type=2 2 2 2 2 2 2 2 2 2 2 2 2 2 2 2 2 2 2 2 2 2 2 2 2 2 2 2 2 2
left_child=1 3 -2 6 5 9 7 -1 14 -5 11 -4 -13 -11 15 16 19 18 -18 -6 -7 -16 -23 27 -25 -26 -27 28 -24 -30
right_child=2 -3 10 4 8 20 -8 -9 -10 13 -12 12 -14 -15 21 -17 17 -19 -20 -21 -22 22 23 24 25 26 -28 -29 29 -31
leaf_value=-0.0070149498088145279 -0.044501995789616083 -0.036575265669187507 -0.036557422534066443 -0.046113510066967428 -0.020128033983223433 0.033963862978129443 -0.041532998540306711 0.1372325167046507 0.097014529982928491 0.085717396927324899 0.050032444215701778 -0.021614590905871894 0.12444711115085239 -0.014773208294114562 -0.030657339785123246 -0.019348503689213759 0.1094467749788831 -0.023748734968744679 0.0082773990228078766 0.092609410901086944 0.12506247790500818 0.14882029178129969 -0.04473038163513969 0.10999642726550936 -0.017266562710237545 0.017813616326346461 0.1215799858148893 -0.039859577062959325 0.080933119610023863 -0.019295414883159785
leaf_weight=16.914945006370548 3.7628371641039839 25.290392681956291 6.1499865502119047 4.4162506386637705 13.561685517430307 3.0597660616040221 25.205848060548306 1.3474648967385281 2.1008380129933348 4.0070171430706978 38.80262940376997 1.9278186857700346 2.2587216049432755 3.2119607552886009 6.8547665923833838 88.199666194617748 6.4471088573336583 4.0450646877288809 4.9791475683450699 1.3639441728591908 4.2998076975345612 3.3984730541706076 2.651349343359473 2.8499910905957249 9.4532070308923739 5.0651431232690802 2.4128452688455582 9.8027305752038938 4.5073525086045247 3.5684843212366104
leaf_count=118 34 235 58 33 110 16 276 8 17 22 173 12 10 24 57 745 35 30 35 7 17 14 23 11 72 34 10 85 26 29
internal_value=0.000751508 -0.00600012 0.0338084 -0.00269171 0.00184748 0.0386441 -0.0225594 0.00362814 -0.00223367 0.00793893 0.039805 0.00141195 0.0571886 0.0410058 -0.00346625 -0.0101388 0.0165842 0.0420626 0.0653608 -0.00982578 0.0871879 0.0121839 0.0189025 0.00794959 0.0269876 0.0130149 0.0512948 -0.0103941 0.0165321 0.036645
internal_weight=311.917 259.015 52.902 233.725 190.257 18.9948 43.4683 18.2624 171.262 11.6352 49.1392 10.3365 4.18654 7.21898 169.161 118.597 30.397 15.4713 11.4263 14.9256 7.35957 50.5643 43.7096 40.3111 19.7812 16.9312 7.47799 20.5299 10.7272 8.07584
internal_count=2376 2089 287 1854 1452 112 402 126 1340 79 253 80 22 46 1323 962 217 100 70 117 33 361 304 290 127 116 44 163 78 55
is_linear=0
shrinkage=0.05


Tree=63
num_leaves=31
num_cat=0
split_feature=16 15 17 16 5 17 17 16 16 17 17 16 17 17 0 17 1 1 0 17 11 9 11 13 7 11 17 5 16 16
split_gain=16.5994 7.79906 11.3097 10.3586 4.38221 6.9596 7.93869 4.22728 8.3868 5.67774 11.231 10.8023 10.5765 8.842 5.13983 4.98363 3.3533 2.84772 8.01117 2.68821 2.64994 3.56972 2.6278 6.48308 2.45264 2.1691 3.46999 2.16876 1.68107 5.66598
threshold=19.361024622865273 1.0000000180025095e-35 87.818982711788252 19.03805597472822 28.114350000000005 81.603823344622455 84.759965017900129 10.037245751867212 12.924166088099154 79.920049772522887 73.005249268407496 13.048624988655137 80.511211340609592 84.731945630098224 4.5000000000000009 87.53019475043088 3.5000000000000004 3.5000000000000004 21.500000000000004 86.464542667819259 169.50000000000003 0.3665000000000001 10.500000000000002 -1.0000000180025095e-35 1.0000000180025095e-35 695.00000000000011 81.321815030001758 19.849850000000004 13.111311154315088 12.924166088099154
decision_type=2 2 2 2 2 2 2 2 2 2 2 2 2 2 2 2 2 2 2 2 2 2 2 2 2 2 2 2 2 2
left_child=1 2 3 28 -2 -6 -7 14 22 10 24 -11 -13 25 -3 16 20 -16 19 -19 21 -15 23 -9 27 -14 -27 -10 29 -1
right_child=4 7 -4 -5 5 6 -8 8 9 11 -12 12 13 15 17 -17 -18 18 -20 -21 -22 -23 -24 -25 -26 26 -28 -29 -30 -31
leaf_value=-0.025091111334235534 -0.03049083870677672 -0.043047535593568012 0.1581491082516111 0.096747785400209729 -0.041337678691679189 0.11603311465557416 -0.041667035277929004 -0.041632010984172164 -0.041486959778642619 0.28308031269323664 -0.030199220122283606 0.10218129631776272 -0.041491316207330348 0.093379440367691677 0.078487618793929334 -0.042557030315165147 -0.01073078427587777 -0.042472260679087867 0.097546251509822213 0.054286451012404584 0.089893880744045501 -0.041739664288938348 -0.041723821265989759 0.13077731500007914 0.12459858530691546 0.11970390129892589 -0.041399979911295078 0.090415866068965997 -0.041517052061246076 0.10487931771765857
leaf_weight=8.9726454000920128 38.444636898115277 1.4377802312374104 0.95289755985140701 1.8162886202335347 3.0796082634478799 2.3088663574308161 1.2195758856832979 1.5493627451360228 0.56207991391420298 0.45496463775635021 8.5356014054268581 4.8437022063881185 5.2393929492682245 0.93409603089093973 6.9793858118355256 1.3568267747759808 1.4142039716243742 2.6495318785309796 2.6918391138315201 0.98458118736743916 5.8220236338675022 1.0253991410136221 6.9545752219855785 0.84134242311119845 1.6221326217055319 0.59659433364868142 0.76005272194743156 0.69940323755145073 10.727428290992973 0.92498878762126047
leaf_count=205 905 23 6 6 82 19 29 36 14 3 198 23 127 4 41 25 28 50 9 12 32 22 157 11 8 7 19 9 260 6
internal_value=0.000321842 0.013806 -0.0105612 -0.0177249 -0.0240257 0.0135872 0.0615254 0.0236421 0.0157544 0.0273256 -0.00137793 0.0419275 0.0369387 0.0185106 0.0467607 0.0468959 0.0600947 0.0564655 0.0321685 -0.0162577 0.0729665 0.0226719 -0.0261786 0.0190427 0.0839341 -0.0269011 0.0294465 0.0316438 -0.0278056 -0.0129447
internal_weight=126.402 81.3491 23.3942 22.4414 45.0527 6.60805 3.52844 57.9549 43.2118 33.8665 11.4192 22.4473 21.9923 17.1486 14.7431 10.5525 9.19572 13.3053 6.32595 3.63411 7.78152 1.9595 9.34528 2.39071 2.88362 6.59604 1.35665 1.26148 20.6251 9.89763
internal_count=2376 1341 483 477 1035 130 48 858 723 519 229 290 287 264 135 111 86 112 71 62 58 26 204 47 31 153 26 23 471 211
is_linear=0
shrinkage=0.05


Tree=64
num_leaves=31
num_cat=0
split_feature=14 14 17 10 12 14 17 16 16 14 9 10 1 14 17 10 4 17 14 17 9 1 17 14 16 15 9 16 16 14
split_gain=44.3502 11.7647 9.86233 9.85388 7.95918 6.92372 6.8282 6.34022 7.43116 6.4799 7.97341 6.11553 9.59572 10.1676 12.4988 7.8715 9.82514 7.8172 7.71659 7.57303 6.74271 6.54249 9.33582 10.3422 7.47096 6.4511 7.78688 5.83183 5.64321 5.59834
threshold=15005.845000000003 65919.22500000002 87.596030505307866 646.33500000000015 7363.9000000000005 13582.360000000002 82.543014272090318 20.764693479305269 27.628737700993344 5923.1600000000008 0.46450000000000008 887.62500000000011 1.0000000180025095e-35 40648.650000000001 82.805850288628875 103.50000000000001 0.080500000000000016 80.923744056922843 46165.860000000008 83.276053796898069 0.58550000000000002 3.5000000000000004 81.101802189404438 20819.460000000003 12.293816169624895 1.0000000180025095e-35 0.29150000000000004 8.4349167095213442 11.300604433318044 14295.370000000001
decision_type=2 2 2 2 2 2 2 2 2 2 2 2 2 2 2 2 2 2 2 2 2 2 2 2 2 2 2 2 2 2
left_child=3 2 11 4 -1 6 -6 9 29 10 -5 15 -13 14 -14 16 -2 20 -19 -16 -15 22 -17 -24 -23 28 -27 -3 -25 -9
right_child=1 27 -4 7 5 -7 -8 8 -10 -11 -12 12 13 17 19 21 -18 18 -20 -21 -22 24 23 25 -26 26 -28 -29 -30 -31
leaf_value=-0.017356032421476951 0.005743839269920851 0.06692125697020504 0.050614591760665621 0.075011327331156716 0.016930076197530033 -0.027254645708579398 0.076577491909056786 -0.0025555329487826433 0.10316495442219352 0.062114188795238327 -0.050372374083132158 0.054675047071003506 -0.03541592901050656 0.085901888238157642 0.092464448765896504 -0.02089183054292184 0.10550069916385439 0.085026501500286455 -0.047615427300054872 0.00075219458955674639 0.0036528813754076808 0.0031621573695773744 -0.032678505428690073 0.058873543641303795 -0.035590700393097079 -0.015953887884113793 0.059304459339945284 -0.026075337073089712 -0.021025411339632125 0.078222334281975614
leaf_weight=15.499231740832327 17.440831869840626 1.7206941097974766 8.4271221011877042 2.1858431696891776 11.806699827313428 4.5412020385265341 8.0826797187328321 15.275486022233968 2.3630691170692435 34.614021852612495 3.0194518864154816 9.7334608137607557 23.528013683855534 7.1270556449890154 3.3487918823957425 42.151375710964203 2.8751755207777014 1.4620810151100148 4.3850819766521454 6.8656479716300964 3.8313273787498474 16.888524241745472 9.8360943719744665 2.8732218593358985 47.181556724011898 4.3792361021041897 15.97663778066635 83.175160214304924 9.5734019204974157 2.4953227937221518
leaf_count=88 100 9 34 8 51 25 28 70 8 123 15 43 141 28 14 265 14 7 27 39 23 98 60 12 307 25 77 566 63 8
internal_value=0.000798159 -0.00821159 -0.00250908 0.0299139 0.0106704 0.0284509 0.0411697 0.0427304 0.019864 0.0542924 0.00227961 -0.00446011 0.00921445 0.000460612 -0.0153652 -0.00933268 0.0198617 0.0322358 -0.0144484 0.0308199 0.0571456 -0.013317 -0.00420517 0.0122908 -0.0253757 0.0257752 0.0431138 -0.0241905 -0.00258126 0.00878705
internal_weight=422.664 322.78 237.885 99.883 39.9298 24.4306 19.8894 59.9532 20.1339 39.8193 5.2053 229.458 60.2815 50.548 33.7425 169.176 20.316 16.8055 5.84716 10.2144 10.9584 148.86 84.79 42.6386 64.0701 32.8025 20.3559 84.8959 12.4466 17.7708
internal_count=2376 1952 1377 424 192 104 79 232 86 146 23 1343 322 279 194 1021 114 85 34 53 51 907 502 237 405 177 102 575 75 78
is_linear=0
shrinkage=0.05


end of trees

feature_importances:
stolen_amount=397
victim_lat=357
victim_lon=349
as_of_day_of_week=156
as_of_hour=131
avg_account_age_days=119
hop_velocity=91
min_account_age_days=74
urban=67
last_hop_amount=57
elapsed_hours_since_first_tx=38
dormant_account_ratio=35
amount_trend=30
terminal_readiness=22
n_split_events=13
n_unique_banks_seen=5
n_hops_observed=4
time_since_last_hop_hours=4
is_final_snapshot=1

parameters:
[boosting: gbdt]
[objective: multiclass]
[metric: multi_logloss]
[tree_learner: serial]
[device_type: cpu]
[data_sample_strategy: bagging]
[data: ]
[valid: ]
[num_iterations: 300]
[learning_rate: 0.05]
[num_leaves: 31]
[num_threads: 0]
[seed: 0]
[deterministic: 0]
[force_col_wise: 0]
[force_row_wise: 0]
[histogram_pool_size: -1]
[max_depth: -1]
[min_data_in_leaf: 10]
[min_sum_hessian_in_leaf: 0.001]
[bagging_fraction: 0.8]
[pos_bagging_fraction: 1]
[neg_bagging_fraction: 1]
[bagging_freq: 5]
[bagging_seed: 3]
[bagging_by_query: 0]
[feature_fraction: 0.8]
[feature_fraction_bynode: 1]
[feature_fraction_seed: 2]
[extra_trees: 0]
[extra_seed: 6]
[early_stopping_round: 0]
[early_stopping_min_delta: 0]
[first_metric_only: 0]
[max_delta_step: 0]
[lambda_l1: 0]
[lambda_l2: 0]
[linear_lambda: 0]
[min_gain_to_split: 0]
[drop_rate: 0.1]
[max_drop: 50]
[skip_drop: 0.5]
[xgboost_dart_mode: 0]
[uniform_drop: 0]
[drop_seed: 4]
[top_rate: 0.2]
[other_rate: 0.1]
[min_data_per_group: 100]
[max_cat_threshold: 32]
[cat_l2: 10]
[cat_smooth: 10]
[max_cat_to_onehot: 4]
[top_k: 20]
[monotone_constraints: ]
[monotone_constraints_method: basic]
[monotone_penalty: 0]
[feature_contri: ]
[forcedsplits_filename: ]
[refit_decay_rate: 0.9]
[cegb_tradeoff: 1]
[cegb_penalty_split: 0]
[cegb_penalty_feature_lazy: ]
[cegb_penalty_feature_coupled: ]
[path_smooth: 0]
[interaction_constraints: ]
[verbosity: -1]
[saved_feature_importance_type: 0]
[use_quantized_grad: 0]
[num_grad_quant_bins: 4]
[quant_train_renew_leaf: 0]
[stochastic_rounding: 1]
[linear_tree: 0]
[max_bin: 255]
[max_bin_by_feature: ]
[min_data_in_bin: 3]
[bin_construct_sample_cnt: 200000]
[data_random_seed: 1]
[is_enable_sparse: 1]
[enable_bundle: 1]
[use_missing: 1]
[zero_as_missing: 0]
[feature_pre_filter: 1]
[pre_partition: 0]
[two_round: 0]
[header: 0]
[label_column: ]
[weight_column: ]
[group_column: ]
[ignore_column: ]
[categorical_feature: ]
[forcedbins_filename: ]
[precise_float_parser: 0]
[parser_config_file: ]
[objective_seed: 5]
[num_class: 5]
[is_unbalance: 0]
[scale_pos_weight: 1]
[sigmoid: 1]
[boost_from_average: 1]
[reg_sqrt: 0]
[alpha: 0.9]
[fair_c: 1]
[poisson_max_delta_step: 0.7]
[tweedie_variance_power: 1.5]
[lambdarank_truncation_level: 30]
[lambdarank_norm: 1]
[label_gain: ]
[lambdarank_position_bias_regularization: 0]
[eval_at: ]
[multi_error_top_k: 1]
[auc_mu_weights: ]
[num_machines: 1]
[local_listen_port: 12400]
[time_out: 120]
[machine_list_filename: ]
[machines: ]
[gpu_platform_id: -1]
[gpu_device_id: -1]
[gpu_device_id_list: ]
[gpu_use_dp: 0]
[num_gpu: 1]

end of parameters

pandas_categorical:[]
